id,worker_id,worker_pseudonym,examination_year,examination_date,height_cm,weight_kg,bmi,waist_circumference_cm,systolic_bp,diastolic_bp,resting_heart_rate,fasting_glucose_mgdl,hba1c_percent,total_cholesterol_mgdl,ldl_cholesterol_mgdl,hdl_cholesterol_mgdl,triglycerides_mgdl,creatinine_mgdl,egfr,uric_acid_mgdl,smoking_status,pack_years,has_diabetes_history,has_hypertension_history,family_cardio_history,on_antihypertensive_drugs,on_statin_drugs,resting_ecg_interpretation,overall_fitness_status
mcu-uuid-W-00001-2024,worker-uuid-00001,W-00001,2024,2024-10-22,174.5,87.1,28.6,97.4,128,75,69,86,7.2,253,176,51,80,1.0,84.0,6.5,ACTIVE_SMOKER,5.8,True,False,False,False,True,NORMAL,FIT
mcu-uuid-W-00001-2025,worker-uuid-00001,W-00001,2025,2025-09-04,174.5,88.3,29.0,97.1,137,89,83,113,8.3,183,103,44,176,0.73,89.8,6.9,ACTIVE_SMOKER,5.8,True,False,False,False,False,BORDERLINE,FIT
mcu-uuid-W-00001-2026,worker-uuid-00001,W-00001,2026,2026-08-14,174.5,89.3,29.3,97.4,127,79,78,86,7.5,204,125,49,121,1.08,80.0,5.6,ACTIVE_SMOKER,5.8,True,False,False,False,False,NORMAL,FIT
mcu-uuid-W-00002-2024,worker-uuid-00002,W-00002,2024,2024-10-25,153.8,50.1,21.2,71.6,128,82,68,116,8.1,166,72,60,83,0.83,88.2,4.2,NON_SMOKER,0.0,True,False,False,False,False,NORMAL,FIT
mcu-uuid-W-00002-2025,worker-uuid-00002,W-00002,2025,2025-04-19,153.8,51.1,21.6,71.9,123,74,77,85,7.3,140,64,43,126,0.64,92.0,5.1,NON_SMOKER,0.0,True,False,False,False,False,BORDERLINE,FIT
mcu-uuid-W-00002-2026,worker-uuid-00002,W-00002,2026,2026-11-19,153.8,51.6,21.8,72.3,98,62,74,98,7.5,174,90,50,135,0.78,87.5,3.4,NON_SMOKER,0.0,True,False,False,False,False,NORMAL,FIT
mcu-uuid-W-00003-2024,worker-uuid-00003,W-00003,2024,2024-04-12,161.6,61.1,23.4,77.3,117,76,66,95,7.5,186,120,43,117,0.79,84.2,7.5,NON_SMOKER,0.0,True,False,False,False,False,NORMAL,FIT
mcu-uuid-W-00003-2025,worker-uuid-00003,W-00003,2025,2025-04-04,161.6,60.9,23.3,80.3,130,80,73,97,7.6,210,117,48,113,1.33,69.8,7.4,NON_SMOKER,0.0,True,False,False,False,False,NORMAL,FIT
mcu-uuid-W-00003-2026,worker-uuid-00003,W-00003,2026,2026-09-25,161.6,63.5,24.3,82.8,124,69,72,90,7.6,243,146,52,141,0.95,78.2,7.7,NON_SMOKER,0.0,True,False,False,False,False,NORMAL,FIT
mcu-uuid-W-00004-2024,worker-uuid-00004,W-00004,2024,2024-08-14,169.1,64.4,22.5,75.7,131,81,72,93,7.7,212,146,43,102,1.08,60.0,5.7,ACTIVE_SMOKER,19.6,True,False,False,False,False,NORMAL,FIT
mcu-uuid-W-00004-2025,worker-uuid-00004,W-00004,2025,2025-03-16,169.1,65.1,22.8,78.9,122,73,80,96,7.8,203,133,44,55,1.17,56.8,6.9,ACTIVE_SMOKER,19.6,True,False,False,False,False,NORMAL,FIT
mcu-uuid-W-00004-2026,worker-uuid-00004,W-00004,2026,2026-08-11,169.1,64.3,22.5,75.7,159,102,80,91,7.5,226,136,58,111,0.86,63.5,6.1,ACTIVE_SMOKER,19.6,True,True,False,False,False,NORMAL,UNFIT
mcu-uuid-W-00005-2024,worker-uuid-00005,W-00005,2024,2024-05-11,175.4,63.0,20.5,69.2,114,72,83,65,6.7,167,76,52,126,0.9,93.5,6.3,ACTIVE_SMOKER,6.4,True,False,False,False,False,NORMAL,FIT
mcu-uuid-W-00005-2025,worker-uuid-00005,W-00005,2025,2025-10-15,175.4,63.4,20.6,68.1,104,70,69,72,6.9,217,147,37,87,1.18,85.5,7.0,ACTIVE_SMOKER,6.4,True,False,False,False,False,NORMAL,FIT
mcu-uuid-W-00005-2026,worker-uuid-00005,W-00005,2026,2026-07-22,175.4,65.5,21.3,73.0,132,76,83,90,7.4,190,121,47,152,0.74,95.5,3.9,ACTIVE_SMOKER,6.4,True,False,False,False,False,NORMAL,FIT
mcu-uuid-W-00006-2024,worker-uuid-00006,W-00006,2024,2024-05-06,157.6,73.9,29.8,99.8,128,82,66,130,8.7,170,79,57,241,1.05,65.8,4.4,FORMER_SMOKER,8.1,True,False,False,False,False,NORMAL,FIT
mcu-uuid-W-00006-2025,worker-uuid-00006,W-00006,2025,2025-09-25,157.6,73.8,29.7,98.0,146,93,85,93,7.7,231,153,48,163,0.7,73.5,4.5,FORMER_SMOKER,8.1,True,True,False,True,False,NORMAL,FIT_WITH_RESTRICTION
mcu-uuid-W-00006-2026,worker-uuid-00006,W-00006,2026,2026-09-07,157.6,74.6,30.0,98.3,156,97,66,138,8.7,183,85,54,179,1.06,63.5,4.0,FORMER_SMOKER,8.1,True,True,False,False,False,NORMAL,FIT_WITH_RESTRICTION
mcu-uuid-W-00007-2024,worker-uuid-00007,W-00007,2024,2024-09-25,170.4,65.2,22.5,74.3,113,67,74,110,7.9,186,97,44,165,1.13,63.8,6.4,NON_SMOKER,0.0,True,False,False,False,False,NORMAL,FIT
mcu-uuid-W-00007-2025,worker-uuid-00007,W-00007,2025,2025-06-20,170.4,66.4,22.9,77.4,114,65,65,106,7.7,219,143,43,152,0.89,68.8,5.7,NON_SMOKER,0.0,True,False,False,False,False,NORMAL,FIT
mcu-uuid-W-00007-2026,worker-uuid-00007,W-00007,2026,2026-10-03,170.4,67.8,23.4,78.3,128,79,70,107,7.9,249,172,55,139,0.98,65.5,6.2,NON_SMOKER,0.0,True,False,False,False,True,NORMAL,FIT
mcu-uuid-W-00008-2024,worker-uuid-00008,W-00008,2024,2024-08-13,164.0,75.6,28.1,94.5,132,81,64,102,7.8,233,144,47,102,1.2,69.0,6.4,NON_SMOKER,0.0,True,False,False,False,False,NORMAL,FIT
mcu-uuid-W-00008-2025,worker-uuid-00008,W-00008,2025,2025-05-09,164.0,75.6,28.1,94.2,136,88,78,114,8.3,203,123,48,173,0.91,75.2,7.6,NON_SMOKER,0.0,True,False,False,False,False,NORMAL,FIT
mcu-uuid-W-00008-2026,worker-uuid-00008,W-00008,2026,2026-05-27,164.0,76.5,28.4,93.3,144,89,70,74,6.8,199,129,47,134,1.21,66.8,6.6,NON_SMOKER,0.0,True,True,False,False,False,NORMAL,FIT_WITH_RESTRICTION
mcu-uuid-W-00009-2024,worker-uuid-00009,W-00009,2024,2024-04-01,165.0,63.1,23.2,79.2,120,75,70,110,8.1,211,139,42,173,0.86,86.5,8.7,NON_SMOKER,0.0,True,False,False,False,False,NORMAL,FIT
mcu-uuid-W-00009-2025,worker-uuid-00009,W-00009,2025,2025-06-01,165.0,64.5,23.7,81.7,120,79,70,78,7.1,189,113,41,115,1.22,76.5,4.9,NON_SMOKER,0.0,True,False,False,False,False,NORMAL,FIT
mcu-uuid-W-00009-2026,worker-uuid-00009,W-00009,2026,2026-10-06,165.0,65.5,24.1,82.9,126,76,68,108,7.8,167,74,56,152,1.31,73.2,4.7,NON_SMOKER,0.0,True,False,False,False,False,BORDERLINE,FIT
mcu-uuid-W-00010-2024,worker-uuid-00010,W-00010,2024,2024-06-08,177.9,86.7,27.4,90.8,111,70,86,93,7.6,178,106,43,83,1.19,87.2,6.2,NON_SMOKER,0.0,True,False,False,False,False,NORMAL,FIT
mcu-uuid-W-00010-2025,worker-uuid-00010,W-00010,2025,2025-11-28,177.9,87.1,27.5,90.6,124,79,83,77,6.9,225,146,53,147,1.38,81.5,6.4,NON_SMOKER,0.0,True,False,False,False,False,BORDERLINE,FIT
mcu-uuid-W-00010-2026,worker-uuid-00010,W-00010,2026,2026-05-28,177.9,87.6,27.7,92.2,128,83,72,116,8.2,214,135,55,91,1.04,89.0,5.7,NON_SMOKER,0.0,True,False,False,False,False,NORMAL,FIT
mcu-uuid-W-00011-2024,worker-uuid-00011,W-00011,2024,2024-05-13,172.5,79.0,26.5,88.5,131,82,66,139,8.7,249,158,51,140,0.98,74.5,4.1,NON_SMOKER,0.0,True,False,True,False,True,BORDERLINE,FIT
mcu-uuid-W-00011-2025,worker-uuid-00011,W-00011,2025,2025-09-10,172.5,79.6,26.8,88.2,137,87,80,107,8.1,213,130,60,167,0.98,73.5,6.3,NON_SMOKER,0.0,True,False,True,False,False,NORMAL,FIT
mcu-uuid-W-00011-2026,worker-uuid-00011,W-00011,2026,2026-03-03,172.5,81.7,27.5,92.0,129,70,84,108,7.7,250,162,46,151,0.9,74.5,6.2,NON_SMOKER,0.0,True,False,True,False,True,NORMAL,FIT
mcu-uuid-W-00012-2024,worker-uuid-00012,W-00012,2024,2024-09-23,156.2,53.1,21.8,72.6,131,85,84,90,7.3,214,146,36,65,1.0,76.0,3.3,ACTIVE_SMOKER,16.4,True,False,False,False,False,BORDERLINE,FIT
mcu-uuid-W-00012-2025,worker-uuid-00012,W-00012,2025,2025-09-04,156.2,54.1,22.2,73.5,135,88,69,97,7.8,206,142,43,115,0.84,79.0,4.1,ACTIVE_SMOKER,16.4,True,False,False,False,False,NORMAL,FIT
mcu-uuid-W-00012-2026,worker-uuid-00012,W-00012,2026,2026-07-02,156.2,55.6,22.8,77.5,125,81,76,115,8.0,191,117,47,55,1.02,73.5,4.7,ACTIVE_SMOKER,16.4,True,False,False,False,False,BORDERLINE,FIT
mcu-uuid-W-00013-2024,worker-uuid-00013,W-00013,2024,2024-04-13,166.9,74.9,26.9,88.8,119,76,71,95,7.4,225,148,46,200,1.17,83.8,6.3,FORMER_SMOKER,15.0,True,False,False,False,False,NORMAL,FIT
mcu-uuid-W-00013-2025,worker-uuid-00013,W-00013,2025,2025-07-16,166.9,75.0,26.9,88.9,134,81,70,109,7.7,203,122,50,104,0.97,87.8,6.5,FORMER_SMOKER,15.0,True,False,False,False,False,NORMAL,FIT
mcu-uuid-W-00013-2026,worker-uuid-00013,W-00013,2026,2026-10-01,166.9,74.5,26.7,90.1,120,72,62,85,7.2,222,146,45,108,0.99,86.2,6.4,FORMER_SMOKER,15.0,True,False,False,False,False,NORMAL,FIT
mcu-uuid-W-00014-2024,worker-uuid-00014,W-00014,2024,2024-04-26,173.5,88.3,29.3,96.4,129,74,77,100,7.6,195,120,51,175,1.19,73.2,5.7,NON_SMOKER,0.0,True,False,True,False,False,NORMAL,FIT
mcu-uuid-W-00014-2025,worker-uuid-00014,W-00014,2025,2025-04-23,173.5,89.2,29.6,99.2,135,80,68,100,7.6,203,141,41,159,0.92,79.0,5.6,NON_SMOKER,0.0,True,False,True,False,False,NORMAL,FIT
mcu-uuid-W-00014-2026,worker-uuid-00014,W-00014,2026,2026-03-22,173.5,90.1,29.9,98.5,131,78,81,112,7.9,206,110,53,241,0.83,80.2,6.6,NON_SMOKER,0.0,True,False,True,False,False,NORMAL,FIT
mcu-uuid-W-00015-2024,worker-uuid-00015,W-00015,2024,2024-07-24,172.7,75.4,25.3,86.0,128,75,73,101,7.8,193,117,41,58,1.07,69.2,4.0,NON_SMOKER,0.0,True,False,False,False,False,NORMAL,FIT
mcu-uuid-W-00015-2025,worker-uuid-00015,W-00015,2025,2025-06-24,172.7,76.4,25.6,85.9,131,76,72,103,7.7,198,127,51,130,1.14,66.5,7.1,NON_SMOKER,0.0,True,False,False,False,False,NORMAL,FIT
mcu-uuid-W-00015-2026,worker-uuid-00015,W-00015,2026,2026-06-27,172.7,75.2,25.2,83.1,140,93,68,109,8.1,236,153,40,209,0.89,71.8,7.9,NON_SMOKER,0.0,True,True,False,False,False,NORMAL,FIT_WITH_RESTRICTION
mcu-uuid-W-00016-2024,worker-uuid-00016,W-00016,2024,2024-06-24,164.4,73.8,27.3,90.8,118,77,71,87,7.3,213,138,43,163,1.07,81.2,6.5,NON_SMOKER,0.0,True,False,True,False,False,NORMAL,FIT
mcu-uuid-W-00016-2025,worker-uuid-00016,W-00016,2025,2025-03-20,164.4,73.5,27.2,90.6,136,87,66,92,7.6,182,120,42,172,0.74,88.5,4.1,NON_SMOKER,0.0,True,False,True,False,False,NORMAL,FIT
mcu-uuid-W-00016-2026,worker-uuid-00016,W-00016,2026,2026-09-22,164.4,76.2,28.2,95.5,124,83,73,133,8.7,254,176,39,113,0.86,84.5,5.7,NON_SMOKER,0.0,True,False,True,False,False,NORMAL,FIT
mcu-uuid-W-00017-2024,worker-uuid-00017,W-00017,2024,2024-04-19,164.1,63.2,23.5,80.1,110,67,62,100,7.6,211,116,58,131,1.04,84.0,6.5,NON_SMOKER,0.0,True,False,False,False,False,NORMAL,FIT
mcu-uuid-W-00017-2025,worker-uuid-00017,W-00017,2025,2025-04-08,164.1,63.4,23.5,78.0,131,82,59,93,7.7,214,130,47,55,0.87,87.2,6.3,NON_SMOKER,0.0,True,False,False,False,False,NORMAL,FIT
mcu-uuid-W-00017-2026,worker-uuid-00017,W-00017,2026,2026-05-01,164.1,62.8,23.3,77.1,134,88,61,96,7.8,237,142,55,150,1.45,71.8,6.6,NON_SMOKER,0.0,True,False,False,False,False,BORDERLINE,FIT
mcu-uuid-W-00018-2024,worker-uuid-00018,W-00018,2024,2024-05-24,168.6,69.8,24.6,83.2,116,77,71,108,7.8,240,166,51,94,0.88,84.0,7.0,NON_SMOKER,0.0,True,False,False,False,True,BORDERLINE,FIT
mcu-uuid-W-00018-2025,worker-uuid-00018,W-00018,2025,2025-06-09,168.6,69.5,24.4,82.4,124,73,84,104,8.0,189,101,47,89,0.74,86.5,5.5,NON_SMOKER,0.0,True,False,False,False,False,BORDERLINE,FIT
mcu-uuid-W-00018-2026,worker-uuid-00018,W-00018,2026,2026-07-06,168.6,69.4,24.4,81.9,143,92,85,104,8.1,233,131,57,100,1.12,76.0,7.5,NON_SMOKER,0.0,True,True,False,False,False,NORMAL,FIT_WITH_RESTRICTION
mcu-uuid-W-00019-2024,worker-uuid-00019,W-00019,2024,2024-10-09,166.2,69.3,25.1,84.1,143,88,74,97,7.8,213,138,45,111,1.15,86.2,7.0,ACTIVE_SMOKER,22.8,True,True,False,True,False,NORMAL,FIT_WITH_RESTRICTION
mcu-uuid-W-00019-2025,worker-uuid-00019,W-00019,2025,2025-03-05,166.2,70.4,25.5,84.8,120,70,77,116,8.1,196,120,54,115,0.97,89.8,5.2,ACTIVE_SMOKER,22.8,True,False,False,False,False,NORMAL,FIT
mcu-uuid-W-00019-2026,worker-uuid-00019,W-00019,2026,2026-10-04,166.2,69.4,25.1,82.5,121,77,52,94,7.6,189,124,45,95,1.24,82.0,6.4,ACTIVE_SMOKER,22.8,True,False,False,False,False,NORMAL,FIT
mcu-uuid-W-00020-2024,worker-uuid-00020,W-00020,2024,2024-05-23,161.7,59.7,22.8,78.6,129,85,57,91,7.4,207,103,61,192,0.94,76.5,6.7,FORMER_SMOKER,8.2,True,False,False,False,False,NORMAL,FIT
mcu-uuid-W-00020-2025,worker-uuid-00020,W-00020,2025,2025-04-02,161.7,59.6,22.8,78.9,122,72,72,114,8.3,229,149,49,168,0.98,74.5,6.1,FORMER_SMOKER,8.2,True,False,False,False,False,NORMAL,FIT
mcu-uuid-W-00020-2026,worker-uuid-00020,W-00020,2026,2026-07-28,161.7,61.2,23.4,79.6,136,87,75,84,7.1,246,147,55,126,0.85,76.8,7.5,FORMER_SMOKER,8.2,True,False,False,False,True,NORMAL,FIT
mcu-uuid-W-00021-2024,worker-uuid-00021,W-00021,2024,2024-09-22,164.4,75.9,28.1,95.5,126,75,74,100,7.5,172,83,49,123,0.71,86.2,6.2,NON_SMOKER,0.0,True,False,False,False,False,NORMAL,FIT
mcu-uuid-W-00021-2025,worker-uuid-00021,W-00021,2025,2025-07-27,164.4,76.5,28.3,96.4,125,77,73,82,7.1,181,96,51,193,1.36,69.0,5.7,NON_SMOKER,0.0,True,False,False,False,False,NORMAL,FIT
mcu-uuid-W-00021-2026,worker-uuid-00021,W-00021,2026,2026-04-05,164.4,77.3,28.6,96.1,135,84,64,104,7.7,212,123,54,188,0.78,82.5,6.5,NON_SMOKER,0.0,True,False,False,False,False,NORMAL,FIT
mcu-uuid-W-00022-2024,worker-uuid-00022,W-00022,2024,2024-11-01,162.6,73.5,27.8,93.9,145,91,72,118,8.2,165,79,51,127,1.02,75.5,4.2,ACTIVE_SMOKER,13.7,True,True,False,False,False,NORMAL,FIT_WITH_RESTRICTION
mcu-uuid-W-00022-2025,worker-uuid-00022,W-00022,2025,2025-09-04,162.6,74.1,28.0,94.7,124,84,87,93,7.7,272,192,47,119,0.72,82.0,6.4,ACTIVE_SMOKER,13.7,True,False,False,False,False,NORMAL,FIT
mcu-uuid-W-00022-2026,worker-uuid-00022,W-00022,2026,2026-09-01,162.6,72.9,27.6,93.6,140,85,75,97,7.6,242,176,36,211,0.68,82.0,6.5,ACTIVE_SMOKER,13.7,True,True,False,False,True,BORDERLINE,FIT_WITH_RESTRICTION
mcu-uuid-W-00023-2024,worker-uuid-00023,W-00023,2024,2024-07-14,165.1,63.0,23.1,77.7,129,81,77,104,7.8,199,122,44,151,0.85,92.8,5.3,ACTIVE_SMOKER,25.1,True,False,False,False,False,NORMAL,FIT
mcu-uuid-W-00023-2025,worker-uuid-00023,W-00023,2025,2025-04-27,165.1,63.2,23.2,78.7,118,73,59,109,7.8,219,140,50,87,0.88,91.0,5.9,ACTIVE_SMOKER,25.1,True,False,False,False,False,BORDERLINE,FIT
mcu-uuid-W-00023-2026,worker-uuid-00023,W-00023,2026,2026-09-21,165.1,63.7,23.4,77.4,132,78,72,100,7.7,188,96,51,201,0.73,93.8,5.9,ACTIVE_SMOKER,25.1,True,False,False,False,False,NORMAL,FIT
mcu-uuid-W-00024-2024,worker-uuid-00024,W-00024,2024,2024-05-28,159.4,71.8,28.3,96.2,126,79,72,102,7.8,187,107,56,149,1.01,82.8,4.4,ACTIVE_SMOKER,28.6,True,False,False,False,False,NORMAL,FIT
mcu-uuid-W-00024-2025,worker-uuid-00024,W-00024,2025,2025-06-05,159.4,72.1,28.4,94.6,132,82,55,116,8.4,192,115,38,151,0.8,87.0,4.6,ACTIVE_SMOKER,28.6,True,False,False,False,False,NORMAL,FIT
mcu-uuid-W-00024-2026,worker-uuid-00024,W-00024,2026,2026-09-13,159.4,71.2,28.0,94.5,148,82,75,130,8.4,225,149,34,183,1.07,79.2,5.4,ACTIVE_SMOKER,28.6,True,True,False,False,False,NORMAL,FIT_WITH_RESTRICTION
mcu-uuid-W-00025-2024,worker-uuid-00025,W-00025,2024,2024-03-16,157.2,43.4,17.6,60.2,126,75,93,70,7.0,178,93,44,105,0.88,81.0,6.1,ACTIVE_SMOKER,13.8,True,False,False,False,False,NORMAL,FIT
mcu-uuid-W-00025-2025,worker-uuid-00025,W-00025,2025,2025-09-28,157.2,43.3,17.5,62.0,122,78,76,111,7.9,186,108,41,156,1.34,68.5,4.4,ACTIVE_SMOKER,13.8,True,False,False,False,False,BORDERLINE,FIT
mcu-uuid-W-00025-2026,worker-uuid-00025,W-00025,2026,2026-07-07,157.2,42.6,17.2,59.1,120,74,77,86,7.5,191,111,51,63,0.62,85.5,3.4,ACTIVE_SMOKER,13.8,True,False,False,False,False,NORMAL,FIT
mcu-uuid-W-00026-2024,worker-uuid-00026,W-00026,2024,2024-06-14,158.5,82.1,32.7,107.0,122,70,75,99,7.6,200,119,40,141,1.09,82.8,5.5,NON_SMOKER,0.0,True,False,True,False,False,NORMAL,FIT_WITH_RESTRICTION
mcu-uuid-W-00026-2025,worker-uuid-00026,W-00026,2025,2025-08-17,158.5,83.4,33.2,111.1,133,82,82,83,7.2,246,168,42,149,1.02,83.5,3.0,NON_SMOKER,0.0,True,False,True,False,False,NORMAL,FIT_WITH_RESTRICTION
mcu-uuid-W-00026-2026,worker-uuid-00026,W-00026,2026,2026-08-28,158.5,81.3,32.4,108.6,148,93,88,102,7.5,203,135,45,223,0.85,86.8,5.9,NON_SMOKER,0.0,True,True,True,False,False,NORMAL,FIT_WITH_RESTRICTION
mcu-uuid-W-00027-2024,worker-uuid-00027,W-00027,2024,2024-05-27,161.9,66.4,25.3,83.9,137,81,74,100,7.7,218,132,41,93,1.02,66.5,5.0,ACTIVE_SMOKER,8.7,True,False,True,False,False,BORDERLINE,FIT
mcu-uuid-W-00027-2025,worker-uuid-00027,W-00027,2025,2025-10-02,161.9,67.6,25.8,86.0,139,82,84,89,7.5,251,182,45,105,0.71,73.2,5.4,ACTIVE_SMOKER,8.7,True,False,True,False,False,NORMAL,FIT
mcu-uuid-W-00027-2026,worker-uuid-00027,W-00027,2026,2026-09-16,161.9,67.7,25.8,85.3,150,96,84,131,8.5,223,153,35,198,1.15,61.2,5.8,ACTIVE_SMOKER,8.7,True,True,True,False,False,NORMAL,FIT_WITH_RESTRICTION
mcu-uuid-W-00028-2024,worker-uuid-00028,W-00028,2024,2024-06-07,175.6,66.9,21.7,73.2,119,77,81,104,7.7,204,123,44,162,1.0,86.0,7.0,ACTIVE_SMOKER,29.7,True,False,False,False,False,NORMAL,FIT
mcu-uuid-W-00028-2025,worker-uuid-00028,W-00028,2025,2025-04-19,175.6,66.5,21.6,74.2,123,72,75,75,7.2,158,66,53,124,0.93,86.8,4.7,ACTIVE_SMOKER,29.7,True,False,False,False,False,NORMAL,FIT
mcu-uuid-W-00028-2026,worker-uuid-00028,W-00028,2026,2026-11-27,175.6,68.7,22.3,77.1,154,94,89,94,7.5,203,117,58,144,0.97,84.8,6.9,ACTIVE_SMOKER,29.7,True,True,False,False,False,NORMAL,FIT_WITH_RESTRICTION
mcu-uuid-W-00029-2024,worker-uuid-00029,W-00029,2024,2024-10-02,172.2,76.7,25.9,86.4,102,64,58,89,7.2,234,169,45,68,0.87,83.2,5.3,NON_SMOKER,0.0,True,False,True,False,False,NORMAL,FIT
mcu-uuid-W-00029-2025,worker-uuid-00029,W-00029,2025,2025-04-22,172.2,76.3,25.7,85.2,128,83,79,85,7.2,224,143,53,114,1.27,72.2,7.3,NON_SMOKER,0.0,True,False,True,False,False,NORMAL,FIT
mcu-uuid-W-00029-2026,worker-uuid-00029,W-00029,2026,2026-11-07,172.2,76.2,25.7,87.1,121,71,70,90,7.3,197,113,43,136,1.12,75.0,4.2,NON_SMOKER,0.0,True,False,True,False,False,NORMAL,FIT
mcu-uuid-W-00030-2024,worker-uuid-00030,W-00030,2024,2024-07-28,165.7,72.0,26.2,88.0,126,82,89,101,7.6,229,154,48,169,0.9,86.5,7.3,ACTIVE_SMOKER,14.7,True,False,False,False,False,NORMAL,FIT
mcu-uuid-W-00030-2025,worker-uuid-00030,W-00030,2025,2025-07-19,165.7,72.8,26.5,90.1,145,85,82,76,6.8,196,104,58,55,1.04,82.0,8.5,ACTIVE_SMOKER,14.7,True,True,False,False,False,NORMAL,FIT_WITH_RESTRICTION
mcu-uuid-W-00030-2026,worker-uuid-00030,W-00030,2026,2026-06-02,165.7,74.6,27.2,93.0,139,85,78,112,8.0,183,93,49,131,1.13,78.8,5.5,ACTIVE_SMOKER,14.7,True,False,False,False,False,NORMAL,FIT
mcu-uuid-W-00031-2024,worker-uuid-00031,W-00031,2024,2024-06-13,175.2,85.2,27.8,91.1,134,80,74,104,7.7,197,119,57,171,1.26,71.5,4.4,NON_SMOKER,0.0,True,False,False,False,False,BORDERLINE,FIT
mcu-uuid-W-00031-2025,worker-uuid-00031,W-00031,2025,2025-06-15,175.2,85.3,27.8,94.8,136,91,58,113,8.1,181,88,48,137,1.14,73.5,6.2,NON_SMOKER,0.0,True,True,False,True,False,NORMAL,FIT_WITH_RESTRICTION
mcu-uuid-W-00031-2026,worker-uuid-00031,W-00031,2026,2026-08-04,175.2,84.5,27.5,91.7,143,85,68,115,8.2,239,152,45,127,1.16,72.0,5.5,NON_SMOKER,0.0,True,True,False,False,False,NORMAL,FIT_WITH_RESTRICTION
mcu-uuid-W-00032-2024,worker-uuid-00032,W-00032,2024,2024-10-13,163.8,78.7,29.3,96.5,145,94,77,98,7.8,217,144,44,138,0.66,81.5,5.2,ACTIVE_SMOKER,5.2,True,True,False,True,False,NORMAL,FIT_WITH_RESTRICTION
mcu-uuid-W-00032-2025,worker-uuid-00032,W-00032,2025,2025-04-10,163.8,78.7,29.3,97.5,152,97,80,139,8.8,262,179,49,140,0.82,76.5,5.3,ACTIVE_SMOKER,5.2,True,True,False,True,True,NORMAL,FIT_WITH_RESTRICTION
mcu-uuid-W-00032-2026,worker-uuid-00032,W-00032,2026,2026-04-11,163.8,78.3,29.2,96.8,142,90,83,123,8.2,185,91,54,167,0.67,79.2,4.8,ACTIVE_SMOKER,5.2,True,True,False,False,False,NORMAL,FIT_WITH_RESTRICTION
mcu-uuid-W-00033-2024,worker-uuid-00033,W-00033,2024,2024-06-23,170.1,73.6,25.4,85.0,125,80,77,105,7.7,185,110,40,138,0.96,80.0,5.2,ACTIVE_SMOKER,15.9,True,False,False,False,False,NORMAL,FIT
mcu-uuid-W-00033-2025,worker-uuid-00033,W-00033,2025,2025-08-22,170.1,73.3,25.3,85.7,150,93,77,87,7.3,189,98,46,125,1.17,73.8,5.5,ACTIVE_SMOKER,15.9,True,True,False,False,False,NORMAL,FIT_WITH_RESTRICTION
mcu-uuid-W-00033-2026,worker-uuid-00033,W-00033,2026,2026-03-10,170.1,74.3,25.7,85.1,152,98,66,101,7.6,183,97,42,151,0.77,82.8,6.9,ACTIVE_SMOKER,15.9,True,True,False,False,False,BORDERLINE,FIT_WITH_RESTRICTION
mcu-uuid-W-00034-2024,worker-uuid-00034,W-00034,2024,2024-06-02,166.2,66.7,24.1,79.6,144,88,84,106,7.9,208,123,59,168,1.04,79.0,5.8,ACTIVE_SMOKER,12.5,True,True,True,True,False,NORMAL,FIT_WITH_RESTRICTION
mcu-uuid-W-00034-2025,worker-uuid-00034,W-00034,2025,2025-07-23,166.2,67.2,24.3,80.7,116,71,78,101,7.8,197,115,42,120,1.03,78.2,4.9,ACTIVE_SMOKER,12.5,True,False,True,False,False,NORMAL,FIT
mcu-uuid-W-00034-2026,worker-uuid-00034,W-00034,2026,2026-06-02,166.2,68.6,24.8,82.4,131,78,79,98,7.8,260,174,46,103,0.98,78.5,6.0,ACTIVE_SMOKER,12.5,True,False,True,False,True,BORDERLINE,FIT
mcu-uuid-W-00035-2024,worker-uuid-00035,W-00035,2024,2024-03-10,168.4,72.6,25.6,87.9,120,82,65,137,8.6,250,154,57,109,1.04,74.0,4.4,NON_SMOKER,0.0,True,False,False,False,True,NORMAL,FIT
mcu-uuid-W-00035-2025,worker-uuid-00035,W-00035,2025,2025-03-10,168.4,73.4,25.9,85.7,116,64,73,106,7.8,261,185,43,150,1.04,73.0,6.6,NON_SMOKER,0.0,True,False,False,False,True,NORMAL,FIT
mcu-uuid-W-00035-2026,worker-uuid-00035,W-00035,2026,2026-11-19,168.4,74.1,26.1,87.1,141,93,79,104,7.8,216,140,47,143,0.99,73.2,6.1,NON_SMOKER,0.0,True,True,False,False,False,NORMAL,FIT_WITH_RESTRICTION
mcu-uuid-W-00036-2024,worker-uuid-00036,W-00036,2024,2024-11-14,180.8,95.0,29.1,95.8,141,87,65,111,7.9,198,130,38,111,0.99,66.2,6.5,FORMER_SMOKER,12.3,True,True,False,False,False,BORDERLINE,FIT_WITH_RESTRICTION
mcu-uuid-W-00036-2025,worker-uuid-00036,W-00036,2025,2025-03-28,180.8,95.9,29.3,97.6,141,78,76,112,7.8,192,98,52,112,0.76,71.0,7.0,FORMER_SMOKER,12.3,True,True,False,False,False,BORDERLINE,FIT_WITH_RESTRICTION
mcu-uuid-W-00036-2026,worker-uuid-00036,W-00036,2026,2026-08-17,180.8,94.1,28.8,96.8,135,87,68,91,7.6,234,156,58,124,0.89,66.8,5.1,FORMER_SMOKER,12.3,True,False,False,False,False,NORMAL,FIT
mcu-uuid-W-00037-2024,worker-uuid-00037,W-00037,2024,2024-05-10,171.2,65.8,22.5,76.8,116,71,65,122,8.2,215,134,50,167,1.33,65.8,4.5,NON_SMOKER,0.0,True,False,False,False,False,BORDERLINE,FIT
mcu-uuid-W-00037-2025,worker-uuid-00037,W-00037,2025,2025-09-12,171.2,66.5,22.7,77.4,120,78,72,100,7.6,187,86,61,103,1.03,72.2,7.0,NON_SMOKER,0.0,True,False,False,False,False,BORDERLINE,FIT
mcu-uuid-W-00037-2026,worker-uuid-00037,W-00037,2026,2026-03-06,171.2,66.4,22.7,76.0,131,87,71,85,7.2,200,124,49,101,1.0,72.0,5.8,NON_SMOKER,0.0,True,False,False,False,False,NORMAL,FIT
mcu-uuid-W-00038-2024,worker-uuid-00038,W-00038,2024,2024-10-13,171.6,82.0,27.8,91.0,119,72,64,98,7.6,258,182,45,89,0.93,89.8,5.7,NON_SMOKER,0.0,True,False,False,False,False,NORMAL,FIT
mcu-uuid-W-00038-2025,worker-uuid-00038,W-00038,2025,2025-08-10,171.6,83.1,28.2,95.2,124,71,79,106,7.7,174,91,53,151,0.83,91.2,4.8,NON_SMOKER,0.0,True,False,False,False,False,NORMAL,FIT
mcu-uuid-W-00038-2026,worker-uuid-00038,W-00038,2026,2026-09-21,171.6,81.7,27.7,91.2,119,74,69,104,7.8,180,84,51,100,0.89,88.8,5.2,NON_SMOKER,0.0,True,False,False,False,False,NORMAL,FIT
mcu-uuid-W-00039-2024,worker-uuid-00039,W-00039,2024,2024-08-28,161.5,76.1,29.2,96.9,134,86,73,111,8.0,270,194,47,153,1.23,62.2,5.3,FORMER_SMOKER,6.8,True,False,False,False,False,NORMAL,FIT
mcu-uuid-W-00039-2025,worker-uuid-00039,W-00039,2025,2025-03-20,161.5,75.8,29.1,98.0,137,80,66,138,8.8,216,133,44,55,0.99,67.2,5.7,FORMER_SMOKER,6.8,True,False,False,False,False,BORDERLINE,FIT
mcu-uuid-W-00039-2026,worker-uuid-00039,W-00039,2026,2026-04-13,161.5,77.0,29.5,99.3,132,80,54,103,7.9,258,163,50,69,0.92,68.0,6.7,FORMER_SMOKER,6.8,True,False,False,False,False,NORMAL,FIT
mcu-uuid-W-00040-2024,worker-uuid-00040,W-00040,2024,2024-08-04,153.9,48.5,20.5,67.7,121,70,88,101,7.9,204,156,28,103,0.85,84.8,3.8,ACTIVE_SMOKER,11.7,True,False,False,False,False,NORMAL,FIT
mcu-uuid-W-00040-2025,worker-uuid-00040,W-00040,2025,2025-04-21,153.9,48.9,20.6,71.9,128,84,77,70,7.0,206,114,48,127,0.69,87.8,4.1,ACTIVE_SMOKER,11.7,True,False,False,False,False,NORMAL,FIT
mcu-uuid-W-00040-2026,worker-uuid-00040,W-00040,2026,2026-09-18,153.9,49.1,20.7,71.2,127,77,72,104,7.6,163,82,47,215,0.89,81.8,4.6,ACTIVE_SMOKER,11.7,True,False,False,False,False,NORMAL,FIT
mcu-uuid-W-00041-2024,worker-uuid-00041,W-00041,2024,2024-06-06,161.0,63.0,24.3,81.6,105,68,64,79,7.4,215,149,46,98,1.0,94.0,6.3,FORMER_SMOKER,7.3,True,False,True,False,False,BORDERLINE,FIT
mcu-uuid-W-00041-2025,worker-uuid-00041,W-00041,2025,2025-05-08,161.0,63.4,24.5,84.2,142,83,60,77,7.3,210,129,38,218,1.07,91.2,6.6,FORMER_SMOKER,7.3,True,True,True,False,False,NORMAL,FIT_WITH_RESTRICTION
mcu-uuid-W-00041-2026,worker-uuid-00041,W-00041,2026,2026-04-24,161.0,62.6,24.2,81.1,128,71,71,95,7.8,181,93,46,112,1.07,90.2,4.7,FORMER_SMOKER,7.3,True,False,True,False,False,NORMAL,FIT
mcu-uuid-W-00042-2024,worker-uuid-00042,W-00042,2024,2024-07-28,161.3,67.5,25.9,87.4,113,64,68,98,7.6,180,100,45,220,1.06,85.5,5.3,NON_SMOKER,0.0,True,False,True,False,False,NORMAL,FIT
mcu-uuid-W-00042-2025,worker-uuid-00042,W-00042,2025,2025-04-21,161.3,67.4,25.9,86.9,127,78,72,117,8.3,204,113,55,118,0.75,92.2,5.9,NON_SMOKER,0.0,True,False,True,False,False,NORMAL,FIT
mcu-uuid-W-00042-2026,worker-uuid-00042,W-00042,2026,2026-11-09,161.3,66.8,25.7,85.0,141,84,74,96,7.4,199,105,54,85,1.07,83.2,4.6,NON_SMOKER,0.0,True,True,True,False,False,NORMAL,FIT_WITH_RESTRICTION
mcu-uuid-W-00043-2024,worker-uuid-00043,W-00043,2024,2024-09-20,172.2,80.6,27.2,91.6,117,69,65,122,8.2,182,111,48,146,0.76,94.0,5.7,NON_SMOKER,0.0,True,False,False,False,False,NORMAL,FIT
mcu-uuid-W-00043-2025,worker-uuid-00043,W-00043,2025,2025-05-07,172.2,81.6,27.5,93.1,116,70,64,77,7.0,216,129,43,140,1.01,86.8,6.3,NON_SMOKER,0.0,True,False,False,False,False,NORMAL,FIT
mcu-uuid-W-00043-2026,worker-uuid-00043,W-00043,2026,2026-06-09,172.2,81.4,27.5,93.4,125,76,78,105,7.8,200,124,44,97,0.62,95.5,4.3,NON_SMOKER,0.0,True,False,False,False,False,NORMAL,FIT
mcu-uuid-W-00044-2024,worker-uuid-00044,W-00044,2024,2024-10-28,167.3,77.6,27.7,90.9,114,80,78,116,8.3,224,147,40,55,0.97,60.8,5.1,NON_SMOKER,0.0,True,False,False,False,False,NORMAL,FIT
mcu-uuid-W-00044-2025,worker-uuid-00044,W-00044,2025,2025-04-15,167.3,77.6,27.7,92.9,144,91,76,123,8.4,200,125,41,137,1.08,57.0,7.5,NON_SMOKER,0.0,True,True,False,False,False,BORDERLINE,FIT_WITH_RESTRICTION
mcu-uuid-W-00044-2026,worker-uuid-00044,W-00044,2026,2026-11-28,167.3,79.6,28.4,96.0,141,92,80,91,7.4,271,191,46,117,1.33,49.8,5.7,NON_SMOKER,0.0,True,True,False,False,True,NORMAL,FIT_WITH_RESTRICTION
mcu-uuid-W-00045-2024,worker-uuid-00045,W-00045,2024,2024-06-25,166.3,84.7,30.6,103.6,137,82,60,91,7.3,196,126,42,192,1.2,62.0,6.0,NON_SMOKER,0.0,True,False,False,False,False,NORMAL,FIT_WITH_RESTRICTION
mcu-uuid-W-00045-2025,worker-uuid-00045,W-00045,2025,2025-05-25,166.3,84.6,30.6,103.7,145,97,67,124,8.6,223,155,48,113,0.64,75.0,5.6,NON_SMOKER,0.0,True,True,False,False,False,NORMAL,FIT_WITH_RESTRICTION
mcu-uuid-W-00045-2026,worker-uuid-00045,W-00045,2026,2026-08-02,166.3,84.2,30.4,100.3,142,80,75,116,8.4,234,164,45,114,0.85,68.8,4.5,NON_SMOKER,0.0,True,True,False,False,True,NORMAL,FIT_WITH_RESTRICTION
mcu-uuid-W-00046-2024,worker-uuid-00046,W-00046,2024,2024-11-06,148.5,63.2,28.7,93.9,107,73,59,88,7.5,226,158,44,127,0.88,72.0,4.9,FORMER_SMOKER,9.0,True,False,False,False,False,NORMAL,FIT
mcu-uuid-W-00046-2025,worker-uuid-00046,W-00046,2025,2025-04-24,148.5,62.9,28.5,94.8,129,83,72,122,8.6,189,116,52,238,0.99,68.2,4.6,FORMER_SMOKER,9.0,True,False,False,False,False,NORMAL,FIT
mcu-uuid-W-00046-2026,worker-uuid-00046,W-00046,2026,2026-08-07,148.5,64.6,29.3,99.0,141,83,72,107,8.0,177,97,55,69,0.93,68.8,4.8,FORMER_SMOKER,9.0,True,True,False,True,False,BORDERLINE,FIT_WITH_RESTRICTION
mcu-uuid-W-00047-2024,worker-uuid-00047,W-00047,2024,2024-09-18,163.2,54.1,20.3,67.3,136,72,83,65,6.8,178,98,49,127,1.14,79.5,7.7,ACTIVE_SMOKER,26.8,True,False,False,False,False,NORMAL,FIT
mcu-uuid-W-00047-2025,worker-uuid-00047,W-00047,2025,2025-06-09,163.2,53.7,20.2,70.5,123,77,77,124,8.6,209,116,50,66,0.63,91.2,6.5,ACTIVE_SMOKER,26.8,True,False,False,False,False,NORMAL,FIT
mcu-uuid-W-00047-2026,worker-uuid-00047,W-00047,2026,2026-08-03,163.2,54.0,20.3,70.8,119,79,80,97,7.7,173,96,41,104,0.93,82.8,6.8,ACTIVE_SMOKER,26.8,True,False,False,False,False,NORMAL,FIT
mcu-uuid-W-00048-2024,worker-uuid-00048,W-00048,2024,2024-10-14,166.2,78.7,28.5,96.7,138,89,75,113,8.2,157,64,60,138,0.91,94.2,6.0,NON_SMOKER,0.0,True,False,True,False,False,NORMAL,FIT
mcu-uuid-W-00048-2025,worker-uuid-00048,W-00048,2025,2025-08-03,166.2,78.2,28.3,95.4,124,74,80,112,8.3,215,117,57,132,1.03,90.2,6.8,NON_SMOKER,0.0,True,False,True,False,False,NORMAL,FIT
mcu-uuid-W-00048-2026,worker-uuid-00048,W-00048,2026,2026-09-27,166.2,79.2,28.7,96.8,116,79,77,107,7.8,243,166,57,130,0.97,90.8,5.2,NON_SMOKER,0.0,True,False,True,False,True,NORMAL,FIT
mcu-uuid-W-00049-2024,worker-uuid-00049,W-00049,2024,2024-05-07,147.0,49.5,22.9,78.7,134,93,63,92,7.5,178,99,52,111,0.95,71.2,6.1,NON_SMOKER,0.0,True,True,False,True,False,NORMAL,FIT_WITH_RESTRICTION
mcu-uuid-W-00049-2025,worker-uuid-00049,W-00049,2025,2025-08-25,147.0,49.3,22.8,75.6,120,77,73,111,8.1,212,127,55,132,0.83,73.2,5.1,NON_SMOKER,0.0,True,False,False,False,False,NORMAL,FIT
mcu-uuid-W-00049-2026,worker-uuid-00049,W-00049,2026,2026-10-08,147.0,51.7,23.9,82.4,126,80,79,115,8.0,214,133,43,117,0.99,68.2,5.8,NON_SMOKER,0.0,True,False,False,False,False,NORMAL,FIT
mcu-uuid-W-00050-2024,worker-uuid-00050,W-00050,2024,2024-06-26,174.4,78.1,25.7,84.8,127,72,77,104,8.1,237,168,48,136,0.73,78.8,8.7,NON_SMOKER,0.0,True,False,False,False,False,NORMAL,FIT
mcu-uuid-W-00050-2025,worker-uuid-00050,W-00050,2025,2025-04-22,174.4,78.3,25.7,88.1,125,80,76,83,7.3,197,127,41,114,1.12,68.0,5.7,NON_SMOKER,0.0,True,False,False,False,False,BORDERLINE,FIT
mcu-uuid-W-00050-2026,worker-uuid-00050,W-00050,2026,2026-04-17,174.4,78.7,25.9,85.5,130,79,85,120,8.1,201,118,54,108,0.96,71.0,4.8,NON_SMOKER,0.0,True,False,False,False,False,NORMAL,FIT
mcu-uuid-W-00051-2024,worker-uuid-00051,W-00051,2024,2024-08-28,166.9,84.2,30.2,99.3,142,100,70,100,7.6,187,110,43,221,0.8,86.0,7.5,ACTIVE_SMOKER,14.6,True,True,True,False,False,BORDERLINE,UNFIT
mcu-uuid-W-00051-2025,worker-uuid-00051,W-00051,2025,2025-08-15,166.9,85.5,30.7,102.4,137,79,74,123,8.4,151,84,36,153,1.54,66.5,6.4,ACTIVE_SMOKER,14.6,True,False,True,False,False,NORMAL,FIT_WITH_RESTRICTION
mcu-uuid-W-00051-2026,worker-uuid-00051,W-00051,2026,2026-11-21,166.9,84.0,30.2,99.9,142,95,77,109,7.9,221,122,57,136,1.23,73.2,5.4,ACTIVE_SMOKER,14.6,True,True,True,False,False,NORMAL,FIT_WITH_RESTRICTION
mcu-uuid-W-00052-2024,worker-uuid-00052,W-00052,2024,2024-06-04,167.1,80.2,28.7,94.6,120,78,74,92,7.6,177,100,45,189,1.2,77.0,7.0,NON_SMOKER,0.0,True,False,True,False,False,NORMAL,FIT
mcu-uuid-W-00052-2025,worker-uuid-00052,W-00052,2025,2025-06-21,167.1,81.1,29.0,95.9,136,84,71,93,7.7,220,127,52,169,0.71,88.2,3.6,NON_SMOKER,0.0,True,False,True,False,False,BORDERLINE,FIT
mcu-uuid-W-00052-2026,worker-uuid-00052,W-00052,2026,2026-09-10,167.1,81.2,29.1,96.3,134,85,71,99,7.8,152,61,52,121,1.04,79.0,7.8,NON_SMOKER,0.0,True,False,True,False,False,NORMAL,FIT
mcu-uuid-W-00053-2024,worker-uuid-00053,W-00053,2024,2024-09-05,173.6,67.6,22.4,75.7,109,64,60,98,7.5,241,157,47,148,1.21,68.8,5.2,NON_SMOKER,0.0,True,False,True,False,False,NORMAL,FIT
mcu-uuid-W-00053-2025,worker-uuid-00053,W-00053,2025,2025-04-28,173.6,67.5,22.4,76.2,126,92,64,87,7.2,194,107,56,113,0.76,79.0,7.4,NON_SMOKER,0.0,True,True,True,True,False,NORMAL,FIT_WITH_RESTRICTION
mcu-uuid-W-00053-2026,worker-uuid-00053,W-00053,2026,2026-03-14,173.6,69.7,23.1,76.5,126,79,63,102,7.8,199,112,55,126,0.73,78.8,8.5,NON_SMOKER,0.0,True,False,True,False,False,NORMAL,FIT
mcu-uuid-W-00054-2024,worker-uuid-00054,W-00054,2024,2024-07-07,173.2,67.8,22.6,76.2,114,76,65,110,8.0,242,149,59,133,1.11,93.2,5.5,NON_SMOKER,0.0,True,False,False,False,False,NORMAL,FIT
mcu-uuid-W-00054-2025,worker-uuid-00054,W-00054,2025,2025-10-11,173.2,68.5,22.8,78.0,118,72,81,86,7.3,183,97,52,123,1.15,91.2,5.7,NON_SMOKER,0.0,True,False,False,False,False,NORMAL,FIT
mcu-uuid-W-00054-2026,worker-uuid-00054,W-00054,2026,2026-05-18,173.2,68.9,23.0,77.5,123,75,63,85,7.1,186,115,51,170,0.81,98.8,7.0,NON_SMOKER,0.0,True,False,False,False,False,NORMAL,FIT
mcu-uuid-W-00055-2024,worker-uuid-00055,W-00055,2024,2024-05-02,175.6,70.9,23.0,78.4,117,75,73,108,7.9,176,102,46,150,1.03,77.2,6.5,FORMER_SMOKER,13.9,True,False,False,False,False,NORMAL,FIT
mcu-uuid-W-00055-2025,worker-uuid-00055,W-00055,2025,2025-04-01,175.6,71.9,23.3,79.8,122,87,85,66,6.6,162,74,58,153,1.08,75.0,4.8,FORMER_SMOKER,13.9,True,False,False,False,False,NORMAL,FIT
mcu-uuid-W-00055-2026,worker-uuid-00055,W-00055,2026,2026-10-27,175.6,70.6,22.9,79.2,129,76,66,108,7.9,168,90,53,98,1.06,74.5,5.3,FORMER_SMOKER,13.9,True,False,False,False,False,NORMAL,FIT
mcu-uuid-W-00056-2024,worker-uuid-00056,W-00056,2024,2024-10-01,171.2,74.6,25.5,86.3,122,78,74,95,7.5,233,156,40,146,1.27,62.2,7.4,ACTIVE_SMOKER,23.9,True,False,False,False,False,NORMAL,FIT
mcu-uuid-W-00056-2025,worker-uuid-00056,W-00056,2025,2025-09-14,171.2,75.9,25.9,88.4,148,96,74,102,7.7,211,149,37,146,0.9,70.5,5.5,ACTIVE_SMOKER,23.9,True,True,False,False,False,NORMAL,FIT_WITH_RESTRICTION
mcu-uuid-W-00056-2026,worker-uuid-00056,W-00056,2026,2026-09-16,171.2,73.6,25.1,83.6,126,81,67,120,8.2,176,102,44,214,0.76,73.0,7.5,ACTIVE_SMOKER,23.9,True,False,False,False,False,NORMAL,FIT
mcu-uuid-W-00057-2024,worker-uuid-00057,W-00057,2024,2024-04-13,174.7,68.7,22.5,76.5,108,75,80,95,7.3,192,113,55,85,0.88,78.0,6.5,NON_SMOKER,0.0,True,False,False,False,False,BORDERLINE,FIT
mcu-uuid-W-00057-2025,worker-uuid-00057,W-00057,2025,2025-10-11,174.7,69.3,22.7,76.8,141,91,77,94,7.4,226,159,47,120,0.97,74.8,7.5,NON_SMOKER,0.0,True,True,False,True,False,NORMAL,FIT_WITH_RESTRICTION
mcu-uuid-W-00057-2026,worker-uuid-00057,W-00057,2026,2026-07-06,174.7,69.9,22.9,76.6,122,75,70,103,7.6,167,78,59,140,1.12,70.0,4.0,NON_SMOKER,0.0,True,False,False,False,False,BORDERLINE,FIT
mcu-uuid-W-00058-2024,worker-uuid-00058,W-00058,2024,2024-09-23,165.6,76.3,27.8,94.3,136,83,76,103,7.6,193,101,48,165,1.11,77.2,5.0,FORMER_SMOKER,8.8,True,False,False,False,False,NORMAL,FIT
mcu-uuid-W-00058-2025,worker-uuid-00058,W-00058,2025,2025-06-19,165.6,76.7,28.0,93.0,131,81,74,97,7.5,201,109,64,134,1.1,76.5,5.8,FORMER_SMOKER,8.8,True,False,False,False,False,NORMAL,FIT
mcu-uuid-W-00058-2026,worker-uuid-00058,W-00058,2026,2026-04-24,165.6,78.8,28.7,94.7,150,89,62,122,8.2,196,118,50,185,0.8,83.0,6.2,FORMER_SMOKER,8.8,True,True,False,False,False,BORDERLINE,FIT_WITH_RESTRICTION
mcu-uuid-W-00059-2024,worker-uuid-00059,W-00059,2024,2024-07-15,161.5,79.7,30.6,102.2,127,75,62,119,8.4,244,168,56,136,1.08,71.0,5.1,NON_SMOKER,0.0,True,False,False,False,True,NORMAL,FIT_WITH_RESTRICTION
mcu-uuid-W-00059-2025,worker-uuid-00059,W-00059,2025,2025-09-27,161.5,80.1,30.7,100.9,141,83,85,113,8.1,239,145,49,113,0.7,79.5,5.5,NON_SMOKER,0.0,True,True,False,True,False,NORMAL,FIT_WITH_RESTRICTION
mcu-uuid-W-00059-2026,worker-uuid-00059,W-00059,2026,2026-08-14,161.5,79.4,30.4,100.9,138,78,78,106,8.1,222,153,45,143,1.01,70.8,6.6,NON_SMOKER,0.0,True,False,False,False,False,NORMAL,FIT_WITH_RESTRICTION
mcu-uuid-W-00060-2024,worker-uuid-00060,W-00060,2024,2024-09-03,172.7,83.8,28.1,95.4,136,81,83,98,7.6,221,135,54,160,1.09,56.8,6.5,NON_SMOKER,0.0,True,False,True,False,False,NORMAL,FIT
mcu-uuid-W-00060-2025,worker-uuid-00060,W-00060,2025,2025-06-23,172.7,83.3,27.9,94.5,138,91,64,111,8.0,224,171,31,96,0.84,62.0,8.2,NON_SMOKER,0.0,True,True,True,False,False,BORDERLINE,FIT_WITH_RESTRICTION
mcu-uuid-W-00060-2026,worker-uuid-00060,W-00060,2026,2026-10-11,172.7,84.1,28.2,93.3,139,96,69,127,8.6,235,164,44,205,0.79,62.2,5.1,NON_SMOKER,0.0,True,True,True,True,True,BORDERLINE,FIT_WITH_RESTRICTION
mcu-uuid-W-00061-2024,worker-uuid-00061,W-00061,2024,2024-11-21,176.8,80.8,25.8,85.6,117,69,74,132,8.5,177,90,44,108,0.94,66.5,7.9,NON_SMOKER,0.0,True,False,False,False,False,NORMAL,FIT
mcu-uuid-W-00061-2025,worker-uuid-00061,W-00061,2025,2025-08-26,176.8,81.6,26.1,85.6,135,86,71,85,7.4,219,137,41,126,0.95,65.2,5.0,NON_SMOKER,0.0,True,False,False,False,False,NORMAL,FIT
mcu-uuid-W-00061-2026,worker-uuid-00061,W-00061,2026,2026-06-07,176.8,80.4,25.7,84.8,116,73,78,125,8.2,231,160,48,91,1.36,54.0,1.8,NON_SMOKER,0.0,True,False,False,False,True,NORMAL,FIT
mcu-uuid-W-00062-2024,worker-uuid-00062,W-00062,2024,2024-08-25,170.8,80.5,27.6,91.1,131,80,66,114,7.9,208,121,60,158,1.14,79.5,6.4,NON_SMOKER,0.0,True,False,True,False,False,NORMAL,FIT
mcu-uuid-W-00062-2025,worker-uuid-00062,W-00062,2025,2025-10-21,170.8,81.5,27.9,94.9,121,74,84,106,7.7,169,73,55,171,1.0,82.0,6.1,NON_SMOKER,0.0,True,False,True,False,False,NORMAL,FIT
mcu-uuid-W-00062-2026,worker-uuid-00062,W-00062,2026,2026-07-09,170.8,82.8,28.4,95.3,128,77,75,96,7.5,223,140,38,107,1.22,75.5,3.8,NON_SMOKER,0.0,True,False,True,False,False,BORDERLINE,FIT
mcu-uuid-W-00063-2024,worker-uuid-00063,W-00063,2024,2024-07-19,170.4,59.4,20.5,69.0,112,65,73,98,7.5,174,83,63,120,0.97,81.8,5.2,FORMER_SMOKER,5.2,True,False,False,False,False,NORMAL,FIT
mcu-uuid-W-00063-2025,worker-uuid-00063,W-00063,2025,2025-03-02,170.4,60.5,20.8,69.7,121,78,84,102,8.0,164,78,53,97,0.94,81.5,6.6,FORMER_SMOKER,5.2,True,False,False,False,False,BORDERLINE,FIT
mcu-uuid-W-00063-2026,worker-uuid-00063,W-00063,2026,2026-09-07,170.4,60.5,20.8,68.6,109,71,66,89,7.2,168,74,55,164,1.1,76.5,6.6,FORMER_SMOKER,5.2,True,False,False,False,False,BORDERLINE,FIT
mcu-uuid-W-00064-2024,worker-uuid-00064,W-00064,2024,2024-04-20,166.8,70.4,25.3,85.7,114,68,61,111,7.9,234,140,54,164,0.93,80.8,5.0,FORMER_SMOKER,4.7,True,False,True,False,False,NORMAL,FIT
mcu-uuid-W-00064-2025,worker-uuid-00064,W-00064,2025,2025-08-09,166.8,70.8,25.4,84.0,144,94,64,97,7.4,241,182,31,171,1.3,70.5,6.6,FORMER_SMOKER,4.7,True,True,True,False,False,NORMAL,FIT_WITH_RESTRICTION
mcu-uuid-W-00064-2026,worker-uuid-00064,W-00064,2026,2026-07-18,166.8,71.2,25.6,85.6,112,71,73,100,7.5,176,102,46,141,1.24,71.0,5.4,FORMER_SMOKER,4.7,True,False,True,False,False,NORMAL,FIT
mcu-uuid-W-00065-2024,worker-uuid-00065,W-00065,2024,2024-10-17,163.0,76.3,28.7,96.6,133,82,72,121,8.2,252,169,50,180,0.71,83.2,6.6,ACTIVE_SMOKER,14.4,True,False,True,False,False,NORMAL,FIT
mcu-uuid-W-00065-2025,worker-uuid-00065,W-00065,2025,2025-10-28,163.0,76.9,28.9,97.5,138,83,82,104,7.9,199,124,51,139,0.95,76.2,5.4,ACTIVE_SMOKER,14.4,True,False,True,False,False,NORMAL,FIT
mcu-uuid-W-00065-2026,worker-uuid-00065,W-00065,2026,2026-10-03,163.0,76.6,28.8,94.9,148,93,71,117,8.2,210,133,41,204,1.11,71.2,7.0,ACTIVE_SMOKER,14.4,True,True,True,False,False,NORMAL,FIT_WITH_RESTRICTION
mcu-uuid-W-00066-2024,worker-uuid-00066,W-00066,2024,2024-06-03,173.7,86.9,28.8,95.3,126,78,77,92,7.5,220,132,58,116,1.31,72.2,6.5,NON_SMOKER,0.0,True,False,True,False,False,NORMAL,FIT
mcu-uuid-W-00066-2025,worker-uuid-00066,W-00066,2025,2025-06-08,173.7,87.9,29.1,96.9,139,76,76,107,7.8,210,142,37,145,1.22,73.5,5.7,NON_SMOKER,0.0,True,False,True,False,False,NORMAL,FIT
mcu-uuid-W-00066-2026,worker-uuid-00066,W-00066,2026,2026-03-11,173.7,89.5,29.7,97.5,131,83,78,129,8.4,220,147,41,116,0.74,84.5,4.8,NON_SMOKER,0.0,True,False,True,False,False,NORMAL,FIT
mcu-uuid-W-00067-2024,worker-uuid-00067,W-00067,2024,2024-04-02,174.9,68.4,22.4,77.0,120,68,81,85,7.2,219,158,33,129,0.94,84.5,5.9,ACTIVE_SMOKER,7.5,True,False,False,False,False,BORDERLINE,FIT
mcu-uuid-W-00067-2025,worker-uuid-00067,W-00067,2025,2025-07-10,174.9,69.1,22.6,77.6,109,70,76,104,7.6,218,138,50,158,1.04,81.0,7.0,ACTIVE_SMOKER,7.5,True,False,False,False,False,NORMAL,FIT
mcu-uuid-W-00067-2026,worker-uuid-00067,W-00067,2026,2026-03-12,174.9,68.0,22.2,73.8,140,83,81,117,8.3,212,130,40,118,1.24,75.0,3.9,ACTIVE_SMOKER,7.5,True,True,False,True,False,BORDERLINE,FIT_WITH_RESTRICTION
mcu-uuid-W-00068-2024,worker-uuid-00068,W-00068,2024,2024-08-26,161.5,75.6,29.0,96.1,117,70,72,112,8.2,246,166,59,144,0.79,65.2,5.5,NON_SMOKER,0.0,True,False,False,False,False,NORMAL,FIT
mcu-uuid-W-00068-2025,worker-uuid-00068,W-00068,2025,2025-09-15,161.5,76.8,29.4,98.5,133,85,64,134,8.8,248,186,41,201,1.25,52.8,6.0,NON_SMOKER,0.0,True,False,False,False,False,NORMAL,FIT
mcu-uuid-W-00068-2026,worker-uuid-00068,W-00068,2026,2026-04-28,161.5,75.5,28.9,98.4,144,91,74,118,8.4,238,152,53,114,1.16,54.0,8.1,NON_SMOKER,0.0,True,True,False,True,False,BORDERLINE,FIT_WITH_RESTRICTION
mcu-uuid-W-00069-2024,worker-uuid-00069,W-00069,2024,2024-04-12,161.0,71.9,27.7,92.1,129,89,73,134,8.6,216,143,41,185,0.73,93.8,5.9,ACTIVE_SMOKER,21.7,True,False,False,False,False,NORMAL,FIT
mcu-uuid-W-00069-2025,worker-uuid-00069,W-00069,2025,2025-06-27,161.0,72.6,28.0,95.3,134,81,77,105,8.0,183,114,46,163,1.24,80.0,5.0,ACTIVE_SMOKER,21.7,True,False,False,False,False,NORMAL,FIT
mcu-uuid-W-00069-2026,worker-uuid-00069,W-00069,2026,2026-03-28,161.0,71.3,27.5,93.8,155,103,77,98,7.5,202,139,41,196,0.54,96.5,5.2,ACTIVE_SMOKER,21.7,True,True,False,False,False,NORMAL,UNFIT
mcu-uuid-W-00070-2024,worker-uuid-00070,W-00070,2024,2024-11-19,153.5,64.8,27.5,92.2,152,90,80,113,7.9,188,111,54,109,0.71,73.2,7.0,NON_SMOKER,0.0,True,True,False,False,False,NORMAL,FIT_WITH_RESTRICTION
mcu-uuid-W-00070-2025,worker-uuid-00070,W-00070,2025,2025-06-24,153.5,65.6,27.8,91.6,151,86,76,101,7.6,220,157,37,181,1.33,56.8,6.5,NON_SMOKER,0.0,True,True,False,False,False,NORMAL,FIT_WITH_RESTRICTION
mcu-uuid-W-00070-2026,worker-uuid-00070,W-00070,2026,2026-04-13,153.5,66.0,28.0,94.6,146,97,80,104,7.8,231,166,39,133,0.69,71.8,4.9,NON_SMOKER,0.0,True,True,False,False,True,NORMAL,FIT_WITH_RESTRICTION
mcu-uuid-W-00071-2024,worker-uuid-00071,W-00071,2024,2024-06-16,161.4,72.7,27.9,92.4,127,79,61,102,7.6,189,97,47,169,0.86,80.5,5.9,FORMER_SMOKER,4.4,True,False,False,False,False,NORMAL,FIT
mcu-uuid-W-00071-2025,worker-uuid-00071,W-00071,2025,2025-10-13,161.4,72.6,27.9,95.1,133,84,62,124,8.6,264,181,54,128,1.35,67.2,7.3,FORMER_SMOKER,4.4,True,False,False,False,False,NORMAL,FIT
mcu-uuid-W-00071-2026,worker-uuid-00071,W-00071,2026,2026-08-01,161.4,73.5,28.2,93.0,148,91,68,118,8.4,185,112,50,129,0.82,79.5,6.1,FORMER_SMOKER,4.4,True,True,False,True,False,BORDERLINE,FIT_WITH_RESTRICTION
mcu-uuid-W-00072-2024,worker-uuid-00072,W-00072,2024,2024-09-18,170.8,81.5,27.9,91.6,128,82,64,117,8.0,244,167,49,193,1.13,71.8,7.0,NON_SMOKER,0.0,True,False,True,False,True,NORMAL,FIT
mcu-uuid-W-00072-2025,worker-uuid-00072,W-00072,2025,2025-06-26,170.8,81.8,28.0,92.9,115,76,70,115,7.9,201,146,35,165,0.87,77.2,4.5,NON_SMOKER,0.0,True,False,True,False,False,NORMAL,FIT
mcu-uuid-W-00072-2026,worker-uuid-00072,W-00072,2026,2026-03-04,170.8,83.3,28.6,96.4,126,77,77,96,7.5,208,131,55,176,1.13,69.8,6.1,NON_SMOKER,0.0,True,False,True,False,False,NORMAL,FIT
mcu-uuid-W-00073-2024,worker-uuid-00073,W-00073,2024,2024-07-11,169.3,85.2,29.7,97.9,150,88,68,110,8.1,161,66,53,174,1.36,62.0,7.5,NON_SMOKER,0.0,True,True,False,True,False,NORMAL,FIT_WITH_RESTRICTION
mcu-uuid-W-00073-2025,worker-uuid-00073,W-00073,2025,2025-04-11,169.3,85.7,29.9,98.1,127,79,74,97,7.8,190,124,44,183,1.38,60.5,8.6,NON_SMOKER,0.0,True,False,False,False,False,NORMAL,FIT
mcu-uuid-W-00073-2026,worker-uuid-00073,W-00073,2026,2026-04-11,169.3,84.8,29.6,99.7,141,91,79,108,7.8,268,196,40,215,0.77,74.8,4.0,NON_SMOKER,0.0,True,True,False,False,True,NORMAL,FIT_WITH_RESTRICTION
mcu-uuid-W-00074-2024,worker-uuid-00074,W-00074,2024,2024-09-16,171.9,78.9,26.7,89.2,115,70,72,96,7.5,193,120,45,231,0.76,94.0,7.0,NON_SMOKER,0.0,True,False,True,False,False,NORMAL,FIT
mcu-uuid-W-00074-2025,worker-uuid-00074,W-00074,2025,2025-10-02,171.9,79.2,26.8,88.7,129,80,82,107,7.9,225,138,51,168,1.16,83.0,4.0,NON_SMOKER,0.0,True,False,True,False,False,NORMAL,FIT
mcu-uuid-W-00074-2026,worker-uuid-00074,W-00074,2026,2026-04-13,171.9,78.9,26.7,88.1,130,75,80,89,7.2,199,114,43,187,1.05,84.8,7.3,NON_SMOKER,0.0,True,False,True,False,False,NORMAL,FIT
mcu-uuid-W-00075-2024,worker-uuid-00075,W-00075,2024,2024-06-28,173.4,91.5,30.4,99.4,129,80,71,119,8.4,246,162,47,189,0.71,80.2,7.1,ACTIVE_SMOKER,18.6,True,False,True,False,True,NORMAL,FIT_WITH_RESTRICTION
mcu-uuid-W-00075-2025,worker-uuid-00075,W-00075,2025,2025-03-28,173.4,91.6,30.5,100.4,151,95,94,111,7.9,233,152,47,232,1.08,70.0,5.3,ACTIVE_SMOKER,18.6,True,True,True,True,False,NORMAL,FIT_WITH_RESTRICTION
mcu-uuid-W-00075-2026,worker-uuid-00075,W-00075,2026,2026-06-02,173.4,93.9,31.2,105.3,166,104,74,100,7.7,217,141,40,252,1.09,68.8,6.3,ACTIVE_SMOKER,18.6,True,True,True,True,False,ABNORMAL,UNFIT
mcu-uuid-W-00076-2024,worker-uuid-00076,W-00076,2024,2024-11-10,166.3,58.8,21.3,71.7,117,76,70,116,8.0,209,138,41,110,1.19,71.2,4.6,NON_SMOKER,0.0,True,False,False,False,False,NORMAL,FIT
mcu-uuid-W-00076-2025,worker-uuid-00076,W-00076,2025,2025-08-08,166.3,59.2,21.4,72.1,117,69,63,76,7.0,169,98,45,97,0.98,75.5,6.5,NON_SMOKER,0.0,True,False,False,False,False,NORMAL,FIT
mcu-uuid-W-00076-2026,worker-uuid-00076,W-00076,2026,2026-05-20,166.3,58.6,21.2,71.9,109,63,72,91,7.5,181,94,50,156,1.04,73.0,4.8,NON_SMOKER,0.0,True,False,False,False,False,NORMAL,FIT
mcu-uuid-W-00077-2024,worker-uuid-00077,W-00077,2024,2024-10-09,180.1,84.0,25.9,85.5,152,98,86,120,8.5,187,109,39,212,0.73,74.8,6.4,ACTIVE_SMOKER,19.4,True,True,False,False,False,NORMAL,FIT_WITH_RESTRICTION
mcu-uuid-W-00077-2025,worker-uuid-00077,W-00077,2025,2025-04-10,180.1,83.5,25.7,86.2,131,79,58,125,8.4,233,170,42,120,0.93,68.8,6.9,ACTIVE_SMOKER,19.4,True,False,False,False,True,NORMAL,FIT
mcu-uuid-W-00077-2026,worker-uuid-00077,W-00077,2026,2026-08-21,180.1,83.9,25.9,88.7,170,98,80,107,7.9,228,163,34,145,1.03,65.2,9.2,ACTIVE_SMOKER,19.4,True,True,False,True,False,ABNORMAL,UNFIT
mcu-uuid-W-00078-2024,worker-uuid-00078,W-00078,2024,2024-11-09,173.3,81.9,27.3,89.5,134,83,85,84,7.1,230,157,45,70,1.05,77.8,6.3,ACTIVE_SMOKER,19.7,True,False,False,False,False,NORMAL,FIT
mcu-uuid-W-00078-2025,worker-uuid-00078,W-00078,2025,2025-05-02,173.3,82.8,27.6,91.2,137,84,83,103,7.8,183,87,57,229,0.96,79.0,3.9,ACTIVE_SMOKER,19.7,True,False,False,False,False,NORMAL,FIT
mcu-uuid-W-00078-2026,worker-uuid-00078,W-00078,2026,2026-07-01,173.3,82.4,27.4,91.8,141,85,87,108,7.8,222,166,34,145,0.95,78.2,5.2,ACTIVE_SMOKER,19.7,True,True,False,False,True,NORMAL,FIT_WITH_RESTRICTION
mcu-uuid-W-00079-2024,worker-uuid-00079,W-00079,2024,2024-07-09,189.3,86.2,24.1,82.0,109,67,79,109,8.0,193,122,48,119,1.29,70.8,7.0,FORMER_SMOKER,13.6,True,False,False,False,False,NORMAL,FIT
mcu-uuid-W-00079-2025,worker-uuid-00079,W-00079,2025,2025-06-09,189.3,86.7,24.2,83.3,113,74,80,94,7.4,184,95,53,65,1.1,74.5,5.6,FORMER_SMOKER,13.6,True,False,False,False,False,BORDERLINE,FIT
mcu-uuid-W-00079-2026,worker-uuid-00079,W-00079,2026,2026-10-16,189.3,87.9,24.5,82.0,139,84,72,113,8.2,224,147,52,89,1.02,75.5,5.0,FORMER_SMOKER,13.6,True,False,False,False,False,NORMAL,FIT
mcu-uuid-W-00080-2024,worker-uuid-00080,W-00080,2024,2024-09-15,173.7,79.5,26.3,90.0,125,80,75,100,7.5,216,117,56,165,1.18,78.5,6.9,NON_SMOKER,0.0,True,False,True,False,False,NORMAL,FIT
mcu-uuid-W-00080-2025,worker-uuid-00080,W-00080,2025,2025-04-10,173.7,79.7,26.4,89.0,130,83,79,74,7.1,209,120,48,138,1.09,79.8,6.4,NON_SMOKER,0.0,True,False,True,False,False,NORMAL,FIT
mcu-uuid-W-00080-2026,worker-uuid-00080,W-00080,2026,2026-09-17,173.7,80.4,26.6,90.5,136,85,74,128,8.7,208,143,38,115,1.13,77.8,6.6,NON_SMOKER,0.0,True,False,True,False,False,NORMAL,FIT
mcu-uuid-W-00081-2024,worker-uuid-00081,W-00081,2024,2024-09-07,154.9,67.6,28.2,95.5,136,91,83,94,7.5,251,173,55,138,1.29,76.8,7.2,ACTIVE_SMOKER,18.1,True,True,False,True,False,NORMAL,FIT_WITH_RESTRICTION
mcu-uuid-W-00081-2025,worker-uuid-00081,W-00081,2025,2025-06-28,154.9,68.4,28.5,94.6,142,92,83,91,7.6,254,184,35,179,1.32,75.0,5.2,ACTIVE_SMOKER,18.1,True,True,False,False,True,NORMAL,FIT_WITH_RESTRICTION
mcu-uuid-W-00081-2026,worker-uuid-00081,W-00081,2026,2026-03-03,154.9,69.8,29.1,96.0,135,84,75,82,7.0,227,150,41,150,1.1,79.5,5.5,ACTIVE_SMOKER,18.1,True,False,False,False,False,BORDERLINE,FIT
mcu-uuid-W-00082-2024,worker-uuid-00082,W-00082,2024,2024-03-09,172.9,80.3,26.9,89.0,133,87,81,99,7.7,238,144,50,140,0.92,65.0,7.4,NON_SMOKER,0.0,True,False,False,False,False,NORMAL,FIT
mcu-uuid-W-00082-2025,worker-uuid-00082,W-00082,2025,2025-08-24,172.9,80.9,27.1,92.6,143,94,66,92,7.5,213,132,54,195,0.82,66.5,5.6,NON_SMOKER,0.0,True,True,False,True,False,NORMAL,FIT_WITH_RESTRICTION
mcu-uuid-W-00082-2026,worker-uuid-00082,W-00082,2026,2026-11-07,172.9,81.7,27.3,91.1,152,93,72,78,7.2,205,112,51,138,0.91,63.2,6.5,NON_SMOKER,0.0,True,True,False,True,False,BORDERLINE,FIT_WITH_RESTRICTION
mcu-uuid-W-00083-2024,worker-uuid-00083,W-00083,2024,2024-05-07,152.4,77.0,33.2,111.8,151,96,78,113,8.1,223,144,42,129,0.99,72.2,6.7,ACTIVE_SMOKER,8.3,True,True,False,False,False,NORMAL,FIT_WITH_RESTRICTION
mcu-uuid-W-00083-2025,worker-uuid-00083,W-00083,2025,2025-09-05,152.4,78.1,33.6,113.3,140,88,82,99,7.5,265,182,46,264,0.94,72.5,4.8,ACTIVE_SMOKER,8.3,True,True,False,False,True,NORMAL,FIT_WITH_RESTRICTION
mcu-uuid-W-00083-2026,worker-uuid-00083,W-00083,2026,2026-03-11,152.4,76.7,33.0,108.2,142,86,76,127,8.3,204,139,38,176,1.13,66.8,6.9,ACTIVE_SMOKER,8.3,True,True,False,True,False,ABNORMAL,UNFIT
mcu-uuid-W-00084-2024,worker-uuid-00084,W-00084,2024,2024-04-06,169.5,53.9,18.8,64.6,131,81,65,76,7.1,213,143,40,175,1.07,74.2,5.9,NON_SMOKER,0.0,True,False,False,False,False,NORMAL,FIT
mcu-uuid-W-00084-2025,worker-uuid-00084,W-00084,2025,2025-10-17,169.5,54.4,18.9,65.9,116,78,87,81,7.1,188,86,57,205,1.03,74.2,5.2,NON_SMOKER,0.0,True,False,False,False,False,NORMAL,FIT
mcu-uuid-W-00084-2026,worker-uuid-00084,W-00084,2026,2026-04-01,169.5,55.9,19.5,67.0,126,76,82,65,6.8,241,146,56,85,0.98,74.5,6.3,NON_SMOKER,0.0,True,False,False,False,False,NORMAL,FIT
mcu-uuid-W-00085-2024,worker-uuid-00085,W-00085,2024,2024-08-22,167.3,65.3,23.3,78.7,120,72,65,72,7.0,161,72,53,114,1.05,77.8,5.1,NON_SMOKER,0.0,True,False,False,False,False,NORMAL,FIT
mcu-uuid-W-00085-2025,worker-uuid-00085,W-00085,2025,2025-06-23,167.3,66.4,23.7,81.8,120,76,81,86,7.1,181,106,44,140,1.14,74.5,5.2,NON_SMOKER,0.0,True,False,False,False,False,NORMAL,FIT
mcu-uuid-W-00085-2026,worker-uuid-00085,W-00085,2026,2026-03-14,167.3,64.8,23.2,78.7,126,77,74,82,7.4,213,132,48,109,0.93,78.8,7.0,NON_SMOKER,0.0,True,False,False,False,False,NORMAL,FIT
mcu-uuid-W-00086-2024,worker-uuid-00086,W-00086,2024,2024-09-16,171.6,70.9,24.1,82.2,123,83,67,98,7.4,225,165,33,55,1.1,70.5,6.8,NON_SMOKER,0.0,True,False,False,False,True,NORMAL,FIT
mcu-uuid-W-00086-2025,worker-uuid-00086,W-00086,2025,2025-07-25,171.6,72.2,24.5,82.4,127,82,58,99,7.5,200,128,39,132,0.91,74.2,5.4,NON_SMOKER,0.0,True,False,False,False,False,NORMAL,FIT
mcu-uuid-W-00086-2026,worker-uuid-00086,W-00086,2026,2026-05-04,171.6,72.6,24.7,81.1,133,84,68,117,8.0,204,113,65,145,0.95,72.2,5.4,NON_SMOKER,0.0,True,False,False,False,False,BORDERLINE,FIT
mcu-uuid-W-00087-2024,worker-uuid-00087,W-00087,2024,2024-10-22,164.2,74.0,27.4,93.3,137,90,88,78,7.2,250,170,50,149,1.22,54.5,6.7,ACTIVE_SMOKER,7.9,True,True,False,True,False,NORMAL,FIT_WITH_RESTRICTION
mcu-uuid-W-00087-2025,worker-uuid-00087,W-00087,2025,2025-09-13,164.2,74.6,27.7,93.6,140,87,57,130,8.8,241,172,33,178,0.98,59.5,4.9,ACTIVE_SMOKER,7.9,True,True,False,False,False,NORMAL,FIT_WITH_RESTRICTION
mcu-uuid-W-00087-2026,worker-uuid-00087,W-00087,2026,2026-10-02,164.2,75.0,27.8,94.2,150,86,79,128,8.7,184,94,51,194,0.77,63.8,6.0,ACTIVE_SMOKER,7.9,True,True,False,True,False,BORDERLINE,FIT_WITH_RESTRICTION
mcu-uuid-W-00088-2024,worker-uuid-00088,W-00088,2024,2024-10-17,174.5,67.8,22.3,77.1,123,76,91,121,8.4,176,97,47,55,1.22,85.5,4.5,ACTIVE_SMOKER,17.8,True,False,False,False,False,NORMAL,FIT
mcu-uuid-W-00088-2025,worker-uuid-00088,W-00088,2025,2025-09-19,174.5,69.1,22.7,77.3,144,86,62,103,7.7,217,136,44,140,0.96,91.0,7.9,ACTIVE_SMOKER,17.8,True,True,False,False,False,NORMAL,FIT_WITH_RESTRICTION
mcu-uuid-W-00088-2026,worker-uuid-00088,W-00088,2026,2026-09-06,174.5,67.9,22.3,73.5,132,89,74,128,8.5,190,110,46,178,1.02,88.5,6.0,ACTIVE_SMOKER,17.8,True,False,False,False,False,NORMAL,FIT
mcu-uuid-W-00089-2024,worker-uuid-00089,W-00089,2024,2024-05-09,162.1,64.7,24.6,81.3,118,68,65,84,7.4,173,101,44,111,1.2,89.0,6.0,NON_SMOKER,0.0,True,False,False,False,False,NORMAL,FIT
mcu-uuid-W-00089-2025,worker-uuid-00089,W-00089,2025,2025-09-11,162.1,65.4,24.9,85.2,124,81,80,112,8.1,199,110,52,157,0.85,96.8,7.7,NON_SMOKER,0.0,True,False,False,False,False,BORDERLINE,FIT
mcu-uuid-W-00089-2026,worker-uuid-00089,W-00089,2026,2026-09-09,162.1,65.8,25.0,84.5,126,77,60,99,7.9,190,114,46,108,0.77,97.8,5.5,NON_SMOKER,0.0,True,False,False,False,False,NORMAL,FIT
mcu-uuid-W-00090-2024,worker-uuid-00090,W-00090,2024,2024-05-04,172.6,76.2,25.6,85.0,122,76,75,97,7.5,196,121,50,205,0.98,78.5,3.4,FORMER_SMOKER,5.2,True,False,False,False,False,NORMAL,FIT
mcu-uuid-W-00090-2025,worker-uuid-00090,W-00090,2025,2025-10-11,172.6,76.7,25.7,84.4,109,63,74,106,7.8,154,78,44,104,0.87,80.2,7.1,FORMER_SMOKER,5.2,True,False,False,False,False,NORMAL,FIT
mcu-uuid-W-00090-2026,worker-uuid-00090,W-00090,2026,2026-05-04,172.6,75.9,25.5,84.8,120,78,66,120,8.5,216,131,43,169,1.01,75.8,5.9,FORMER_SMOKER,5.2,True,False,False,False,False,NORMAL,FIT
mcu-uuid-W-00091-2024,worker-uuid-00091,W-00091,2024,2024-07-15,165.0,79.1,29.1,98.0,142,86,72,95,7.3,172,89,50,129,1.64,60.0,6.4,ACTIVE_SMOKER,28.3,True,True,False,True,False,NORMAL,FIT_WITH_RESTRICTION
mcu-uuid-W-00091-2025,worker-uuid-00091,W-00091,2025,2025-07-05,165.0,78.8,28.9,96.7,149,98,76,95,7.7,197,130,41,124,1.14,71.5,7.7,ACTIVE_SMOKER,28.3,True,True,False,False,False,NORMAL,FIT_WITH_RESTRICTION
mcu-uuid-W-00091-2026,worker-uuid-00091,W-00091,2026,2026-06-08,165.0,80.6,29.6,99.3,148,90,87,128,8.5,262,192,50,169,0.86,77.5,6.7,ACTIVE_SMOKER,28.3,True,True,False,False,False,NORMAL,FIT_WITH_RESTRICTION
mcu-uuid-W-00092-2024,worker-uuid-00092,W-00092,2024,2024-10-17,170.2,80.8,27.9,94.9,138,83,66,99,7.5,231,161,48,146,1.13,71.8,5.0,NON_SMOKER,0.0,True,False,False,False,True,NORMAL,FIT
mcu-uuid-W-00092-2025,worker-uuid-00092,W-00092,2025,2025-11-17,170.2,81.6,28.2,95.7,153,97,74,71,7.1,222,138,49,168,0.88,77.0,4.7,NON_SMOKER,0.0,True,True,False,True,False,NORMAL,FIT_WITH_RESTRICTION
mcu-uuid-W-00092-2026,worker-uuid-00092,W-00092,2026,2026-11-08,170.2,80.7,27.9,94.4,128,83,67,105,7.9,235,170,44,136,1.09,70.8,5.9,NON_SMOKER,0.0,True,False,False,False,True,NORMAL,FIT
mcu-uuid-W-00093-2024,worker-uuid-00093,W-00093,2024,2024-11-10,165.0,75.7,27.8,93.6,131,82,71,100,7.9,220,151,31,111,0.9,77.5,6.7,NON_SMOKER,0.0,True,False,True,False,False,NORMAL,FIT
mcu-uuid-W-00093-2025,worker-uuid-00093,W-00093,2025,2025-08-01,165.0,76.9,28.2,92.4,121,75,69,98,7.5,270,188,44,110,0.97,74.8,6.2,NON_SMOKER,0.0,True,False,True,False,False,NORMAL,FIT
mcu-uuid-W-00093-2026,worker-uuid-00093,W-00093,2026,2026-09-06,165.0,76.2,28.0,93.4,132,90,76,121,8.1,221,152,44,90,1.03,72.2,4.2,NON_SMOKER,0.0,True,True,True,False,False,NORMAL,FIT_WITH_RESTRICTION
mcu-uuid-W-00094-2024,worker-uuid-00094,W-00094,2024,2024-08-05,172.8,74.6,25.0,85.1,116,72,71,117,8.0,211,138,51,156,0.88,87.0,5.5,NON_SMOKER,0.0,True,False,False,False,False,BORDERLINE,FIT
mcu-uuid-W-00094-2025,worker-uuid-00094,W-00094,2025,2025-07-24,172.8,75.5,25.3,84.0,121,75,60,93,7.3,168,84,52,74,0.5,95.5,8.0,NON_SMOKER,0.0,True,False,False,False,False,BORDERLINE,FIT
mcu-uuid-W-00094-2026,worker-uuid-00094,W-00094,2026,2026-07-01,172.8,73.8,24.7,83.0,156,98,66,106,7.7,230,155,52,185,1.1,79.5,4.0,NON_SMOKER,0.0,True,True,False,True,False,BORDERLINE,FIT_WITH_RESTRICTION
mcu-uuid-W-00095-2024,worker-uuid-00095,W-00095,2024,2024-04-17,166.4,73.2,26.4,87.7,143,84,86,100,7.7,196,128,40,122,1.07,82.2,5.4,ACTIVE_SMOKER,17.1,True,True,False,False,False,NORMAL,FIT_WITH_RESTRICTION
mcu-uuid-W-00095-2025,worker-uuid-00095,W-00095,2025,2025-05-03,166.4,73.6,26.6,88.3,141,90,67,77,6.9,200,122,45,136,0.86,86.5,5.2,ACTIVE_SMOKER,17.1,True,True,False,True,False,NORMAL,FIT_WITH_RESTRICTION
mcu-uuid-W-00095-2026,worker-uuid-00095,W-00095,2026,2026-09-26,166.4,75.6,27.3,93.2,139,86,75,112,8.2,218,136,42,198,0.92,84.0,6.7,ACTIVE_SMOKER,17.1,True,False,False,False,False,NORMAL,FIT
mcu-uuid-W-00096-2024,worker-uuid-00096,W-00096,2024,2024-03-01,160.3,64.9,25.3,84.6,108,69,76,78,6.9,178,74,60,134,0.67,83.2,5.7,NON_SMOKER,0.0,True,False,False,False,False,BORDERLINE,FIT
mcu-uuid-W-00096-2025,worker-uuid-00096,W-00096,2025,2025-04-02,160.3,64.4,25.1,83.9,139,87,75,102,7.9,213,116,58,148,0.8,79.0,4.6,NON_SMOKER,0.0,True,False,False,False,False,NORMAL,FIT
mcu-uuid-W-00096-2026,worker-uuid-00096,W-00096,2026,2026-10-19,160.3,67.5,26.3,86.2,133,82,57,83,7.2,210,137,44,99,0.69,80.8,6.1,NON_SMOKER,0.0,True,False,False,False,False,NORMAL,FIT
mcu-uuid-W-00097-2024,worker-uuid-00097,W-00097,2024,2024-05-08,156.4,61.0,24.9,82.9,117,78,83,66,6.8,189,118,47,178,1.05,81.8,4.0,NON_SMOKER,0.0,True,False,False,False,False,NORMAL,FIT
mcu-uuid-W-00097-2025,worker-uuid-00097,W-00097,2025,2025-05-19,156.4,61.9,25.3,86.0,120,72,76,65,6.5,196,98,54,143,1.18,77.5,3.8,NON_SMOKER,0.0,True,False,False,False,False,BORDERLINE,FIT
mcu-uuid-W-00097-2026,worker-uuid-00097,W-00097,2026,2026-04-17,156.4,62.2,25.4,85.2,114,66,72,104,7.8,213,120,59,164,1.08,79.0,3.7,NON_SMOKER,0.0,True,False,False,False,False,NORMAL,FIT
mcu-uuid-W-00098-2024,worker-uuid-00098,W-00098,2024,2024-10-06,169.9,73.7,25.5,84.7,135,85,76,106,8.1,161,69,52,180,1.33,70.8,7.3,NON_SMOKER,0.0,True,False,False,False,False,NORMAL,FIT
mcu-uuid-W-00098-2025,worker-uuid-00098,W-00098,2025,2025-03-05,169.9,73.3,25.4,84.1,131,72,71,118,8.2,165,90,47,176,0.92,80.0,6.3,NON_SMOKER,0.0,True,False,False,False,False,NORMAL,FIT
mcu-uuid-W-00098-2026,worker-uuid-00098,W-00098,2026,2026-03-21,169.9,73.3,25.4,85.7,117,79,71,86,7.3,241,172,33,209,0.97,77.8,4.6,NON_SMOKER,0.0,True,False,False,False,False,BORDERLINE,FIT
mcu-uuid-W-00099-2024,worker-uuid-00099,W-00099,2024,2024-03-10,163.8,54.2,20.2,69.8,120,74,60,79,6.9,213,125,49,102,0.93,90.8,5.1,NON_SMOKER,0.0,True,False,False,False,False,NORMAL,FIT
mcu-uuid-W-00099-2025,worker-uuid-00099,W-00099,2025,2025-08-21,163.8,54.8,20.4,68.6,119,75,76,65,6.8,144,55,48,55,0.91,90.2,5.6,NON_SMOKER,0.0,True,False,False,False,False,NORMAL,FIT
mcu-uuid-W-00099-2026,worker-uuid-00099,W-00099,2026,2026-07-15,163.8,56.9,21.2,70.6,117,74,67,100,7.9,181,99,51,98,0.89,89.8,7.2,NON_SMOKER,0.0,True,False,False,False,False,NORMAL,FIT
mcu-uuid-W-00100-2024,worker-uuid-00100,W-00100,2024,2024-09-26,166.8,65.4,23.5,78.0,118,72,77,92,7.4,247,170,47,96,0.83,80.2,5.8,NON_SMOKER,0.0,True,False,False,False,True,NORMAL,FIT
mcu-uuid-W-00100-2025,worker-uuid-00100,W-00100,2025,2025-04-09,166.8,65.2,23.4,77.4,129,81,76,102,8.0,200,110,49,155,0.72,82.0,4.2,NON_SMOKER,0.0,True,False,False,False,False,NORMAL,FIT
mcu-uuid-W-00100-2026,worker-uuid-00100,W-00100,2026,2026-11-09,166.8,65.6,23.6,78.4,144,92,82,102,7.8,203,99,69,70,0.89,76.8,3.9,NON_SMOKER,0.0,True,True,False,False,False,NORMAL,FIT_WITH_RESTRICTION
mcu-uuid-W-00101-2024,worker-uuid-00101,W-00101,2024,2024-03-25,166.9,62.1,22.3,74.8,118,74,86,82,7.4,255,166,46,90,1.07,75.2,6.1,ACTIVE_SMOKER,27.8,True,False,False,False,True,BORDERLINE,FIT
mcu-uuid-W-00101-2025,worker-uuid-00101,W-00101,2025,2025-03-07,166.9,61.8,22.2,74.6,122,77,82,123,8.2,213,139,43,176,0.9,78.5,7.2,ACTIVE_SMOKER,27.8,True,False,False,False,False,NORMAL,FIT
mcu-uuid-W-00101-2026,worker-uuid-00101,W-00101,2026,2026-06-17,166.9,63.4,22.8,75.7,110,77,82,77,7.2,195,119,45,190,0.76,81.0,5.8,ACTIVE_SMOKER,27.8,True,False,False,False,False,NORMAL,FIT
mcu-uuid-W-00102-2024,worker-uuid-00102,W-00102,2024,2024-07-25,170.2,88.3,30.5,100.4,129,72,73,139,8.7,180,102,54,206,1.24,72.0,4.7,FORMER_SMOKER,11.2,True,False,False,False,False,NORMAL,FIT_WITH_RESTRICTION
mcu-uuid-W-00102-2025,worker-uuid-00102,W-00102,2025,2025-08-07,170.2,88.5,30.6,100.1,122,80,78,95,7.5,234,151,38,161,1.24,71.0,6.4,FORMER_SMOKER,11.2,True,False,False,False,False,NORMAL,FIT_WITH_RESTRICTION
mcu-uuid-W-00102-2026,worker-uuid-00102,W-00102,2026,2026-09-22,170.2,87.5,30.2,101.8,140,93,70,101,7.9,265,188,39,169,1.08,74.0,5.0,FORMER_SMOKER,11.2,True,True,False,False,False,NORMAL,FIT_WITH_RESTRICTION
mcu-uuid-W-00103-2024,worker-uuid-00103,W-00103,2024,2024-04-07,167.5,70.1,25.0,85.0,99,60,75,85,7.2,209,129,45,173,1.15,78.2,5.3,NON_SMOKER,0.0,True,False,True,False,False,NORMAL,FIT
mcu-uuid-W-00103-2025,worker-uuid-00103,W-00103,2025,2025-10-21,167.5,70.6,25.2,84.0,121,74,82,116,8.1,188,101,55,117,0.98,81.5,6.4,NON_SMOKER,0.0,True,False,True,False,False,NORMAL,FIT
mcu-uuid-W-00103-2026,worker-uuid-00103,W-00103,2026,2026-07-19,167.5,70.8,25.2,84.4,126,84,69,119,8.1,188,105,45,150,1.12,77.0,3.7,NON_SMOKER,0.0,True,False,True,False,False,NORMAL,FIT
mcu-uuid-W-00104-2024,worker-uuid-00104,W-00104,2024,2024-05-15,158.3,72.4,28.9,95.3,160,109,79,86,7.4,210,125,52,197,1.13,57.8,4.3,ACTIVE_SMOKER,13.7,True,True,True,False,False,NORMAL,UNFIT
mcu-uuid-W-00104-2025,worker-uuid-00104,W-00104,2025,2025-06-27,158.3,73.2,29.2,98.9,140,92,79,93,7.7,239,160,40,211,1.37,50.8,8.4,ACTIVE_SMOKER,13.7,True,True,True,True,True,BORDERLINE,FIT_WITH_RESTRICTION
mcu-uuid-W-00104-2026,worker-uuid-00104,W-00104,2026,2026-10-05,158.3,71.6,28.6,94.2,149,98,67,94,7.5,216,124,48,119,0.72,66.0,6.7,ACTIVE_SMOKER,13.7,True,True,True,True,False,ABNORMAL,UNFIT
mcu-uuid-W-00105-2024,worker-uuid-00105,W-00105,2024,2024-10-01,165.6,60.9,22.2,74.8,151,92,68,81,7.4,184,103,44,130,0.89,87.8,5.5,FORMER_SMOKER,6.3,True,True,False,True,False,NORMAL,FIT_WITH_RESTRICTION
mcu-uuid-W-00105-2025,worker-uuid-00105,W-00105,2025,2025-07-08,165.6,61.7,22.5,76.9,115,76,80,80,7.4,169,101,47,120,0.61,93.8,4.9,FORMER_SMOKER,6.3,True,False,False,False,False,NORMAL,FIT
mcu-uuid-W-00105-2026,worker-uuid-00105,W-00105,2026,2026-08-02,165.6,60.5,22.1,76.0,125,77,84,84,7.2,244,174,46,137,1.15,79.2,5.3,FORMER_SMOKER,6.3,True,False,False,False,False,NORMAL,FIT
mcu-uuid-W-00106-2024,worker-uuid-00106,W-00106,2024,2024-09-05,174.7,77.3,25.3,85.4,116,65,59,87,7.5,199,116,55,165,1.02,63.5,5.9,NON_SMOKER,0.0,True,False,True,False,False,NORMAL,FIT
mcu-uuid-W-00106-2025,worker-uuid-00106,W-00106,2025,2025-05-10,174.7,76.9,25.2,84.1,124,74,76,92,7.4,242,162,52,123,1.06,61.5,7.3,NON_SMOKER,0.0,True,False,True,False,False,NORMAL,FIT
mcu-uuid-W-00106-2026,worker-uuid-00106,W-00106,2026,2026-05-11,174.7,78.2,25.6,87.6,128,83,68,91,7.3,227,156,45,126,1.28,55.0,8.3,NON_SMOKER,0.0,True,False,True,False,False,NORMAL,FIT
mcu-uuid-W-00107-2024,worker-uuid-00107,W-00107,2024,2024-08-04,176.0,90.7,29.3,98.2,121,79,65,91,7.4,226,158,48,143,0.71,89.2,6.5,NON_SMOKER,0.0,True,False,False,False,False,NORMAL,FIT
mcu-uuid-W-00107-2025,worker-uuid-00107,W-00107,2025,2025-06-07,176.0,91.6,29.6,96.7,132,88,63,87,7.4,169,84,47,145,1.26,74.5,4.3,NON_SMOKER,0.0,True,False,False,False,False,NORMAL,FIT
mcu-uuid-W-00107-2026,worker-uuid-00107,W-00107,2026,2026-07-20,176.0,92.4,29.8,98.1,130,85,66,80,7.2,213,143,48,199,0.93,81.8,6.6,NON_SMOKER,0.0,True,False,False,False,False,NORMAL,FIT
mcu-uuid-W-00108-2024,worker-uuid-00108,W-00108,2024,2024-05-21,160.5,68.9,26.7,90.7,133,82,65,112,7.9,218,153,42,104,1.05,85.8,7.0,FORMER_SMOKER,8.0,True,False,False,False,False,BORDERLINE,FIT
mcu-uuid-W-00108-2025,worker-uuid-00108,W-00108,2025,2025-04-23,160.5,69.1,26.8,88.4,123,77,74,106,8.0,181,73,67,202,1.03,85.2,8.1,FORMER_SMOKER,8.0,True,False,False,False,False,NORMAL,FIT
mcu-uuid-W-00108-2026,worker-uuid-00108,W-00108,2026,2026-09-24,160.5,68.4,26.6,88.3,114,74,65,99,7.9,177,81,51,190,1.28,78.0,4.6,FORMER_SMOKER,8.0,True,False,False,False,False,NORMAL,FIT
mcu-uuid-W-00109-2024,worker-uuid-00109,W-00109,2024,2024-06-04,170.8,80.9,27.7,90.7,126,76,83,112,7.9,190,117,43,114,0.83,64.2,4.3,FORMER_SMOKER,10.5,True,False,False,False,False,BORDERLINE,FIT
mcu-uuid-W-00109-2025,worker-uuid-00109,W-00109,2025,2025-11-23,170.8,80.7,27.7,92.3,144,99,61,120,8.5,223,132,64,179,1.0,59.0,8.8,FORMER_SMOKER,10.5,True,True,False,True,False,NORMAL,FIT_WITH_RESTRICTION
mcu-uuid-W-00109-2026,worker-uuid-00109,W-00109,2026,2026-09-24,170.8,80.2,27.5,91.3,122,78,79,116,8.0,216,125,47,85,1.04,57.0,6.2,FORMER_SMOKER,10.5,True,False,False,False,False,BORDERLINE,FIT
mcu-uuid-W-00110-2024,worker-uuid-00110,W-00110,2024,2024-03-13,166.5,81.1,29.3,97.7,128,79,73,109,8.0,210,120,46,177,0.75,93.2,5.4,ACTIVE_SMOKER,16.9,True,False,False,False,False,NORMAL,FIT
mcu-uuid-W-00110-2025,worker-uuid-00110,W-00110,2025,2025-03-23,166.5,82.2,29.7,97.6,134,90,76,137,8.7,248,186,36,131,0.88,89.0,5.7,ACTIVE_SMOKER,16.9,True,True,False,False,False,BORDERLINE,FIT_WITH_RESTRICTION
mcu-uuid-W-00110-2026,worker-uuid-00110,W-00110,2026,2026-03-15,166.5,81.1,29.3,97.7,147,86,81,134,8.6,215,129,45,156,0.76,91.0,6.0,ACTIVE_SMOKER,16.9,True,True,False,True,False,BORDERLINE,FIT_WITH_RESTRICTION
mcu-uuid-W-00111-2024,worker-uuid-00111,W-00111,2024,2024-04-13,164.4,75.1,27.8,93.3,109,71,70,101,7.7,167,93,54,178,1.27,88.2,4.2,FORMER_SMOKER,9.6,True,False,False,False,False,NORMAL,FIT
mcu-uuid-W-00111-2025,worker-uuid-00111,W-00111,2025,2025-10-10,164.4,75.9,28.1,94.1,112,69,75,111,7.9,188,108,37,127,0.96,95.0,5.0,FORMER_SMOKER,9.6,True,False,False,False,False,NORMAL,FIT
mcu-uuid-W-00111-2026,worker-uuid-00111,W-00111,2026,2026-11-22,164.4,77.3,28.6,97.5,124,78,62,116,8.4,193,98,53,119,0.72,100.0,4.3,FORMER_SMOKER,9.6,True,False,False,False,False,NORMAL,FIT
mcu-uuid-W-00112-2024,worker-uuid-00112,W-00112,2024,2024-04-11,179.5,77.7,24.1,81.6,128,78,66,91,7.6,194,110,50,161,0.95,79.2,5.9,ACTIVE_SMOKER,8.5,True,False,False,False,False,NORMAL,FIT
mcu-uuid-W-00112-2025,worker-uuid-00112,W-00112,2025,2025-06-18,179.5,77.6,24.1,79.1,120,72,73,83,7.3,188,104,50,133,1.08,75.0,6.6,ACTIVE_SMOKER,8.5,True,False,False,False,False,NORMAL,FIT
mcu-uuid-W-00112-2026,worker-uuid-00112,W-00112,2026,2026-05-19,179.5,79.2,24.6,81.4,144,84,77,81,7.1,203,107,56,91,0.96,77.0,6.4,ACTIVE_SMOKER,8.5,True,True,False,True,False,ABNORMAL,UNFIT
mcu-uuid-W-00113-2024,worker-uuid-00113,W-00113,2024,2024-10-07,173.8,61.3,20.3,70.3,117,69,72,86,7.3,196,120,51,166,0.87,87.2,6.1,NON_SMOKER,0.0,True,False,False,False,False,NORMAL,FIT
mcu-uuid-W-00113-2025,worker-uuid-00113,W-00113,2025,2025-08-06,173.8,61.0,20.2,69.4,108,64,52,91,7.4,198,126,46,55,0.96,84.0,7.4,NON_SMOKER,0.0,True,False,False,False,False,NORMAL,FIT
mcu-uuid-W-00113-2026,worker-uuid-00113,W-00113,2026,2026-07-08,173.8,61.1,20.2,68.2,124,86,66,98,7.4,210,119,54,128,0.68,90.0,6.4,NON_SMOKER,0.0,True,False,False,False,False,NORMAL,FIT
mcu-uuid-W-00114-2024,worker-uuid-00114,W-00114,2024,2024-10-19,160.6,72.5,28.1,92.6,138,91,76,118,8.4,223,137,48,141,0.99,80.2,5.0,FORMER_SMOKER,10.1,True,True,False,False,False,NORMAL,FIT_WITH_RESTRICTION
mcu-uuid-W-00114-2025,worker-uuid-00114,W-00114,2025,2025-04-15,160.6,72.0,27.9,92.6,131,85,71,100,7.8,212,121,48,153,0.91,81.2,7.1,FORMER_SMOKER,10.1,True,False,False,False,False,NORMAL,FIT
mcu-uuid-W-00114-2026,worker-uuid-00114,W-00114,2026,2026-05-27,160.6,71.9,27.9,93.2,121,77,70,115,8.3,233,138,52,151,1.1,75.5,3.0,FORMER_SMOKER,10.1,True,False,False,False,False,NORMAL,FIT
mcu-uuid-W-00115-2024,worker-uuid-00115,W-00115,2024,2024-10-10,171.5,65.3,22.2,76.5,125,77,81,78,6.9,203,128,46,55,0.8,81.0,7.7,ACTIVE_SMOKER,29.0,True,False,False,False,False,NORMAL,FIT
mcu-uuid-W-00115-2025,worker-uuid-00115,W-00115,2025,2025-09-25,171.5,65.6,22.3,77.0,132,83,68,94,7.6,226,114,68,168,0.84,79.0,5.1,ACTIVE_SMOKER,29.0,True,False,False,False,False,BORDERLINE,FIT
mcu-uuid-W-00115-2026,worker-uuid-00115,W-00115,2026,2026-04-13,171.5,65.4,22.2,74.6,138,81,71,91,7.3,189,98,47,144,0.59,84.2,6.4,ACTIVE_SMOKER,29.0,True,False,False,False,False,BORDERLINE,FIT
mcu-uuid-W-00116-2024,worker-uuid-00116,W-00116,2024,2024-07-14,172.8,84.5,28.3,92.7,125,73,66,105,7.9,209,127,54,174,1.05,78.8,4.3,NON_SMOKER,0.0,True,False,False,False,False,NORMAL,FIT
mcu-uuid-W-00116-2025,worker-uuid-00116,W-00116,2025,2025-03-19,172.8,84.3,28.2,94.3,136,87,67,94,7.3,265,176,55,102,1.37,69.8,8.2,NON_SMOKER,0.0,True,False,False,False,True,NORMAL,FIT
mcu-uuid-W-00116-2026,worker-uuid-00116,W-00116,2026,2026-06-19,172.8,85.4,28.6,95.6,119,75,67,105,7.8,194,127,44,200,0.95,79.2,5.4,NON_SMOKER,0.0,True,False,False,False,False,NORMAL,FIT
mcu-uuid-W-00117-2024,worker-uuid-00117,W-00117,2024,2024-10-23,171.4,68.6,23.4,79.7,125,74,62,95,7.8,222,148,40,136,0.96,69.0,8.0,ACTIVE_SMOKER,5.5,True,False,False,False,False,NORMAL,FIT
mcu-uuid-W-00117-2025,worker-uuid-00117,W-00117,2025,2025-05-14,171.4,68.3,23.2,78.4,139,84,69,86,7.4,212,140,48,76,0.79,72.2,5.6,ACTIVE_SMOKER,5.5,True,False,False,False,False,NORMAL,FIT
mcu-uuid-W-00117-2026,worker-uuid-00117,W-00117,2026,2026-08-15,171.4,69.4,23.6,78.8,125,79,83,101,7.5,207,127,55,106,1.02,65.5,6.6,ACTIVE_SMOKER,5.5,True,False,False,False,False,NORMAL,FIT
mcu-uuid-W-00118-2024,worker-uuid-00118,W-00118,2024,2024-10-27,179.8,73.9,22.9,76.3,117,76,66,88,7.6,193,115,54,68,0.96,78.0,6.6,NON_SMOKER,0.0,True,False,False,False,False,NORMAL,FIT
mcu-uuid-W-00118-2025,worker-uuid-00118,W-00118,2025,2025-08-04,179.8,73.8,22.8,75.5,120,76,98,98,7.9,213,131,44,132,1.15,72.2,6.1,NON_SMOKER,0.0,True,False,False,False,False,NORMAL,FIT
mcu-uuid-W-00118-2026,worker-uuid-00118,W-00118,2026,2026-07-24,179.8,75.2,23.3,78.7,125,74,62,99,7.7,204,112,49,55,1.04,74.0,6.5,NON_SMOKER,0.0,True,False,False,False,False,NORMAL,FIT
mcu-uuid-W-00119-2024,worker-uuid-00119,W-00119,2024,2024-06-13,166.3,71.8,26.0,88.1,113,69,73,116,8.3,196,141,35,67,0.94,89.5,6.1,FORMER_SMOKER,12.7,True,False,False,False,False,NORMAL,FIT
mcu-uuid-W-00119-2025,worker-uuid-00119,W-00119,2025,2025-09-15,166.3,71.8,26.0,85.6,129,85,81,124,8.4,219,128,48,212,1.07,85.2,5.3,FORMER_SMOKER,12.7,True,False,False,False,False,NORMAL,FIT
mcu-uuid-W-00119-2026,worker-uuid-00119,W-00119,2026,2026-04-28,166.3,74.1,26.8,90.0,127,87,75,80,7.3,229,145,53,165,1.22,80.5,6.3,FORMER_SMOKER,12.7,True,False,False,False,False,NORMAL,FIT
mcu-uuid-W-00120-2024,worker-uuid-00120,W-00120,2024,2024-07-19,172.4,73.9,24.9,82.8,132,85,78,82,7.2,216,149,40,140,0.82,74.5,5.6,ACTIVE_SMOKER,19.4,True,False,False,False,False,NORMAL,FIT
mcu-uuid-W-00120-2025,worker-uuid-00120,W-00120,2025,2025-08-21,172.4,75.2,25.3,84.6,133,84,81,100,7.5,181,96,47,79,1.04,68.0,5.9,ACTIVE_SMOKER,19.4,True,False,False,False,False,NORMAL,FIT
mcu-uuid-W-00120-2026,worker-uuid-00120,W-00120,2026,2026-05-07,172.4,76.6,25.8,85.1,140,79,71,138,9.0,201,133,41,114,0.97,68.8,6.4,ACTIVE_SMOKER,19.4,True,True,False,False,False,NORMAL,FIT_WITH_RESTRICTION
mcu-uuid-W-00121-2024,worker-uuid-00121,W-00121,2024,2024-07-16,162.8,59.1,22.3,74.4,118,72,86,89,7.5,206,124,50,207,0.96,86.0,7.2,NON_SMOKER,0.0,True,False,False,False,False,BORDERLINE,FIT
mcu-uuid-W-00121-2025,worker-uuid-00121,W-00121,2025,2025-07-26,162.8,59.8,22.6,76.2,137,87,70,87,7.1,199,125,50,90,1.17,79.8,5.1,NON_SMOKER,0.0,True,False,False,False,False,NORMAL,FIT
mcu-uuid-W-00121-2026,worker-uuid-00121,W-00121,2026,2026-08-06,162.8,59.5,22.4,76.0,127,70,76,109,7.9,216,138,42,95,0.88,86.0,6.0,NON_SMOKER,0.0,True,False,False,False,False,NORMAL,FIT
mcu-uuid-W-00122-2024,worker-uuid-00122,W-00122,2024,2024-08-28,168.9,69.0,24.2,79.8,127,70,75,89,7.5,180,92,46,150,0.82,91.5,7.0,FORMER_SMOKER,5.4,True,False,False,False,False,BORDERLINE,FIT
mcu-uuid-W-00122-2025,worker-uuid-00122,W-00122,2025,2025-10-27,168.9,68.7,24.1,79.5,135,86,75,102,7.8,213,137,52,167,0.65,94.8,7.8,FORMER_SMOKER,5.4,True,False,False,False,False,NORMAL,FIT
mcu-uuid-W-00122-2026,worker-uuid-00122,W-00122,2026,2026-08-28,168.9,69.4,24.3,79.8,117,73,73,99,7.5,208,130,58,126,0.79,90.2,5.7,FORMER_SMOKER,5.4,True,False,False,False,False,NORMAL,FIT
mcu-uuid-W-00123-2024,worker-uuid-00123,W-00123,2024,2024-09-09,174.1,82.6,27.3,92.5,138,93,71,112,8.2,222,171,30,164,1.16,69.0,6.8,ACTIVE_SMOKER,19.9,True,True,False,False,False,NORMAL,FIT_WITH_RESTRICTION
mcu-uuid-W-00123-2025,worker-uuid-00123,W-00123,2025,2025-10-01,174.1,82.8,27.3,91.1,143,91,69,119,8.4,202,148,34,117,1.21,66.8,7.7,ACTIVE_SMOKER,19.9,True,True,False,False,False,NORMAL,FIT_WITH_RESTRICTION
mcu-uuid-W-00123-2026,worker-uuid-00123,W-00123,2026,2026-07-17,174.1,81.9,27.0,88.5,138,83,71,105,7.8,254,188,39,179,0.86,74.5,5.9,ACTIVE_SMOKER,19.9,True,False,False,False,False,NORMAL,FIT
mcu-uuid-W-00124-2024,worker-uuid-00124,W-00124,2024,2024-04-05,175.7,72.7,23.5,77.5,122,79,77,91,7.6,205,117,48,140,1.17,68.8,4.2,NON_SMOKER,0.0,True,False,False,False,False,NORMAL,FIT
mcu-uuid-W-00124-2025,worker-uuid-00124,W-00124,2025,2025-03-12,175.7,72.3,23.4,77.3,126,79,69,98,7.5,220,127,52,151,0.9,74.5,7.3,NON_SMOKER,0.0,True,False,False,False,False,NORMAL,FIT
mcu-uuid-W-00124-2026,worker-uuid-00124,W-00124,2026,2026-10-22,175.7,72.4,23.5,77.4,131,85,92,83,7.4,228,157,50,125,1.07,69.2,4.8,NON_SMOKER,0.0,True,False,False,False,False,BORDERLINE,FIT
mcu-uuid-W-00125-2024,worker-uuid-00125,W-00125,2024,2024-11-27,167.7,68.1,24.2,79.6,132,84,62,114,8.3,195,118,51,155,0.97,81.8,6.4,NON_SMOKER,0.0,True,False,False,False,False,NORMAL,FIT
mcu-uuid-W-00125-2025,worker-uuid-00125,W-00125,2025,2025-10-17,167.7,68.7,24.4,81.9,130,86,55,121,8.3,134,55,47,178,0.85,83.8,6.6,NON_SMOKER,0.0,True,False,False,False,False,BORDERLINE,FIT
mcu-uuid-W-00125-2026,worker-uuid-00125,W-00125,2026,2026-08-04,167.7,68.2,24.3,83.1,124,72,73,98,7.6,223,149,51,99,0.9,81.5,7.6,NON_SMOKER,0.0,True,False,False,False,False,NORMAL,FIT
mcu-uuid-W-00126-2024,worker-uuid-00126,W-00126,2024,2024-10-06,163.2,70.3,26.4,89.6,139,88,58,88,7.2,204,129,38,104,1.0,61.0,4.8,ACTIVE_SMOKER,19.4,True,False,False,False,False,NORMAL,FIT
mcu-uuid-W-00126-2025,worker-uuid-00126,W-00126,2025,2025-03-10,163.2,71.7,26.9,90.3,143,89,75,97,7.6,222,151,33,130,1.0,60.0,4.7,ACTIVE_SMOKER,19.4,True,True,False,True,False,NORMAL,FIT_WITH_RESTRICTION
mcu-uuid-W-00126-2026,worker-uuid-00126,W-00126,2026,2026-04-19,163.2,72.9,27.4,93.1,150,98,69,94,7.6,223,155,42,129,0.64,68.0,4.0,ACTIVE_SMOKER,19.4,True,True,False,False,False,NORMAL,FIT_WITH_RESTRICTION
mcu-uuid-W-00127-2024,worker-uuid-00127,W-00127,2024,2024-06-07,177.5,63.0,20.0,67.2,116,74,67,97,7.8,157,68,50,55,0.84,88.0,6.0,NON_SMOKER,0.0,True,False,False,False,False,NORMAL,FIT
mcu-uuid-W-00127-2025,worker-uuid-00127,W-00127,2025,2025-07-19,177.5,63.2,20.1,67.0,129,86,76,80,6.9,221,155,44,133,0.52,95.0,5.9,NON_SMOKER,0.0,True,False,False,False,False,BORDERLINE,FIT
mcu-uuid-W-00127-2026,worker-uuid-00127,W-00127,2026,2026-09-09,177.5,63.5,20.2,70.2,123,80,90,86,7.2,221,143,47,211,1.08,80.0,6.2,NON_SMOKER,0.0,True,False,False,False,False,NORMAL,FIT
mcu-uuid-W-00128-2024,worker-uuid-00128,W-00128,2024,2024-05-12,176.0,69.8,22.5,75.0,126,85,80,89,7.3,210,125,50,181,0.75,71.2,6.2,FORMER_SMOKER,3.8,True,False,False,False,False,NORMAL,FIT
mcu-uuid-W-00128-2025,worker-uuid-00128,W-00128,2025,2025-03-06,176.0,69.9,22.6,77.2,123,85,74,68,6.7,276,185,46,125,0.98,64.5,6.8,FORMER_SMOKER,3.8,True,False,False,False,False,BORDERLINE,FIT
mcu-uuid-W-00128-2026,worker-uuid-00128,W-00128,2026,2026-08-24,176.0,70.2,22.7,77.8,128,71,78,108,7.8,199,124,47,202,0.85,66.8,6.8,FORMER_SMOKER,3.8,True,False,False,False,False,NORMAL,FIT
mcu-uuid-W-00129-2024,worker-uuid-00129,W-00129,2024,2024-08-27,160.7,77.2,29.9,101.5,141,89,74,117,8.0,233,170,37,162,0.87,68.2,5.2,ACTIVE_SMOKER,15.0,True,True,False,True,True,NORMAL,FIT_WITH_RESTRICTION
mcu-uuid-W-00129-2025,worker-uuid-00129,W-00129,2025,2025-09-27,160.7,78.3,30.3,100.9,146,86,82,115,8.3,190,115,42,237,0.69,71.8,5.1,ACTIVE_SMOKER,15.0,True,True,False,True,False,NORMAL,FIT_WITH_RESTRICTION
mcu-uuid-W-00129-2026,worker-uuid-00129,W-00129,2026,2026-05-07,160.7,78.9,30.6,101.5,129,80,81,101,7.5,212,136,51,170,0.77,68.8,4.8,ACTIVE_SMOKER,15.0,True,False,False,False,False,BORDERLINE,FIT_WITH_RESTRICTION
mcu-uuid-W-00130-2024,worker-uuid-00130,W-00130,2024,2024-07-18,165.1,73.8,27.1,90.0,145,91,68,109,7.9,243,163,42,133,0.99,65.2,5.0,ACTIVE_SMOKER,9.6,True,True,False,False,True,NORMAL,FIT_WITH_RESTRICTION
mcu-uuid-W-00130-2025,worker-uuid-00130,W-00130,2025,2025-07-03,165.1,74.5,27.3,93.3,143,95,75,112,7.8,198,116,45,87,0.68,72.0,5.8,ACTIVE_SMOKER,9.6,True,True,False,True,False,NORMAL,FIT_WITH_RESTRICTION
mcu-uuid-W-00130-2026,worker-uuid-00130,W-00130,2026,2026-09-03,165.1,74.9,27.5,91.8,164,107,75,116,8.3,231,149,37,135,1.03,62.2,4.6,ACTIVE_SMOKER,9.6,True,True,False,False,False,NORMAL,UNFIT
mcu-uuid-W-00131-2024,worker-uuid-00131,W-00131,2024,2024-03-10,172.8,64.5,21.6,72.6,131,81,77,87,7.3,249,173,50,69,1.2,64.0,6.9,NON_SMOKER,0.0,True,False,False,False,False,NORMAL,FIT
mcu-uuid-W-00131-2025,worker-uuid-00131,W-00131,2025,2025-09-11,172.8,64.4,21.6,74.2,142,82,65,104,7.6,158,64,58,180,0.78,73.5,5.5,NON_SMOKER,0.0,True,True,False,True,False,BORDERLINE,FIT_WITH_RESTRICTION
mcu-uuid-W-00131-2026,worker-uuid-00131,W-00131,2026,2026-10-01,172.8,65.0,21.8,72.6,127,85,86,119,8.4,243,161,52,149,0.92,69.0,5.7,NON_SMOKER,0.0,True,False,False,False,True,NORMAL,FIT
mcu-uuid-W-00132-2024,worker-uuid-00132,W-00132,2024,2024-03-04,171.6,87.0,29.5,99.5,140,82,60,131,8.7,248,171,49,180,1.08,59.0,5.6,NON_SMOKER,0.0,True,True,False,True,False,BORDERLINE,FIT_WITH_RESTRICTION
mcu-uuid-W-00132-2025,worker-uuid-00132,W-00132,2025,2025-07-22,171.6,86.9,29.5,96.9,153,97,93,108,7.7,231,159,51,148,1.04,59.0,8.0,NON_SMOKER,0.0,True,True,False,False,False,NORMAL,FIT_WITH_RESTRICTION
mcu-uuid-W-00132-2026,worker-uuid-00132,W-00132,2026,2026-09-05,171.6,88.0,29.9,100.1,141,92,66,94,7.3,253,176,47,186,0.96,60.0,7.0,NON_SMOKER,0.0,True,True,False,True,False,BORDERLINE,FIT_WITH_RESTRICTION
mcu-uuid-W-00133-2024,worker-uuid-00133,W-00133,2024,2024-07-09,162.8,73.0,27.5,91.3,133,80,89,97,7.8,181,92,65,206,0.89,75.8,6.8,NON_SMOKER,0.0,True,False,True,False,False,NORMAL,FIT
mcu-uuid-W-00133-2025,worker-uuid-00133,W-00133,2025,2025-09-21,162.8,73.9,27.9,91.3,143,88,83,114,7.9,182,94,52,208,0.72,79.0,7.2,NON_SMOKER,0.0,True,True,True,False,False,NORMAL,FIT_WITH_RESTRICTION
mcu-uuid-W-00133-2026,worker-uuid-00133,W-00133,2026,2026-04-12,162.8,75.3,28.4,95.2,134,81,70,110,8.0,250,170,51,159,0.66,79.5,5.1,NON_SMOKER,0.0,True,False,True,False,True,NORMAL,FIT
mcu-uuid-W-00134-2024,worker-uuid-00134,W-00134,2024,2024-05-07,159.3,66.0,26.0,86.7,131,89,80,90,7.2,216,124,48,136,0.69,73.8,4.9,FORMER_SMOKER,14.1,True,False,False,False,False,NORMAL,FIT
mcu-uuid-W-00134-2025,worker-uuid-00134,W-00134,2025,2025-04-05,159.3,67.4,26.6,88.7,130,85,81,120,8.0,239,169,44,147,0.91,67.2,3.8,FORMER_SMOKER,14.1,True,False,False,False,True,NORMAL,FIT
mcu-uuid-W-00134-2026,worker-uuid-00134,W-00134,2026,2026-05-10,159.3,68.5,27.0,89.7,133,84,69,127,8.7,252,180,34,260,0.82,68.5,4.1,FORMER_SMOKER,14.1,True,False,False,False,True,NORMAL,FIT
mcu-uuid-W-00135-2024,worker-uuid-00135,W-00135,2024,2024-07-28,153.3,58.4,24.9,82.9,129,74,76,75,7.1,238,164,49,124,0.86,85.5,7.6,FORMER_SMOKER,11.9,True,False,False,False,True,NORMAL,FIT
mcu-uuid-W-00135-2025,worker-uuid-00135,W-00135,2025,2025-10-07,153.3,58.3,24.8,81.5,120,72,66,112,7.8,143,68,48,123,1.09,78.8,5.9,FORMER_SMOKER,11.9,True,False,False,False,False,BORDERLINE,FIT
mcu-uuid-W-00135-2026,worker-uuid-00135,W-00135,2026,2026-11-28,153.3,60.4,25.7,85.7,128,89,73,121,8.5,197,134,41,147,0.66,88.5,4.4,FORMER_SMOKER,11.9,True,False,False,False,False,NORMAL,FIT
mcu-uuid-W-00136-2024,worker-uuid-00136,W-00136,2024,2024-06-27,170.9,62.9,21.5,73.7,120,76,74,107,7.7,219,140,42,55,0.96,67.0,5.0,FORMER_SMOKER,2.7,True,False,True,False,False,NORMAL,FIT
mcu-uuid-W-00136-2025,worker-uuid-00136,W-00136,2025,2025-08-03,170.9,64.2,22.0,73.9,139,84,59,123,8.6,148,77,50,124,1.08,63.0,6.3,FORMER_SMOKER,2.7,True,False,True,False,False,NORMAL,FIT
mcu-uuid-W-00136-2026,worker-uuid-00136,W-00136,2026,2026-07-28,170.9,62.7,21.5,71.2,139,80,73,88,7.5,172,107,42,134,0.86,67.5,5.9,FORMER_SMOKER,2.7,True,False,True,False,False,NORMAL,FIT
mcu-uuid-W-00137-2024,worker-uuid-00137,W-00137,2024,2024-11-22,160.1,54.4,21.2,72.9,104,71,79,100,7.7,181,111,43,73,0.76,85.0,6.0,NON_SMOKER,0.0,True,False,True,False,False,BORDERLINE,FIT
mcu-uuid-W-00137-2025,worker-uuid-00137,W-00137,2025,2025-03-13,160.1,54.3,21.2,71.4,95,60,73,109,7.8,210,110,62,137,0.71,85.2,5.0,NON_SMOKER,0.0,True,False,True,False,False,NORMAL,FIT
mcu-uuid-W-00137-2026,worker-uuid-00137,W-00137,2026,2026-10-25,160.1,54.8,21.4,72.3,127,71,64,79,7.1,196,102,59,100,1.11,74.2,7.0,NON_SMOKER,0.0,True,False,True,False,False,NORMAL,FIT
mcu-uuid-W-00138-2024,worker-uuid-00138,W-00138,2024,2024-07-27,170.2,59.5,20.5,70.6,112,77,74,75,6.8,193,126,47,55,1.01,83.8,4.3,FORMER_SMOKER,10.2,True,False,False,False,False,NORMAL,FIT
mcu-uuid-W-00138-2025,worker-uuid-00138,W-00138,2025,2025-09-13,170.2,59.0,20.4,68.1,118,73,59,93,7.4,216,152,41,105,0.86,86.5,4.7,FORMER_SMOKER,10.2,True,False,False,False,False,NORMAL,FIT
mcu-uuid-W-00138-2026,worker-uuid-00138,W-00138,2026,2026-07-02,170.2,61.2,21.1,73.4,128,80,75,65,6.7,209,114,52,113,0.86,85.5,6.3,FORMER_SMOKER,10.2,True,False,False,False,False,NORMAL,FIT
mcu-uuid-W-00139-2024,worker-uuid-00139,W-00139,2024,2024-11-09,167.6,57.0,20.3,67.0,125,72,70,76,6.8,220,146,50,109,0.9,76.5,5.0,FORMER_SMOKER,8.2,True,False,False,False,False,BORDERLINE,FIT
mcu-uuid-W-00139-2025,worker-uuid-00139,W-00139,2025,2025-09-20,167.6,58.1,20.7,70.9,115,80,75,67,6.6,203,116,46,69,1.19,68.2,5.5,FORMER_SMOKER,8.2,True,False,False,False,False,NORMAL,FIT
mcu-uuid-W-00139-2026,worker-uuid-00139,W-00139,2026,2026-04-20,167.6,58.2,20.7,68.8,135,84,79,90,7.6,185,88,59,154,1.25,65.8,5.9,FORMER_SMOKER,8.2,True,False,False,False,False,BORDERLINE,FIT
mcu-uuid-W-00140-2024,worker-uuid-00140,W-00140,2024,2024-03-26,165.2,71.0,26.0,86.0,119,78,65,94,7.7,219,159,39,188,0.78,89.5,7.3,FORMER_SMOKER,14.1,True,False,False,False,False,NORMAL,FIT
mcu-uuid-W-00140-2025,worker-uuid-00140,W-00140,2025,2025-11-06,165.2,71.3,26.1,87.2,96,65,66,98,7.6,245,163,37,164,1.03,82.2,6.9,FORMER_SMOKER,14.1,True,False,False,False,False,NORMAL,FIT
mcu-uuid-W-00140-2026,worker-uuid-00140,W-00140,2026,2026-11-23,165.2,71.1,26.1,89.5,135,91,80,120,8.1,178,99,55,110,1.4,72.0,6.2,FORMER_SMOKER,14.1,True,True,False,False,False,BORDERLINE,FIT_WITH_RESTRICTION
mcu-uuid-W-00141-2024,worker-uuid-00141,W-00141,2024,2024-10-14,166.0,76.6,27.8,94.9,140,82,83,80,7.1,234,163,37,205,0.81,89.8,6.2,ACTIVE_SMOKER,22.5,True,True,True,True,False,NORMAL,FIT_WITH_RESTRICTION
mcu-uuid-W-00141-2025,worker-uuid-00141,W-00141,2025,2025-04-13,166.0,77.1,28.0,93.1,140,90,56,110,7.8,242,161,48,185,1.07,82.2,5.8,ACTIVE_SMOKER,22.5,True,True,True,False,True,BORDERLINE,FIT_WITH_RESTRICTION
mcu-uuid-W-00141-2026,worker-uuid-00141,W-00141,2026,2026-09-03,166.0,77.1,28.0,92.1,128,83,71,83,7.2,176,113,40,148,1.03,82.2,5.6,ACTIVE_SMOKER,22.5,True,False,True,False,False,NORMAL,FIT
mcu-uuid-W-00142-2024,worker-uuid-00142,W-00142,2024,2024-11-19,166.8,65.6,23.6,81.3,142,87,75,97,7.7,191,124,45,55,1.13,63.8,7.6,ACTIVE_SMOKER,12.6,True,True,True,True,False,NORMAL,FIT_WITH_RESTRICTION
mcu-uuid-W-00142-2025,worker-uuid-00142,W-00142,2025,2025-08-24,166.8,65.2,23.4,79.3,138,93,82,85,7.3,242,154,53,97,1.01,65.8,7.5,ACTIVE_SMOKER,12.6,True,True,True,True,False,NORMAL,FIT_WITH_RESTRICTION
mcu-uuid-W-00142-2026,worker-uuid-00142,W-00142,2026,2026-10-10,166.8,68.4,24.6,84.6,129,83,90,131,8.4,224,137,42,186,1.02,64.5,7.3,ACTIVE_SMOKER,12.6,True,False,True,False,False,NORMAL,FIT
mcu-uuid-W-00143-2024,worker-uuid-00143,W-00143,2024,2024-08-20,153.2,63.9,27.2,92.8,133,85,72,92,7.3,172,85,55,217,0.91,72.2,6.4,FORMER_SMOKER,5.7,True,False,False,False,False,NORMAL,FIT
mcu-uuid-W-00143-2025,worker-uuid-00143,W-00143,2025,2025-08-24,153.2,64.4,27.4,92.5,138,85,79,113,8.1,243,166,52,178,1.08,67.0,4.4,FORMER_SMOKER,5.7,True,False,False,False,False,BORDERLINE,FIT
mcu-uuid-W-00143-2026,worker-uuid-00143,W-00143,2026,2026-05-08,153.2,63.4,27.0,91.3,126,78,78,114,8.3,233,151,54,162,0.92,70.0,5.7,FORMER_SMOKER,5.7,True,False,False,False,False,NORMAL,FIT
mcu-uuid-W-00144-2024,worker-uuid-00144,W-00144,2024,2024-11-03,161.8,66.4,25.4,83.5,128,81,80,87,7.1,219,147,39,138,0.68,96.0,6.3,ACTIVE_SMOKER,16.3,True,False,True,False,False,NORMAL,FIT
mcu-uuid-W-00144-2025,worker-uuid-00144,W-00144,2025,2025-04-18,161.8,67.6,25.8,86.7,118,79,73,82,7.0,226,146,48,109,0.99,87.2,6.2,ACTIVE_SMOKER,16.3,True,False,True,False,False,NORMAL,FIT
mcu-uuid-W-00144-2026,worker-uuid-00144,W-00144,2026,2026-06-08,161.8,66.4,25.4,86.1,152,98,77,105,8.1,212,128,45,127,0.84,90.0,4.2,ACTIVE_SMOKER,16.3,True,True,True,True,False,BORDERLINE,FIT_WITH_RESTRICTION
mcu-uuid-W-00145-2024,worker-uuid-00145,W-00145,2024,2024-08-15,182.5,77.0,23.1,76.1,127,83,54,101,7.6,195,108,60,160,1.43,52.2,7.3,NON_SMOKER,0.0,True,False,False,False,False,NORMAL,FIT
mcu-uuid-W-00145-2025,worker-uuid-00145,W-00145,2025,2025-10-28,182.5,77.4,23.2,78.0,145,89,73,100,7.5,236,160,46,125,1.05,60.8,4.9,NON_SMOKER,0.0,True,True,False,False,False,NORMAL,FIT_WITH_RESTRICTION
mcu-uuid-W-00145-2026,worker-uuid-00145,W-00145,2026,2026-10-08,182.5,76.4,22.9,76.9,137,88,78,93,7.6,191,117,47,102,0.9,63.5,5.8,NON_SMOKER,0.0,True,False,False,False,False,BORDERLINE,FIT
mcu-uuid-W-00146-2024,worker-uuid-00146,W-00146,2024,2024-08-18,174.7,83.5,27.4,90.0,134,81,72,129,8.5,218,141,54,69,0.83,72.2,7.9,NON_SMOKER,0.0,True,False,False,False,False,NORMAL,FIT
mcu-uuid-W-00146-2025,worker-uuid-00146,W-00146,2025,2025-05-19,174.7,84.5,27.7,94.1,135,86,79,122,8.3,240,144,54,174,1.26,60.5,7.1,NON_SMOKER,0.0,True,False,False,False,False,BORDERLINE,FIT
mcu-uuid-W-00146-2026,worker-uuid-00146,W-00146,2026,2026-05-26,174.7,85.7,28.1,92.4,128,76,70,111,8.0,212,127,51,163,0.86,69.5,5.4,NON_SMOKER,0.0,True,False,False,False,False,NORMAL,FIT
mcu-uuid-W-00147-2024,worker-uuid-00147,W-00147,2024,2024-08-24,173.2,64.5,21.5,72.3,119,75,58,78,7.3,148,71,56,126,0.9,88.5,8.8,FORMER_SMOKER,3.7,True,False,True,False,False,NORMAL,FIT
mcu-uuid-W-00147-2025,worker-uuid-00147,W-00147,2025,2025-05-06,173.2,65.0,21.7,73.6,121,69,76,91,7.5,194,126,45,55,0.94,86.5,4.6,FORMER_SMOKER,3.7,True,False,True,False,False,NORMAL,FIT
mcu-uuid-W-00147-2026,worker-uuid-00147,W-00147,2026,2026-10-21,173.2,65.2,21.7,71.8,104,70,86,92,7.5,173,94,44,127,0.68,92.0,5.6,FORMER_SMOKER,3.7,True,False,True,False,False,NORMAL,FIT
mcu-uuid-W-00148-2024,worker-uuid-00148,W-00148,2024,2024-06-08,174.6,80.7,26.5,89.7,131,84,76,116,8.4,191,106,45,164,0.84,82.0,4.9,ACTIVE_SMOKER,15.7,True,False,False,False,False,NORMAL,FIT
mcu-uuid-W-00148-2025,worker-uuid-00148,W-00148,2025,2025-09-14,174.6,81.1,26.6,87.5,126,80,76,84,7.3,241,175,28,69,0.63,86.2,6.2,ACTIVE_SMOKER,15.7,True,False,False,False,True,NORMAL,FIT
mcu-uuid-W-00148-2026,worker-uuid-00148,W-00148,2026,2026-07-18,174.6,80.9,26.5,87.7,131,79,82,89,7.5,223,143,51,130,0.89,78.8,6.7,ACTIVE_SMOKER,15.7,True,False,False,False,False,NORMAL,FIT
mcu-uuid-W-00149-2024,worker-uuid-00149,W-00149,2024,2024-06-09,167.6,58.5,20.8,70.8,125,78,66,92,7.6,195,124,49,55,1.24,61.0,6.4,NON_SMOKER,0.0,True,False,False,False,False,NORMAL,FIT
mcu-uuid-W-00149-2025,worker-uuid-00149,W-00149,2025,2025-07-16,167.6,59.5,21.2,71.3,130,78,75,98,7.5,214,115,55,161,1.0,66.0,5.4,NON_SMOKER,0.0,True,False,False,False,False,NORMAL,FIT
mcu-uuid-W-00149-2026,worker-uuid-00149,W-00149,2026,2026-10-28,167.6,60.0,21.4,74.2,130,78,72,99,7.7,214,121,56,67,1.27,58.2,6.5,NON_SMOKER,0.0,True,False,False,False,False,NORMAL,FIT
mcu-uuid-W-00150-2024,worker-uuid-00150,W-00150,2024,2024-06-01,161.2,76.2,29.3,96.6,140,83,80,133,8.6,195,124,42,147,0.73,94.8,8.5,NON_SMOKER,0.0,True,True,True,False,False,NORMAL,FIT_WITH_RESTRICTION
mcu-uuid-W-00150-2025,worker-uuid-00150,W-00150,2025,2025-09-27,161.2,77.0,29.6,98.1,109,65,84,112,7.9,198,110,47,82,0.97,87.8,5.7,NON_SMOKER,0.0,True,False,True,False,False,NORMAL,FIT
mcu-uuid-W-00150-2026,worker-uuid-00150,W-00150,2026,2026-11-08,161.2,76.0,29.2,96.3,128,85,63,105,7.6,222,132,45,91,1.1,83.5,4.4,NON_SMOKER,0.0,True,False,True,False,False,BORDERLINE,FIT
mcu-uuid-W-00151-2024,worker-uuid-00151,W-00151,2024,2024-03-10,176.2,75.2,24.2,82.3,138,88,76,93,7.3,159,98,38,177,0.94,69.5,4.4,ACTIVE_SMOKER,18.6,True,False,True,False,False,BORDERLINE,FIT
mcu-uuid-W-00151-2025,worker-uuid-00151,W-00151,2025,2025-04-16,176.2,76.3,24.6,84.4,136,88,81,111,8.2,210,142,30,111,1.05,65.8,5.5,ACTIVE_SMOKER,18.6,True,False,True,False,False,NORMAL,FIT
mcu-uuid-W-00151-2026,worker-uuid-00151,W-00151,2026,2026-10-28,176.2,76.6,24.7,82.3,133,88,66,94,7.5,278,185,48,144,1.05,64.8,6.5,ACTIVE_SMOKER,18.6,True,False,True,False,False,NORMAL,FIT
mcu-uuid-W-00152-2024,worker-uuid-00152,W-00152,2024,2024-05-21,166.5,59.9,21.6,73.1,119,77,75,106,7.8,192,98,55,102,0.86,79.5,5.7,FORMER_SMOKER,6.1,True,False,True,False,False,NORMAL,FIT
mcu-uuid-W-00152-2025,worker-uuid-00152,W-00152,2025,2025-07-05,166.5,61.0,22.0,73.1,126,74,77,83,7.5,193,93,59,81,0.89,77.8,3.9,FORMER_SMOKER,6.1,True,False,True,False,False,NORMAL,FIT
mcu-uuid-W-00152-2026,worker-uuid-00152,W-00152,2026,2026-04-01,166.5,58.9,21.2,72.4,134,86,62,84,7.1,171,82,44,135,0.9,76.5,5.2,FORMER_SMOKER,6.1,True,False,True,False,False,BORDERLINE,FIT
mcu-uuid-W-00153-2024,worker-uuid-00153,W-00153,2024,2024-04-23,169.9,81.4,28.2,93.2,147,97,60,99,7.9,211,133,54,193,1.06,70.5,5.4,FORMER_SMOKER,12.4,True,True,True,False,False,BORDERLINE,FIT_WITH_RESTRICTION
mcu-uuid-W-00153-2025,worker-uuid-00153,W-00153,2025,2025-03-10,169.9,81.1,28.1,93.1,128,75,80,108,7.8,195,106,46,152,1.06,69.5,5.8,FORMER_SMOKER,12.4,True,False,True,False,False,NORMAL,FIT
mcu-uuid-W-00153-2026,worker-uuid-00153,W-00153,2026,2026-05-04,169.9,81.2,28.1,94.6,150,87,73,107,7.8,247,162,56,173,1.25,63.8,7.0,FORMER_SMOKER,12.4,True,True,True,True,False,ABNORMAL,UNFIT
mcu-uuid-W-00154-2024,worker-uuid-00154,W-00154,2024,2024-08-05,165.2,52.1,19.1,63.5,107,60,78,79,7.3,173,88,45,126,1.14,80.5,6.2,ACTIVE_SMOKER,27.3,True,False,True,False,False,NORMAL,FIT
mcu-uuid-W-00154-2025,worker-uuid-00154,W-00154,2025,2025-05-09,165.2,51.9,19.0,64.0,112,69,78,99,7.6,223,134,57,103,1.05,81.8,5.3,ACTIVE_SMOKER,27.3,True,False,True,False,False,NORMAL,FIT
mcu-uuid-W-00154-2026,worker-uuid-00154,W-00154,2026,2026-11-13,165.2,52.0,19.1,64.2,126,87,73,82,7.1,219,152,42,157,1.06,80.5,5.4,ACTIVE_SMOKER,27.3,True,False,True,False,False,NORMAL,FIT
mcu-uuid-W-00155-2024,worker-uuid-00155,W-00155,2024,2024-03-06,166.7,70.1,25.2,84.3,127,81,61,96,7.5,204,115,51,157,1.06,77.5,5.2,NON_SMOKER,0.0,True,False,False,False,False,NORMAL,FIT
mcu-uuid-W-00155-2025,worker-uuid-00155,W-00155,2025,2025-08-20,166.7,70.2,25.3,85.9,130,85,58,94,7.4,185,104,44,165,1.04,77.0,6.1,NON_SMOKER,0.0,True,False,False,False,False,NORMAL,FIT
mcu-uuid-W-00155-2026,worker-uuid-00155,W-00155,2026,2026-04-03,166.7,71.6,25.8,88.5,128,80,63,90,7.5,238,149,52,196,0.76,83.0,5.4,NON_SMOKER,0.0,True,False,False,False,False,NORMAL,FIT
mcu-uuid-W-00156-2024,worker-uuid-00156,W-00156,2024,2024-08-19,177.9,74.1,23.4,80.4,126,84,75,65,6.7,204,122,56,162,1.13,70.8,5.1,ACTIVE_SMOKER,22.1,True,False,True,False,False,NORMAL,FIT
mcu-uuid-W-00156-2025,worker-uuid-00156,W-00156,2025,2025-06-05,177.9,74.1,23.4,78.3,140,85,68,102,7.7,153,86,34,120,0.85,76.8,5.8,ACTIVE_SMOKER,22.1,True,True,True,True,False,NORMAL,FIT_WITH_RESTRICTION
mcu-uuid-W-00156-2026,worker-uuid-00156,W-00156,2026,2026-06-28,177.9,76.5,24.2,79.7,131,71,74,97,7.8,238,157,45,129,1.08,70.0,5.8,ACTIVE_SMOKER,22.1,True,False,True,False,False,NORMAL,FIT
mcu-uuid-W-00157-2024,worker-uuid-00157,W-00157,2024,2024-03-28,167.4,70.9,25.3,83.5,120,75,66,124,8.6,164,83,53,147,0.87,88.2,6.7,FORMER_SMOKER,6.3,True,False,True,False,False,BORDERLINE,FIT
mcu-uuid-W-00157-2025,worker-uuid-00157,W-00157,2025,2025-03-10,167.4,72.1,25.7,88.1,132,87,79,107,8.1,216,141,39,105,0.73,90.8,8.3,FORMER_SMOKER,6.3,True,False,True,False,False,BORDERLINE,FIT
mcu-uuid-W-00157-2026,worker-uuid-00157,W-00157,2026,2026-07-11,167.4,70.1,25.0,85.7,126,78,70,94,7.8,187,95,63,138,1.02,82.5,6.8,FORMER_SMOKER,6.3,True,False,True,False,False,NORMAL,FIT
mcu-uuid-W-00158-2024,worker-uuid-00158,W-00158,2024,2024-09-16,169.3,77.6,27.1,91.3,132,90,73,116,8.0,175,94,37,194,0.52,89.0,6.6,NON_SMOKER,0.0,True,True,False,True,False,BORDERLINE,FIT_WITH_RESTRICTION
mcu-uuid-W-00158-2025,worker-uuid-00158,W-00158,2025,2025-11-19,169.3,78.3,27.3,92.3,119,70,68,83,7.1,171,99,42,90,0.91,78.2,6.0,NON_SMOKER,0.0,True,False,False,False,False,NORMAL,FIT
mcu-uuid-W-00158-2026,worker-uuid-00158,W-00158,2026,2026-03-04,169.3,80.1,27.9,93.3,129,80,83,89,7.6,201,121,54,149,0.88,78.0,6.2,NON_SMOKER,0.0,True,False,False,False,False,NORMAL,FIT
mcu-uuid-W-00159-2024,worker-uuid-00159,W-00159,2024,2024-03-24,166.9,74.8,26.9,88.2,152,94,80,85,7.4,200,123,50,134,1.0,76.0,5.4,ACTIVE_SMOKER,15.3,True,True,False,True,False,BORDERLINE,FIT_WITH_RESTRICTION
mcu-uuid-W-00159-2025,worker-uuid-00159,W-00159,2025,2025-10-11,166.9,75.4,27.1,89.0,122,82,76,99,7.8,195,117,44,57,0.92,77.0,5.1,ACTIVE_SMOKER,15.3,True,False,False,False,False,NORMAL,FIT
mcu-uuid-W-00159-2026,worker-uuid-00159,W-00159,2026,2026-08-05,166.9,77.1,27.7,92.1,138,76,77,112,8.2,252,164,45,214,1.17,69.8,6.0,ACTIVE_SMOKER,15.3,True,False,False,False,True,NORMAL,FIT
mcu-uuid-W-00160-2024,worker-uuid-00160,W-00160,2024,2024-07-05,143.4,42.4,20.6,70.6,124,83,92,71,6.9,212,121,46,145,0.66,87.5,5.1,ACTIVE_SMOKER,6.8,True,False,False,False,False,NORMAL,FIT
mcu-uuid-W-00160-2025,worker-uuid-00160,W-00160,2025,2025-10-14,143.4,42.5,20.7,70.7,135,88,80,69,6.6,186,101,54,81,0.97,78.8,4.4,ACTIVE_SMOKER,6.8,True,False,False,False,False,NORMAL,FIT
mcu-uuid-W-00160-2026,worker-uuid-00160,W-00160,2026,2026-09-02,143.4,44.3,21.5,72.1,144,84,83,107,7.8,174,98,48,172,0.86,80.5,2.3,ACTIVE_SMOKER,6.8,True,True,False,False,False,NORMAL,FIT_WITH_RESTRICTION
mcu-uuid-W-00161-2024,worker-uuid-00161,W-00161,2024,2024-09-21,169.9,64.0,22.2,74.2,144,89,82,111,7.8,191,109,57,195,0.96,83.0,4.5,ACTIVE_SMOKER,27.4,True,True,False,False,False,NORMAL,FIT_WITH_RESTRICTION
mcu-uuid-W-00161-2025,worker-uuid-00161,W-00161,2025,2025-03-18,169.9,65.0,22.5,75.1,141,92,87,97,7.6,189,107,38,156,1.01,80.8,8.9,ACTIVE_SMOKER,27.4,True,True,False,True,False,NORMAL,FIT_WITH_RESTRICTION
mcu-uuid-W-00161-2026,worker-uuid-00161,W-00161,2026,2026-07-03,169.9,64.3,22.3,76.9,134,88,85,93,7.7,195,106,52,148,1.26,73.5,7.0,ACTIVE_SMOKER,27.4,True,False,False,False,False,BORDERLINE,FIT
mcu-uuid-W-00162-2024,worker-uuid-00162,W-00162,2024,2024-04-24,160.4,56.4,21.9,74.7,120,70,80,97,7.5,185,112,41,154,1.08,83.0,4.9,FORMER_SMOKER,14.7,True,False,True,False,False,NORMAL,FIT
mcu-uuid-W-00162-2025,worker-uuid-00162,W-00162,2025,2025-04-24,160.4,57.1,22.2,76.6,126,74,70,116,8.2,208,124,52,176,0.91,86.2,5.0,FORMER_SMOKER,14.7,True,False,True,False,False,NORMAL,FIT
mcu-uuid-W-00162-2026,worker-uuid-00162,W-00162,2026,2026-11-04,160.4,55.9,21.7,72.8,122,81,80,89,7.4,167,95,46,230,1.16,79.0,4.5,FORMER_SMOKER,14.7,True,False,True,False,False,NORMAL,FIT
mcu-uuid-W-00163-2024,worker-uuid-00163,W-00163,2024,2024-10-12,163.9,71.7,26.7,91.4,131,87,79,107,8.2,195,103,48,199,0.96,80.0,4.4,NON_SMOKER,0.0,True,False,False,False,False,NORMAL,FIT
mcu-uuid-W-00163-2025,worker-uuid-00163,W-00163,2025,2025-03-01,163.9,72.7,27.1,90.7,149,93,79,120,8.2,224,154,48,235,1.17,73.8,4.6,NON_SMOKER,0.0,True,True,False,False,False,NORMAL,FIT_WITH_RESTRICTION
mcu-uuid-W-00163-2026,worker-uuid-00163,W-00163,2026,2026-08-21,163.9,71.9,26.8,91.5,124,72,69,103,7.8,218,158,34,235,1.32,69.0,7.3,NON_SMOKER,0.0,True,False,False,False,False,NORMAL,FIT
mcu-uuid-W-00164-2024,worker-uuid-00164,W-00164,2024,2024-05-25,167.8,63.4,22.5,75.6,128,84,50,92,7.7,258,159,54,98,1.33,80.8,6.4,NON_SMOKER,0.0,True,False,False,False,False,BORDERLINE,FIT
mcu-uuid-W-00164-2025,worker-uuid-00164,W-00164,2025,2025-10-05,167.8,64.5,22.9,77.6,101,60,75,96,7.5,159,71,47,55,1.14,84.5,5.9,NON_SMOKER,0.0,True,False,False,False,False,NORMAL,FIT
mcu-uuid-W-00164-2026,worker-uuid-00164,W-00164,2026,2026-06-27,167.8,63.3,22.5,76.0,126,71,73,105,7.9,223,152,43,85,1.01,86.8,6.1,NON_SMOKER,0.0,True,False,False,False,False,NORMAL,FIT
mcu-uuid-W-00165-2024,worker-uuid-00165,W-00165,2024,2024-04-19,166.1,53.6,19.4,64.5,113,62,63,89,7.6,224,129,60,107,0.89,78.8,8.0,FORMER_SMOKER,2.5,True,False,False,False,False,NORMAL,FIT
mcu-uuid-W-00165-2025,worker-uuid-00165,W-00165,2025,2025-07-04,166.1,53.4,19.4,65.8,121,76,71,101,7.8,256,167,50,144,0.95,76.2,5.6,FORMER_SMOKER,2.5,True,False,False,False,True,NORMAL,FIT
mcu-uuid-W-00165-2026,worker-uuid-00165,W-00165,2026,2026-11-05,166.1,56.1,20.3,67.5,135,83,65,93,7.3,215,141,37,120,0.92,76.0,4.3,FORMER_SMOKER,2.5,True,False,False,False,False,NORMAL,FIT
mcu-uuid-W-00166-2024,worker-uuid-00166,W-00166,2024,2024-06-09,166.2,76.4,27.7,92.1,125,72,64,109,8.2,228,156,50,154,0.53,86.8,6.3,NON_SMOKER,0.0,True,False,True,False,False,BORDERLINE,FIT
mcu-uuid-W-00166-2025,worker-uuid-00166,W-00166,2025,2025-10-16,166.2,76.1,27.6,92.9,126,80,76,126,8.4,235,159,43,85,1.12,71.0,4.3,NON_SMOKER,0.0,True,False,True,False,False,NORMAL,FIT
mcu-uuid-W-00166-2026,worker-uuid-00166,W-00166,2026,2026-04-26,166.2,76.6,27.7,91.5,131,76,75,95,7.6,224,146,52,107,1.16,69.0,6.3,NON_SMOKER,0.0,True,False,True,False,False,NORMAL,FIT
mcu-uuid-W-00167-2024,worker-uuid-00167,W-00167,2024,2024-03-09,180.8,73.9,22.6,77.4,126,82,66,84,7.0,206,125,45,89,1.09,77.8,5.2,FORMER_SMOKER,11.9,True,False,True,False,False,NORMAL,FIT
mcu-uuid-W-00167-2025,worker-uuid-00167,W-00167,2025,2025-07-06,180.8,73.7,22.5,74.4,124,76,57,108,8.0,150,55,64,117,1.18,74.5,5.9,FORMER_SMOKER,11.9,True,False,True,False,False,NORMAL,FIT
mcu-uuid-W-00167-2026,worker-uuid-00167,W-00167,2026,2026-10-14,180.8,74.7,22.9,75.5,111,75,70,94,7.3,172,72,61,114,1.21,72.8,6.8,FORMER_SMOKER,11.9,True,False,True,False,False,NORMAL,FIT
mcu-uuid-W-00168-2024,worker-uuid-00168,W-00168,2024,2024-10-14,164.8,60.5,22.3,74.3,126,79,69,91,7.2,207,136,39,179,1.09,74.8,5.9,ACTIVE_SMOKER,25.6,True,False,False,False,False,BORDERLINE,FIT
mcu-uuid-W-00168-2025,worker-uuid-00168,W-00168,2025,2025-05-24,164.8,60.3,22.2,75.8,125,74,75,82,7.0,201,118,42,120,0.8,81.0,4.8,ACTIVE_SMOKER,25.6,True,False,False,False,False,NORMAL,FIT
mcu-uuid-W-00168-2026,worker-uuid-00168,W-00168,2026,2026-09-07,164.8,62.9,23.2,77.9,133,82,88,72,6.9,205,131,37,155,1.09,72.8,5.8,ACTIVE_SMOKER,25.6,True,False,False,False,False,NORMAL,FIT
mcu-uuid-W-00169-2024,worker-uuid-00169,W-00169,2024,2024-05-16,175.2,89.2,29.1,96.7,128,75,72,101,7.9,209,145,42,160,0.91,88.2,7.0,NON_SMOKER,0.0,True,False,True,False,False,NORMAL,FIT
mcu-uuid-W-00169-2025,worker-uuid-00169,W-00169,2025,2025-07-27,175.2,89.8,29.3,99.3,131,83,71,105,8.1,213,133,44,192,1.25,78.8,6.0,NON_SMOKER,0.0,True,False,True,False,False,NORMAL,FIT
mcu-uuid-W-00169-2026,worker-uuid-00169,W-00169,2026,2026-08-14,175.2,91.5,29.8,97.7,123,72,71,115,8.3,239,161,45,159,1.18,79.5,7.1,NON_SMOKER,0.0,True,False,True,False,False,NORMAL,FIT
mcu-uuid-W-00170-2024,worker-uuid-00170,W-00170,2024,2024-09-08,168.5,73.0,25.7,87.0,126,81,78,115,8.1,215,136,48,168,1.35,62.2,7.7,NON_SMOKER,0.0,True,False,True,False,False,NORMAL,FIT
mcu-uuid-W-00170-2025,worker-uuid-00170,W-00170,2025,2025-05-16,168.5,74.1,26.1,89.5,118,70,81,91,7.4,208,121,62,55,1.11,67.2,5.5,NON_SMOKER,0.0,True,False,True,False,False,NORMAL,FIT
mcu-uuid-W-00170-2026,worker-uuid-00170,W-00170,2026,2026-07-04,168.5,75.1,26.5,89.7,136,80,81,125,8.4,211,121,51,164,1.47,57.2,7.6,NON_SMOKER,0.0,True,False,True,False,False,NORMAL,FIT
mcu-uuid-W-00171-2024,worker-uuid-00171,W-00171,2024,2024-09-13,167.4,77.0,27.5,90.3,114,71,62,103,7.9,186,105,41,98,1.07,88.2,6.8,NON_SMOKER,0.0,True,False,False,False,False,NORMAL,FIT
mcu-uuid-W-00171-2025,worker-uuid-00171,W-00171,2025,2025-03-04,167.4,78.2,27.9,91.7,132,72,76,109,8.0,135,64,42,144,1.25,82.8,4.9,NON_SMOKER,0.0,True,False,False,False,False,NORMAL,FIT
mcu-uuid-W-00171-2026,worker-uuid-00171,W-00171,2026,2026-04-10,167.4,77.9,27.8,91.7,130,87,57,95,7.4,216,140,54,214,1.19,83.2,4.3,NON_SMOKER,0.0,True,False,False,False,False,NORMAL,FIT
mcu-uuid-W-00172-2024,worker-uuid-00172,W-00172,2024,2024-05-19,167.8,68.0,24.2,80.4,118,66,77,87,7.3,177,86,48,98,0.86,82.5,6.1,NON_SMOKER,0.0,True,False,False,False,False,NORMAL,FIT
mcu-uuid-W-00172-2025,worker-uuid-00172,W-00172,2025,2025-03-17,167.8,68.3,24.3,83.0,132,78,67,112,8.3,180,104,38,165,1.02,77.5,5.7,NON_SMOKER,0.0,True,False,False,False,False,BORDERLINE,FIT
mcu-uuid-W-00172-2026,worker-uuid-00172,W-00172,2026,2026-10-27,167.8,69.4,24.6,80.8,135,82,80,130,8.5,203,120,46,138,0.77,82.8,4.7,NON_SMOKER,0.0,True,False,False,False,False,BORDERLINE,FIT
mcu-uuid-W-00173-2024,worker-uuid-00173,W-00173,2024,2024-11-20,164.5,66.0,24.4,81.9,120,86,83,96,7.6,178,109,49,143,0.77,85.8,3.9,NON_SMOKER,0.0,True,False,False,False,False,NORMAL,FIT
mcu-uuid-W-00173-2025,worker-uuid-00173,W-00173,2025,2025-11-14,164.5,67.3,24.9,84.4,120,77,55,98,7.5,139,55,46,239,0.81,83.8,5.7,NON_SMOKER,0.0,True,False,False,False,False,BORDERLINE,FIT
mcu-uuid-W-00173-2026,worker-uuid-00173,W-00173,2026,2026-10-04,164.5,66.1,24.4,80.2,133,79,81,125,8.3,239,146,53,116,0.85,81.8,5.3,NON_SMOKER,0.0,True,False,False,False,False,NORMAL,FIT
mcu-uuid-W-00174-2024,worker-uuid-00174,W-00174,2024,2024-06-01,172.8,75.3,25.2,85.2,130,81,74,92,7.5,232,162,44,160,0.85,85.8,6.7,ACTIVE_SMOKER,29.2,True,False,False,False,False,NORMAL,FIT
mcu-uuid-W-00174-2025,worker-uuid-00174,W-00174,2025,2025-11-03,172.8,76.1,25.5,84.2,125,77,77,97,7.5,174,99,41,172,0.93,82.8,6.8,ACTIVE_SMOKER,29.2,True,False,False,False,False,BORDERLINE,FIT
mcu-uuid-W-00174-2026,worker-uuid-00174,W-00174,2026,2026-11-20,172.8,76.2,25.5,85.6,152,99,81,101,7.6,197,118,59,137,0.99,80.2,4.0,ACTIVE_SMOKER,29.2,True,True,False,True,False,ABNORMAL,UNFIT
mcu-uuid-W-00175-2024,worker-uuid-00175,W-00175,2024,2024-03-26,162.1,64.2,24.4,83.0,120,69,66,81,7.4,213,126,57,154,1.48,77.0,7.2,NON_SMOKER,0.0,True,False,True,False,False,NORMAL,FIT
mcu-uuid-W-00175-2025,worker-uuid-00175,W-00175,2025,2025-04-03,162.1,63.8,24.3,80.7,137,78,79,78,7.0,205,121,47,136,0.98,88.5,3.8,NON_SMOKER,0.0,True,False,True,False,False,NORMAL,FIT
mcu-uuid-W-00175-2026,worker-uuid-00175,W-00175,2026,2026-11-16,162.1,65.7,25.0,83.1,123,75,78,101,7.8,166,85,42,144,1.2,82.0,6.8,NON_SMOKER,0.0,True,False,True,False,False,BORDERLINE,FIT
mcu-uuid-W-00176-2024,worker-uuid-00176,W-00176,2024,2024-05-03,174.0,89.8,29.7,98.5,121,75,71,96,7.5,184,89,52,183,0.86,89.5,6.3,NON_SMOKER,0.0,True,False,False,False,False,NORMAL,FIT
mcu-uuid-W-00176-2025,worker-uuid-00176,W-00176,2025,2025-05-24,174.0,89.7,29.6,98.7,145,97,80,100,7.9,209,137,41,105,0.96,86.0,6.9,NON_SMOKER,0.0,True,True,False,False,False,BORDERLINE,FIT_WITH_RESTRICTION
mcu-uuid-W-00176-2026,worker-uuid-00176,W-00176,2026,2026-11-12,174.0,91.2,30.1,101.1,132,79,80,89,7.6,215,136,48,148,0.84,88.0,7.4,NON_SMOKER,0.0,True,False,False,False,False,NORMAL,FIT_WITH_RESTRICTION
mcu-uuid-W-00177-2024,worker-uuid-00177,W-00177,2024,2024-05-04,164.3,54.3,20.1,69.8,117,65,57,81,7.4,191,111,58,94,0.94,91.5,5.4,NON_SMOKER,0.0,True,False,True,False,False,NORMAL,FIT
mcu-uuid-W-00177-2025,worker-uuid-00177,W-00177,2025,2025-07-01,164.3,54.7,20.3,69.1,119,77,74,106,8.0,175,87,61,143,1.09,86.8,6.2,NON_SMOKER,0.0,True,False,True,False,False,BORDERLINE,FIT
mcu-uuid-W-00177-2026,worker-uuid-00177,W-00177,2026,2026-07-11,164.3,53.9,20.0,67.7,131,83,89,101,7.8,198,139,36,109,1.24,82.0,5.7,NON_SMOKER,0.0,True,False,True,False,False,NORMAL,FIT
mcu-uuid-W-00178-2024,worker-uuid-00178,W-00178,2024,2024-06-05,171.3,89.4,30.5,102.1,129,73,75,103,7.6,252,172,52,208,1.07,73.2,6.7,NON_SMOKER,0.0,True,False,True,False,False,NORMAL,FIT_WITH_RESTRICTION
mcu-uuid-W-00178-2025,worker-uuid-00178,W-00178,2025,2025-05-21,171.3,90.7,30.9,102.5,137,87,60,102,7.7,239,185,26,140,1.12,71.0,6.2,NON_SMOKER,0.0,True,False,True,False,False,NORMAL,FIT_WITH_RESTRICTION
mcu-uuid-W-00178-2026,worker-uuid-00178,W-00178,2026,2026-09-12,171.3,90.0,30.7,104.2,132,84,89,116,8.4,179,104,47,159,1.2,68.0,4.7,NON_SMOKER,0.0,True,False,True,False,False,NORMAL,FIT_WITH_RESTRICTION
mcu-uuid-W-00179-2024,worker-uuid-00179,W-00179,2024,2024-07-10,176.4,97.3,31.3,105.0,122,77,69,85,7.4,198,111,44,156,0.99,73.2,5.1,NON_SMOKER,0.0,True,False,False,False,False,NORMAL,FIT_WITH_RESTRICTION
mcu-uuid-W-00179-2025,worker-uuid-00179,W-00179,2025,2025-11-24,176.4,98.3,31.6,106.5,128,77,78,130,8.5,240,173,40,157,1.22,66.5,7.2,NON_SMOKER,0.0,True,False,False,False,False,NORMAL,FIT_WITH_RESTRICTION
mcu-uuid-W-00179-2026,worker-uuid-00179,W-00179,2026,2026-03-20,176.4,99.9,32.1,105.8,147,96,71,114,8.1,189,122,36,211,1.05,69.8,6.5,NON_SMOKER,0.0,True,True,False,False,False,NORMAL,FIT_WITH_RESTRICTION
mcu-uuid-W-00180-2024,worker-uuid-00180,W-00180,2024,2024-09-09,166.0,85.8,31.1,102.6,128,75,74,141,8.7,192,102,47,169,1.17,64.8,6.3,NON_SMOKER,0.0,True,False,False,False,False,BORDERLINE,FIT_WITH_RESTRICTION
mcu-uuid-W-00180-2025,worker-uuid-00180,W-00180,2025,2025-05-05,166.0,86.3,31.3,105.2,145,96,71,109,8.1,243,144,54,168,1.01,67.8,6.5,NON_SMOKER,0.0,True,True,False,True,True,NORMAL,FIT_WITH_RESTRICTION
mcu-uuid-W-00180-2026,worker-uuid-00180,W-00180,2026,2026-03-12,166.0,85.7,31.1,102.1,136,82,67,113,8.2,222,136,44,198,1.36,58.0,5.5,NON_SMOKER,0.0,True,False,False,False,False,NORMAL,FIT_WITH_RESTRICTION
mcu-uuid-W-00181-2024,worker-uuid-00181,W-00181,2024,2024-08-11,178.4,78.1,24.5,83.8,132,86,76,100,7.7,244,161,44,119,0.96,75.0,7.2,NON_SMOKER,0.0,True,False,False,False,False,NORMAL,FIT
mcu-uuid-W-00181-2025,worker-uuid-00181,W-00181,2025,2025-11-03,178.4,78.5,24.7,82.5,111,72,82,110,8.0,189,94,51,152,0.87,76.2,4.7,NON_SMOKER,0.0,True,False,False,False,False,NORMAL,FIT
mcu-uuid-W-00181-2026,worker-uuid-00181,W-00181,2026,2026-03-16,178.4,77.2,24.3,81.1,135,87,77,108,8.1,233,149,51,160,0.77,77.8,7.1,NON_SMOKER,0.0,True,False,False,False,False,BORDERLINE,FIT
mcu-uuid-W-00182-2024,worker-uuid-00182,W-00182,2024,2024-08-21,165.9,69.1,25.1,84.1,125,83,70,110,7.8,180,111,42,108,1.08,76.0,5.7,ACTIVE_SMOKER,6.2,True,False,True,False,False,NORMAL,FIT
mcu-uuid-W-00182-2025,worker-uuid-00182,W-00182,2025,2025-05-08,165.9,70.2,25.5,85.7,148,102,86,109,8.0,233,151,42,133,1.14,73.5,4.1,ACTIVE_SMOKER,6.2,True,True,True,False,False,BORDERLINE,UNFIT
mcu-uuid-W-00182-2026,worker-uuid-00182,W-00182,2026,2026-07-15,165.9,68.1,24.7,81.1,126,80,84,93,7.3,220,134,57,97,1.13,72.8,4.6,ACTIVE_SMOKER,6.2,True,False,True,False,False,NORMAL,FIT
mcu-uuid-W-00183-2024,worker-uuid-00183,W-00183,2024,2024-03-25,170.4,62.1,21.4,73.5,137,89,57,105,7.9,215,141,51,99,0.96,69.0,7.1,NON_SMOKER,0.0,True,False,True,False,False,NORMAL,FIT
mcu-uuid-W-00183-2025,worker-uuid-00183,W-00183,2025,2025-08-23,170.4,62.6,21.6,72.8,126,73,68,107,8.0,141,55,66,65,0.91,69.2,5.0,NON_SMOKER,0.0,True,False,True,False,False,NORMAL,FIT
mcu-uuid-W-00183-2026,worker-uuid-00183,W-00183,2026,2026-09-15,170.4,64.0,22.0,75.9,140,92,66,103,7.9,243,172,51,162,1.32,58.0,4.6,NON_SMOKER,0.0,True,True,True,False,True,BORDERLINE,FIT_WITH_RESTRICTION
mcu-uuid-W-00184-2024,worker-uuid-00184,W-00184,2024,2024-04-19,161.8,58.6,22.4,76.2,143,93,81,112,7.9,218,139,43,142,1.01,67.8,4.0,ACTIVE_SMOKER,9.0,True,True,False,False,False,NORMAL,FIT_WITH_RESTRICTION
mcu-uuid-W-00184-2025,worker-uuid-00184,W-00184,2025,2025-04-23,161.8,59.2,22.6,76.1,149,92,83,99,7.6,207,143,44,169,0.63,76.2,5.7,ACTIVE_SMOKER,9.0,True,True,False,True,False,NORMAL,FIT_WITH_RESTRICTION
mcu-uuid-W-00184-2026,worker-uuid-00184,W-00184,2026,2026-10-25,161.8,59.1,22.6,75.5,144,84,84,90,7.2,225,137,46,192,0.71,73.2,4.9,ACTIVE_SMOKER,9.0,True,True,False,False,False,NORMAL,FIT_WITH_RESTRICTION
mcu-uuid-W-00185-2024,worker-uuid-00185,W-00185,2024,2024-09-15,155.2,69.5,28.9,96.8,156,91,60,113,8.3,252,173,52,133,0.83,65.2,5.2,ACTIVE_SMOKER,13.2,True,True,False,True,False,NORMAL,FIT_WITH_RESTRICTION
mcu-uuid-W-00185-2025,worker-uuid-00185,W-00185,2025,2025-11-05,155.2,70.1,29.1,97.0,137,81,81,110,8.2,256,172,40,140,0.89,62.8,7.6,ACTIVE_SMOKER,13.2,True,False,False,False,True,NORMAL,FIT
mcu-uuid-W-00185-2026,worker-uuid-00185,W-00185,2026,2026-04-01,155.2,70.1,29.1,96.9,160,96,87,91,7.3,182,116,41,178,0.88,62.0,6.8,ACTIVE_SMOKER,13.2,True,True,False,False,False,NORMAL,UNFIT
mcu-uuid-W-00186-2024,worker-uuid-00186,W-00186,2024,2024-10-23,175.4,88.1,28.6,93.7,137,78,70,101,7.7,247,175,28,174,0.69,77.8,5.5,ACTIVE_SMOKER,28.2,True,False,True,False,False,BORDERLINE,FIT
mcu-uuid-W-00186-2025,worker-uuid-00186,W-00186,2025,2025-09-28,175.4,87.7,28.5,94.8,135,84,81,93,7.7,201,134,34,214,1.17,64.8,6.5,ACTIVE_SMOKER,28.2,True,False,True,False,False,BORDERLINE,FIT
mcu-uuid-W-00186-2026,worker-uuid-00186,W-00186,2026,2026-06-27,175.4,87.5,28.4,93.3,143,88,77,88,7.6,247,165,47,145,0.99,68.2,5.9,ACTIVE_SMOKER,28.2,True,True,True,False,False,NORMAL,FIT_WITH_RESTRICTION
mcu-uuid-W-00187-2024,worker-uuid-00187,W-00187,2024,2024-03-25,169.1,63.4,22.2,73.1,122,70,68,93,7.7,212,116,63,64,0.97,80.8,7.2,FORMER_SMOKER,5.8,True,False,False,False,False,NORMAL,FIT
mcu-uuid-W-00187-2025,worker-uuid-00187,W-00187,2025,2025-09-08,169.1,63.8,22.3,75.7,121,74,73,66,6.6,207,127,55,109,1.04,78.0,5.4,FORMER_SMOKER,5.8,True,False,False,False,False,NORMAL,FIT
mcu-uuid-W-00187-2026,worker-uuid-00187,W-00187,2026,2026-09-19,169.1,66.1,23.1,77.0,124,73,72,78,7.3,233,166,40,123,1.02,77.5,5.2,FORMER_SMOKER,5.8,True,False,False,False,True,NORMAL,FIT
mcu-uuid-W-00188-2024,worker-uuid-00188,W-00188,2024,2024-05-17,171.9,94.4,31.9,105.4,154,91,76,120,8.2,262,185,45,121,0.95,79.2,4.7,ACTIVE_SMOKER,14.1,True,True,False,False,True,NORMAL,FIT_WITH_RESTRICTION
mcu-uuid-W-00188-2025,worker-uuid-00188,W-00188,2025,2025-11-25,171.9,94.8,32.1,108.4,144,93,82,96,7.4,215,142,40,119,0.99,77.2,5.2,ACTIVE_SMOKER,14.1,True,True,False,False,False,NORMAL,FIT_WITH_RESTRICTION
mcu-uuid-W-00188-2026,worker-uuid-00188,W-00188,2026,2026-04-24,171.9,96.8,32.8,108.4,144,89,82,137,8.7,230,157,49,208,0.91,78.2,5.9,ACTIVE_SMOKER,14.1,True,True,False,False,False,NORMAL,FIT_WITH_RESTRICTION
mcu-uuid-W-00189-2024,worker-uuid-00189,W-00189,2024,2024-06-07,171.0,74.8,25.6,87.8,131,77,81,73,6.7,186,100,45,145,0.85,86.8,6.2,ACTIVE_SMOKER,18.6,True,False,False,False,False,BORDERLINE,FIT
mcu-uuid-W-00189-2025,worker-uuid-00189,W-00189,2025,2025-10-22,171.0,74.6,25.5,86.1,127,70,75,99,7.5,202,139,37,182,1.18,77.5,6.3,ACTIVE_SMOKER,18.6,True,False,False,False,False,NORMAL,FIT
mcu-uuid-W-00189-2026,worker-uuid-00189,W-00189,2026,2026-03-26,171.0,75.6,25.9,88.2,134,82,79,105,7.9,185,120,43,144,0.9,83.5,5.7,ACTIVE_SMOKER,18.6,True,False,False,False,False,NORMAL,FIT
mcu-uuid-W-00190-2024,worker-uuid-00190,W-00190,2024,2024-05-20,163.8,73.8,27.5,91.5,140,85,92,90,7.3,256,181,48,115,1.04,63.0,4.8,ACTIVE_SMOKER,27.4,True,True,False,False,False,NORMAL,FIT_WITH_RESTRICTION
mcu-uuid-W-00190-2025,worker-uuid-00190,W-00190,2025,2025-06-16,163.8,74.1,27.6,91.5,135,92,70,95,7.8,272,216,29,169,0.78,68.5,7.0,ACTIVE_SMOKER,27.4,True,True,False,False,True,BORDERLINE,FIT_WITH_RESTRICTION
mcu-uuid-W-00190-2026,worker-uuid-00190,W-00190,2026,2026-08-14,163.8,75.0,28.0,94.8,165,104,79,101,7.9,236,145,46,130,1.1,59.5,4.0,ACTIVE_SMOKER,27.4,True,True,False,True,False,BORDERLINE,UNFIT
mcu-uuid-W-00191-2024,worker-uuid-00191,W-00191,2024,2024-03-19,163.4,71.4,26.7,91.3,121,75,84,90,7.4,174,111,33,108,1.0,82.0,6.4,ACTIVE_SMOKER,6.1,True,False,True,False,False,NORMAL,FIT
mcu-uuid-W-00191-2025,worker-uuid-00191,W-00191,2025,2025-08-26,163.4,72.5,27.2,92.8,130,81,74,110,7.9,238,161,40,167,0.71,88.2,5.4,ACTIVE_SMOKER,6.1,True,False,True,False,False,NORMAL,FIT
mcu-uuid-W-00191-2026,worker-uuid-00191,W-00191,2026,2026-03-06,163.4,74.1,27.8,92.7,131,79,68,80,7.1,211,136,48,197,0.61,89.8,4.0,ACTIVE_SMOKER,6.1,True,False,True,False,False,BORDERLINE,FIT
mcu-uuid-W-00192-2024,worker-uuid-00192,W-00192,2024,2024-07-11,173.2,73.4,24.5,80.7,129,77,71,122,8.2,235,140,64,178,1.42,57.5,5.3,NON_SMOKER,0.0,True,False,False,False,False,NORMAL,FIT
mcu-uuid-W-00192-2025,worker-uuid-00192,W-00192,2025,2025-09-14,173.2,74.4,24.8,82.1,131,88,63,91,7.4,227,159,48,132,1.29,59.8,5.7,NON_SMOKER,0.0,True,False,False,False,False,BORDERLINE,FIT
mcu-uuid-W-00192-2026,worker-uuid-00192,W-00192,2026,2026-07-07,173.2,75.0,25.0,84.8,118,74,73,101,7.7,186,105,60,178,0.69,73.8,8.2,NON_SMOKER,0.0,True,False,False,False,False,NORMAL,FIT
mcu-uuid-W-00193-2024,worker-uuid-00193,W-00193,2024,2024-04-17,162.8,63.5,24.0,80.2,116,75,72,112,8.1,198,125,53,55,0.98,84.5,5.2,NON_SMOKER,0.0,True,False,False,False,False,NORMAL,FIT
mcu-uuid-W-00193-2025,worker-uuid-00193,W-00193,2025,2025-03-18,162.8,63.4,23.9,81.6,123,79,64,90,7.4,176,107,41,212,0.7,90.5,5.4,NON_SMOKER,0.0,True,False,False,False,False,NORMAL,FIT
mcu-uuid-W-00193-2026,worker-uuid-00193,W-00193,2026,2026-09-10,162.8,63.8,24.1,79.3,140,91,75,78,6.9,206,117,53,169,0.98,82.5,5.1,NON_SMOKER,0.0,True,True,False,False,False,NORMAL,FIT_WITH_RESTRICTION
mcu-uuid-W-00194-2024,worker-uuid-00194,W-00194,2024,2024-04-05,169.7,69.8,24.2,79.7,116,73,73,65,6.6,209,127,50,99,1.04,81.0,5.0,FORMER_SMOKER,10.8,True,False,True,False,False,NORMAL,FIT
mcu-uuid-W-00194-2025,worker-uuid-00194,W-00194,2025,2025-07-20,169.7,71.1,24.7,85.0,119,71,96,107,7.8,197,122,49,116,0.98,81.5,4.6,FORMER_SMOKER,10.8,True,False,True,False,False,NORMAL,FIT
mcu-uuid-W-00194-2026,worker-uuid-00194,W-00194,2026,2026-04-06,169.7,70.2,24.4,82.7,128,83,72,99,7.5,228,138,57,128,1.05,78.8,6.4,FORMER_SMOKER,10.8,True,False,True,False,False,NORMAL,FIT
mcu-uuid-W-00195-2024,worker-uuid-00195,W-00195,2024,2024-08-27,171.4,68.8,23.4,80.1,132,80,83,89,7.2,197,107,47,111,1.12,90.0,6.2,ACTIVE_SMOKER,8.5,True,False,False,False,False,NORMAL,FIT
mcu-uuid-W-00195-2025,worker-uuid-00195,W-00195,2025,2025-09-21,171.4,69.4,23.6,78.0,122,82,75,113,8.2,156,71,49,150,1.17,87.8,6.7,ACTIVE_SMOKER,8.5,True,False,False,False,False,BORDERLINE,FIT
mcu-uuid-W-00195-2026,worker-uuid-00195,W-00195,2026,2026-10-14,171.4,69.9,23.8,80.8,119,72,78,112,7.9,178,95,49,83,1.18,86.5,2.9,ACTIVE_SMOKER,8.5,True,False,False,False,False,NORMAL,FIT
mcu-uuid-W-00196-2024,worker-uuid-00196,W-00196,2024,2024-03-15,163.3,60.7,22.8,75.1,120,78,83,108,7.8,208,121,55,111,0.73,82.8,7.1,NON_SMOKER,0.0,True,False,False,False,False,NORMAL,FIT
mcu-uuid-W-00196-2025,worker-uuid-00196,W-00196,2025,2025-03-03,163.3,60.3,22.6,76.5,122,76,67,111,8.1,196,119,41,111,1.05,73.8,5.4,NON_SMOKER,0.0,True,False,False,False,False,NORMAL,FIT
mcu-uuid-W-00196-2026,worker-uuid-00196,W-00196,2026,2026-03-21,163.3,60.6,22.7,77.9,122,84,78,108,8.0,201,131,49,168,0.98,74.5,4.5,NON_SMOKER,0.0,True,False,False,False,False,NORMAL,FIT
mcu-uuid-W-00197-2024,worker-uuid-00197,W-00197,2024,2024-04-16,159.2,73.1,28.8,94.3,130,86,73,108,7.9,216,116,57,176,1.12,56.0,3.5,NON_SMOKER,0.0,True,False,True,False,False,NORMAL,FIT
mcu-uuid-W-00197-2025,worker-uuid-00197,W-00197,2025,2025-05-07,159.2,74.1,29.2,98.7,137,93,62,126,8.7,255,183,50,136,0.82,62.5,4.9,NON_SMOKER,0.0,True,True,True,False,False,NORMAL,FIT_WITH_RESTRICTION
mcu-uuid-W-00197-2026,worker-uuid-00197,W-00197,2026,2026-05-04,159.2,75.4,29.7,97.5,152,108,69,103,8.0,214,129,51,188,0.56,68.0,4.3,NON_SMOKER,0.0,True,True,True,False,False,BORDERLINE,UNFIT
mcu-uuid-W-00198-2024,worker-uuid-00198,W-00198,2024,2024-08-01,153.7,68.6,29.0,95.5,144,93,85,108,7.8,180,93,42,80,0.68,101.0,4.9,ACTIVE_SMOKER,25.8,True,True,False,True,False,BORDERLINE,FIT_WITH_RESTRICTION
mcu-uuid-W-00198-2025,worker-uuid-00198,W-00198,2025,2025-09-27,153.7,69.2,29.3,96.0,145,86,74,88,7.5,201,124,46,158,1.36,83.0,5.5,ACTIVE_SMOKER,25.8,True,True,False,True,False,NORMAL,FIT_WITH_RESTRICTION
mcu-uuid-W-00198-2026,worker-uuid-00198,W-00198,2026,2026-06-27,153.7,67.7,28.7,94.6,131,85,76,118,8.5,252,182,43,193,1.0,91.0,5.8,ACTIVE_SMOKER,25.8,True,False,False,False,False,NORMAL,FIT
mcu-uuid-W-00199-2024,worker-uuid-00199,W-00199,2024,2024-06-26,170.5,68.9,23.7,80.4,141,88,71,100,7.7,190,107,42,168,0.98,91.5,5.0,ACTIVE_SMOKER,18.0,True,True,False,True,False,NORMAL,FIT_WITH_RESTRICTION
mcu-uuid-W-00199-2025,worker-uuid-00199,W-00199,2025,2025-07-13,170.5,70.2,24.1,81.0,120,78,81,94,7.6,169,88,40,153,0.91,92.2,6.3,ACTIVE_SMOKER,18.0,True,False,False,False,False,NORMAL,FIT
mcu-uuid-W-00199-2026,worker-uuid-00199,W-00199,2026,2026-10-09,170.5,70.5,24.3,80.1,131,71,51,97,7.8,184,129,29,55,1.15,85.2,5.2,ACTIVE_SMOKER,18.0,True,False,False,False,False,NORMAL,FIT
mcu-uuid-W-00200-2024,worker-uuid-00200,W-00200,2024,2024-11-17,161.3,61.0,23.4,77.6,118,71,63,82,7.3,237,154,42,71,0.94,79.5,6.6,NON_SMOKER,0.0,True,False,False,False,False,NORMAL,FIT
mcu-uuid-W-00200-2025,worker-uuid-00200,W-00200,2025,2025-03-01,161.3,62.3,23.9,82.0,118,72,70,123,8.2,182,106,50,170,0.93,78.8,6.6,NON_SMOKER,0.0,True,False,False,False,False,BORDERLINE,FIT
mcu-uuid-W-00200-2026,worker-uuid-00200,W-00200,2026,2026-03-28,161.3,62.3,23.9,82.0,133,77,70,93,7.4,214,148,46,110,0.99,76.2,6.1,NON_SMOKER,0.0,True,False,False,False,False,NORMAL,FIT
mcu-uuid-W-00201-2024,worker-uuid-00201,W-00201,2024,2024-05-17,169.1,73.2,25.6,84.4,108,72,67,73,7.2,213,119,63,110,1.2,86.0,6.8,FORMER_SMOKER,3.9,True,False,False,False,False,NORMAL,FIT
mcu-uuid-W-00201-2025,worker-uuid-00201,W-00201,2025,2025-10-21,169.1,73.3,25.6,85.3,118,79,71,124,8.4,219,152,42,172,1.14,86.5,4.6,FORMER_SMOKER,3.9,True,False,False,False,False,NORMAL,FIT
mcu-uuid-W-00201-2026,worker-uuid-00201,W-00201,2026,2026-03-08,169.1,72.3,25.3,86.6,100,69,78,103,8.0,162,97,38,109,0.92,91.0,5.3,FORMER_SMOKER,3.9,True,False,False,False,False,NORMAL,FIT
mcu-uuid-W-00202-2024,worker-uuid-00202,W-00202,2024,2024-09-05,162.5,67.6,25.6,84.9,141,83,88,84,7.3,249,158,49,147,1.37,81.8,6.6,ACTIVE_SMOKER,12.6,True,True,False,True,False,NORMAL,FIT_WITH_RESTRICTION
mcu-uuid-W-00202-2025,worker-uuid-00202,W-00202,2025,2025-09-04,162.5,68.5,25.9,87.9,140,91,86,77,7.1,195,118,34,148,1.05,88.8,5.4,ACTIVE_SMOKER,12.6,True,True,False,False,False,NORMAL,FIT_WITH_RESTRICTION
mcu-uuid-W-00202-2026,worker-uuid-00202,W-00202,2026,2026-06-19,162.5,68.4,25.9,87.7,136,85,70,126,8.6,224,119,60,113,0.93,90.8,7.6,ACTIVE_SMOKER,12.6,True,False,False,False,False,NORMAL,FIT
mcu-uuid-W-00203-2024,worker-uuid-00203,W-00203,2024,2024-06-10,182.1,67.2,20.3,70.3,95,62,85,69,6.8,162,74,46,112,1.0,80.0,5.5,NON_SMOKER,0.0,True,False,False,False,False,BORDERLINE,FIT
mcu-uuid-W-00203-2025,worker-uuid-00203,W-00203,2025,2025-06-10,182.1,68.0,20.5,69.6,106,68,78,84,7.3,166,78,46,119,1.04,78.0,6.3,NON_SMOKER,0.0,True,False,False,False,False,NORMAL,FIT
mcu-uuid-W-00203-2026,worker-uuid-00203,W-00203,2026,2026-05-08,182.1,66.5,20.1,70.3,130,78,81,91,7.6,216,124,50,82,0.95,79.2,5.2,NON_SMOKER,0.0,True,False,False,False,False,NORMAL,FIT
mcu-uuid-W-00204-2024,worker-uuid-00204,W-00204,2024,2024-08-19,160.1,64.6,25.2,84.5,115,65,86,111,7.8,237,178,39,132,1.13,76.8,5.6,FORMER_SMOKER,6.0,True,False,False,False,False,NORMAL,FIT
mcu-uuid-W-00204-2025,worker-uuid-00204,W-00204,2025,2025-06-22,160.1,64.1,25.0,83.0,114,69,63,112,8.1,221,135,49,160,0.97,79.8,3.9,FORMER_SMOKER,6.0,True,False,False,False,False,NORMAL,FIT
mcu-uuid-W-00204-2026,worker-uuid-00204,W-00204,2026,2026-09-02,160.1,63.7,24.9,82.4,134,86,82,73,6.8,170,84,47,152,0.94,79.5,5.8,FORMER_SMOKER,6.0,True,False,False,False,False,NORMAL,FIT
mcu-uuid-W-00205-2024,worker-uuid-00205,W-00205,2024,2024-04-24,163.5,77.6,29.0,97.1,120,74,65,102,7.7,181,105,42,149,1.04,84.0,6.7,NON_SMOKER,0.0,True,False,False,False,False,NORMAL,FIT
mcu-uuid-W-00205-2025,worker-uuid-00205,W-00205,2025,2025-11-05,163.5,77.2,28.9,95.3,111,80,83,103,7.8,213,137,43,132,1.4,74.0,7.5,NON_SMOKER,0.0,True,False,False,False,False,NORMAL,FIT
mcu-uuid-W-00205-2026,worker-uuid-00205,W-00205,2026,2026-07-27,163.5,80.4,30.1,99.0,132,82,71,98,7.9,193,106,59,148,1.01,82.8,5.4,NON_SMOKER,0.0,True,False,False,False,False,NORMAL,FIT_WITH_RESTRICTION
mcu-uuid-W-00206-2024,worker-uuid-00206,W-00206,2024,2024-04-15,170.7,76.1,26.1,86.9,125,74,69,104,7.9,221,129,60,117,0.89,81.8,3.4,NON_SMOKER,0.0,True,False,False,False,False,NORMAL,FIT
mcu-uuid-W-00206-2025,worker-uuid-00206,W-00206,2025,2025-11-22,170.7,76.3,26.2,89.8,132,75,60,100,7.9,210,148,39,133,0.99,78.2,5.5,NON_SMOKER,0.0,True,False,False,False,False,BORDERLINE,FIT
mcu-uuid-W-00206-2026,worker-uuid-00206,W-00206,2026,2026-08-24,170.7,76.8,26.4,88.0,141,87,74,111,7.9,169,107,42,133,1.22,71.5,7.0,NON_SMOKER,0.0,True,True,False,True,False,BORDERLINE,FIT_WITH_RESTRICTION
mcu-uuid-W-00207-2024,worker-uuid-00207,W-00207,2024,2024-08-21,176.6,76.7,24.6,83.1,100,60,68,108,7.7,225,142,58,113,1.28,72.0,3.5,NON_SMOKER,0.0,True,False,False,False,False,BORDERLINE,FIT
mcu-uuid-W-00207-2025,worker-uuid-00207,W-00207,2025,2025-06-15,176.6,78.0,25.0,85.9,151,93,81,99,7.8,199,127,52,172,0.82,82.5,7.2,NON_SMOKER,0.0,True,True,False,False,False,NORMAL,FIT_WITH_RESTRICTION
mcu-uuid-W-00207-2026,worker-uuid-00207,W-00207,2026,2026-11-03,176.6,76.7,24.6,83.1,129,86,70,101,7.5,208,141,37,93,1.06,75.5,6.6,NON_SMOKER,0.0,True,False,False,False,False,NORMAL,FIT
mcu-uuid-W-00208-2024,worker-uuid-00208,W-00208,2024,2024-08-20,158.7,63.6,25.3,83.6,101,62,69,95,7.6,232,152,45,152,0.76,77.0,7.8,FORMER_SMOKER,9.2,True,False,False,False,False,NORMAL,FIT
mcu-uuid-W-00208-2025,worker-uuid-00208,W-00208,2025,2025-05-03,158.7,64.7,25.7,87.5,129,83,70,102,7.9,189,113,48,132,0.94,71.5,6.8,FORMER_SMOKER,9.2,True,False,False,False,False,NORMAL,FIT
mcu-uuid-W-00208-2026,worker-uuid-00208,W-00208,2026,2026-09-20,158.7,66.1,26.2,87.9,139,88,71,106,7.9,202,132,48,90,1.05,67.8,6.5,FORMER_SMOKER,9.2,True,False,False,False,False,NORMAL,FIT
mcu-uuid-W-00209-2024,worker-uuid-00209,W-00209,2024,2024-06-14,151.3,69.3,30.3,101.6,109,63,73,103,7.6,244,168,37,144,0.91,83.2,4.2,NON_SMOKER,0.0,True,False,False,False,False,NORMAL,FIT_WITH_RESTRICTION
mcu-uuid-W-00209-2025,worker-uuid-00209,W-00209,2025,2025-10-03,151.3,69.8,30.5,102.1,124,82,76,121,8.5,173,92,49,153,0.76,86.0,3.9,NON_SMOKER,0.0,True,False,False,False,False,NORMAL,FIT_WITH_RESTRICTION
mcu-uuid-W-00209-2026,worker-uuid-00209,W-00209,2026,2026-07-03,151.3,70.3,30.7,100.4,141,89,79,118,8.1,202,109,54,124,0.95,80.2,6.5,NON_SMOKER,0.0,True,True,False,True,False,BORDERLINE,FIT_WITH_RESTRICTION
mcu-uuid-W-00210-2024,worker-uuid-00210,W-00210,2024,2024-05-07,159.4,72.7,28.6,97.2,115,70,58,85,7.5,208,132,52,161,0.98,89.5,4.7,NON_SMOKER,0.0,True,False,False,False,False,NORMAL,FIT
mcu-uuid-W-00210-2025,worker-uuid-00210,W-00210,2025,2025-07-21,159.4,73.4,28.9,97.7,131,87,75,121,8.1,193,109,49,179,0.82,92.5,5.6,NON_SMOKER,0.0,True,False,False,False,False,NORMAL,FIT
mcu-uuid-W-00210-2026,worker-uuid-00210,W-00210,2026,2026-05-11,159.4,73.0,28.7,95.0,126,86,74,127,8.4,173,99,52,130,1.06,85.5,5.0,NON_SMOKER,0.0,True,False,False,False,False,BORDERLINE,FIT
mcu-uuid-W-00211-2024,worker-uuid-00211,W-00211,2024,2024-06-07,175.3,100.0,32.5,106.7,118,71,82,103,7.7,238,131,69,242,1.0,85.0,6.2,NON_SMOKER,0.0,True,False,False,False,False,NORMAL,FIT_WITH_RESTRICTION
mcu-uuid-W-00211-2025,worker-uuid-00211,W-00211,2025,2025-05-23,175.3,99.6,32.4,109.1,124,80,84,130,8.8,242,163,46,173,1.22,78.5,5.0,NON_SMOKER,0.0,True,False,False,False,False,NORMAL,FIT_WITH_RESTRICTION
mcu-uuid-W-00211-2026,worker-uuid-00211,W-00211,2026,2026-09-15,175.3,99.1,32.2,107.6,135,87,67,126,8.4,230,151,41,184,0.78,88.5,7.0,NON_SMOKER,0.0,True,False,False,False,False,NORMAL,FIT_WITH_RESTRICTION
mcu-uuid-W-00212-2024,worker-uuid-00212,W-00212,2024,2024-04-18,155.1,67.8,28.2,93.6,128,86,62,132,8.7,187,99,52,141,0.94,58.5,5.5,NON_SMOKER,0.0,True,False,False,False,False,NORMAL,FIT
mcu-uuid-W-00212-2025,worker-uuid-00212,W-00212,2025,2025-03-26,155.1,68.8,28.6,94.1,150,99,72,116,8.0,181,91,61,189,1.11,53.2,7.3,NON_SMOKER,0.0,True,True,False,True,False,NORMAL,FIT_WITH_RESTRICTION
mcu-uuid-W-00212-2026,worker-uuid-00212,W-00212,2026,2026-05-26,155.1,69.5,28.9,97.8,154,100,71,124,8.3,235,163,33,214,1.28,48.0,3.5,NON_SMOKER,0.0,True,True,False,False,False,NORMAL,UNFIT
mcu-uuid-W-00213-2024,worker-uuid-00213,W-00213,2024,2024-10-08,171.9,75.7,25.6,84.4,135,90,77,104,7.8,185,101,59,73,0.86,68.5,5.3,FORMER_SMOKER,9.1,True,True,True,False,False,NORMAL,FIT_WITH_RESTRICTION
mcu-uuid-W-00213-2025,worker-uuid-00213,W-00213,2025,2025-03-17,171.9,75.5,25.6,86.6,124,80,64,106,7.9,259,184,33,172,0.99,64.2,5.4,FORMER_SMOKER,9.1,True,False,True,False,True,NORMAL,FIT
mcu-uuid-W-00213-2026,worker-uuid-00213,W-00213,2026,2026-06-09,171.9,78.3,26.5,87.9,135,84,73,109,7.8,176,86,48,63,0.85,66.8,4.9,FORMER_SMOKER,9.1,True,False,True,False,False,NORMAL,FIT
mcu-uuid-W-00214-2024,worker-uuid-00214,W-00214,2024,2024-06-25,171.2,85.7,29.2,97.9,135,80,61,115,8.3,219,133,54,138,0.84,86.0,6.7,FORMER_SMOKER,13.0,True,False,True,False,False,NORMAL,FIT
mcu-uuid-W-00214-2025,worker-uuid-00214,W-00214,2025,2025-03-19,171.2,86.1,29.4,99.7,127,79,67,90,7.5,196,107,47,162,0.8,86.0,6.7,FORMER_SMOKER,13.0,True,False,True,False,False,NORMAL,FIT
mcu-uuid-W-00214-2026,worker-uuid-00214,W-00214,2026,2026-08-24,171.2,85.7,29.2,96.7,141,89,78,113,8.0,233,153,48,158,1.01,79.8,7.0,FORMER_SMOKER,13.0,True,True,True,True,False,ABNORMAL,UNFIT
mcu-uuid-W-00215-2024,worker-uuid-00215,W-00215,2024,2024-10-11,174.9,72.2,23.6,78.2,125,74,72,92,7.4,187,101,44,116,0.96,86.0,5.8,ACTIVE_SMOKER,6.0,True,False,True,False,False,NORMAL,FIT
mcu-uuid-W-00215-2025,worker-uuid-00215,W-00215,2025,2025-09-03,174.9,71.9,23.5,79.6,123,80,81,107,7.8,175,76,55,98,0.92,86.0,5.9,ACTIVE_SMOKER,6.0,True,False,True,False,False,BORDERLINE,FIT
mcu-uuid-W-00215-2026,worker-uuid-00215,W-00215,2026,2026-04-03,174.9,73.5,24.0,80.5,146,99,86,86,7.5,225,122,58,55,0.67,91.2,7.7,ACTIVE_SMOKER,6.0,True,True,True,True,False,BORDERLINE,FIT_WITH_RESTRICTION
mcu-uuid-W-00216-2024,worker-uuid-00216,W-00216,2024,2024-03-18,156.8,68.4,27.8,91.7,160,105,83,113,8.1,224,137,53,106,1.24,54.0,5.6,NON_SMOKER,0.0,True,True,False,False,False,NORMAL,UNFIT
mcu-uuid-W-00216-2025,worker-uuid-00216,W-00216,2025,2025-08-10,156.8,68.2,27.7,91.0,151,103,68,106,7.9,219,144,33,220,1.07,57.2,7.1,NON_SMOKER,0.0,True,True,False,True,False,NORMAL,UNFIT
mcu-uuid-W-00216-2026,worker-uuid-00216,W-00216,2026,2026-09-23,156.8,68.2,27.7,91.6,133,88,81,113,8.0,230,146,60,183,0.81,62.8,6.3,NON_SMOKER,0.0,True,False,False,False,False,NORMAL,FIT
mcu-uuid-W-00217-2024,worker-uuid-00217,W-00217,2024,2024-08-23,174.8,92.9,30.4,99.9,132,82,86,97,7.7,261,171,49,152,1.01,79.8,6.7,NON_SMOKER,0.0,True,False,False,False,False,NORMAL,FIT_WITH_RESTRICTION
mcu-uuid-W-00217-2025,worker-uuid-00217,W-00217,2025,2025-03-16,174.8,93.8,30.7,100.7,127,73,74,130,8.8,169,82,44,144,1.0,79.0,6.0,NON_SMOKER,0.0,True,False,False,False,False,NORMAL,FIT_WITH_RESTRICTION
mcu-uuid-W-00217-2026,worker-uuid-00217,W-00217,2026,2026-10-15,174.8,91.9,30.1,100.2,136,82,69,112,8.1,162,90,47,144,0.97,78.8,6.1,NON_SMOKER,0.0,True,False,False,False,False,NORMAL,FIT_WITH_RESTRICTION
mcu-uuid-W-00218-2024,worker-uuid-00218,W-00218,2024,2024-05-04,178.4,78.2,24.6,80.7,144,97,86,117,8.0,233,145,46,161,1.0,73.0,5.0,ACTIVE_SMOKER,23.9,True,True,False,False,False,NORMAL,FIT_WITH_RESTRICTION
mcu-uuid-W-00218-2025,worker-uuid-00218,W-00218,2025,2025-09-16,178.4,79.1,24.9,83.8,127,73,56,114,8.1,231,155,44,124,0.96,73.0,6.0,ACTIVE_SMOKER,23.9,True,False,False,False,False,NORMAL,FIT
mcu-uuid-W-00218-2026,worker-uuid-00218,W-00218,2026,2026-03-07,178.4,78.4,24.6,83.8,144,90,87,123,8.2,236,148,54,162,0.74,77.5,5.2,ACTIVE_SMOKER,23.9,True,True,False,False,False,NORMAL,FIT_WITH_RESTRICTION
mcu-uuid-W-00219-2024,worker-uuid-00219,W-00219,2024,2024-03-02,166.9,76.5,27.5,91.4,139,94,73,95,7.7,187,120,43,152,0.9,69.5,4.4,NON_SMOKER,0.0,True,True,False,True,False,NORMAL,FIT_WITH_RESTRICTION
mcu-uuid-W-00219-2025,worker-uuid-00219,W-00219,2025,2025-06-04,166.9,76.1,27.3,92.6,155,103,58,124,8.4,220,144,35,78,0.89,68.8,8.5,NON_SMOKER,0.0,True,True,False,False,False,NORMAL,UNFIT
mcu-uuid-W-00219-2026,worker-uuid-00219,W-00219,2026,2026-10-08,166.9,77.2,27.7,93.0,152,98,68,78,6.9,234,152,51,186,0.88,68.0,6.1,NON_SMOKER,0.0,True,True,False,False,False,NORMAL,FIT_WITH_RESTRICTION
mcu-uuid-W-00220-2024,worker-uuid-00220,W-00220,2024,2024-09-17,165.2,80.6,29.5,98.9,137,88,64,102,7.9,256,173,61,100,1.27,56.2,6.5,FORMER_SMOKER,10.4,True,False,False,False,True,NORMAL,FIT
mcu-uuid-W-00220-2025,worker-uuid-00220,W-00220,2025,2025-11-13,165.2,81.3,29.8,100.4,136,83,82,78,7.0,225,138,48,130,0.84,66.0,6.2,FORMER_SMOKER,10.4,True,False,False,False,False,BORDERLINE,FIT
mcu-uuid-W-00220-2026,worker-uuid-00220,W-00220,2026,2026-10-10,165.2,80.4,29.5,99.1,138,84,73,106,7.7,227,144,52,144,1.0,61.0,7.1,FORMER_SMOKER,10.4,True,False,False,False,False,NORMAL,FIT
mcu-uuid-W-00221-2024,worker-uuid-00221,W-00221,2024,2024-10-07,170.8,76.9,26.4,89.8,103,61,67,90,7.4,243,163,42,79,1.13,78.8,4.5,NON_SMOKER,0.0,True,False,False,False,False,NORMAL,FIT
mcu-uuid-W-00221-2025,worker-uuid-00221,W-00221,2025,2025-06-22,170.8,77.3,26.5,88.2,151,96,67,83,7.2,161,72,58,166,0.89,83.8,5.7,NON_SMOKER,0.0,True,True,False,True,False,BORDERLINE,FIT_WITH_RESTRICTION
mcu-uuid-W-00221-2026,worker-uuid-00221,W-00221,2026,2026-06-23,170.8,79.5,27.3,90.3,129,75,61,105,7.9,186,90,53,144,1.2,75.0,6.9,NON_SMOKER,0.0,True,False,False,False,False,NORMAL,FIT
mcu-uuid-W-00222-2024,worker-uuid-00222,W-00222,2024,2024-09-09,167.0,63.8,22.9,77.7,133,74,73,75,6.8,197,137,39,174,0.92,77.0,6.4,ACTIVE_SMOKER,6.1,True,False,False,False,False,NORMAL,FIT
mcu-uuid-W-00222-2025,worker-uuid-00222,W-00222,2025,2025-07-19,167.0,64.8,23.2,77.1,130,80,81,94,7.5,234,162,42,215,1.31,66.2,7.3,ACTIVE_SMOKER,6.1,True,False,False,False,False,BORDERLINE,FIT
mcu-uuid-W-00222-2026,worker-uuid-00222,W-00222,2026,2026-03-02,167.0,65.8,23.6,78.7,129,77,86,72,6.8,222,152,40,162,1.01,72.8,5.2,ACTIVE_SMOKER,6.1,True,False,False,False,False,NORMAL,FIT
mcu-uuid-W-00223-2024,worker-uuid-00223,W-00223,2024,2024-04-20,148.1,48.4,22.1,75.0,131,78,63,96,7.6,185,93,54,115,0.84,78.0,5.5,ACTIVE_SMOKER,23.7,True,False,False,False,False,NORMAL,FIT
mcu-uuid-W-00223-2025,worker-uuid-00223,W-00223,2025,2025-06-23,148.1,48.2,22.0,75.7,150,102,87,86,7.3,198,136,38,76,0.63,82.2,4.7,ACTIVE_SMOKER,23.7,True,True,False,False,False,NORMAL,UNFIT
mcu-uuid-W-00223-2026,worker-uuid-00223,W-00223,2026,2026-08-17,148.1,49.5,22.6,75.9,141,82,74,107,8.0,198,134,39,68,0.51,84.2,5.2,ACTIVE_SMOKER,23.7,True,True,False,False,False,NORMAL,FIT_WITH_RESTRICTION
mcu-uuid-W-00224-2024,worker-uuid-00224,W-00224,2024,2024-10-19,174.1,69.4,22.9,75.8,121,72,77,127,8.6,211,125,54,62,1.0,75.0,6.9,NON_SMOKER,0.0,True,False,False,False,False,NORMAL,FIT
mcu-uuid-W-00224-2025,worker-uuid-00224,W-00224,2025,2025-07-09,174.1,70.0,23.1,77.3,146,91,66,82,7.1,209,125,53,135,0.82,78.5,6.4,NON_SMOKER,0.0,True,True,False,True,False,BORDERLINE,FIT_WITH_RESTRICTION
mcu-uuid-W-00224-2026,worker-uuid-00224,W-00224,2026,2026-10-14,174.1,69.1,22.8,78.4,136,82,70,101,8.0,211,141,41,128,1.09,70.8,6.1,NON_SMOKER,0.0,True,False,False,False,False,NORMAL,FIT
mcu-uuid-W-00225-2024,worker-uuid-00225,W-00225,2024,2024-11-13,165.4,67.9,24.8,84.4,124,85,86,110,7.8,193,130,38,229,1.0,79.0,5.5,ACTIVE_SMOKER,14.8,True,False,True,False,False,BORDERLINE,FIT
mcu-uuid-W-00225-2025,worker-uuid-00225,W-00225,2025,2025-08-05,165.4,68.0,24.9,84.7,115,76,76,106,7.7,183,108,51,85,1.01,77.8,5.8,ACTIVE_SMOKER,14.8,True,False,True,False,False,BORDERLINE,FIT
mcu-uuid-W-00225-2026,worker-uuid-00225,W-00225,2026,2026-06-10,165.4,69.4,25.4,84.2,121,83,84,123,8.2,257,159,53,138,1.2,72.0,7.5,ACTIVE_SMOKER,14.8,True,False,True,False,False,NORMAL,FIT
mcu-uuid-W-00226-2024,worker-uuid-00226,W-00226,2024,2024-11-03,159.9,52.8,20.7,70.9,118,72,87,82,7.2,192,111,47,95,0.61,91.8,6.0,NON_SMOKER,0.0,True,False,False,False,False,NORMAL,FIT
mcu-uuid-W-00226-2025,worker-uuid-00226,W-00226,2025,2025-07-24,159.9,52.7,20.6,70.5,113,76,73,87,7.1,182,95,52,112,0.75,87.2,6.0,NON_SMOKER,0.0,True,False,False,False,False,NORMAL,FIT
mcu-uuid-W-00226-2026,worker-uuid-00226,W-00226,2026,2026-11-15,159.9,52.1,20.4,69.9,107,60,87,65,6.7,188,99,45,142,0.95,81.2,5.5,NON_SMOKER,0.0,True,False,False,False,False,NORMAL,FIT
mcu-uuid-W-00227-2024,worker-uuid-00227,W-00227,2024,2024-10-04,183.6,80.1,23.8,80.9,128,77,80,86,7.2,239,150,45,145,1.22,70.5,8.1,ACTIVE_SMOKER,10.1,True,False,True,False,False,NORMAL,FIT
mcu-uuid-W-00227-2025,worker-uuid-00227,W-00227,2025,2025-11-17,183.6,80.6,23.9,81.8,133,86,73,65,6.9,205,152,26,135,0.9,77.5,5.2,ACTIVE_SMOKER,10.1,True,False,True,False,False,NORMAL,FIT
mcu-uuid-W-00227-2026,worker-uuid-00227,W-00227,2026,2026-07-18,183.6,79.3,23.5,80.7,121,82,87,108,7.7,189,103,52,76,1.23,68.2,6.5,ACTIVE_SMOKER,10.1,True,False,True,False,False,BORDERLINE,FIT
mcu-uuid-W-00228-2024,worker-uuid-00228,W-00228,2024,2024-11-14,172.8,80.4,26.9,90.2,131,84,56,87,7.4,222,131,58,160,0.72,70.0,5.0,NON_SMOKER,0.0,True,False,False,False,False,NORMAL,FIT
mcu-uuid-W-00228-2025,worker-uuid-00228,W-00228,2025,2025-07-07,172.8,81.8,27.4,91.8,145,89,68,96,7.7,214,138,47,163,1.01,61.8,5.7,NON_SMOKER,0.0,True,True,False,True,False,NORMAL,FIT_WITH_RESTRICTION
mcu-uuid-W-00228-2026,worker-uuid-00228,W-00228,2026,2026-11-26,172.8,81.8,27.4,91.2,143,82,67,108,8.1,218,139,48,155,0.89,63.8,4.7,NON_SMOKER,0.0,True,True,False,False,False,NORMAL,FIT_WITH_RESTRICTION
mcu-uuid-W-00229-2024,worker-uuid-00229,W-00229,2024,2024-03-22,169.6,65.9,22.9,78.7,113,69,71,98,7.7,203,112,59,97,1.23,79.2,7.3,FORMER_SMOKER,3.7,True,False,True,False,False,BORDERLINE,FIT
mcu-uuid-W-00229-2025,worker-uuid-00229,W-00229,2025,2025-06-17,169.6,66.7,23.2,76.3,108,65,70,89,7.6,220,146,49,68,1.07,82.2,7.3,FORMER_SMOKER,3.7,True,False,True,False,False,NORMAL,FIT
mcu-uuid-W-00229-2026,worker-uuid-00229,W-00229,2026,2026-10-20,169.6,65.6,22.8,78.0,123,73,74,102,7.9,267,182,49,136,0.88,86.0,5.1,FORMER_SMOKER,3.7,True,False,True,False,True,BORDERLINE,FIT
mcu-uuid-W-00230-2024,worker-uuid-00230,W-00230,2024,2024-10-02,173.5,64.7,21.5,71.6,132,93,83,113,8.1,170,94,42,141,0.7,70.5,6.8,ACTIVE_SMOKER,26.4,True,True,False,False,False,BORDERLINE,FIT_WITH_RESTRICTION
mcu-uuid-W-00230-2025,worker-uuid-00230,W-00230,2025,2025-08-21,173.5,64.3,21.4,73.0,117,69,87,89,7.6,236,153,44,55,1.16,58.0,4.0,ACTIVE_SMOKER,26.4,True,False,False,False,False,NORMAL,FIT
mcu-uuid-W-00230-2026,worker-uuid-00230,W-00230,2026,2026-09-19,173.5,64.4,21.4,73.4,128,81,64,123,8.5,206,121,42,156,0.94,62.5,6.5,ACTIVE_SMOKER,26.4,True,False,False,False,False,NORMAL,FIT
mcu-uuid-W-00231-2024,worker-uuid-00231,W-00231,2024,2024-07-21,162.4,71.1,27.0,91.2,132,86,76,100,7.7,216,138,33,175,1.14,71.5,5.0,ACTIVE_SMOKER,12.3,True,False,False,False,False,NORMAL,FIT
mcu-uuid-W-00231-2025,worker-uuid-00231,W-00231,2025,2025-10-16,162.4,71.7,27.2,90.9,129,86,80,101,7.7,254,170,39,206,1.5,61.5,5.9,ACTIVE_SMOKER,12.3,True,False,False,False,False,NORMAL,FIT
mcu-uuid-W-00231-2026,worker-uuid-00231,W-00231,2026,2026-11-22,162.4,73.7,27.9,95.0,145,97,67,103,7.9,186,112,47,148,1.1,70.5,7.0,ACTIVE_SMOKER,12.3,True,True,False,False,False,NORMAL,FIT_WITH_RESTRICTION
mcu-uuid-W-00232-2024,worker-uuid-00232,W-00232,2024,2024-07-15,153.1,73.9,31.5,103.9,120,79,65,115,8.0,237,169,43,168,0.93,84.8,6.3,NON_SMOKER,0.0,True,False,False,False,False,NORMAL,FIT_WITH_RESTRICTION
mcu-uuid-W-00232-2025,worker-uuid-00232,W-00232,2025,2025-11-27,153.1,73.9,31.5,103.8,135,79,67,111,8.1,177,102,42,146,1.31,74.2,5.3,NON_SMOKER,0.0,True,False,False,False,False,NORMAL,FIT_WITH_RESTRICTION
mcu-uuid-W-00232-2026,worker-uuid-00232,W-00232,2026,2026-09-07,153.1,73.7,31.4,106.3,142,88,69,126,8.2,189,105,58,174,0.77,86.8,5.5,NON_SMOKER,0.0,True,True,False,False,False,NORMAL,FIT_WITH_RESTRICTION
mcu-uuid-W-00233-2024,worker-uuid-00233,W-00233,2024,2024-03-19,171.8,75.9,25.7,88.1,144,91,69,65,6.6,193,100,55,104,0.66,84.5,5.8,ACTIVE_SMOKER,18.2,True,True,True,True,False,NORMAL,FIT_WITH_RESTRICTION
mcu-uuid-W-00233-2025,worker-uuid-00233,W-00233,2025,2025-04-17,171.8,76.1,25.8,88.0,132,81,79,95,7.7,197,109,45,233,0.98,75.5,6.6,ACTIVE_SMOKER,18.2,True,False,True,False,False,NORMAL,FIT
mcu-uuid-W-00233-2026,worker-uuid-00233,W-00233,2026,2026-04-23,171.8,78.1,26.5,89.7,140,85,74,123,8.2,197,111,55,128,1.23,68.2,6.6,ACTIVE_SMOKER,18.2,True,True,True,True,False,ABNORMAL,UNFIT
mcu-uuid-W-00234-2024,worker-uuid-00234,W-00234,2024,2024-05-12,172.7,80.2,26.9,90.9,109,64,78,102,7.9,202,123,37,124,0.75,93.2,4.7,FORMER_SMOKER,8.4,True,False,False,False,False,NORMAL,FIT
mcu-uuid-W-00234-2025,worker-uuid-00234,W-00234,2025,2025-08-26,172.7,80.5,27.0,91.8,116,74,70,97,7.4,231,161,46,144,0.89,88.8,4.0,FORMER_SMOKER,8.4,True,False,False,False,True,NORMAL,FIT
mcu-uuid-W-00234-2026,worker-uuid-00234,W-00234,2026,2026-03-02,172.7,80.5,27.0,92.2,125,76,68,96,7.6,189,93,51,244,1.14,81.5,6.5,FORMER_SMOKER,8.4,True,False,False,False,False,NORMAL,FIT
mcu-uuid-W-00235-2024,worker-uuid-00235,W-00235,2024,2024-10-19,162.5,65.0,24.6,82.3,122,74,74,84,7.4,299,218,50,147,1.04,74.0,4.8,FORMER_SMOKER,6.2,True,False,True,False,True,NORMAL,FIT
mcu-uuid-W-00235-2025,worker-uuid-00235,W-00235,2025,2025-09-10,162.5,64.6,24.5,82.8,111,67,73,100,7.6,211,135,42,159,1.25,67.8,6.9,FORMER_SMOKER,6.2,True,False,True,False,False,NORMAL,FIT
mcu-uuid-W-00235-2026,worker-uuid-00235,W-00235,2026,2026-07-27,162.5,67.1,25.4,86.2,132,85,53,128,8.6,203,141,34,134,1.05,71.8,4.8,FORMER_SMOKER,6.2,True,False,True,False,False,NORMAL,FIT
mcu-uuid-W-00236-2024,worker-uuid-00236,W-00236,2024,2024-05-10,158.6,64.1,25.5,85.4,98,60,74,84,7.4,175,80,55,77,0.98,86.5,6.2,NON_SMOKER,0.0,True,False,False,False,False,NORMAL,FIT
mcu-uuid-W-00236-2025,worker-uuid-00236,W-00236,2025,2025-11-03,158.6,65.4,26.0,85.7,106,68,72,87,7.5,226,147,42,115,1.13,81.8,5.6,NON_SMOKER,0.0,True,False,False,False,False,NORMAL,FIT
mcu-uuid-W-00236-2026,worker-uuid-00236,W-00236,2026,2026-08-22,158.6,66.0,26.2,88.5,135,88,80,95,7.8,230,145,53,161,0.61,93.8,4.0,NON_SMOKER,0.0,True,False,False,False,False,NORMAL,FIT
mcu-uuid-W-00237-2024,worker-uuid-00237,W-00237,2024,2024-07-15,165.0,60.2,22.1,76.2,121,68,80,116,7.9,224,131,53,90,0.83,79.2,5.3,ACTIVE_SMOKER,22.1,True,False,False,False,False,NORMAL,FIT
mcu-uuid-W-00237-2025,worker-uuid-00237,W-00237,2025,2025-11-28,165.0,61.5,22.6,77.9,122,79,82,79,6.9,189,115,31,181,0.82,78.5,5.5,ACTIVE_SMOKER,22.1,True,False,False,False,False,NORMAL,FIT
mcu-uuid-W-00237-2026,worker-uuid-00237,W-00237,2026,2026-07-19,165.0,62.4,22.9,76.9,138,92,82,86,7.5,210,141,39,185,1.08,71.0,4.0,ACTIVE_SMOKER,22.1,True,True,False,True,False,BORDERLINE,FIT_WITH_RESTRICTION
mcu-uuid-W-00238-2024,worker-uuid-00238,W-00238,2024,2024-04-10,159.3,63.5,25.0,83.0,112,69,62,107,7.8,198,130,37,127,0.91,82.2,6.6,NON_SMOKER,0.0,True,False,False,False,False,BORDERLINE,FIT
mcu-uuid-W-00238-2025,worker-uuid-00238,W-00238,2025,2025-03-05,159.3,63.9,25.2,83.9,116,81,70,91,7.3,203,119,52,129,1.11,76.2,8.4,NON_SMOKER,0.0,True,False,False,False,False,BORDERLINE,FIT
mcu-uuid-W-00238-2026,worker-uuid-00238,W-00238,2026,2026-03-21,159.3,65.8,25.9,86.0,121,74,79,97,7.7,211,121,63,98,1.24,72.0,7.3,NON_SMOKER,0.0,True,False,False,False,False,NORMAL,FIT
mcu-uuid-W-00239-2024,worker-uuid-00239,W-00239,2024,2024-06-07,174.9,71.5,23.4,80.0,128,77,84,95,7.6,158,84,37,156,0.92,77.0,6.9,NON_SMOKER,0.0,True,False,True,False,False,NORMAL,FIT
mcu-uuid-W-00239-2025,worker-uuid-00239,W-00239,2025,2025-05-18,174.9,72.7,23.8,81.5,120,77,84,72,6.7,193,114,48,131,0.79,79.2,4.5,NON_SMOKER,0.0,True,False,True,False,False,NORMAL,FIT
mcu-uuid-W-00239-2026,worker-uuid-00239,W-00239,2026,2026-09-20,174.9,73.4,24.0,79.6,133,81,87,114,8.2,175,87,57,119,0.91,75.2,6.5,NON_SMOKER,0.0,True,False,True,False,False,NORMAL,FIT
mcu-uuid-W-00240-2024,worker-uuid-00240,W-00240,2024,2024-09-26,172.8,82.7,27.7,94.5,118,73,76,118,8.2,221,155,46,81,1.1,69.5,6.6,FORMER_SMOKER,11.9,True,False,False,False,False,NORMAL,FIT
mcu-uuid-W-00240-2025,worker-uuid-00240,W-00240,2025,2025-11-05,172.8,83.9,28.1,92.3,135,89,80,107,8.0,173,92,42,120,0.85,74.8,4.7,FORMER_SMOKER,11.9,True,False,False,False,False,NORMAL,FIT
mcu-uuid-W-00240-2026,worker-uuid-00240,W-00240,2026,2026-10-26,172.8,82.8,27.7,92.8,139,80,61,112,8.0,159,84,49,139,1.3,62.5,6.3,FORMER_SMOKER,11.9,True,False,False,False,False,BORDERLINE,FIT
mcu-uuid-W-00241-2024,worker-uuid-00241,W-00241,2024,2024-05-12,164.1,64.7,24.0,78.9,115,71,69,100,7.8,184,110,52,94,1.02,72.5,8.1,NON_SMOKER,0.0,True,False,False,False,False,NORMAL,FIT
mcu-uuid-W-00241-2025,worker-uuid-00241,W-00241,2025,2025-06-11,164.1,65.8,24.4,80.8,131,83,73,92,7.5,206,123,45,195,1.03,71.2,4.3,NON_SMOKER,0.0,True,False,False,False,False,NORMAL,FIT
mcu-uuid-W-00241-2026,worker-uuid-00241,W-00241,2026,2026-10-17,164.1,65.3,24.2,83.1,139,91,84,85,7.1,178,86,49,127,0.83,75.2,5.5,NON_SMOKER,0.0,True,True,False,True,False,BORDERLINE,FIT_WITH_RESTRICTION
mcu-uuid-W-00242-2024,worker-uuid-00242,W-00242,2024,2024-07-17,161.6,51.0,19.5,67.5,117,70,79,80,7.0,200,127,39,119,0.65,88.8,5.9,ACTIVE_SMOKER,29.2,True,False,True,False,False,NORMAL,FIT
mcu-uuid-W-00242-2025,worker-uuid-00242,W-00242,2025,2025-06-12,161.6,51.0,19.5,66.7,112,63,81,91,7.3,241,162,49,86,0.89,81.8,7.0,ACTIVE_SMOKER,29.2,True,False,True,False,True,NORMAL,FIT
mcu-uuid-W-00242-2026,worker-uuid-00242,W-00242,2026,2026-04-28,161.6,53.7,20.6,69.6,124,81,73,82,7.4,188,121,42,87,1.1,75.5,5.5,ACTIVE_SMOKER,29.2,True,False,True,False,False,NORMAL,FIT
mcu-uuid-W-00243-2024,worker-uuid-00243,W-00243,2024,2024-06-19,170.5,83.2,28.6,97.5,114,74,73,102,7.7,162,100,37,90,0.94,88.5,7.1,ACTIVE_SMOKER,21.5,True,False,False,False,False,NORMAL,FIT
mcu-uuid-W-00243-2025,worker-uuid-00243,W-00243,2025,2025-06-14,170.5,83.4,28.7,96.8,146,89,75,106,8.0,215,150,40,169,1.31,78.2,5.0,ACTIVE_SMOKER,21.5,True,True,False,False,False,BORDERLINE,FIT_WITH_RESTRICTION
mcu-uuid-W-00243-2026,worker-uuid-00243,W-00243,2026,2026-07-17,170.5,82.6,28.4,93.3,144,91,76,103,7.7,187,118,33,186,1.08,83.0,6.4,ACTIVE_SMOKER,21.5,True,True,False,True,False,BORDERLINE,FIT_WITH_RESTRICTION
mcu-uuid-W-00244-2024,worker-uuid-00244,W-00244,2024,2024-09-10,164.1,77.0,28.6,96.3,122,87,69,74,7.1,183,104,54,198,0.91,79.2,4.8,NON_SMOKER,0.0,True,False,True,False,False,NORMAL,FIT
mcu-uuid-W-00244-2025,worker-uuid-00244,W-00244,2025,2025-05-01,164.1,78.4,29.1,96.4,140,88,60,101,7.5,206,111,53,204,1.1,73.5,7.3,NON_SMOKER,0.0,True,True,True,True,False,NORMAL,FIT_WITH_RESTRICTION
mcu-uuid-W-00244-2026,worker-uuid-00244,W-00244,2026,2026-08-06,164.1,79.0,29.3,99.1,125,84,76,101,7.9,197,110,44,164,1.16,71.0,5.6,NON_SMOKER,0.0,True,False,True,False,False,NORMAL,FIT
mcu-uuid-W-00245-2024,worker-uuid-00245,W-00245,2024,2024-05-25,159.1,72.8,28.8,96.4,134,88,70,98,7.6,221,155,41,188,0.93,83.8,6.6,ACTIVE_SMOKER,14.5,True,False,True,False,False,NORMAL,FIT
mcu-uuid-W-00245-2025,worker-uuid-00245,W-00245,2025,2025-11-18,159.1,74.0,29.2,99.0,142,93,71,87,7.4,207,116,47,91,0.9,83.5,4.9,ACTIVE_SMOKER,14.5,True,True,True,True,False,NORMAL,FIT_WITH_RESTRICTION
mcu-uuid-W-00245-2026,worker-uuid-00245,W-00245,2026,2026-08-11,159.1,72.2,28.5,96.5,159,104,75,92,7.7,199,131,26,166,1.17,75.8,5.7,ACTIVE_SMOKER,14.5,True,True,True,False,False,BORDERLINE,UNFIT
mcu-uuid-W-00246-2024,worker-uuid-00246,W-00246,2024,2024-05-08,166.7,62.4,22.5,75.7,143,94,77,111,8.0,215,121,51,134,1.22,70.5,5.8,NON_SMOKER,0.0,True,True,False,False,False,NORMAL,FIT_WITH_RESTRICTION
mcu-uuid-W-00246-2025,worker-uuid-00246,W-00246,2025,2025-10-27,166.7,62.3,22.4,74.0,124,67,76,80,6.9,210,128,45,76,1.2,70.0,5.9,NON_SMOKER,0.0,True,False,False,False,False,NORMAL,FIT
mcu-uuid-W-00246-2026,worker-uuid-00246,W-00246,2026,2026-06-06,166.7,64.3,23.1,77.0,131,77,75,87,7.6,218,136,37,112,0.98,74.5,4.4,NON_SMOKER,0.0,True,False,False,False,False,BORDERLINE,FIT
mcu-uuid-W-00247-2024,worker-uuid-00247,W-00247,2024,2024-10-05,156.7,71.3,29.0,96.8,146,92,90,105,7.6,225,143,48,154,1.0,69.0,6.2,ACTIVE_SMOKER,23.9,True,True,False,False,False,NORMAL,FIT_WITH_RESTRICTION
mcu-uuid-W-00247-2025,worker-uuid-00247,W-00247,2025,2025-10-21,156.7,72.0,29.3,96.4,137,80,79,115,8.2,237,153,44,186,0.96,69.0,6.4,ACTIVE_SMOKER,23.9,True,False,False,False,False,NORMAL,FIT
mcu-uuid-W-00247-2026,worker-uuid-00247,W-00247,2026,2026-04-12,156.7,73.6,30.0,101.2,148,89,70,105,7.8,206,143,38,148,1.03,66.2,5.5,ACTIVE_SMOKER,23.9,True,True,False,False,False,NORMAL,FIT_WITH_RESTRICTION
mcu-uuid-W-00248-2024,worker-uuid-00248,W-00248,2024,2024-07-25,161.0,70.2,27.1,90.5,150,95,64,76,7.2,245,172,30,177,0.61,87.8,3.8,ACTIVE_SMOKER,10.5,True,True,False,False,True,NORMAL,FIT_WITH_RESTRICTION
mcu-uuid-W-00248-2025,worker-uuid-00248,W-00248,2025,2025-03-09,161.0,69.9,27.0,92.0,139,82,74,111,7.8,209,142,45,97,0.84,81.0,4.2,ACTIVE_SMOKER,10.5,True,False,False,False,False,NORMAL,FIT
mcu-uuid-W-00248-2026,worker-uuid-00248,W-00248,2026,2026-03-15,161.0,70.1,27.0,89.6,136,94,60,85,7.3,243,152,46,211,1.08,74.0,5.0,ACTIVE_SMOKER,10.5,True,True,False,True,False,ABNORMAL,UNFIT
mcu-uuid-W-00249-2024,worker-uuid-00249,W-00249,2024,2024-04-17,168.0,72.2,25.6,87.8,119,82,64,107,8.1,181,117,36,124,1.42,65.5,5.5,NON_SMOKER,0.0,True,False,True,False,False,NORMAL,FIT
mcu-uuid-W-00249-2025,worker-uuid-00249,W-00249,2025,2025-05-07,168.0,71.9,25.5,86.9,117,82,74,118,8.3,228,136,52,69,0.9,77.5,4.8,NON_SMOKER,0.0,True,False,True,False,False,BORDERLINE,FIT
mcu-uuid-W-00249-2026,worker-uuid-00249,W-00249,2026,2026-08-22,168.0,74.1,26.3,88.4,135,80,78,107,7.9,198,116,58,136,0.82,78.5,7.7,NON_SMOKER,0.0,True,False,True,False,False,BORDERLINE,FIT
mcu-uuid-W-00250-2024,worker-uuid-00250,W-00250,2024,2024-11-02,164.3,57.9,21.4,74.3,129,84,72,118,8.2,235,154,40,124,0.88,84.0,6.8,NON_SMOKER,0.0,True,False,False,False,False,NORMAL,FIT
mcu-uuid-W-00250-2025,worker-uuid-00250,W-00250,2025,2025-05-09,164.3,58.7,21.7,73.3,121,79,64,88,7.5,182,101,48,107,1.0,80.0,7.2,NON_SMOKER,0.0,True,False,False,False,False,BORDERLINE,FIT
mcu-uuid-W-00250-2026,worker-uuid-00250,W-00250,2026,2026-09-01,164.3,59.1,21.9,72.6,112,69,71,93,7.7,192,97,55,156,1.31,71.2,5.6,NON_SMOKER,0.0,True,False,False,False,False,NORMAL,FIT
mcu-uuid-W-00251-2024,worker-uuid-00251,W-00251,2024,2024-07-05,162.2,76.3,29.0,97.1,129,81,75,106,7.7,184,101,52,177,0.83,67.2,3.3,NON_SMOKER,0.0,True,False,False,False,False,NORMAL,FIT
mcu-uuid-W-00251-2025,worker-uuid-00251,W-00251,2025,2025-05-15,162.2,77.2,29.3,97.9,131,76,82,87,7.2,192,88,60,138,0.45,75.8,3.6,NON_SMOKER,0.0,True,False,False,False,False,NORMAL,FIT
mcu-uuid-W-00251-2026,worker-uuid-00251,W-00251,2026,2026-08-19,162.2,76.7,29.2,98.6,155,103,71,121,8.5,206,112,50,104,0.99,61.2,3.9,NON_SMOKER,0.0,True,True,False,False,False,NORMAL,UNFIT
mcu-uuid-W-00252-2024,worker-uuid-00252,W-00252,2024,2024-11-13,173.8,67.0,22.2,75.3,127,85,62,92,7.3,197,102,50,133,0.91,91.2,7.0,NON_SMOKER,0.0,True,False,False,False,False,NORMAL,FIT
mcu-uuid-W-00252-2025,worker-uuid-00252,W-00252,2025,2025-07-17,173.8,67.1,22.2,76.6,133,79,67,71,7.0,160,73,50,147,0.92,90.0,6.5,NON_SMOKER,0.0,True,False,False,False,False,NORMAL,FIT
mcu-uuid-W-00252-2026,worker-uuid-00252,W-00252,2026,2026-09-25,173.8,66.1,21.9,73.0,110,73,78,88,7.5,165,81,51,109,1.01,86.8,6.0,NON_SMOKER,0.0,True,False,False,False,False,NORMAL,FIT
mcu-uuid-W-00253-2024,worker-uuid-00253,W-00253,2024,2024-07-11,168.3,85.4,30.2,101.1,151,91,73,115,8.0,215,123,50,123,0.88,71.0,5.4,ACTIVE_SMOKER,13.5,True,True,False,True,False,BORDERLINE,FIT_WITH_RESTRICTION
mcu-uuid-W-00253-2025,worker-uuid-00253,W-00253,2025,2025-07-04,168.3,85.7,30.3,102.5,143,94,84,123,8.4,274,206,40,113,1.21,61.8,4.6,ACTIVE_SMOKER,13.5,True,True,False,True,False,NORMAL,FIT_WITH_RESTRICTION
mcu-uuid-W-00253-2026,worker-uuid-00253,W-00253,2026,2026-08-07,168.3,86.1,30.4,99.5,160,100,83,109,7.9,207,125,54,155,0.73,72.8,5.8,ACTIVE_SMOKER,13.5,True,True,False,False,False,BORDERLINE,UNFIT
mcu-uuid-W-00254-2024,worker-uuid-00254,W-00254,2024,2024-05-28,171.8,52.8,17.9,59.4,117,73,76,85,7.2,143,76,35,147,1.11,91.2,5.3,NON_SMOKER,0.0,True,False,False,False,False,BORDERLINE,FIT
mcu-uuid-W-00254-2025,worker-uuid-00254,W-00254,2025,2025-04-27,171.8,54.0,18.3,61.5,115,66,62,65,6.9,189,105,50,110,0.83,97.2,5.0,NON_SMOKER,0.0,True,False,False,False,False,NORMAL,FIT
mcu-uuid-W-00254-2026,worker-uuid-00254,W-00254,2026,2026-10-10,171.8,55.2,18.7,63.0,111,73,79,81,7.1,187,110,46,133,1.01,91.8,6.1,NON_SMOKER,0.0,True,False,False,False,False,NORMAL,FIT
mcu-uuid-W-00255-2024,worker-uuid-00255,W-00255,2024,2024-11-16,161.4,83.8,32.2,105.9,136,82,80,119,8.1,228,163,39,197,1.05,64.8,5.5,ACTIVE_SMOKER,23.1,True,False,False,False,False,NORMAL,FIT_WITH_RESTRICTION
mcu-uuid-W-00255-2025,worker-uuid-00255,W-00255,2025,2025-07-04,161.4,84.7,32.5,107.9,155,94,79,112,8.0,258,186,37,158,0.78,70.5,4.8,ACTIVE_SMOKER,23.1,True,True,False,True,True,NORMAL,FIT_WITH_RESTRICTION
mcu-uuid-W-00255-2026,worker-uuid-00255,W-00255,2026,2026-10-12,161.4,83.0,31.9,106.4,153,89,77,119,8.3,201,122,40,160,0.77,69.8,5.9,ACTIVE_SMOKER,23.1,True,True,False,False,False,NORMAL,FIT_WITH_RESTRICTION
mcu-uuid-W-00256-2024,worker-uuid-00256,W-00256,2024,2024-06-19,169.7,77.2,26.8,88.7,142,83,78,89,7.4,209,147,38,151,1.21,73.8,6.8,ACTIVE_SMOKER,9.8,True,True,False,True,False,BORDERLINE,FIT_WITH_RESTRICTION
mcu-uuid-W-00256-2025,worker-uuid-00256,W-00256,2025,2025-11-07,169.7,77.9,27.1,90.5,127,81,94,114,8.2,221,144,49,190,1.23,72.2,5.2,ACTIVE_SMOKER,9.8,True,False,False,False,False,NORMAL,FIT
mcu-uuid-W-00256-2026,worker-uuid-00256,W-00256,2026,2026-10-14,169.7,78.9,27.4,90.4,147,86,75,121,8.5,248,167,42,156,1.13,73.8,7.6,ACTIVE_SMOKER,9.8,True,True,False,True,True,ABNORMAL,UNFIT
mcu-uuid-W-00257-2024,worker-uuid-00257,W-00257,2024,2024-07-27,171.9,92.2,31.2,102.9,133,79,68,103,7.9,198,126,48,110,0.83,89.2,4.6,NON_SMOKER,0.0,True,False,False,False,False,NORMAL,FIT_WITH_RESTRICTION
mcu-uuid-W-00257-2025,worker-uuid-00257,W-00257,2025,2025-11-27,171.9,92.2,31.2,104.5,146,87,77,95,7.5,199,128,33,178,1.1,81.5,5.9,NON_SMOKER,0.0,True,True,False,True,False,NORMAL,FIT_WITH_RESTRICTION
mcu-uuid-W-00257-2026,worker-uuid-00257,W-00257,2026,2026-06-05,171.9,94.1,31.8,105.7,138,86,71,107,8.1,189,106,54,171,0.97,83.8,7.0,NON_SMOKER,0.0,True,False,False,False,False,NORMAL,FIT_WITH_RESTRICTION
mcu-uuid-W-00258-2024,worker-uuid-00258,W-00258,2024,2024-04-12,179.8,76.7,23.7,80.4,123,85,73,115,8.0,204,123,51,135,1.27,53.2,7.6,FORMER_SMOKER,2.7,True,False,True,False,False,NORMAL,FIT
mcu-uuid-W-00258-2025,worker-uuid-00258,W-00258,2025,2025-03-08,179.8,77.1,23.8,78.6,135,83,76,118,8.3,189,121,43,116,1.13,55.8,6.8,FORMER_SMOKER,2.7,True,False,True,False,False,NORMAL,FIT
mcu-uuid-W-00258-2026,worker-uuid-00258,W-00258,2026,2026-06-13,179.8,76.7,23.7,78.8,157,101,73,101,7.9,205,123,46,175,0.61,67.8,7.7,FORMER_SMOKER,2.7,True,True,True,False,False,NORMAL,UNFIT
mcu-uuid-W-00259-2024,worker-uuid-00259,W-00259,2024,2024-08-10,176.2,86.7,27.9,93.5,126,80,66,92,7.4,204,120,44,233,0.89,64.8,5.4,NON_SMOKER,0.0,True,False,False,False,False,NORMAL,FIT
mcu-uuid-W-00259-2025,worker-uuid-00259,W-00259,2025,2025-06-11,176.2,88.0,28.3,95.6,149,100,75,106,7.7,243,161,49,194,1.4,51.0,6.1,NON_SMOKER,0.0,True,True,False,True,False,NORMAL,UNFIT
mcu-uuid-W-00259-2026,worker-uuid-00259,W-00259,2026,2026-05-11,176.2,86.1,27.7,91.7,109,75,60,94,7.4,200,134,40,145,1.02,59.5,6.3,NON_SMOKER,0.0,True,False,False,False,False,NORMAL,FIT
mcu-uuid-W-00260-2024,worker-uuid-00260,W-00260,2024,2024-07-19,173.1,62.6,20.9,69.4,120,74,79,97,7.9,259,177,41,121,1.0,74.0,5.7,ACTIVE_SMOKER,22.9,True,False,False,False,False,NORMAL,FIT
mcu-uuid-W-00260-2025,worker-uuid-00260,W-00260,2025,2025-03-22,173.1,63.9,21.3,72.7,123,69,70,102,7.9,203,113,45,87,1.13,69.8,6.5,ACTIVE_SMOKER,22.9,True,False,False,False,False,NORMAL,FIT
mcu-uuid-W-00260-2026,worker-uuid-00260,W-00260,2026,2026-07-23,173.1,64.7,21.6,72.8,137,89,77,77,7.0,213,120,60,117,1.19,67.2,6.0,ACTIVE_SMOKER,22.9,True,False,False,False,False,NORMAL,FIT
mcu-uuid-W-00261-2024,worker-uuid-00261,W-00261,2024,2024-07-01,177.1,81.4,26.0,87.9,142,94,72,121,8.3,226,159,30,88,0.72,80.0,4.9,NON_SMOKER,0.0,True,True,False,False,False,NORMAL,FIT_WITH_RESTRICTION
mcu-uuid-W-00261-2025,worker-uuid-00261,W-00261,2025,2025-06-16,177.1,82.7,26.4,88.9,144,95,61,113,8.2,174,102,46,55,1.02,71.5,6.0,NON_SMOKER,0.0,True,True,False,True,False,NORMAL,FIT_WITH_RESTRICTION
mcu-uuid-W-00261-2026,worker-uuid-00261,W-00261,2026,2026-09-16,177.1,81.1,25.9,88.2,124,72,70,95,7.4,200,128,46,168,1.01,70.8,4.7,NON_SMOKER,0.0,True,False,False,False,False,NORMAL,FIT
mcu-uuid-W-00262-2024,worker-uuid-00262,W-00262,2024,2024-05-02,169.9,81.2,28.1,92.1,145,95,88,96,7.4,229,153,51,179,0.88,74.0,5.0,ACTIVE_SMOKER,17.1,True,True,False,False,False,NORMAL,FIT_WITH_RESTRICTION
mcu-uuid-W-00262-2025,worker-uuid-00262,W-00262,2025,2025-05-23,169.9,81.6,28.3,93.2,130,83,82,109,8.2,200,136,41,139,0.9,72.5,5.8,ACTIVE_SMOKER,17.1,True,False,False,False,False,NORMAL,FIT
mcu-uuid-W-00262-2026,worker-uuid-00262,W-00262,2026,2026-05-02,169.9,82.5,28.6,94.7,144,95,84,98,7.7,229,167,34,133,0.95,70.2,6.0,ACTIVE_SMOKER,17.1,True,True,False,False,True,NORMAL,FIT_WITH_RESTRICTION
mcu-uuid-W-00263-2024,worker-uuid-00263,W-00263,2024,2024-11-08,170.6,62.5,21.5,73.7,124,70,79,69,6.6,149,79,45,175,0.79,74.2,5.8,ACTIVE_SMOKER,12.4,True,False,True,False,False,NORMAL,FIT
mcu-uuid-W-00263-2025,worker-uuid-00263,W-00263,2025,2025-07-28,170.6,63.8,21.9,75.3,141,90,67,90,7.5,200,127,47,135,1.05,66.8,4.8,ACTIVE_SMOKER,12.4,True,True,True,False,False,NORMAL,FIT_WITH_RESTRICTION
mcu-uuid-W-00263-2026,worker-uuid-00263,W-00263,2026,2026-11-04,170.6,63.7,21.9,75.7,132,86,69,117,8.4,211,149,42,117,1.35,58.2,6.1,ACTIVE_SMOKER,12.4,True,False,True,False,False,BORDERLINE,FIT
mcu-uuid-W-00264-2024,worker-uuid-00264,W-00264,2024,2024-05-02,175.5,79.8,25.9,86.3,135,85,75,83,7.1,202,136,41,208,0.97,65.8,6.5,FORMER_SMOKER,3.8,True,False,False,False,False,NORMAL,FIT
mcu-uuid-W-00264-2025,worker-uuid-00264,W-00264,2025,2025-09-07,175.5,80.7,26.2,89.0,128,80,75,100,7.5,219,124,64,110,1.28,57.0,5.3,FORMER_SMOKER,3.8,True,False,False,False,False,NORMAL,FIT
mcu-uuid-W-00264-2026,worker-uuid-00264,W-00264,2026,2026-03-13,175.5,81.2,26.4,86.7,125,69,54,106,7.7,190,97,51,176,0.96,64.0,5.3,FORMER_SMOKER,3.8,True,False,False,False,False,NORMAL,FIT
mcu-uuid-W-00265-2024,worker-uuid-00265,W-00265,2024,2024-07-19,170.8,68.9,23.6,81.5,122,79,58,117,8.3,223,155,46,106,1.05,75.8,5.2,ACTIVE_SMOKER,6.9,True,False,False,False,False,NORMAL,FIT
mcu-uuid-W-00265-2025,worker-uuid-00265,W-00265,2025,2025-11-15,170.8,68.7,23.5,79.0,127,88,86,115,8.0,238,183,34,119,0.68,84.0,5.2,ACTIVE_SMOKER,6.9,True,False,False,False,False,BORDERLINE,FIT
mcu-uuid-W-00265-2026,worker-uuid-00265,W-00265,2026,2026-05-09,170.8,69.1,23.7,78.6,127,76,89,88,7.3,198,124,41,111,1.3,67.5,5.1,ACTIVE_SMOKER,6.9,True,False,False,False,False,NORMAL,FIT
mcu-uuid-W-00266-2024,worker-uuid-00266,W-00266,2024,2024-09-11,173.6,75.9,25.2,83.0,132,79,64,111,7.9,203,101,57,107,0.99,79.2,4.7,NON_SMOKER,0.0,True,False,False,False,False,NORMAL,FIT
mcu-uuid-W-00266-2025,worker-uuid-00266,W-00266,2025,2025-10-17,173.6,77.1,25.6,84.6,122,74,59,131,8.7,225,138,54,147,1.01,77.8,4.7,NON_SMOKER,0.0,True,False,False,False,False,NORMAL,FIT
mcu-uuid-W-00266-2026,worker-uuid-00266,W-00266,2026,2026-09-07,173.6,78.3,26.0,88.8,139,84,67,98,7.4,217,140,51,129,0.8,82.0,3.5,NON_SMOKER,0.0,True,False,False,False,False,NORMAL,FIT
mcu-uuid-W-00267-2024,worker-uuid-00267,W-00267,2024,2024-05-17,177.1,88.5,28.2,94.4,123,74,80,104,7.7,190,99,56,138,0.84,84.0,9.4,NON_SMOKER,0.0,True,False,False,False,False,NORMAL,FIT
mcu-uuid-W-00267-2025,worker-uuid-00267,W-00267,2025,2025-05-28,177.1,88.5,28.2,94.6,118,80,68,113,8.2,174,89,51,86,0.81,83.8,5.9,NON_SMOKER,0.0,True,False,False,False,False,BORDERLINE,FIT
mcu-uuid-W-00267-2026,worker-uuid-00267,W-00267,2026,2026-07-18,177.1,90.6,28.9,97.7,102,60,81,126,8.5,195,123,50,211,0.86,81.5,8.3,NON_SMOKER,0.0,True,False,False,False,False,NORMAL,FIT
mcu-uuid-W-00268-2024,worker-uuid-00268,W-00268,2024,2024-03-05,163.1,75.2,28.3,93.5,137,85,68,82,7.2,226,146,42,183,0.99,58.2,4.7,NON_SMOKER,0.0,True,False,False,False,False,NORMAL,FIT
mcu-uuid-W-00268-2025,worker-uuid-00268,W-00268,2025,2025-07-14,163.1,74.8,28.1,92.4,138,83,63,106,8.0,207,122,46,151,1.0,57.0,3.7,NON_SMOKER,0.0,True,False,False,False,False,NORMAL,FIT
mcu-uuid-W-00268-2026,worker-uuid-00268,W-00268,2026,2026-04-16,163.1,74.5,28.0,95.1,149,93,65,112,8.1,207,112,54,159,0.53,67.8,6.4,NON_SMOKER,0.0,True,True,False,False,False,BORDERLINE,FIT_WITH_RESTRICTION
mcu-uuid-W-00269-2024,worker-uuid-00269,W-00269,2024,2024-07-12,168.5,72.2,25.4,84.6,135,91,80,97,7.4,220,136,61,160,1.15,68.2,5.2,FORMER_SMOKER,11.9,True,True,False,False,False,BORDERLINE,FIT_WITH_RESTRICTION
mcu-uuid-W-00269-2025,worker-uuid-00269,W-00269,2025,2025-06-12,168.5,73.0,25.7,88.2,121,70,70,116,8.0,172,96,53,165,0.97,71.8,5.5,FORMER_SMOKER,11.9,True,False,False,False,False,NORMAL,FIT
mcu-uuid-W-00269-2026,worker-uuid-00269,W-00269,2026,2026-10-08,168.5,71.4,25.1,84.7,114,68,53,91,7.7,229,133,52,96,1.17,65.8,7.6,FORMER_SMOKER,11.9,True,False,False,False,False,NORMAL,FIT
mcu-uuid-W-00270-2024,worker-uuid-00270,W-00270,2024,2024-07-11,175.4,71.9,23.4,78.5,119,72,67,113,8.2,222,149,52,55,0.97,73.8,6.4,NON_SMOKER,0.0,True,False,True,False,False,NORMAL,FIT
mcu-uuid-W-00270-2025,worker-uuid-00270,W-00270,2025,2025-05-17,175.4,72.7,23.6,77.7,137,83,60,113,8.0,196,102,49,146,0.85,75.8,7.0,NON_SMOKER,0.0,True,False,True,False,False,NORMAL,FIT
mcu-uuid-W-00270-2026,worker-uuid-00270,W-00270,2026,2026-06-28,175.4,71.4,23.2,78.5,124,78,62,95,7.7,208,142,43,151,1.03,70.2,6.8,NON_SMOKER,0.0,True,False,True,False,False,NORMAL,FIT
mcu-uuid-W-00271-2024,worker-uuid-00271,W-00271,2024,2024-06-06,156.4,54.8,22.4,77.3,146,89,75,109,8.0,215,121,57,101,0.81,76.8,6.7,ACTIVE_SMOKER,10.2,True,True,False,True,False,NORMAL,FIT_WITH_RESTRICTION
mcu-uuid-W-00271-2025,worker-uuid-00271,W-00271,2025,2025-03-09,156.4,55.6,22.7,76.2,126,79,73,120,8.2,181,112,46,147,0.6,81.0,3.8,ACTIVE_SMOKER,10.2,True,False,False,False,False,NORMAL,FIT
mcu-uuid-W-00271-2026,worker-uuid-00271,W-00271,2026,2026-08-16,156.4,55.5,22.7,76.2,142,90,81,106,8.0,226,143,41,100,0.56,81.0,5.2,ACTIVE_SMOKER,10.2,True,True,False,False,False,NORMAL,FIT_WITH_RESTRICTION
mcu-uuid-W-00272-2024,worker-uuid-00272,W-00272,2024,2024-11-22,169.9,66.7,23.1,79.8,127,73,74,92,7.3,150,82,48,157,0.93,80.8,4.9,NON_SMOKER,0.0,True,False,False,False,False,NORMAL,FIT
mcu-uuid-W-00272-2025,worker-uuid-00272,W-00272,2025,2025-08-19,169.9,67.2,23.3,77.9,124,70,80,103,7.9,168,91,36,60,1.21,72.8,5.9,NON_SMOKER,0.0,True,False,False,False,False,NORMAL,FIT
mcu-uuid-W-00272-2026,worker-uuid-00272,W-00272,2026,2026-03-27,169.9,68.8,23.8,81.3,121,76,71,82,7.3,243,157,47,102,1.06,75.5,6.1,NON_SMOKER,0.0,True,False,False,False,False,BORDERLINE,FIT
mcu-uuid-W-00273-2024,worker-uuid-00273,W-00273,2024,2024-08-15,170.2,71.2,24.6,82.1,162,105,91,74,6.8,232,159,49,146,1.11,69.2,5.8,ACTIVE_SMOKER,23.1,True,True,False,True,False,NORMAL,UNFIT
mcu-uuid-W-00273-2025,worker-uuid-00273,W-00273,2025,2025-06-18,170.2,71.7,24.8,83.1,139,96,82,126,8.4,231,149,40,177,1.09,68.8,6.3,ACTIVE_SMOKER,23.1,True,True,False,True,False,NORMAL,FIT_WITH_RESTRICTION
mcu-uuid-W-00273-2026,worker-uuid-00273,W-00273,2026,2026-08-22,170.2,71.1,24.5,80.5,140,95,79,98,7.5,236,164,39,195,0.92,72.0,5.9,ACTIVE_SMOKER,23.1,True,True,False,False,True,NORMAL,FIT_WITH_RESTRICTION
mcu-uuid-W-00274-2024,worker-uuid-00274,W-00274,2024,2024-08-09,176.0,52.6,17.0,58.2,118,69,82,85,7.3,235,146,47,149,0.9,92.5,4.8,ACTIVE_SMOKER,15.2,True,False,False,False,False,NORMAL,FIT
mcu-uuid-W-00274-2025,worker-uuid-00274,W-00274,2025,2025-07-16,176.0,53.6,17.3,60.9,127,80,68,99,7.6,194,137,36,99,1.1,86.5,5.3,ACTIVE_SMOKER,15.2,True,False,False,False,False,NORMAL,FIT
mcu-uuid-W-00274-2026,worker-uuid-00274,W-00274,2026,2026-09-25,176.0,53.8,17.4,61.0,125,79,66,94,7.6,218,153,42,110,1.03,87.2,7.2,ACTIVE_SMOKER,15.2,True,False,False,False,False,BORDERLINE,FIT
mcu-uuid-W-00275-2024,worker-uuid-00275,W-00275,2024,2024-03-24,170.9,80.6,27.6,93.4,113,76,82,104,7.9,204,120,54,98,1.05,75.8,5.1,FORMER_SMOKER,10.1,True,False,False,False,False,NORMAL,FIT
mcu-uuid-W-00275-2025,worker-uuid-00275,W-00275,2025,2025-06-21,170.9,81.3,27.8,93.7,130,80,73,103,7.7,209,134,45,116,1.17,71.8,5.9,FORMER_SMOKER,10.1,True,False,False,False,False,NORMAL,FIT
mcu-uuid-W-00275-2026,worker-uuid-00275,W-00275,2026,2026-11-18,170.9,81.9,28.0,94.7,146,91,72,71,6.9,169,99,38,141,1.21,69.8,3.5,FORMER_SMOKER,10.1,True,True,False,True,False,ABNORMAL,UNFIT
mcu-uuid-W-00276-2024,worker-uuid-00276,W-00276,2024,2024-06-15,153.9,61.0,25.8,85.3,132,90,90,97,7.8,180,104,55,219,1.14,72.5,4.8,ACTIVE_SMOKER,22.4,True,True,False,False,False,NORMAL,FIT_WITH_RESTRICTION
mcu-uuid-W-00276-2025,worker-uuid-00276,W-00276,2025,2025-08-03,153.9,61.1,25.8,86.3,144,85,86,96,7.4,241,148,57,173,0.99,75.2,5.8,ACTIVE_SMOKER,22.4,True,True,False,False,False,BORDERLINE,FIT_WITH_RESTRICTION
mcu-uuid-W-00276-2026,worker-uuid-00276,W-00276,2026,2026-09-07,153.9,62.6,26.4,89.9,151,89,84,97,7.4,232,160,42,248,1.22,68.5,5.9,ACTIVE_SMOKER,22.4,True,True,False,False,False,NORMAL,FIT_WITH_RESTRICTION
mcu-uuid-W-00277-2024,worker-uuid-00277,W-00277,2024,2024-05-07,168.8,73.3,25.7,84.3,128,88,76,88,7.2,189,101,50,197,0.93,83.8,3.3,NON_SMOKER,0.0,True,False,False,False,False,NORMAL,FIT
mcu-uuid-W-00277-2025,worker-uuid-00277,W-00277,2025,2025-08-18,168.8,74.5,26.1,89.1,119,71,71,98,7.8,183,95,44,148,1.05,79.8,5.2,NON_SMOKER,0.0,True,False,False,False,False,NORMAL,FIT
mcu-uuid-W-00277-2026,worker-uuid-00277,W-00277,2026,2026-08-02,168.8,74.3,26.1,86.2,137,84,74,97,7.8,190,102,51,107,1.07,78.2,5.8,NON_SMOKER,0.0,True,False,False,False,False,NORMAL,FIT
mcu-uuid-W-00278-2024,worker-uuid-00278,W-00278,2024,2024-03-08,167.2,65.9,23.6,80.3,125,79,83,112,8.3,201,93,67,85,1.31,53.2,5.6,NON_SMOKER,0.0,True,False,False,False,False,NORMAL,FIT
mcu-uuid-W-00278-2025,worker-uuid-00278,W-00278,2025,2025-03-18,167.2,66.6,23.8,80.0,130,82,84,105,8.0,214,129,41,127,1.17,55.8,6.5,NON_SMOKER,0.0,True,False,False,False,False,NORMAL,FIT
mcu-uuid-W-00278-2026,worker-uuid-00278,W-00278,2026,2026-08-07,167.2,66.8,23.9,81.0,124,82,82,107,7.8,226,147,55,183,1.01,58.8,5.4,NON_SMOKER,0.0,True,False,False,False,False,NORMAL,FIT
mcu-uuid-W-00279-2024,worker-uuid-00279,W-00279,2024,2024-03-06,166.4,70.8,25.6,86.6,148,92,72,75,7.1,187,115,42,103,1.02,84.5,7.1,FORMER_SMOKER,4.2,True,True,False,True,False,NORMAL,FIT_WITH_RESTRICTION
mcu-uuid-W-00279-2025,worker-uuid-00279,W-00279,2025,2025-05-17,166.4,72.1,26.0,88.8,114,80,83,77,6.9,197,120,47,176,1.17,79.8,6.4,FORMER_SMOKER,4.2,True,False,False,False,False,NORMAL,FIT
mcu-uuid-W-00279-2026,worker-uuid-00279,W-00279,2026,2026-05-16,166.4,70.8,25.6,85.5,129,79,71,100,7.9,177,84,50,147,1.02,82.5,6.9,FORMER_SMOKER,4.2,True,False,False,False,False,NORMAL,FIT
mcu-uuid-W-00280-2024,worker-uuid-00280,W-00280,2024,2024-03-25,165.4,76.4,27.9,95.0,133,76,77,93,7.4,196,109,48,109,0.88,68.0,5.4,NON_SMOKER,0.0,True,False,False,False,False,NORMAL,FIT
mcu-uuid-W-00280-2025,worker-uuid-00280,W-00280,2025,2025-07-17,165.4,76.7,28.0,94.3,136,83,69,88,7.6,201,124,53,163,0.88,67.0,5.6,NON_SMOKER,0.0,True,False,False,False,False,NORMAL,FIT
mcu-uuid-W-00280-2026,worker-uuid-00280,W-00280,2026,2026-08-16,165.4,79.1,28.9,96.0,146,100,79,112,8.0,239,160,45,137,0.97,63.8,7.1,NON_SMOKER,0.0,True,True,False,False,True,BORDERLINE,UNFIT
mcu-uuid-W-00281-2024,worker-uuid-00281,W-00281,2024,2024-03-17,172.9,76.1,25.5,87.5,110,70,59,111,8.2,218,133,55,109,1.28,74.0,4.8,NON_SMOKER,0.0,True,False,False,False,False,NORMAL,FIT
mcu-uuid-W-00281-2025,worker-uuid-00281,W-00281,2025,2025-09-28,172.9,76.2,25.5,85.5,124,83,66,99,7.6,217,120,61,212,1.39,70.2,7.5,NON_SMOKER,0.0,True,False,False,False,False,NORMAL,FIT
mcu-uuid-W-00281-2026,worker-uuid-00281,W-00281,2026,2026-10-22,172.9,76.8,25.7,84.5,131,79,67,89,7.3,219,130,47,58,0.99,79.2,7.4,NON_SMOKER,0.0,True,False,False,False,False,NORMAL,FIT
mcu-uuid-W-00282-2024,worker-uuid-00282,W-00282,2024,2024-07-19,161.5,68.6,26.3,88.5,128,82,76,98,7.6,227,131,51,115,0.95,81.2,5.0,FORMER_SMOKER,6.8,True,False,False,False,False,BORDERLINE,FIT
mcu-uuid-W-00282-2025,worker-uuid-00282,W-00282,2025,2025-04-09,161.5,69.5,26.6,87.1,113,70,61,102,7.9,238,154,41,58,0.89,81.8,5.2,FORMER_SMOKER,6.8,True,False,False,False,False,BORDERLINE,FIT
mcu-uuid-W-00282-2026,worker-uuid-00282,W-00282,2026,2026-10-19,161.5,70.7,27.1,91.1,142,95,76,104,8.0,233,151,54,85,1.09,75.8,6.7,FORMER_SMOKER,6.8,True,True,False,False,False,NORMAL,FIT_WITH_RESTRICTION
mcu-uuid-W-00283-2024,worker-uuid-00283,W-00283,2024,2024-06-23,168.4,63.0,22.2,73.3,140,86,86,85,7.2,173,101,46,151,1.05,74.8,4.7,ACTIVE_SMOKER,20.9,True,True,False,False,False,NORMAL,FIT_WITH_RESTRICTION
mcu-uuid-W-00283-2025,worker-uuid-00283,W-00283,2025,2025-10-24,168.4,63.3,22.3,75.0,138,92,65,72,7.0,201,117,39,106,0.98,75.5,6.4,ACTIVE_SMOKER,20.9,True,True,False,False,False,NORMAL,FIT_WITH_RESTRICTION
mcu-uuid-W-00283-2026,worker-uuid-00283,W-00283,2026,2026-03-22,168.4,65.1,23.0,77.2,126,91,77,103,7.9,245,162,50,120,0.88,77.0,5.4,ACTIVE_SMOKER,20.9,True,True,False,False,False,NORMAL,FIT_WITH_RESTRICTION
mcu-uuid-W-00284-2024,worker-uuid-00284,W-00284,2024,2024-11-02,167.7,70.4,25.0,83.8,114,75,84,114,8.3,213,150,39,129,0.76,91.0,5.9,FORMER_SMOKER,2.9,True,False,False,False,False,NORMAL,FIT
mcu-uuid-W-00284-2025,worker-uuid-00284,W-00284,2025,2025-05-25,167.7,70.3,25.0,85.7,133,91,70,102,7.6,246,161,58,128,1.21,78.8,6.3,FORMER_SMOKER,2.9,True,True,False,False,False,NORMAL,FIT_WITH_RESTRICTION
mcu-uuid-W-00284-2026,worker-uuid-00284,W-00284,2026,2026-05-15,167.7,72.4,25.7,85.3,119,78,71,67,6.6,200,126,44,61,1.07,81.2,7.3,FORMER_SMOKER,2.9,True,False,False,False,False,NORMAL,FIT
mcu-uuid-W-00285-2024,worker-uuid-00285,W-00285,2024,2024-11-18,173.9,78.8,26.1,88.6,132,84,75,78,7.1,218,154,41,131,1.24,74.0,7.6,NON_SMOKER,0.0,True,False,True,False,False,NORMAL,FIT
mcu-uuid-W-00285-2025,worker-uuid-00285,W-00285,2025,2025-07-01,173.9,78.7,26.0,86.3,136,80,79,92,7.3,249,149,55,149,0.77,84.8,5.8,NON_SMOKER,0.0,True,False,True,False,True,NORMAL,FIT
mcu-uuid-W-00285-2026,worker-uuid-00285,W-00285,2026,2026-04-06,173.9,81.3,26.9,91.6,124,83,67,118,8.2,147,67,43,172,1.13,74.8,5.5,NON_SMOKER,0.0,True,False,True,False,False,NORMAL,FIT
mcu-uuid-W-00286-2024,worker-uuid-00286,W-00286,2024,2024-09-13,172.6,84.4,28.3,96.0,145,88,73,81,7.3,183,103,48,136,1.03,82.2,6.6,NON_SMOKER,0.0,True,True,False,True,False,NORMAL,FIT_WITH_RESTRICTION
mcu-uuid-W-00286-2025,worker-uuid-00286,W-00286,2025,2025-10-05,172.6,85.8,28.8,97.7,129,86,88,104,7.7,226,143,55,133,1.0,82.0,6.1,NON_SMOKER,0.0,True,False,False,False,False,NORMAL,FIT
mcu-uuid-W-00286-2026,worker-uuid-00286,W-00286,2026,2026-07-27,172.6,83.9,28.2,94.8,132,83,73,87,7.4,217,127,49,200,0.81,85.8,3.4,NON_SMOKER,0.0,True,False,False,False,False,NORMAL,FIT
mcu-uuid-W-00287-2024,worker-uuid-00287,W-00287,2024,2024-08-11,164.7,69.7,25.7,86.1,128,83,72,109,7.8,203,106,59,55,0.87,83.2,5.4,NON_SMOKER,0.0,True,False,False,False,False,BORDERLINE,FIT
mcu-uuid-W-00287-2025,worker-uuid-00287,W-00287,2025,2025-07-23,164.7,69.7,25.7,84.5,132,76,79,99,7.7,219,150,48,187,1.05,77.8,5.1,NON_SMOKER,0.0,True,False,False,False,False,NORMAL,FIT
mcu-uuid-W-00287-2026,worker-uuid-00287,W-00287,2026,2026-06-24,164.7,70.5,26.0,87.4,121,78,85,86,7.3,239,157,43,108,1.15,74.2,5.2,NON_SMOKER,0.0,True,False,False,False,False,NORMAL,FIT
mcu-uuid-W-00288-2024,worker-uuid-00288,W-00288,2024,2024-07-17,154.0,70.3,29.6,100.7,130,82,71,132,8.8,210,117,48,179,0.96,80.0,6.3,ACTIVE_SMOKER,7.3,True,False,False,False,False,NORMAL,FIT
mcu-uuid-W-00288-2025,worker-uuid-00288,W-00288,2025,2025-10-02,154.0,71.5,30.1,100.6,145,89,80,110,8.1,245,168,35,191,0.82,82.5,5.1,ACTIVE_SMOKER,7.3,True,True,False,False,False,NORMAL,FIT_WITH_RESTRICTION
mcu-uuid-W-00288-2026,worker-uuid-00288,W-00288,2026,2026-06-23,154.0,70.9,29.9,101.4,133,87,82,106,7.7,225,166,37,174,0.96,78.0,5.7,ACTIVE_SMOKER,7.3,True,False,False,False,False,NORMAL,FIT
mcu-uuid-W-00289-2024,worker-uuid-00289,W-00289,2024,2024-05-01,181.0,88.0,26.9,91.0,123,77,70,114,8.2,201,130,48,105,1.28,56.0,6.0,FORMER_SMOKER,10.2,True,False,False,False,False,NORMAL,FIT
mcu-uuid-W-00289-2025,worker-uuid-00289,W-00289,2025,2025-05-16,181.0,89.1,27.2,92.6,131,78,73,133,8.5,249,178,47,165,1.1,59.5,5.1,FORMER_SMOKER,10.2,True,False,False,False,True,NORMAL,FIT
mcu-uuid-W-00289-2026,worker-uuid-00289,W-00289,2026,2026-10-16,181.0,88.7,27.1,89.7,160,95,56,95,7.6,208,127,41,162,1.13,57.8,4.8,FORMER_SMOKER,10.2,True,True,False,False,False,NORMAL,UNFIT
mcu-uuid-W-00290-2024,worker-uuid-00290,W-00290,2024,2024-10-27,170.5,65.9,22.7,76.5,125,81,77,87,7.4,187,94,55,118,1.24,80.0,7.4,NON_SMOKER,0.0,True,False,False,False,False,NORMAL,FIT
mcu-uuid-W-00290-2025,worker-uuid-00290,W-00290,2025,2025-06-21,170.5,66.5,22.9,78.5,128,87,74,114,8.1,211,116,54,135,0.92,87.0,5.1,NON_SMOKER,0.0,True,False,False,False,False,NORMAL,FIT
mcu-uuid-W-00290-2026,worker-uuid-00290,W-00290,2026,2026-09-13,170.5,65.7,22.6,74.4,126,81,59,93,7.6,169,85,40,210,0.87,87.2,7.6,NON_SMOKER,0.0,True,False,False,False,False,NORMAL,FIT
mcu-uuid-W-00291-2024,worker-uuid-00291,W-00291,2024,2024-07-17,160.7,66.2,25.6,86.8,118,76,73,85,7.1,195,103,50,169,1.17,57.8,5.1,NON_SMOKER,0.0,True,False,False,False,False,NORMAL,FIT
mcu-uuid-W-00291-2025,worker-uuid-00291,W-00291,2025,2025-11-10,160.7,65.8,25.5,85.6,136,79,74,105,7.7,235,139,55,193,0.65,69.8,6.5,NON_SMOKER,0.0,True,False,False,False,False,NORMAL,FIT
mcu-uuid-W-00291-2026,worker-uuid-00291,W-00291,2026,2026-03-28,160.7,69.0,26.7,89.2,149,97,69,111,8.2,252,178,48,55,0.92,62.0,7.3,NON_SMOKER,0.0,True,True,False,True,False,ABNORMAL,UNFIT
mcu-uuid-W-00292-2024,worker-uuid-00292,W-00292,2024,2024-03-18,174.1,63.4,20.9,70.5,123,80,81,82,7.2,237,147,51,104,0.91,82.2,4.6,ACTIVE_SMOKER,22.1,True,False,False,False,False,NORMAL,FIT
mcu-uuid-W-00292-2025,worker-uuid-00292,W-00292,2025,2025-07-13,174.1,64.3,21.2,70.8,122,76,70,93,7.7,218,143,39,109,1.0,79.0,5.5,ACTIVE_SMOKER,22.1,True,False,False,False,False,NORMAL,FIT
mcu-uuid-W-00292-2026,worker-uuid-00292,W-00292,2026,2026-07-01,174.1,63.6,21.0,71.7,127,78,91,98,7.4,190,110,47,101,1.15,74.2,6.7,ACTIVE_SMOKER,22.1,True,False,False,False,False,NORMAL,FIT
mcu-uuid-W-00293-2024,worker-uuid-00293,W-00293,2024,2024-08-21,161.4,67.8,26.0,87.0,104,66,61,105,7.7,231,150,46,141,0.72,82.0,2.3,NON_SMOKER,0.0,True,False,False,False,False,NORMAL,FIT
mcu-uuid-W-00293-2025,worker-uuid-00293,W-00293,2025,2025-04-18,161.4,68.7,26.4,89.8,129,83,78,90,7.3,265,189,56,125,0.81,78.8,5.3,NON_SMOKER,0.0,True,False,False,False,True,NORMAL,FIT
mcu-uuid-W-00293-2026,worker-uuid-00293,W-00293,2026,2026-05-10,161.4,68.4,26.3,89.6,140,91,57,129,8.5,220,142,42,71,0.93,74.8,4.2,NON_SMOKER,0.0,True,True,False,False,False,NORMAL,FIT_WITH_RESTRICTION
mcu-uuid-W-00294-2024,worker-uuid-00294,W-00294,2024,2024-10-15,171.9,84.5,28.6,96.1,122,76,59,104,7.9,210,124,57,129,0.97,93.8,5.2,NON_SMOKER,0.0,True,False,False,False,False,NORMAL,FIT
mcu-uuid-W-00294-2025,worker-uuid-00294,W-00294,2025,2025-10-17,171.9,84.3,28.5,94.4,118,72,67,109,8.1,169,85,40,147,1.03,91.2,5.1,NON_SMOKER,0.0,True,False,False,False,False,BORDERLINE,FIT
mcu-uuid-W-00294-2026,worker-uuid-00294,W-00294,2026,2026-11-10,171.9,83.5,28.3,93.9,124,78,65,106,7.7,214,128,47,141,0.8,96.0,4.7,NON_SMOKER,0.0,True,False,False,False,False,BORDERLINE,FIT
mcu-uuid-W-00295-2024,worker-uuid-00295,W-00295,2024,2024-04-10,154.8,67.9,28.3,95.5,123,80,81,120,8.1,207,121,50,232,0.87,91.2,5.1,FORMER_SMOKER,12.6,True,False,False,False,False,NORMAL,FIT
mcu-uuid-W-00295-2025,worker-uuid-00295,W-00295,2025,2025-10-12,154.8,69.3,28.9,95.9,116,80,69,134,8.8,242,178,40,107,1.01,86.8,4.3,FORMER_SMOKER,12.6,True,False,False,False,False,NORMAL,FIT
mcu-uuid-W-00295-2026,worker-uuid-00295,W-00295,2026,2026-10-17,154.8,68.0,28.4,94.3,129,81,67,103,7.9,256,174,55,110,0.96,87.0,5.1,FORMER_SMOKER,12.6,True,False,False,False,True,NORMAL,FIT
mcu-uuid-W-00296-2024,worker-uuid-00296,W-00296,2024,2024-05-05,166.9,76.2,27.4,89.8,137,84,68,96,7.8,199,105,54,131,0.91,91.2,6.1,FORMER_SMOKER,2.4,True,False,False,False,False,NORMAL,FIT
mcu-uuid-W-00296-2025,worker-uuid-00296,W-00296,2025,2025-11-24,166.9,76.1,27.3,90.8,146,100,62,124,8.3,247,150,55,103,1.49,75.8,6.3,FORMER_SMOKER,2.4,True,True,False,False,True,NORMAL,UNFIT
mcu-uuid-W-00296-2026,worker-uuid-00296,W-00296,2026,2026-07-01,166.9,77.8,27.9,92.8,133,95,64,97,7.8,228,139,50,117,0.96,88.0,5.9,FORMER_SMOKER,2.4,True,True,False,False,False,NORMAL,FIT_WITH_RESTRICTION
mcu-uuid-W-00297-2024,worker-uuid-00297,W-00297,2024,2024-08-16,161.0,70.8,27.3,91.9,154,94,83,104,7.6,225,155,43,105,0.89,69.8,5.0,ACTIVE_SMOKER,26.7,True,True,False,True,False,NORMAL,FIT_WITH_RESTRICTION
mcu-uuid-W-00297-2025,worker-uuid-00297,W-00297,2025,2025-07-25,161.0,70.5,27.2,89.8,148,95,93,93,7.7,184,103,38,196,0.72,73.0,5.7,ACTIVE_SMOKER,26.7,True,True,False,False,False,NORMAL,FIT_WITH_RESTRICTION
mcu-uuid-W-00297-2026,worker-uuid-00297,W-00297,2026,2026-07-06,161.0,72.9,28.1,94.6,135,83,82,100,7.5,241,175,37,114,1.13,61.8,5.5,ACTIVE_SMOKER,26.7,True,False,False,False,False,NORMAL,FIT
mcu-uuid-W-00298-2024,worker-uuid-00298,W-00298,2024,2024-08-01,177.1,91.3,29.1,98.7,126,88,72,111,8.0,177,98,53,143,0.86,89.5,4.9,NON_SMOKER,0.0,True,False,False,False,False,NORMAL,FIT
mcu-uuid-W-00298-2025,worker-uuid-00298,W-00298,2025,2025-09-15,177.1,91.4,29.1,98.6,123,77,74,101,7.9,220,143,39,118,0.96,86.0,4.5,NON_SMOKER,0.0,True,False,False,False,False,BORDERLINE,FIT
mcu-uuid-W-00298-2026,worker-uuid-00298,W-00298,2026,2026-11-07,177.1,93.2,29.7,97.2,149,99,74,86,7.2,216,143,43,218,1.12,81.0,5.7,NON_SMOKER,0.0,True,True,False,False,False,BORDERLINE,FIT_WITH_RESTRICTION
mcu-uuid-W-00299-2024,worker-uuid-00299,W-00299,2024,2024-06-19,162.2,73.1,27.8,94.6,138,87,88,125,8.7,180,119,30,100,0.88,67.0,7.4,ACTIVE_SMOKER,7.8,True,False,False,False,False,NORMAL,FIT
mcu-uuid-W-00299-2025,worker-uuid-00299,W-00299,2025,2025-05-05,162.2,74.4,28.3,96.4,158,102,69,115,8.0,219,144,39,83,1.3,55.5,5.8,ACTIVE_SMOKER,7.8,True,True,False,False,False,NORMAL,UNFIT
mcu-uuid-W-00299-2026,worker-uuid-00299,W-00299,2026,2026-11-03,162.2,75.0,28.5,95.4,163,97,74,108,7.8,279,217,41,149,1.13,58.8,8.6,ACTIVE_SMOKER,7.8,True,True,False,False,True,NORMAL,UNFIT
mcu-uuid-W-00300-2024,worker-uuid-00300,W-00300,2024,2024-05-05,165.2,64.0,23.5,79.9,112,75,61,91,7.5,218,136,55,151,0.99,89.2,5.9,NON_SMOKER,0.0,True,False,False,False,False,NORMAL,FIT
mcu-uuid-W-00300-2025,worker-uuid-00300,W-00300,2025,2025-05-24,165.2,65.4,24.0,81.8,112,72,71,113,8.1,207,109,61,133,1.08,86.0,6.6,NON_SMOKER,0.0,True,False,False,False,False,BORDERLINE,FIT
mcu-uuid-W-00300-2026,worker-uuid-00300,W-00300,2026,2026-06-25,165.2,64.4,23.6,79.9,123,74,82,85,7.5,203,116,48,175,0.68,95.0,4.7,NON_SMOKER,0.0,True,False,False,False,False,NORMAL,FIT
mcu-uuid-W-00301-2024,worker-uuid-00301,W-00301,2024,2024-05-07,173.1,82.3,27.5,90.3,119,76,72,114,8.1,154,87,45,172,1.26,77.5,4.9,ACTIVE_SMOKER,12.3,True,False,False,False,False,NORMAL,FIT
mcu-uuid-W-00301-2025,worker-uuid-00301,W-00301,2025,2025-08-03,173.1,82.7,27.6,92.0,132,79,90,100,7.8,229,163,36,132,1.04,82.0,4.8,ACTIVE_SMOKER,12.3,True,False,False,False,True,NORMAL,FIT
mcu-uuid-W-00301-2026,worker-uuid-00301,W-00301,2026,2026-10-23,173.1,84.3,28.1,95.0,133,92,82,109,7.9,192,117,52,113,1.14,78.5,5.6,ACTIVE_SMOKER,12.3,True,True,False,True,False,BORDERLINE,FIT_WITH_RESTRICTION
mcu-uuid-W-00302-2024,worker-uuid-00302,W-00302,2024,2024-09-20,165.1,77.2,28.3,96.2,125,74,87,96,7.4,166,93,47,162,1.08,74.0,5.2,FORMER_SMOKER,14.0,True,False,False,False,False,NORMAL,FIT
mcu-uuid-W-00302-2025,worker-uuid-00302,W-00302,2025,2025-09-09,165.1,76.7,28.1,92.2,141,79,85,97,7.7,286,194,63,101,0.82,79.5,5.6,FORMER_SMOKER,14.0,True,True,False,False,False,NORMAL,FIT_WITH_RESTRICTION
mcu-uuid-W-00302-2026,worker-uuid-00302,W-00302,2026,2026-11-05,165.1,76.7,28.1,95.7,121,85,69,88,7.3,207,113,52,138,1.0,74.0,4.6,FORMER_SMOKER,14.0,True,False,False,False,False,NORMAL,FIT
mcu-uuid-W-00303-2024,worker-uuid-00303,W-00303,2024,2024-04-08,156.7,49.6,20.2,67.8,116,70,81,69,7.0,160,75,42,69,0.63,82.2,6.5,ACTIVE_SMOKER,22.3,True,False,True,False,False,NORMAL,FIT
mcu-uuid-W-00303-2025,worker-uuid-00303,W-00303,2025,2025-06-08,156.7,49.6,20.2,67.5,142,88,78,102,7.5,223,143,38,110,0.91,74.2,6.2,ACTIVE_SMOKER,22.3,True,True,True,False,False,NORMAL,FIT_WITH_RESTRICTION
mcu-uuid-W-00303-2026,worker-uuid-00303,W-00303,2026,2026-08-06,156.7,50.7,20.6,69.2,122,72,83,111,8.2,202,114,59,55,0.81,75.8,8.6,ACTIVE_SMOKER,22.3,True,False,True,False,False,NORMAL,FIT
mcu-uuid-W-00304-2024,worker-uuid-00304,W-00304,2024,2024-04-15,160.8,65.4,25.3,84.3,109,64,71,113,8.2,254,177,43,119,0.73,87.8,5.2,NON_SMOKER,0.0,True,False,True,False,False,NORMAL,FIT
mcu-uuid-W-00304-2025,worker-uuid-00304,W-00304,2025,2025-04-22,160.8,66.6,25.8,87.4,136,83,67,102,7.9,273,183,59,191,0.93,81.8,3.0,NON_SMOKER,0.0,True,False,True,False,False,NORMAL,FIT
mcu-uuid-W-00304-2026,worker-uuid-00304,W-00304,2026,2026-08-15,160.8,65.0,25.1,84.4,132,79,68,86,7.1,224,156,45,90,1.04,78.0,8.0,NON_SMOKER,0.0,True,False,True,False,False,NORMAL,FIT
mcu-uuid-W-00305-2024,worker-uuid-00305,W-00305,2024,2024-05-02,169.5,78.5,27.3,92.5,134,92,86,109,7.9,174,93,45,95,0.82,85.5,5.1,ACTIVE_SMOKER,23.2,True,True,True,True,False,NORMAL,FIT_WITH_RESTRICTION
mcu-uuid-W-00305-2025,worker-uuid-00305,W-00305,2025,2025-07-23,169.5,79.1,27.5,92.2,143,85,78,85,7.1,232,151,49,135,0.72,87.0,4.8,ACTIVE_SMOKER,23.2,True,True,True,True,False,NORMAL,FIT_WITH_RESTRICTION
mcu-uuid-W-00305-2026,worker-uuid-00305,W-00305,2026,2026-04-22,169.5,78.0,27.1,90.8,154,98,78,90,7.4,224,138,51,161,0.77,84.8,6.4,ACTIVE_SMOKER,23.2,True,True,True,True,False,ABNORMAL,UNFIT
mcu-uuid-W-00306-2024,worker-uuid-00306,W-00306,2024,2024-09-07,147.0,56.8,26.3,87.1,115,77,67,91,7.6,190,104,51,141,1.06,70.5,5.8,FORMER_SMOKER,10.9,True,False,False,False,False,BORDERLINE,FIT
mcu-uuid-W-00306-2025,worker-uuid-00306,W-00306,2025,2025-11-05,147.0,56.4,26.1,86.1,122,74,83,76,6.8,193,95,54,135,0.94,72.5,5.1,FORMER_SMOKER,10.9,True,False,False,False,False,NORMAL,FIT
mcu-uuid-W-00306-2026,worker-uuid-00306,W-00306,2026,2026-10-06,147.0,59.2,27.4,92.7,123,78,81,119,8.2,218,123,62,162,0.67,78.2,6.7,FORMER_SMOKER,10.9,True,False,False,False,False,NORMAL,FIT
mcu-uuid-W-00307-2024,worker-uuid-00307,W-00307,2024,2024-08-14,167.7,91.2,32.4,109.6,144,92,63,96,7.7,208,124,52,178,1.22,75.5,6.0,NON_SMOKER,0.0,True,True,False,True,False,NORMAL,FIT_WITH_RESTRICTION
mcu-uuid-W-00307-2025,worker-uuid-00307,W-00307,2025,2025-07-02,167.7,90.7,32.3,108.2,128,82,77,108,8.2,207,131,47,160,1.03,79.2,6.7,NON_SMOKER,0.0,True,False,False,False,False,NORMAL,FIT_WITH_RESTRICTION
mcu-uuid-W-00307-2026,worker-uuid-00307,W-00307,2026,2026-11-04,167.7,90.8,32.3,108.9,146,84,69,108,8.1,210,152,36,197,1.11,76.2,3.1,NON_SMOKER,0.0,True,True,False,False,False,NORMAL,FIT_WITH_RESTRICTION
mcu-uuid-W-00308-2024,worker-uuid-00308,W-00308,2024,2024-07-09,167.7,62.6,22.3,75.0,126,71,70,121,8.1,241,165,35,97,1.1,82.5,5.2,ACTIVE_SMOKER,15.3,True,False,False,False,False,NORMAL,FIT
mcu-uuid-W-00308-2025,worker-uuid-00308,W-00308,2025,2025-07-17,167.7,63.8,22.7,76.9,130,76,83,101,7.6,208,127,36,129,0.91,86.2,7.0,ACTIVE_SMOKER,15.3,True,False,False,False,False,NORMAL,FIT
mcu-uuid-W-00308-2026,worker-uuid-00308,W-00308,2026,2026-10-07,167.7,63.3,22.5,74.2,125,83,71,100,7.9,203,125,45,150,0.73,89.8,6.4,ACTIVE_SMOKER,15.3,True,False,False,False,False,NORMAL,FIT
mcu-uuid-W-00309-2024,worker-uuid-00309,W-00309,2024,2024-04-01,165.7,77.6,28.3,95.9,124,86,83,114,7.9,209,131,44,149,0.72,82.0,3.7,NON_SMOKER,0.0,True,False,False,False,False,BORDERLINE,FIT
mcu-uuid-W-00309-2025,worker-uuid-00309,W-00309,2025,2025-03-23,165.7,77.3,28.2,93.7,122,79,72,113,8.3,201,111,59,134,1.13,70.8,4.7,NON_SMOKER,0.0,True,False,False,False,False,NORMAL,FIT
mcu-uuid-W-00309-2026,worker-uuid-00309,W-00309,2026,2026-05-16,165.7,78.1,28.4,94.2,135,85,69,108,8.1,219,131,55,170,0.63,82.2,5.1,NON_SMOKER,0.0,True,False,False,False,False,NORMAL,FIT
mcu-uuid-W-00310-2024,worker-uuid-00310,W-00310,2024,2024-09-10,165.5,80.0,29.2,95.7,122,80,71,93,7.7,221,155,35,146,0.77,81.8,6.7,FORMER_SMOKER,3.8,True,False,False,False,False,NORMAL,FIT
mcu-uuid-W-00310-2025,worker-uuid-00310,W-00310,2025,2025-09-19,165.5,81.1,29.6,97.4,146,96,92,109,8.2,221,140,52,150,1.17,70.8,7.9,FORMER_SMOKER,3.8,True,True,False,True,False,NORMAL,FIT_WITH_RESTRICTION
mcu-uuid-W-00310-2026,worker-uuid-00310,W-00310,2026,2026-05-01,165.5,82.1,30.0,101.3,148,94,70,104,7.9,221,136,59,164,1.17,69.8,4.7,FORMER_SMOKER,3.8,True,True,False,True,False,ABNORMAL,UNFIT
mcu-uuid-W-00311-2024,worker-uuid-00311,W-00311,2024,2024-05-28,171.6,79.1,26.9,91.2,138,86,75,103,7.6,202,135,27,87,1.16,74.0,7.5,ACTIVE_SMOKER,23.4,True,False,True,False,False,NORMAL,FIT
mcu-uuid-W-00311-2025,worker-uuid-00311,W-00311,2025,2025-04-26,171.6,78.9,26.8,89.9,136,85,84,116,8.1,215,135,35,109,1.14,73.5,6.9,ACTIVE_SMOKER,23.4,True,False,True,False,False,NORMAL,FIT
mcu-uuid-W-00311-2026,worker-uuid-00311,W-00311,2026,2026-11-02,171.6,78.6,26.7,88.6,126,79,83,113,7.9,226,160,43,121,0.89,78.8,6.0,ACTIVE_SMOKER,23.4,True,False,True,False,False,NORMAL,FIT
mcu-uuid-W-00312-2024,worker-uuid-00312,W-00312,2024,2024-07-19,167.7,85.6,30.4,102.9,136,78,67,104,7.6,219,135,39,170,1.04,62.0,6.5,NON_SMOKER,0.0,True,False,False,False,False,BORDERLINE,FIT_WITH_RESTRICTION
mcu-uuid-W-00312-2025,worker-uuid-00312,W-00312,2025,2025-09-03,167.7,85.5,30.4,100.8,127,79,59,105,7.6,208,110,63,149,1.39,52.2,5.0,NON_SMOKER,0.0,True,False,False,False,False,NORMAL,FIT_WITH_RESTRICTION
mcu-uuid-W-00312-2026,worker-uuid-00312,W-00312,2026,2026-09-20,167.7,87.6,31.1,104.7,149,89,65,90,7.5,254,183,43,131,1.1,58.5,5.9,NON_SMOKER,0.0,True,True,False,False,False,NORMAL,FIT_WITH_RESTRICTION
mcu-uuid-W-00313-2024,worker-uuid-00313,W-00313,2024,2024-03-12,171.8,61.0,20.7,68.3,103,68,63,108,8.1,211,134,49,138,1.33,71.8,6.0,NON_SMOKER,0.0,True,False,True,False,False,NORMAL,FIT
mcu-uuid-W-00313-2025,worker-uuid-00313,W-00313,2025,2025-03-23,171.8,61.2,20.7,68.4,117,72,66,97,7.7,168,90,50,133,0.7,86.5,7.0,NON_SMOKER,0.0,True,False,True,False,False,NORMAL,FIT
mcu-uuid-W-00313-2026,worker-uuid-00313,W-00313,2026,2026-10-05,171.8,62.6,21.2,70.7,144,87,75,104,7.6,167,88,57,222,1.02,77.5,5.4,NON_SMOKER,0.0,True,True,True,False,False,NORMAL,FIT_WITH_RESTRICTION
mcu-uuid-W-00314-2024,worker-uuid-00314,W-00314,2024,2024-05-26,185.3,83.0,24.2,81.7,108,64,64,97,7.5,196,123,46,55,1.13,83.8,6.2,FORMER_SMOKER,3.7,True,False,True,False,False,NORMAL,FIT
mcu-uuid-W-00314-2025,worker-uuid-00314,W-00314,2025,2025-10-21,185.3,84.2,24.5,82.0,131,80,61,90,7.5,185,102,59,80,1.12,83.0,5.5,FORMER_SMOKER,3.7,True,False,True,False,False,BORDERLINE,FIT
mcu-uuid-W-00314-2026,worker-uuid-00314,W-00314,2026,2026-08-20,185.3,83.3,24.3,83.3,123,71,72,84,7.1,221,135,54,136,0.69,92.8,6.2,FORMER_SMOKER,3.7,True,False,True,False,False,NORMAL,FIT
mcu-uuid-W-00315-2024,worker-uuid-00315,W-00315,2024,2024-11-07,174.5,80.5,26.4,87.6,120,90,87,129,8.3,268,194,53,55,1.03,81.2,7.7,NON_SMOKER,0.0,True,True,False,True,True,BORDERLINE,FIT_WITH_RESTRICTION
mcu-uuid-W-00315-2025,worker-uuid-00315,W-00315,2025,2025-06-16,174.5,80.7,26.5,90.0,120,76,78,94,7.4,210,142,48,101,1.25,74.8,5.1,NON_SMOKER,0.0,True,False,False,False,False,NORMAL,FIT
mcu-uuid-W-00315-2026,worker-uuid-00315,W-00315,2026,2026-04-20,174.5,81.6,26.8,91.6,141,87,72,96,7.5,189,127,42,140,0.8,85.0,4.6,NON_SMOKER,0.0,True,True,False,False,False,NORMAL,FIT_WITH_RESTRICTION
mcu-uuid-W-00316-2024,worker-uuid-00316,W-00316,2024,2024-04-17,176.3,83.0,26.7,87.8,135,89,73,98,7.8,179,97,56,170,0.92,72.0,7.1,NON_SMOKER,0.0,True,False,False,False,False,NORMAL,FIT
mcu-uuid-W-00316-2025,worker-uuid-00316,W-00316,2025,2025-10-27,176.3,83.7,26.9,88.2,125,77,79,119,8.2,233,153,50,159,0.92,71.0,5.1,NON_SMOKER,0.0,True,False,False,False,False,NORMAL,FIT
mcu-uuid-W-00316-2026,worker-uuid-00316,W-00316,2026,2026-07-24,176.3,85.7,27.6,93.1,144,89,77,104,7.7,243,157,46,141,0.9,70.5,6.1,NON_SMOKER,0.0,True,True,False,True,False,ABNORMAL,UNFIT
mcu-uuid-W-00317-2024,worker-uuid-00317,W-00317,2024,2024-11-10,171.9,62.2,21.0,72.4,123,80,71,98,7.8,192,116,50,184,1.02,76.5,6.1,FORMER_SMOKER,7.7,True,False,False,False,False,NORMAL,FIT
mcu-uuid-W-00317-2025,worker-uuid-00317,W-00317,2025,2025-10-12,171.9,61.9,20.9,71.6,120,77,87,75,7.2,190,104,53,128,0.85,79.8,6.7,FORMER_SMOKER,7.7,True,False,False,False,False,BORDERLINE,FIT
mcu-uuid-W-00317-2026,worker-uuid-00317,W-00317,2026,2026-05-16,171.9,63.4,21.5,72.0,135,85,67,116,8.0,220,134,45,159,0.8,80.0,6.1,FORMER_SMOKER,7.7,True,False,False,False,False,NORMAL,FIT
mcu-uuid-W-00318-2024,worker-uuid-00318,W-00318,2024,2024-03-06,175.3,90.2,29.4,96.4,131,85,65,106,8.1,251,181,50,164,1.29,60.8,7.1,NON_SMOKER,0.0,True,False,True,False,True,NORMAL,FIT
mcu-uuid-W-00318-2025,worker-uuid-00318,W-00318,2025,2025-11-17,175.3,90.6,29.5,97.5,147,99,75,115,8.3,233,142,59,166,1.0,67.0,5.7,NON_SMOKER,0.0,True,True,True,True,False,NORMAL,FIT_WITH_RESTRICTION
mcu-uuid-W-00318-2026,worker-uuid-00318,W-00318,2026,2026-10-14,175.3,90.9,29.6,96.8,154,99,67,104,7.7,213,143,35,158,0.67,74.2,5.0,NON_SMOKER,0.0,True,True,True,False,False,NORMAL,FIT_WITH_RESTRICTION
mcu-uuid-W-00319-2024,worker-uuid-00319,W-00319,2024,2024-07-04,164.3,67.1,24.9,82.3,138,104,86,97,7.6,254,183,47,56,1.18,65.5,5.6,ACTIVE_SMOKER,21.7,True,True,True,True,False,NORMAL,UNFIT
mcu-uuid-W-00319-2025,worker-uuid-00319,W-00319,2025,2025-07-07,164.3,67.5,25.0,85.7,159,101,77,75,6.8,173,92,52,205,0.8,74.0,6.3,ACTIVE_SMOKER,21.7,True,True,True,True,False,NORMAL,UNFIT
mcu-uuid-W-00319-2026,worker-uuid-00319,W-00319,2026,2026-06-02,164.3,66.3,24.6,82.6,141,86,92,120,8.5,237,146,50,164,0.81,72.8,5.7,ACTIVE_SMOKER,21.7,True,True,True,False,False,BORDERLINE,FIT_WITH_RESTRICTION
mcu-uuid-W-00320-2024,worker-uuid-00320,W-00320,2024,2024-04-28,169.3,78.4,27.4,91.7,127,79,77,105,8.0,258,181,53,133,1.51,54.2,7.7,FORMER_SMOKER,10.7,True,False,False,False,False,NORMAL,FIT
mcu-uuid-W-00320-2025,worker-uuid-00320,W-00320,2025,2025-11-16,169.3,79.7,27.8,93.2,139,92,78,106,7.8,244,161,55,179,1.11,63.2,6.3,FORMER_SMOKER,10.7,True,True,False,False,False,BORDERLINE,FIT_WITH_RESTRICTION
mcu-uuid-W-00320-2026,worker-uuid-00320,W-00320,2026,2026-10-23,169.3,79.8,27.8,92.1,143,95,71,115,8.3,227,162,41,243,0.93,66.8,5.8,FORMER_SMOKER,10.7,True,True,False,False,False,NORMAL,FIT_WITH_RESTRICTION
mcu-uuid-W-00321-2024,worker-uuid-00321,W-00321,2024,2024-08-20,169.3,77.2,26.9,91.2,128,75,73,99,7.9,221,140,53,88,0.89,67.8,5.5,ACTIVE_SMOKER,8.2,True,False,False,False,False,BORDERLINE,FIT
mcu-uuid-W-00321-2025,worker-uuid-00321,W-00321,2025,2025-03-17,169.3,78.2,27.3,91.0,146,96,80,113,8.2,203,122,53,212,1.12,61.0,4.3,ACTIVE_SMOKER,8.2,True,True,False,False,False,NORMAL,FIT_WITH_RESTRICTION
mcu-uuid-W-00321-2026,worker-uuid-00321,W-00321,2026,2026-07-21,169.3,76.8,26.8,91.6,146,88,79,120,8.5,249,175,43,189,0.95,64.2,5.9,ACTIVE_SMOKER,8.2,True,True,False,True,False,BORDERLINE,FIT_WITH_RESTRICTION
mcu-uuid-W-00322-2024,worker-uuid-00322,W-00322,2024,2024-06-15,162.6,70.8,26.8,89.8,141,93,82,76,7.1,237,156,45,127,1.23,54.2,7.0,ACTIVE_SMOKER,17.3,True,True,False,False,False,NORMAL,FIT_WITH_RESTRICTION
mcu-uuid-W-00322-2025,worker-uuid-00322,W-00322,2025,2025-05-24,162.6,71.4,27.0,88.8,153,91,73,101,8.0,154,73,46,195,1.1,56.5,7.5,ACTIVE_SMOKER,17.3,True,True,False,True,False,NORMAL,FIT_WITH_RESTRICTION
mcu-uuid-W-00322-2026,worker-uuid-00322,W-00322,2026,2026-04-20,162.6,73.0,27.6,93.3,158,100,82,94,7.5,223,140,47,197,1.37,48.8,6.7,ACTIVE_SMOKER,17.3,True,True,False,False,False,NORMAL,UNFIT
mcu-uuid-W-00323-2024,worker-uuid-00323,W-00323,2024,2024-05-23,174.3,76.9,25.3,86.8,99,61,69,73,6.9,210,123,43,183,0.98,83.5,4.9,FORMER_SMOKER,10.2,True,False,False,False,False,NORMAL,FIT
mcu-uuid-W-00323-2025,worker-uuid-00323,W-00323,2025,2025-04-19,174.3,77.7,25.6,85.4,133,86,72,106,7.8,253,175,47,96,1.05,80.8,9.1,FORMER_SMOKER,10.2,True,False,False,False,True,NORMAL,FIT
mcu-uuid-W-00323-2026,worker-uuid-00323,W-00323,2026,2026-04-26,174.3,76.0,25.0,82.8,132,81,60,104,7.7,125,55,40,188,0.95,82.2,5.7,FORMER_SMOKER,10.2,True,False,False,False,False,NORMAL,FIT
mcu-uuid-W-00324-2024,worker-uuid-00324,W-00324,2024,2024-10-10,166.1,66.2,24.0,79.0,140,90,68,71,7.1,132,55,49,172,1.16,74.0,6.0,ACTIVE_SMOKER,8.5,True,True,False,False,False,NORMAL,FIT_WITH_RESTRICTION
mcu-uuid-W-00324-2025,worker-uuid-00324,W-00324,2025,2025-05-19,166.1,66.1,24.0,82.5,142,88,76,71,6.9,210,127,53,141,1.21,71.8,6.6,ACTIVE_SMOKER,8.5,True,True,False,True,False,NORMAL,FIT_WITH_RESTRICTION
mcu-uuid-W-00324-2026,worker-uuid-00324,W-00324,2026,2026-07-14,166.1,66.9,24.2,81.7,143,90,76,100,7.7,165,77,52,157,1.04,75.0,6.0,ACTIVE_SMOKER,8.5,True,True,False,True,False,ABNORMAL,UNFIT
mcu-uuid-W-00325-2024,worker-uuid-00325,W-00325,2024,2024-05-23,174.0,74.5,24.6,84.2,140,83,54,111,8.2,210,143,43,153,1.01,78.8,7.2,NON_SMOKER,0.0,True,True,False,False,False,NORMAL,FIT_WITH_RESTRICTION
mcu-uuid-W-00325-2025,worker-uuid-00325,W-00325,2025,2025-04-21,174.0,74.5,24.6,81.0,115,78,75,101,7.6,213,120,48,159,0.98,78.5,5.8,NON_SMOKER,0.0,True,False,False,False,False,NORMAL,FIT
mcu-uuid-W-00325-2026,worker-uuid-00325,W-00325,2026,2026-03-25,174.0,74.8,24.7,84.3,140,94,72,75,6.8,249,160,50,142,1.2,72.0,7.2,NON_SMOKER,0.0,True,True,False,False,False,NORMAL,FIT_WITH_RESTRICTION
mcu-uuid-W-00326-2024,worker-uuid-00326,W-00326,2024,2024-11-24,180.4,71.4,21.9,74.3,116,67,77,97,7.8,231,165,46,82,1.15,73.2,6.5,ACTIVE_SMOKER,29.2,True,False,False,False,True,BORDERLINE,FIT
mcu-uuid-W-00326-2025,worker-uuid-00326,W-00326,2025,2025-07-19,180.4,72.7,22.3,74.7,132,83,76,81,7.1,240,149,56,81,0.74,82.5,7.8,ACTIVE_SMOKER,29.2,True,False,False,False,True,NORMAL,FIT
mcu-uuid-W-00326-2026,worker-uuid-00326,W-00326,2026,2026-07-18,180.4,73.4,22.6,74.7,135,76,74,108,7.9,192,115,33,156,1.0,75.0,6.0,ACTIVE_SMOKER,29.2,True,False,False,False,False,NORMAL,FIT
mcu-uuid-W-00327-2024,worker-uuid-00327,W-00327,2024,2024-04-24,163.3,79.0,29.6,98.1,161,105,76,131,8.4,215,132,41,104,1.03,68.2,3.8,ACTIVE_SMOKER,10.9,True,True,False,False,False,NORMAL,UNFIT
mcu-uuid-W-00327-2025,worker-uuid-00327,W-00327,2025,2025-06-28,163.3,79.9,30.0,99.8,129,84,78,96,7.4,230,166,38,150,0.93,69.8,7.1,ACTIVE_SMOKER,10.9,True,False,False,False,False,NORMAL,FIT_WITH_RESTRICTION
mcu-uuid-W-00327-2026,worker-uuid-00327,W-00327,2026,2026-08-25,163.3,79.4,29.8,100.2,148,88,71,123,8.5,229,153,39,225,0.8,72.0,5.6,ACTIVE_SMOKER,10.9,True,True,False,False,False,NORMAL,FIT_WITH_RESTRICTION
mcu-uuid-W-00328-2024,worker-uuid-00328,W-00328,2024,2024-05-06,167.9,65.1,23.1,78.1,134,81,73,89,7.6,212,115,52,156,1.1,82.5,6.0,ACTIVE_SMOKER,20.7,True,False,False,False,False,NORMAL,FIT
mcu-uuid-W-00328-2025,worker-uuid-00328,W-00328,2025,2025-09-05,167.9,66.5,23.6,79.6,136,83,94,101,7.5,167,80,48,119,0.89,86.8,6.1,ACTIVE_SMOKER,20.7,True,False,False,False,False,NORMAL,FIT
mcu-uuid-W-00328-2026,worker-uuid-00328,W-00328,2026,2026-03-22,167.9,67.8,24.1,81.3,134,84,88,102,7.9,163,79,52,128,0.64,92.0,5.9,ACTIVE_SMOKER,20.7,True,False,False,False,False,NORMAL,FIT
mcu-uuid-W-00329-2024,worker-uuid-00329,W-00329,2024,2024-06-25,173.0,75.8,25.3,85.8,115,72,56,135,8.5,195,123,44,89,1.03,73.2,5.5,NON_SMOKER,0.0,True,False,False,False,False,NORMAL,FIT
mcu-uuid-W-00329-2025,worker-uuid-00329,W-00329,2025,2025-06-04,173.0,75.5,25.2,86.5,121,76,76,103,7.6,277,191,49,166,0.97,73.8,5.3,NON_SMOKER,0.0,True,False,False,False,True,NORMAL,FIT
mcu-uuid-W-00329-2026,worker-uuid-00329,W-00329,2026,2026-09-03,173.0,76.9,25.7,86.5,119,74,65,77,6.8,192,100,51,137,0.94,73.5,6.9,NON_SMOKER,0.0,True,False,False,False,False,NORMAL,FIT
mcu-uuid-W-00330-2024,worker-uuid-00330,W-00330,2024,2024-03-23,177.7,82.3,26.1,89.3,128,78,76,93,7.6,190,127,35,133,0.94,96.5,6.3,NON_SMOKER,0.0,True,False,False,False,False,NORMAL,FIT
mcu-uuid-W-00330-2025,worker-uuid-00330,W-00330,2025,2025-06-02,177.7,83.4,26.4,90.2,121,80,75,114,7.9,189,104,57,92,0.9,96.5,6.7,NON_SMOKER,0.0,True,False,False,False,False,NORMAL,FIT
mcu-uuid-W-00330-2026,worker-uuid-00330,W-00330,2026,2026-07-14,177.7,83.3,26.4,89.1,118,71,79,107,7.7,235,135,57,126,0.89,95.8,6.6,NON_SMOKER,0.0,True,False,False,False,False,NORMAL,FIT
mcu-uuid-W-00331-2024,worker-uuid-00331,W-00331,2024,2024-05-13,185.0,73.2,21.4,72.3,137,84,76,85,7.4,153,77,50,172,1.25,74.8,7.2,ACTIVE_SMOKER,16.4,True,False,False,False,False,NORMAL,FIT
mcu-uuid-W-00331-2025,worker-uuid-00331,W-00331,2025,2025-05-01,185.0,73.2,21.4,74.4,130,79,70,104,7.8,210,124,44,169,0.92,82.0,7.1,ACTIVE_SMOKER,16.4,True,False,False,False,False,NORMAL,FIT
mcu-uuid-W-00331-2026,worker-uuid-00331,W-00331,2026,2026-03-18,185.0,75.9,22.2,73.2,154,94,89,83,7.3,197,134,41,58,1.09,76.8,5.2,ACTIVE_SMOKER,16.4,True,True,False,True,False,ABNORMAL,UNFIT
mcu-uuid-W-00332-2024,worker-uuid-00332,W-00332,2024,2024-04-07,167.6,68.6,24.4,80.5,133,83,61,114,8.3,244,175,46,126,0.75,81.2,5.9,NON_SMOKER,0.0,True,False,True,False,False,NORMAL,FIT
mcu-uuid-W-00332-2025,worker-uuid-00332,W-00332,2025,2025-09-10,167.6,68.8,24.5,83.3,123,81,69,118,8.0,190,109,52,91,0.83,78.2,4.1,NON_SMOKER,0.0,True,False,True,False,False,NORMAL,FIT
mcu-uuid-W-00332-2026,worker-uuid-00332,W-00332,2026,2026-11-22,167.6,70.9,25.2,83.9,145,87,80,106,7.7,224,149,55,202,1.17,68.8,4.7,NON_SMOKER,0.0,True,True,True,False,False,NORMAL,FIT_WITH_RESTRICTION
mcu-uuid-W-00333-2024,worker-uuid-00333,W-00333,2024,2024-08-01,171.7,86.3,29.3,99.3,129,79,64,107,7.7,173,86,53,195,1.16,78.0,6.7,NON_SMOKER,0.0,True,False,False,False,False,NORMAL,FIT
mcu-uuid-W-00333-2025,worker-uuid-00333,W-00333,2025,2025-08-20,171.7,87.5,29.7,99.5,132,82,71,123,8.3,198,107,51,176,0.72,88.0,4.9,NON_SMOKER,0.0,True,False,False,False,False,NORMAL,FIT
mcu-uuid-W-00333-2026,worker-uuid-00333,W-00333,2026,2026-10-13,171.7,87.3,29.6,100.1,120,75,74,103,7.7,223,137,51,181,1.09,77.8,6.1,NON_SMOKER,0.0,True,False,False,False,False,BORDERLINE,FIT
mcu-uuid-W-00334-2024,worker-uuid-00334,W-00334,2024,2024-04-26,168.9,67.8,23.8,80.4,120,78,56,109,7.9,199,114,54,115,0.93,81.8,6.3,NON_SMOKER,0.0,True,False,False,False,False,NORMAL,FIT
mcu-uuid-W-00334-2025,worker-uuid-00334,W-00334,2025,2025-03-01,168.9,68.3,23.9,81.1,133,84,63,116,8.1,198,108,57,135,0.79,84.2,4.2,NON_SMOKER,0.0,True,False,False,False,False,NORMAL,FIT
mcu-uuid-W-00334-2026,worker-uuid-00334,W-00334,2026,2026-11-15,168.9,67.6,23.7,81.1,130,82,73,93,7.4,182,103,51,146,0.81,82.8,6.1,NON_SMOKER,0.0,True,False,False,False,False,BORDERLINE,FIT
mcu-uuid-W-00335-2024,worker-uuid-00335,W-00335,2024,2024-11-04,166.6,53.2,19.2,64.9,138,79,72,103,7.5,179,88,51,77,0.85,77.8,4.3,NON_SMOKER,0.0,True,False,False,False,False,NORMAL,FIT
mcu-uuid-W-00335-2025,worker-uuid-00335,W-00335,2025,2025-11-03,166.6,52.7,19.0,65.6,116,72,73,124,8.5,190,96,54,192,0.86,76.5,5.0,NON_SMOKER,0.0,True,False,False,False,False,NORMAL,FIT
mcu-uuid-W-00335-2026,worker-uuid-00335,W-00335,2026,2026-09-19,166.6,54.2,19.5,65.0,117,67,83,98,7.5,213,120,52,123,0.78,77.5,2.8,NON_SMOKER,0.0,True,False,False,False,False,NORMAL,FIT
mcu-uuid-W-00336-2024,worker-uuid-00336,W-00336,2024,2024-11-14,159.7,60.2,23.6,79.4,104,69,73,79,7.1,254,170,51,160,0.78,87.5,6.3,ACTIVE_SMOKER,25.4,True,False,False,False,False,NORMAL,FIT
mcu-uuid-W-00336-2025,worker-uuid-00336,W-00336,2025,2025-06-22,159.7,60.2,23.6,80.5,141,86,77,92,7.6,201,125,48,196,0.87,84.2,6.2,ACTIVE_SMOKER,25.4,True,True,False,True,False,NORMAL,FIT_WITH_RESTRICTION
mcu-uuid-W-00336-2026,worker-uuid-00336,W-00336,2026,2026-09-02,159.7,60.3,23.6,78.6,130,86,80,112,7.8,180,100,58,125,1.21,74.8,5.3,ACTIVE_SMOKER,25.4,True,False,False,False,False,NORMAL,FIT
mcu-uuid-W-00337-2024,worker-uuid-00337,W-00337,2024,2024-04-20,159.1,64.6,25.5,85.5,107,69,79,93,7.4,243,176,46,126,1.09,77.8,6.9,ACTIVE_SMOKER,8.0,True,False,False,False,False,NORMAL,FIT
mcu-uuid-W-00337-2025,worker-uuid-00337,W-00337,2025,2025-09-02,159.1,65.8,26.0,86.5,131,89,83,85,7.5,210,143,35,180,0.97,79.8,6.7,ACTIVE_SMOKER,8.0,True,False,False,False,False,NORMAL,FIT
mcu-uuid-W-00337-2026,worker-uuid-00337,W-00337,2026,2026-08-13,159.1,65.9,26.0,88.0,117,71,83,87,7.2,228,175,28,133,1.1,75.5,6.3,ACTIVE_SMOKER,8.0,True,False,False,False,False,NORMAL,FIT
mcu-uuid-W-00338-2024,worker-uuid-00338,W-00338,2024,2024-07-21,170.8,62.9,21.6,72.8,120,74,66,100,7.9,178,88,64,189,1.12,75.0,7.0,ACTIVE_SMOKER,18.9,True,False,False,False,False,NORMAL,FIT
mcu-uuid-W-00338-2025,worker-uuid-00338,W-00338,2025,2025-03-02,170.8,63.3,21.7,72.8,117,77,62,116,8.2,238,160,43,57,1.27,70.2,5.7,ACTIVE_SMOKER,18.9,True,False,False,False,True,NORMAL,FIT
mcu-uuid-W-00338-2026,worker-uuid-00338,W-00338,2026,2026-08-11,170.8,64.9,22.2,75.4,142,80,85,110,7.9,181,93,50,118,0.98,76.5,6.2,ACTIVE_SMOKER,18.9,True,True,False,False,False,NORMAL,FIT_WITH_RESTRICTION
mcu-uuid-W-00339-2024,worker-uuid-00339,W-00339,2024,2024-07-04,169.6,79.0,27.5,91.0,137,90,69,99,7.6,188,120,38,178,0.96,87.0,6.1,ACTIVE_SMOKER,27.8,True,True,False,True,False,NORMAL,FIT_WITH_RESTRICTION
mcu-uuid-W-00339-2025,worker-uuid-00339,W-00339,2025,2025-04-28,169.6,79.7,27.7,93.1,147,85,67,96,7.6,228,163,26,189,1.23,79.2,6.8,ACTIVE_SMOKER,27.8,True,True,False,False,False,NORMAL,FIT_WITH_RESTRICTION
mcu-uuid-W-00339-2026,worker-uuid-00339,W-00339,2026,2026-08-13,169.6,81.7,28.4,94.7,128,79,84,99,7.5,206,135,37,260,0.81,88.8,4.8,ACTIVE_SMOKER,27.8,True,False,False,False,False,NORMAL,FIT
mcu-uuid-W-00340-2024,worker-uuid-00340,W-00340,2024,2024-09-12,172.2,83.1,28.0,92.7,131,80,67,141,8.9,219,135,47,219,0.87,73.2,5.7,FORMER_SMOKER,2.4,True,False,False,False,False,NORMAL,FIT
mcu-uuid-W-00340-2025,worker-uuid-00340,W-00340,2025,2025-03-02,172.2,84.4,28.5,95.6,142,92,64,92,7.7,227,159,46,165,1.15,65.2,6.7,FORMER_SMOKER,2.4,True,True,False,False,False,NORMAL,FIT_WITH_RESTRICTION
mcu-uuid-W-00340-2026,worker-uuid-00340,W-00340,2026,2026-07-05,172.2,82.2,27.7,92.8,130,80,65,91,7.2,225,130,53,143,1.38,58.5,6.0,FORMER_SMOKER,2.4,True,False,False,False,False,NORMAL,FIT
mcu-uuid-W-00341-2024,worker-uuid-00341,W-00341,2024,2024-07-14,162.9,55.8,21.0,69.7,121,80,77,94,7.7,211,124,48,149,1.32,71.0,7.4,FORMER_SMOKER,11.1,True,False,False,False,False,NORMAL,FIT
mcu-uuid-W-00341-2025,worker-uuid-00341,W-00341,2025,2025-07-27,162.9,55.6,21.0,71.7,135,90,75,105,7.7,251,166,63,55,0.91,80.2,5.1,FORMER_SMOKER,11.1,True,True,False,False,False,NORMAL,FIT_WITH_RESTRICTION
mcu-uuid-W-00341-2026,worker-uuid-00341,W-00341,2026,2026-07-14,162.9,57.5,21.7,71.8,133,75,77,67,6.9,205,111,49,128,0.58,87.5,5.0,FORMER_SMOKER,11.1,True,False,False,False,False,NORMAL,FIT
mcu-uuid-W-00342-2024,worker-uuid-00342,W-00342,2024,2024-03-28,171.6,92.8,31.5,103.6,157,101,66,108,7.9,243,142,57,214,1.05,65.8,8.1,ACTIVE_SMOKER,16.8,True,True,False,True,False,NORMAL,UNFIT
mcu-uuid-W-00342-2025,worker-uuid-00342,W-00342,2025,2025-06-20,171.6,92.8,31.5,105.1,144,91,91,130,8.6,212,134,33,152,1.01,65.8,7.5,ACTIVE_SMOKER,16.8,True,True,False,False,False,NORMAL,FIT_WITH_RESTRICTION
mcu-uuid-W-00342-2026,worker-uuid-00342,W-00342,2026,2026-11-10,171.6,93.3,31.7,106.6,150,97,68,110,8.1,209,137,32,167,1.02,64.5,4.7,ACTIVE_SMOKER,16.8,True,True,False,False,False,NORMAL,FIT_WITH_RESTRICTION
mcu-uuid-W-00343-2024,worker-uuid-00343,W-00343,2024,2024-03-21,163.2,78.4,29.4,97.1,139,87,69,79,7.2,212,131,44,198,0.83,80.2,5.5,ACTIVE_SMOKER,16.6,True,False,False,False,False,NORMAL,FIT
mcu-uuid-W-00343-2025,worker-uuid-00343,W-00343,2025,2025-09-14,163.2,79.2,29.7,98.1,146,88,84,88,7.1,160,78,46,137,1.21,69.8,6.1,ACTIVE_SMOKER,16.6,True,True,False,True,False,NORMAL,FIT_WITH_RESTRICTION
mcu-uuid-W-00343-2026,worker-uuid-00343,W-00343,2026,2026-06-04,163.2,78.9,29.6,97.3,137,93,75,108,7.9,243,151,53,126,1.09,71.8,7.5,ACTIVE_SMOKER,16.6,True,True,False,False,False,NORMAL,FIT_WITH_RESTRICTION
mcu-uuid-W-00344-2024,worker-uuid-00344,W-00344,2024,2024-08-15,172.4,82.7,27.8,92.8,138,85,79,118,8.1,225,142,57,154,0.93,70.8,5.4,NON_SMOKER,0.0,True,False,False,False,False,NORMAL,FIT
mcu-uuid-W-00344-2025,worker-uuid-00344,W-00344,2025,2025-11-06,172.4,82.2,27.7,92.5,126,77,60,86,7.5,237,165,39,126,1.27,61.2,5.7,NON_SMOKER,0.0,True,False,False,False,False,BORDERLINE,FIT
mcu-uuid-W-00344-2026,worker-uuid-00344,W-00344,2026,2026-09-08,172.4,84.3,28.4,96.3,146,100,84,68,6.6,231,133,56,143,0.94,68.5,6.0,NON_SMOKER,0.0,True,True,False,False,False,NORMAL,UNFIT
mcu-uuid-W-00345-2024,worker-uuid-00345,W-00345,2024,2024-09-16,167.7,68.9,24.5,83.0,131,81,82,115,8.0,185,115,40,96,0.97,82.8,6.4,ACTIVE_SMOKER,7.1,True,False,True,False,False,NORMAL,FIT
mcu-uuid-W-00345-2025,worker-uuid-00345,W-00345,2025,2025-10-26,167.7,69.8,24.8,84.1,134,86,73,112,8.1,213,146,44,79,0.76,87.0,6.3,ACTIVE_SMOKER,7.1,True,False,True,False,False,NORMAL,FIT
mcu-uuid-W-00345-2026,worker-uuid-00345,W-00345,2026,2026-04-20,167.7,70.2,25.0,83.5,147,83,74,106,7.7,221,143,51,55,1.25,73.8,3.8,ACTIVE_SMOKER,7.1,True,True,True,False,False,NORMAL,FIT_WITH_RESTRICTION
mcu-uuid-W-00346-2024,worker-uuid-00346,W-00346,2024,2024-07-07,172.0,89.3,30.2,100.9,139,88,89,107,8.1,282,197,50,104,1.0,71.0,4.5,ACTIVE_SMOKER,7.1,True,False,False,False,False,NORMAL,FIT_WITH_RESTRICTION
mcu-uuid-W-00346-2025,worker-uuid-00346,W-00346,2025,2025-06-05,172.0,89.5,30.3,99.9,138,77,80,93,7.3,223,156,43,115,1.21,64.8,5.7,ACTIVE_SMOKER,7.1,True,False,False,False,False,NORMAL,FIT_WITH_RESTRICTION
mcu-uuid-W-00346-2026,worker-uuid-00346,W-00346,2026,2026-04-20,172.0,90.0,30.4,102.7,147,81,60,114,8.0,198,123,44,135,0.95,70.2,5.6,ACTIVE_SMOKER,7.1,True,True,False,False,False,BORDERLINE,FIT_WITH_RESTRICTION
mcu-uuid-W-00347-2024,worker-uuid-00347,W-00347,2024,2024-05-15,168.2,71.7,25.3,84.9,136,87,92,87,7.2,181,105,53,131,0.79,87.2,6.9,ACTIVE_SMOKER,18.6,True,False,False,False,False,NORMAL,FIT
mcu-uuid-W-00347-2025,worker-uuid-00347,W-00347,2025,2025-07-04,168.2,71.4,25.2,85.7,136,76,77,85,7.5,224,147,50,183,0.99,81.2,5.6,ACTIVE_SMOKER,18.6,True,False,False,False,False,NORMAL,FIT
mcu-uuid-W-00347-2026,worker-uuid-00347,W-00347,2026,2026-03-27,168.2,72.9,25.8,87.3,130,86,79,102,7.6,209,132,38,154,1.04,79.0,5.5,ACTIVE_SMOKER,18.6,True,False,False,False,False,NORMAL,FIT
mcu-uuid-W-00348-2024,worker-uuid-00348,W-00348,2024,2024-03-01,165.0,57.9,21.3,71.6,120,69,72,103,7.6,188,104,52,164,1.1,77.5,5.9,FORMER_SMOKER,7.5,True,False,False,False,False,BORDERLINE,FIT
mcu-uuid-W-00348-2025,worker-uuid-00348,W-00348,2025,2025-04-25,165.0,58.2,21.4,73.4,131,85,82,117,8.3,175,100,38,119,0.67,87.2,4.5,FORMER_SMOKER,7.5,True,False,False,False,False,NORMAL,FIT
mcu-uuid-W-00348-2026,worker-uuid-00348,W-00348,2026,2026-11-25,165.0,60.1,22.1,73.9,113,70,74,95,7.8,153,63,63,62,1.35,69.2,4.7,FORMER_SMOKER,7.5,True,False,False,False,False,NORMAL,FIT
mcu-uuid-W-00349-2024,worker-uuid-00349,W-00349,2024,2024-10-12,172.2,74.1,25.0,84.8,127,75,80,105,7.6,252,175,55,127,0.95,67.2,6.0,ACTIVE_SMOKER,13.0,True,False,False,False,False,NORMAL,FIT
mcu-uuid-W-00349-2025,worker-uuid-00349,W-00349,2025,2025-07-18,172.2,73.8,24.9,82.0,139,79,67,94,7.3,198,118,55,125,1.35,56.2,6.3,ACTIVE_SMOKER,13.0,True,False,False,False,False,NORMAL,FIT
mcu-uuid-W-00349-2026,worker-uuid-00349,W-00349,2026,2026-03-03,172.2,75.3,25.4,85.3,140,91,86,115,8.0,157,95,39,107,0.87,67.2,6.6,ACTIVE_SMOKER,13.0,True,True,False,False,False,BORDERLINE,FIT_WITH_RESTRICTION
mcu-uuid-W-00350-2024,worker-uuid-00350,W-00350,2024,2024-05-27,165.7,70.1,25.5,85.5,134,91,75,109,8.1,217,121,55,170,0.68,69.0,5.2,ACTIVE_SMOKER,29.0,True,True,False,False,False,NORMAL,FIT_WITH_RESTRICTION
mcu-uuid-W-00350-2025,worker-uuid-00350,W-00350,2025,2025-08-15,165.7,70.1,25.5,87.5,161,99,67,85,7.3,259,164,52,138,0.79,65.2,4.7,ACTIVE_SMOKER,29.0,True,True,False,True,True,NORMAL,UNFIT
mcu-uuid-W-00350-2026,worker-uuid-00350,W-00350,2026,2026-11-12,165.7,69.6,25.3,84.0,149,101,75,88,7.2,228,144,51,150,1.02,58.5,8.0,ACTIVE_SMOKER,29.0,True,True,False,True,False,ABNORMAL,UNFIT
mcu-uuid-W-00351-2024,worker-uuid-00351,W-00351,2024,2024-04-03,160.1,71.8,28.0,95.0,137,89,63,120,8.2,222,145,39,185,1.3,61.5,4.9,NON_SMOKER,0.0,True,False,False,False,False,NORMAL,FIT
mcu-uuid-W-00351-2025,worker-uuid-00351,W-00351,2025,2025-04-23,160.1,73.1,28.5,95.9,143,95,77,94,7.4,211,144,46,162,0.96,69.0,6.7,NON_SMOKER,0.0,True,True,False,True,False,BORDERLINE,FIT_WITH_RESTRICTION
mcu-uuid-W-00351-2026,worker-uuid-00351,W-00351,2026,2026-11-25,160.1,74.3,29.0,98.5,143,96,73,130,8.4,188,120,41,150,1.04,66.0,5.2,NON_SMOKER,0.0,True,True,False,False,False,NORMAL,FIT_WITH_RESTRICTION
mcu-uuid-W-00352-2024,worker-uuid-00352,W-00352,2024,2024-08-11,169.6,65.0,22.6,74.6,109,60,68,82,7.4,210,119,49,121,0.8,83.0,5.5,FORMER_SMOKER,14.5,True,False,True,False,False,NORMAL,FIT
mcu-uuid-W-00352-2025,worker-uuid-00352,W-00352,2025,2025-03-06,169.6,65.7,22.8,78.8,106,65,70,102,7.9,242,162,50,91,1.18,72.5,3.8,FORMER_SMOKER,14.5,True,False,True,False,False,NORMAL,FIT
mcu-uuid-W-00352-2026,worker-uuid-00352,W-00352,2026,2026-09-17,169.6,65.4,22.7,75.7,139,87,54,105,8.0,186,111,47,81,0.66,84.5,4.5,FORMER_SMOKER,14.5,True,False,True,False,False,NORMAL,FIT
mcu-uuid-W-00353-2024,worker-uuid-00353,W-00353,2024,2024-08-14,160.1,73.7,28.8,97.8,138,87,86,91,7.4,262,169,48,137,0.93,68.8,5.7,ACTIVE_SMOKER,17.7,True,False,True,False,False,NORMAL,FIT
mcu-uuid-W-00353-2025,worker-uuid-00353,W-00353,2025,2025-05-13,160.1,74.4,29.0,94.8,142,85,74,132,8.4,230,157,41,205,0.72,73.0,3.7,ACTIVE_SMOKER,17.7,True,True,True,True,False,NORMAL,FIT_WITH_RESTRICTION
mcu-uuid-W-00353-2026,worker-uuid-00353,W-00353,2026,2026-04-19,160.1,73.1,28.5,93.3,144,93,85,92,7.6,191,110,59,204,0.6,75.0,3.8,ACTIVE_SMOKER,17.7,True,True,True,True,False,BORDERLINE,FIT_WITH_RESTRICTION
mcu-uuid-W-00354-2024,worker-uuid-00354,W-00354,2024,2024-11-20,163.4,49.0,18.4,63.5,104,61,88,100,7.7,204,130,44,80,0.99,82.2,6.3,ACTIVE_SMOKER,7.4,True,False,True,False,False,NORMAL,FIT
mcu-uuid-W-00354-2025,worker-uuid-00354,W-00354,2025,2025-08-07,163.4,49.2,18.4,64.5,127,75,87,76,7.1,178,90,53,85,1.03,80.2,5.8,ACTIVE_SMOKER,7.4,True,False,True,False,False,NORMAL,FIT
mcu-uuid-W-00354-2026,worker-uuid-00354,W-00354,2026,2026-05-23,163.4,49.1,18.4,64.7,119,71,72,80,7.1,194,119,49,110,1.25,73.8,6.0,ACTIVE_SMOKER,7.4,True,False,True,False,False,NORMAL,FIT
mcu-uuid-W-00355-2024,worker-uuid-00355,W-00355,2024,2024-05-09,160.6,61.5,23.8,79.7,135,90,79,76,7.0,248,187,36,167,1.1,79.5,5.7,ACTIVE_SMOKER,28.1,True,True,True,False,False,BORDERLINE,FIT_WITH_RESTRICTION
mcu-uuid-W-00355-2025,worker-uuid-00355,W-00355,2025,2025-08-26,160.6,62.2,24.1,82.0,145,86,82,72,6.8,188,100,46,186,0.63,90.2,5.1,ACTIVE_SMOKER,28.1,True,True,True,True,False,NORMAL,FIT_WITH_RESTRICTION
mcu-uuid-W-00355-2026,worker-uuid-00355,W-00355,2026,2026-09-22,160.6,62.2,24.1,81.0,138,89,80,112,8.3,235,149,42,125,0.94,81.5,6.5,ACTIVE_SMOKER,28.1,True,False,True,False,False,NORMAL,FIT
mcu-uuid-W-00356-2024,worker-uuid-00356,W-00356,2024,2024-09-06,175.1,78.8,25.7,88.2,103,60,72,73,6.7,206,124,53,176,0.63,96.2,6.5,NON_SMOKER,0.0,True,False,False,False,False,NORMAL,FIT
mcu-uuid-W-00356-2025,worker-uuid-00356,W-00356,2025,2025-04-10,175.1,80.2,26.2,87.0,135,74,75,107,8.1,160,91,36,150,0.84,90.0,8.0,NON_SMOKER,0.0,True,False,False,False,False,NORMAL,FIT
mcu-uuid-W-00356-2026,worker-uuid-00356,W-00356,2026,2026-10-10,175.1,79.5,25.9,86.7,124,79,64,100,7.7,228,161,47,139,0.98,85.5,6.3,NON_SMOKER,0.0,True,False,False,False,True,NORMAL,FIT
mcu-uuid-W-00357-2024,worker-uuid-00357,W-00357,2024,2024-05-01,162.2,76.1,28.9,96.9,126,79,61,101,7.7,233,147,58,99,0.87,82.2,4.6,NON_SMOKER,0.0,True,False,False,False,False,NORMAL,FIT
mcu-uuid-W-00357-2025,worker-uuid-00357,W-00357,2025,2025-06-18,162.2,76.3,29.0,95.2,128,86,81,122,8.1,190,122,45,182,0.97,78.8,4.8,NON_SMOKER,0.0,True,False,False,False,False,NORMAL,FIT
mcu-uuid-W-00357-2026,worker-uuid-00357,W-00357,2026,2026-10-05,162.2,76.3,29.0,94.9,138,96,72,120,8.1,222,144,51,148,0.94,78.5,5.2,NON_SMOKER,0.0,True,True,False,True,False,ABNORMAL,UNFIT
mcu-uuid-W-00358-2024,worker-uuid-00358,W-00358,2024,2024-07-24,161.6,83.1,31.8,106.6,154,92,80,125,8.6,216,151,40,163,0.97,66.8,6.0,ACTIVE_SMOKER,18.0,True,True,False,False,False,NORMAL,FIT_WITH_RESTRICTION
mcu-uuid-W-00358-2025,worker-uuid-00358,W-00358,2025,2025-10-05,161.6,84.2,32.2,105.8,157,98,82,124,8.5,226,144,42,134,0.66,73.5,5.0,ACTIVE_SMOKER,18.0,True,True,False,True,False,NORMAL,FIT_WITH_RESTRICTION
mcu-uuid-W-00358-2026,worker-uuid-00358,W-00358,2026,2026-09-13,161.6,82.4,31.6,106.0,154,80,75,124,8.6,180,96,40,237,0.78,69.5,4.9,ACTIVE_SMOKER,18.0,True,True,False,False,False,NORMAL,FIT_WITH_RESTRICTION
mcu-uuid-W-00359-2024,worker-uuid-00359,W-00359,2024,2024-10-14,171.0,70.3,24.0,81.7,118,76,84,74,6.9,227,135,59,176,0.73,82.8,4.6,NON_SMOKER,0.0,True,False,False,False,False,NORMAL,FIT
mcu-uuid-W-00359-2025,worker-uuid-00359,W-00359,2025,2025-11-04,171.0,71.2,24.3,83.4,131,81,73,113,7.8,200,125,41,123,0.81,79.8,6.3,NON_SMOKER,0.0,True,False,False,False,False,BORDERLINE,FIT
mcu-uuid-W-00359-2026,worker-uuid-00359,W-00359,2026,2026-08-27,171.0,71.0,24.3,82.3,133,80,75,88,7.6,209,142,41,128,0.99,74.2,3.3,NON_SMOKER,0.0,True,False,False,False,False,BORDERLINE,FIT
mcu-uuid-W-00360-2024,worker-uuid-00360,W-00360,2024,2024-11-04,174.0,75.4,24.9,83.5,107,63,68,114,8.1,216,136,43,170,1.0,80.0,4.9,NON_SMOKER,0.0,True,False,False,False,False,NORMAL,FIT
mcu-uuid-W-00360-2025,worker-uuid-00360,W-00360,2025,2025-09-23,174.0,75.0,24.8,85.2,106,62,90,120,8.4,184,101,38,115,1.04,78.0,6.0,NON_SMOKER,0.0,True,False,False,False,False,NORMAL,FIT
mcu-uuid-W-00360-2026,worker-uuid-00360,W-00360,2026,2026-06-28,174.0,75.1,24.8,83.7,141,89,73,106,7.7,186,97,46,156,1.24,72.0,7.5,NON_SMOKER,0.0,True,True,False,False,False,NORMAL,FIT_WITH_RESTRICTION
mcu-uuid-W-00361-2024,worker-uuid-00361,W-00361,2024,2024-06-21,157.2,67.3,27.2,91.9,126,71,61,77,7.2,223,156,47,140,1.0,72.0,6.0,NON_SMOKER,0.0,True,False,True,False,False,NORMAL,FIT
mcu-uuid-W-00361-2025,worker-uuid-00361,W-00361,2025,2025-08-28,157.2,67.6,27.4,91.9,138,90,73,95,7.8,239,162,50,206,0.81,75.8,5.8,NON_SMOKER,0.0,True,True,True,False,False,NORMAL,FIT_WITH_RESTRICTION
mcu-uuid-W-00361-2026,worker-uuid-00361,W-00361,2026,2026-06-06,157.2,68.9,27.9,94.1,131,84,71,98,7.8,241,149,56,145,1.04,69.0,4.8,NON_SMOKER,0.0,True,False,True,False,False,NORMAL,FIT
mcu-uuid-W-00362-2024,worker-uuid-00362,W-00362,2024,2024-08-01,168.4,66.6,23.5,80.9,115,78,70,112,8.0,201,131,35,182,0.98,75.5,5.7,NON_SMOKER,0.0,True,False,False,False,False,BORDERLINE,FIT
mcu-uuid-W-00362-2025,worker-uuid-00362,W-00362,2025,2025-10-09,168.4,66.3,23.4,78.3,130,79,63,115,8.1,191,111,46,137,0.78,79.5,4.3,NON_SMOKER,0.0,True,False,False,False,False,NORMAL,FIT
mcu-uuid-W-00362-2026,worker-uuid-00362,W-00362,2026,2026-04-20,168.4,67.0,23.6,77.6,133,85,69,97,7.4,187,93,49,193,0.99,73.2,3.4,NON_SMOKER,0.0,True,False,False,False,False,NORMAL,FIT
mcu-uuid-W-00363-2024,worker-uuid-00363,W-00363,2024,2024-09-16,157.3,76.3,30.8,101.3,129,83,66,112,8.0,230,151,48,143,1.24,69.0,5.6,FORMER_SMOKER,6.4,True,False,False,False,False,NORMAL,FIT_WITH_RESTRICTION
mcu-uuid-W-00363-2025,worker-uuid-00363,W-00363,2025,2025-06-20,157.3,77.1,31.2,104.9,134,87,70,118,8.0,193,108,54,202,1.08,72.0,5.8,FORMER_SMOKER,6.4,True,False,False,False,False,NORMAL,FIT_WITH_RESTRICTION
mcu-uuid-W-00363-2026,worker-uuid-00363,W-00363,2026,2026-07-09,157.3,78.6,31.8,104.5,135,90,72,101,7.7,247,156,52,105,0.99,73.2,5.8,FORMER_SMOKER,6.4,True,True,False,False,False,NORMAL,FIT_WITH_RESTRICTION
mcu-uuid-W-00364-2024,worker-uuid-00364,W-00364,2024,2024-06-24,173.3,77.8,25.9,86.9,124,72,89,104,8.0,196,101,52,153,0.49,100.8,5.2,NON_SMOKER,0.0,True,False,False,False,False,NORMAL,FIT
mcu-uuid-W-00364-2025,worker-uuid-00364,W-00364,2025,2025-05-05,173.3,77.8,25.9,86.5,122,78,62,106,7.8,186,100,44,166,0.89,89.8,7.3,NON_SMOKER,0.0,True,False,False,False,False,NORMAL,FIT
mcu-uuid-W-00364-2026,worker-uuid-00364,W-00364,2026,2026-05-28,173.3,77.5,25.8,84.8,111,74,71,86,7.2,212,113,54,123,0.74,92.5,7.6,NON_SMOKER,0.0,True,False,False,False,False,NORMAL,FIT
mcu-uuid-W-00365-2024,worker-uuid-00365,W-00365,2024,2024-10-16,172.3,86.5,29.1,95.5,138,80,74,125,8.3,229,154,42,209,1.2,62.0,4.5,ACTIVE_SMOKER,19.7,True,False,False,False,False,BORDERLINE,FIT
mcu-uuid-W-00365-2025,worker-uuid-00365,W-00365,2025,2025-05-26,172.3,86.8,29.2,97.2,139,90,90,125,8.2,179,100,45,135,1.06,64.5,6.2,ACTIVE_SMOKER,19.7,True,True,False,False,False,BORDERLINE,FIT_WITH_RESTRICTION
mcu-uuid-W-00365-2026,worker-uuid-00365,W-00365,2026,2026-04-05,172.3,89.0,30.0,98.9,134,84,88,131,8.8,255,169,53,93,1.08,63.0,8.9,ACTIVE_SMOKER,19.7,True,False,False,False,False,NORMAL,FIT_WITH_RESTRICTION
mcu-uuid-W-00366-2024,worker-uuid-00366,W-00366,2024,2024-05-04,171.2,65.8,22.5,74.4,134,85,87,83,7.2,214,125,50,160,1.33,81.8,5.4,ACTIVE_SMOKER,13.9,True,False,False,False,False,NORMAL,FIT
mcu-uuid-W-00366-2025,worker-uuid-00366,W-00366,2025,2025-06-26,171.2,66.1,22.6,77.9,141,89,83,93,7.3,188,122,40,229,1.03,88.2,5.1,ACTIVE_SMOKER,13.9,True,True,False,True,False,NORMAL,FIT_WITH_RESTRICTION
mcu-uuid-W-00366-2026,worker-uuid-00366,W-00366,2026,2026-03-12,171.2,65.6,22.4,76.9,124,74,85,107,7.8,208,147,40,105,1.03,87.2,4.7,ACTIVE_SMOKER,13.9,True,False,False,False,False,BORDERLINE,FIT
mcu-uuid-W-00367-2024,worker-uuid-00367,W-00367,2024,2024-08-07,176.8,83.9,26.8,90.3,116,75,79,109,7.8,209,117,56,184,1.03,71.2,7.7,NON_SMOKER,0.0,True,False,False,False,False,NORMAL,FIT
mcu-uuid-W-00367-2025,worker-uuid-00367,W-00367,2025,2025-05-11,176.8,84.9,27.2,92.2,140,88,60,97,7.7,189,106,52,130,0.97,71.8,6.6,NON_SMOKER,0.0,True,True,False,False,False,BORDERLINE,FIT_WITH_RESTRICTION
mcu-uuid-W-00367-2026,worker-uuid-00367,W-00367,2026,2026-03-11,176.8,83.1,26.6,87.4,138,94,64,89,7.2,194,112,52,111,1.19,65.2,5.5,NON_SMOKER,0.0,True,True,False,True,False,ABNORMAL,UNFIT
mcu-uuid-W-00368-2024,worker-uuid-00368,W-00368,2024,2024-04-28,162.6,66.5,25.2,86.5,96,60,63,87,7.6,232,135,55,148,0.75,95.2,6.2,NON_SMOKER,0.0,True,False,True,False,False,BORDERLINE,FIT
mcu-uuid-W-00368-2025,worker-uuid-00368,W-00368,2025,2025-09-21,162.6,66.9,25.3,83.9,105,64,67,89,7.6,195,107,48,211,1.1,85.5,6.1,NON_SMOKER,0.0,True,False,True,False,False,NORMAL,FIT
mcu-uuid-W-00368-2026,worker-uuid-00368,W-00368,2026,2026-09-05,162.6,66.8,25.3,84.7,125,77,81,101,7.8,187,115,50,126,1.11,84.2,5.8,NON_SMOKER,0.0,True,False,True,False,False,NORMAL,FIT
mcu-uuid-W-00369-2024,worker-uuid-00369,W-00369,2024,2024-05-19,161.0,60.3,23.3,79.2,147,98,73,96,7.4,239,157,38,160,0.86,71.5,5.2,ACTIVE_SMOKER,18.1,True,True,False,False,False,NORMAL,FIT_WITH_RESTRICTION
mcu-uuid-W-00369-2025,worker-uuid-00369,W-00369,2025,2025-03-28,161.0,60.5,23.3,79.2,144,88,79,83,7.4,245,172,40,145,1.28,60.0,6.4,ACTIVE_SMOKER,18.1,True,True,False,True,False,NORMAL,FIT_WITH_RESTRICTION
mcu-uuid-W-00369-2026,worker-uuid-00369,W-00369,2026,2026-06-19,161.0,60.9,23.5,77.3,140,93,85,106,7.7,198,107,49,167,1.24,60.0,4.7,ACTIVE_SMOKER,18.1,True,True,False,False,False,NORMAL,FIT_WITH_RESTRICTION
mcu-uuid-W-00370-2024,worker-uuid-00370,W-00370,2024,2024-08-03,166.7,67.9,24.4,80.6,117,66,83,93,7.7,186,103,58,128,0.9,91.5,6.6,NON_SMOKER,0.0,True,False,False,False,False,NORMAL,FIT
mcu-uuid-W-00370-2025,worker-uuid-00370,W-00370,2025,2025-06-15,166.7,67.5,24.3,80.9,126,85,71,112,7.9,198,127,47,227,0.92,90.0,6.3,NON_SMOKER,0.0,True,False,False,False,False,NORMAL,FIT
mcu-uuid-W-00370-2026,worker-uuid-00370,W-00370,2026,2026-03-10,166.7,68.1,24.5,83.4,143,83,63,102,7.8,196,101,57,162,0.75,93.2,7.2,NON_SMOKER,0.0,True,True,False,True,False,ABNORMAL,UNFIT
mcu-uuid-W-00371-2024,worker-uuid-00371,W-00371,2024,2024-10-20,155.4,46.4,19.2,66.7,122,80,71,97,7.4,166,97,49,77,0.69,94.8,3.1,NON_SMOKER,0.0,True,False,False,False,False,NORMAL,FIT
mcu-uuid-W-00371-2025,worker-uuid-00371,W-00371,2025,2025-11-12,155.4,46.6,19.3,66.5,109,65,74,114,8.0,221,142,46,55,0.73,92.8,4.0,NON_SMOKER,0.0,True,False,False,False,False,NORMAL,FIT
mcu-uuid-W-00371-2026,worker-uuid-00371,W-00371,2026,2026-03-09,155.4,45.7,18.9,64.2,129,80,86,85,7.1,211,128,49,167,0.73,91.8,5.0,NON_SMOKER,0.0,True,False,False,False,False,NORMAL,FIT
mcu-uuid-W-00372-2024,worker-uuid-00372,W-00372,2024,2024-04-22,174.7,74.3,24.3,83.7,137,83,66,97,7.6,171,103,47,127,1.03,79.2,6.1,FORMER_SMOKER,9.4,True,False,False,False,False,NORMAL,FIT
mcu-uuid-W-00372-2025,worker-uuid-00372,W-00372,2025,2025-08-08,174.7,74.0,24.2,80.5,132,72,60,97,7.6,186,99,48,152,0.97,79.8,6.7,FORMER_SMOKER,9.4,True,False,False,False,False,BORDERLINE,FIT
mcu-uuid-W-00372-2026,worker-uuid-00372,W-00372,2026,2026-10-07,174.7,76.7,25.1,85.4,129,77,74,111,7.9,189,126,42,61,0.87,81.2,6.6,FORMER_SMOKER,9.4,True,False,False,False,False,NORMAL,FIT
mcu-uuid-W-00373-2024,worker-uuid-00373,W-00373,2024,2024-10-02,167.1,74.9,26.8,91.3,126,84,77,73,6.7,253,169,41,107,0.78,88.5,5.1,ACTIVE_SMOKER,16.7,True,False,False,False,True,NORMAL,FIT
mcu-uuid-W-00373-2025,worker-uuid-00373,W-00373,2025,2025-09-22,167.1,74.9,26.8,89.1,149,87,64,116,8.0,233,165,43,169,0.84,86.0,6.4,ACTIVE_SMOKER,16.7,True,True,False,False,True,NORMAL,FIT_WITH_RESTRICTION
mcu-uuid-W-00373-2026,worker-uuid-00373,W-00373,2026,2026-05-25,167.1,74.5,26.7,91.0,162,99,79,121,8.5,197,131,41,230,0.86,84.5,6.0,ACTIVE_SMOKER,16.7,True,True,False,True,False,ABNORMAL,UNFIT
mcu-uuid-W-00374-2024,worker-uuid-00374,W-00374,2024,2024-05-28,172.6,72.7,24.4,82.2,114,72,74,87,7.5,181,118,43,154,0.77,95.8,5.0,NON_SMOKER,0.0,True,False,False,False,False,NORMAL,FIT
mcu-uuid-W-00374-2025,worker-uuid-00374,W-00374,2025,2025-05-16,172.6,73.8,24.8,82.3,115,69,72,97,7.5,203,130,49,165,1.07,87.2,6.2,NON_SMOKER,0.0,True,False,False,False,False,BORDERLINE,FIT
mcu-uuid-W-00374-2026,worker-uuid-00374,W-00374,2026,2026-09-03,172.6,74.2,24.9,81.8,107,69,74,93,7.3,217,135,47,124,1.21,82.8,4.9,NON_SMOKER,0.0,True,False,False,False,False,NORMAL,FIT
mcu-uuid-W-00375-2024,worker-uuid-00375,W-00375,2024,2024-08-04,157.2,66.5,26.9,90.7,121,78,66,93,7.7,221,152,46,101,0.94,89.5,6.2,ACTIVE_SMOKER,28.3,True,False,False,False,False,NORMAL,FIT
mcu-uuid-W-00375-2025,worker-uuid-00375,W-00375,2025,2025-10-03,157.2,67.9,27.5,90.4,111,80,74,76,7.2,171,94,36,186,1.07,85.2,8.6,ACTIVE_SMOKER,28.3,True,False,False,False,False,NORMAL,FIT
mcu-uuid-W-00375-2026,worker-uuid-00375,W-00375,2026,2026-09-19,157.2,67.2,27.2,89.3,129,78,91,95,7.5,197,138,39,167,0.98,86.5,5.7,ACTIVE_SMOKER,28.3,True,False,False,False,False,NORMAL,FIT
mcu-uuid-W-00376-2024,worker-uuid-00376,W-00376,2024,2024-10-07,165.6,60.7,22.1,73.1,145,98,73,85,7.1,193,111,51,136,0.89,88.8,5.5,ACTIVE_SMOKER,29.2,True,True,True,False,False,NORMAL,FIT_WITH_RESTRICTION
mcu-uuid-W-00376-2025,worker-uuid-00376,W-00376,2025,2025-06-11,165.6,61.4,22.4,76.6,127,83,58,85,7.2,212,133,51,159,1.03,84.2,6.3,ACTIVE_SMOKER,29.2,True,False,True,False,False,BORDERLINE,FIT
mcu-uuid-W-00376-2026,worker-uuid-00376,W-00376,2026,2026-05-19,165.6,63.3,23.1,78.3,138,87,75,91,7.5,204,118,48,153,0.83,88.2,5.2,ACTIVE_SMOKER,29.2,True,False,True,False,False,NORMAL,FIT
mcu-uuid-W-00377-2024,worker-uuid-00377,W-00377,2024,2024-04-14,162.3,61.7,23.4,80.2,116,72,88,82,7.2,224,156,40,129,1.12,79.0,6.4,FORMER_SMOKER,11.0,True,False,False,False,False,BORDERLINE,FIT
mcu-uuid-W-00377-2025,worker-uuid-00377,W-00377,2025,2025-09-15,162.3,63.1,24.0,82.2,115,69,89,105,8.0,222,138,47,123,1.07,79.2,7.3,FORMER_SMOKER,11.0,True,False,False,False,False,NORMAL,FIT
mcu-uuid-W-00377-2026,worker-uuid-00377,W-00377,2026,2026-03-09,162.3,62.2,23.6,77.9,129,82,81,86,7.1,184,86,60,113,0.94,81.5,6.4,FORMER_SMOKER,11.0,True,False,False,False,False,NORMAL,FIT
mcu-uuid-W-00378-2024,worker-uuid-00378,W-00378,2024,2024-09-16,170.4,77.9,26.8,91.3,142,85,84,89,7.4,165,85,53,147,0.62,86.5,6.5,ACTIVE_SMOKER,10.3,True,True,False,False,False,NORMAL,FIT_WITH_RESTRICTION
mcu-uuid-W-00378-2025,worker-uuid-00378,W-00378,2025,2025-09-13,170.4,77.7,26.8,89.7,151,90,75,103,7.9,193,104,45,173,1.12,73.0,6.8,ACTIVE_SMOKER,10.3,True,True,False,True,False,NORMAL,FIT_WITH_RESTRICTION
mcu-uuid-W-00378-2026,worker-uuid-00378,W-00378,2026,2026-04-15,170.4,79.1,27.2,91.8,147,89,79,120,8.2,171,110,37,132,0.84,79.0,7.0,ACTIVE_SMOKER,10.3,True,True,False,False,False,BORDERLINE,FIT_WITH_RESTRICTION
mcu-uuid-W-00379-2024,worker-uuid-00379,W-00379,2024,2024-06-02,160.4,76.9,29.9,100.8,136,90,73,97,7.4,245,179,45,104,0.84,80.0,6.6,NON_SMOKER,0.0,True,True,False,True,True,NORMAL,FIT_WITH_RESTRICTION
mcu-uuid-W-00379-2025,worker-uuid-00379,W-00379,2025,2025-03-03,160.4,77.9,30.3,99.3,124,82,73,95,7.5,206,142,38,252,0.92,77.0,3.7,NON_SMOKER,0.0,True,False,False,False,False,NORMAL,FIT_WITH_RESTRICTION
mcu-uuid-W-00379-2026,worker-uuid-00379,W-00379,2026,2026-06-27,160.4,79.5,30.9,104.0,152,100,73,127,8.6,240,157,54,157,1.38,64.5,4.6,NON_SMOKER,0.0,True,True,False,False,True,BORDERLINE,UNFIT
mcu-uuid-W-00380-2024,worker-uuid-00380,W-00380,2024,2024-03-25,168.2,59.5,21.0,72.9,124,89,77,110,8.2,243,148,54,156,0.87,64.2,4.9,NON_SMOKER,0.0,True,False,False,False,False,NORMAL,FIT
mcu-uuid-W-00380-2025,worker-uuid-00380,W-00380,2025,2025-06-12,168.2,59.6,21.1,72.6,136,87,84,107,8.0,168,92,45,133,0.92,62.0,6.1,NON_SMOKER,0.0,True,False,False,False,False,NORMAL,FIT
mcu-uuid-W-00380-2026,worker-uuid-00380,W-00380,2026,2026-08-08,168.2,60.7,21.5,73.4,132,87,63,115,8.1,261,170,52,129,0.94,60.5,4.0,NON_SMOKER,0.0,True,False,False,False,False,NORMAL,FIT
mcu-uuid-W-00381-2024,worker-uuid-00381,W-00381,2024,2024-03-15,173.7,63.6,21.1,71.0,148,95,73,100,7.7,190,91,63,102,1.0,77.0,7.3,FORMER_SMOKER,6.0,True,True,False,False,False,NORMAL,FIT_WITH_RESTRICTION
mcu-uuid-W-00381-2025,worker-uuid-00381,W-00381,2025,2025-10-11,173.7,65.0,21.5,74.3,111,69,71,97,7.5,214,134,47,114,0.92,78.0,6.8,FORMER_SMOKER,6.0,True,False,False,False,False,NORMAL,FIT
mcu-uuid-W-00381-2026,worker-uuid-00381,W-00381,2026,2026-08-18,173.7,63.3,21.0,71.7,121,74,73,79,7.0,228,131,54,158,0.84,79.0,6.8,FORMER_SMOKER,6.0,True,False,False,False,False,NORMAL,FIT
mcu-uuid-W-00382-2024,worker-uuid-00382,W-00382,2024,2024-10-24,164.5,68.8,25.4,83.8,126,83,78,94,7.3,206,121,47,154,1.2,63.0,5.4,NON_SMOKER,0.0,True,False,False,False,False,NORMAL,FIT
mcu-uuid-W-00382-2025,worker-uuid-00382,W-00382,2025,2025-03-28,164.5,69.7,25.8,84.7,147,91,82,87,7.1,214,136,57,158,1.26,60.5,5.3,NON_SMOKER,0.0,True,True,False,True,False,NORMAL,FIT_WITH_RESTRICTION
mcu-uuid-W-00382-2026,worker-uuid-00382,W-00382,2026,2026-06-18,164.5,67.8,25.1,84.6,138,89,80,106,7.7,184,94,56,55,0.72,73.0,6.1,NON_SMOKER,0.0,True,False,False,False,False,BORDERLINE,FIT
mcu-uuid-W-00383-2024,worker-uuid-00383,W-00383,2024,2024-04-14,168.5,77.8,27.4,90.6,123,81,61,114,8.0,215,129,49,180,1.04,60.0,5.9,NON_SMOKER,0.0,True,False,False,False,False,NORMAL,FIT
mcu-uuid-W-00383-2025,worker-uuid-00383,W-00383,2025,2025-04-28,168.5,77.4,27.3,92.0,124,79,93,94,7.4,244,170,48,98,0.68,68.0,6.9,NON_SMOKER,0.0,True,False,False,False,False,BORDERLINE,FIT
mcu-uuid-W-00383-2026,worker-uuid-00383,W-00383,2026,2026-08-09,168.5,79.0,27.8,94.3,141,84,68,78,7.3,265,182,49,203,1.06,57.5,6.8,NON_SMOKER,0.0,True,True,False,True,False,BORDERLINE,FIT_WITH_RESTRICTION
mcu-uuid-W-00384-2024,worker-uuid-00384,W-00384,2024,2024-08-19,160.9,77.9,30.1,100.5,132,77,79,116,8.0,181,96,53,173,0.95,67.2,6.7,ACTIVE_SMOKER,20.0,True,False,False,False,False,BORDERLINE,FIT_WITH_RESTRICTION
mcu-uuid-W-00384-2025,worker-uuid-00384,W-00384,2025,2025-09-19,160.9,77.6,30.0,101.8,144,97,89,116,8.2,230,152,42,177,0.97,65.8,6.0,ACTIVE_SMOKER,20.0,True,True,False,False,False,NORMAL,FIT_WITH_RESTRICTION
mcu-uuid-W-00384-2026,worker-uuid-00384,W-00384,2026,2026-04-04,160.9,79.6,30.7,101.2,149,95,72,98,7.8,217,149,33,194,1.04,63.0,6.0,ACTIVE_SMOKER,20.0,True,True,False,False,False,NORMAL,FIT_WITH_RESTRICTION
mcu-uuid-W-00385-2024,worker-uuid-00385,W-00385,2024,2024-08-04,183.3,74.7,22.2,75.1,144,89,75,84,7.0,259,198,41,145,1.27,69.2,7.1,ACTIVE_SMOKER,25.4,True,True,True,False,True,NORMAL,FIT_WITH_RESTRICTION
mcu-uuid-W-00385-2025,worker-uuid-00385,W-00385,2025,2025-07-07,183.3,74.7,22.2,73.9,124,78,82,91,7.7,185,108,44,126,1.15,71.2,5.8,ACTIVE_SMOKER,25.4,True,False,True,False,False,NORMAL,FIT
mcu-uuid-W-00385-2026,worker-uuid-00385,W-00385,2026,2026-10-01,183.3,76.1,22.6,76.0,140,92,80,84,7.1,167,93,31,97,1.07,72.2,6.9,ACTIVE_SMOKER,25.4,True,True,True,False,False,NORMAL,FIT_WITH_RESTRICTION
mcu-uuid-W-00386-2024,worker-uuid-00386,W-00386,2024,2024-05-22,174.7,80.7,26.4,86.7,124,76,69,108,7.8,273,190,54,124,0.81,84.8,5.5,FORMER_SMOKER,6.6,True,False,False,False,False,NORMAL,FIT
mcu-uuid-W-00386-2025,worker-uuid-00386,W-00386,2025,2025-11-18,174.7,81.5,26.7,89.0,113,78,79,107,7.8,249,173,49,209,0.89,81.8,5.7,FORMER_SMOKER,6.6,True,False,False,False,True,NORMAL,FIT
mcu-uuid-W-00386-2026,worker-uuid-00386,W-00386,2026,2026-10-24,174.7,80.2,26.3,87.6,137,86,76,112,7.9,206,125,46,83,1.33,69.8,6.7,FORMER_SMOKER,6.6,True,False,False,False,False,NORMAL,FIT
mcu-uuid-W-00387-2024,worker-uuid-00387,W-00387,2024,2024-10-12,167.9,69.6,24.7,84.8,141,92,79,117,8.1,215,147,46,158,1.04,75.0,7.7,ACTIVE_SMOKER,13.5,True,True,False,True,False,NORMAL,FIT_WITH_RESTRICTION
mcu-uuid-W-00387-2025,worker-uuid-00387,W-00387,2025,2025-03-14,167.9,69.6,24.7,81.8,145,87,68,127,8.3,204,137,47,55,0.91,77.2,4.5,ACTIVE_SMOKER,13.5,True,True,False,False,False,NORMAL,FIT_WITH_RESTRICTION
mcu-uuid-W-00387-2026,worker-uuid-00387,W-00387,2026,2026-03-20,167.9,71.1,25.2,85.4,153,92,63,90,7.6,234,146,53,140,0.8,79.0,5.7,ACTIVE_SMOKER,13.5,True,True,False,True,False,BORDERLINE,FIT_WITH_RESTRICTION
mcu-uuid-W-00388-2024,worker-uuid-00388,W-00388,2024,2024-08-06,166.1,75.7,27.4,91.4,141,92,76,103,7.9,202,153,26,136,0.96,72.0,3.9,ACTIVE_SMOKER,12.0,True,True,False,True,False,NORMAL,FIT_WITH_RESTRICTION
mcu-uuid-W-00388-2025,worker-uuid-00388,W-00388,2025,2025-10-21,166.1,75.6,27.4,90.8,147,94,89,80,7.1,235,164,45,211,0.78,75.5,6.7,ACTIVE_SMOKER,12.0,True,True,False,False,False,NORMAL,FIT_WITH_RESTRICTION
mcu-uuid-W-00388-2026,worker-uuid-00388,W-00388,2026,2026-05-19,166.1,75.3,27.3,90.5,154,99,73,91,7.6,221,160,40,117,0.6,79.0,5.3,ACTIVE_SMOKER,12.0,True,True,False,False,False,NORMAL,FIT_WITH_RESTRICTION
mcu-uuid-W-00389-2024,worker-uuid-00389,W-00389,2024,2024-08-25,150.0,55.5,24.7,81.7,104,66,72,108,7.9,170,85,45,151,0.82,95.5,4.5,ACTIVE_SMOKER,16.0,True,False,True,False,False,BORDERLINE,FIT
mcu-uuid-W-00389-2025,worker-uuid-00389,W-00389,2025,2025-08-06,150.0,56.8,25.2,83.0,145,93,71,99,7.7,132,83,28,163,0.67,98.2,4.4,ACTIVE_SMOKER,16.0,True,True,True,False,False,BORDERLINE,FIT_WITH_RESTRICTION
mcu-uuid-W-00389-2026,worker-uuid-00389,W-00389,2026,2026-06-14,150.0,55.5,24.7,82.1,133,85,90,106,7.8,182,102,42,147,0.65,97.8,4.6,ACTIVE_SMOKER,16.0,True,False,True,False,False,BORDERLINE,FIT
mcu-uuid-W-00390-2024,worker-uuid-00390,W-00390,2024,2024-10-06,177.2,90.5,28.8,95.1,132,83,69,108,7.9,217,143,49,189,0.82,86.5,7.6,NON_SMOKER,0.0,True,False,False,False,False,NORMAL,FIT
mcu-uuid-W-00390-2025,worker-uuid-00390,W-00390,2025,2025-08-28,177.2,91.2,29.0,96.3,114,72,70,110,8.1,226,166,38,80,1.3,73.5,5.8,NON_SMOKER,0.0,True,False,False,False,False,NORMAL,FIT
mcu-uuid-W-00390-2026,worker-uuid-00390,W-00390,2026,2026-06-05,177.2,92.2,29.4,99.2,129,74,60,85,7.1,214,133,47,151,0.94,81.5,5.0,NON_SMOKER,0.0,True,False,False,False,False,NORMAL,FIT
mcu-uuid-W-00391-2024,worker-uuid-00391,W-00391,2024,2024-03-03,165.8,71.6,26.0,85.7,136,82,66,109,7.8,192,127,44,167,0.64,97.0,8.6,ACTIVE_SMOKER,5.0,True,False,False,False,False,BORDERLINE,FIT
mcu-uuid-W-00391-2025,worker-uuid-00391,W-00391,2025,2025-04-24,165.8,71.8,26.1,86.3,122,70,76,91,7.3,188,113,50,158,1.04,86.0,6.3,ACTIVE_SMOKER,5.0,True,False,False,False,False,NORMAL,FIT
mcu-uuid-W-00391-2026,worker-uuid-00391,W-00391,2026,2026-04-03,165.8,74.0,26.9,90.0,143,80,87,125,8.6,196,114,39,63,0.85,89.8,5.4,ACTIVE_SMOKER,5.0,True,True,False,True,False,ABNORMAL,UNFIT
mcu-uuid-W-00392-2024,worker-uuid-00392,W-00392,2024,2024-10-04,159.9,63.0,24.6,84.6,122,74,76,104,7.7,215,141,49,55,1.17,58.8,3.1,FORMER_SMOKER,6.2,True,False,False,False,False,BORDERLINE,FIT
mcu-uuid-W-00392-2025,worker-uuid-00392,W-00392,2025,2025-09-13,159.9,64.1,25.1,85.4,130,87,69,119,8.5,252,162,62,178,0.78,67.5,5.7,FORMER_SMOKER,6.2,True,False,False,False,False,NORMAL,FIT
mcu-uuid-W-00392-2026,worker-uuid-00392,W-00392,2026,2026-07-14,159.9,63.3,24.8,83.2,146,98,65,110,8.1,184,107,52,147,0.66,69.5,3.1,FORMER_SMOKER,6.2,True,True,False,False,False,NORMAL,FIT_WITH_RESTRICTION
mcu-uuid-W-00393-2024,worker-uuid-00393,W-00393,2024,2024-06-24,162.0,65.1,24.8,81.5,139,84,73,114,8.2,246,161,53,107,1.27,72.2,5.3,NON_SMOKER,0.0,True,False,False,False,False,NORMAL,FIT
mcu-uuid-W-00393-2025,worker-uuid-00393,W-00393,2025,2025-03-26,162.0,66.5,25.3,86.3,126,81,68,110,7.9,197,96,57,145,0.89,80.8,3.5,NON_SMOKER,0.0,True,False,False,False,False,NORMAL,FIT
mcu-uuid-W-00393-2026,worker-uuid-00393,W-00393,2026,2026-09-11,162.0,64.2,24.5,83.5,108,66,83,123,8.3,220,143,56,163,0.85,80.8,3.3,NON_SMOKER,0.0,True,False,False,False,False,NORMAL,FIT
mcu-uuid-W-00394-2024,worker-uuid-00394,W-00394,2024,2024-06-06,153.9,59.9,25.3,86.2,131,83,64,88,7.1,205,117,53,62,0.73,82.8,4.8,ACTIVE_SMOKER,20.8,True,False,True,False,False,BORDERLINE,FIT
mcu-uuid-W-00394-2025,worker-uuid-00394,W-00394,2025,2025-11-28,153.9,60.8,25.7,85.9,124,83,85,99,7.8,190,131,30,140,0.72,82.0,6.6,ACTIVE_SMOKER,20.8,True,False,True,False,False,NORMAL,FIT
mcu-uuid-W-00394-2026,worker-uuid-00394,W-00394,2026,2026-05-06,153.9,62.4,26.3,87.3,136,77,79,104,7.6,206,122,41,108,1.04,73.0,5.6,ACTIVE_SMOKER,20.8,True,False,True,False,False,NORMAL,FIT
mcu-uuid-W-00395-2024,worker-uuid-00395,W-00395,2024,2024-05-28,175.6,67.5,21.9,73.7,124,73,83,97,7.4,166,89,46,132,0.97,85.8,5.0,ACTIVE_SMOKER,9.9,True,False,False,False,False,NORMAL,FIT
mcu-uuid-W-00395-2025,worker-uuid-00395,W-00395,2025,2025-04-15,175.6,68.8,22.3,74.3,137,79,80,109,8.1,230,162,40,55,0.75,90.2,6.9,ACTIVE_SMOKER,9.9,True,False,False,False,False,NORMAL,FIT
mcu-uuid-W-00395-2026,worker-uuid-00395,W-00395,2026,2026-05-22,175.6,69.1,22.4,75.6,122,82,66,106,7.9,184,89,52,220,0.92,85.0,5.1,ACTIVE_SMOKER,9.9,True,False,False,False,False,NORMAL,FIT
mcu-uuid-W-00396-2024,worker-uuid-00396,W-00396,2024,2024-03-06,171.6,63.3,21.5,74.2,130,78,64,77,7.3,163,93,49,210,1.01,77.8,7.2,NON_SMOKER,0.0,True,False,False,False,False,BORDERLINE,FIT
mcu-uuid-W-00396-2025,worker-uuid-00396,W-00396,2025,2025-03-01,171.6,63.7,21.6,72.3,114,77,70,82,7.4,253,171,59,115,1.18,72.5,5.9,NON_SMOKER,0.0,True,False,False,False,False,NORMAL,FIT
mcu-uuid-W-00396-2026,worker-uuid-00396,W-00396,2026,2026-11-27,171.6,63.7,21.6,74.6,124,76,86,83,7.5,137,58,48,55,0.99,76.2,6.4,NON_SMOKER,0.0,True,False,False,False,False,NORMAL,FIT
mcu-uuid-W-00397-2024,worker-uuid-00397,W-00397,2024,2024-08-19,161.1,73.9,28.5,94.8,134,76,72,116,8.4,230,145,50,185,1.08,68.0,4.8,FORMER_SMOKER,5.7,True,False,False,False,False,NORMAL,FIT
mcu-uuid-W-00397-2025,worker-uuid-00397,W-00397,2025,2025-11-03,161.1,74.3,28.6,95.0,133,86,70,118,8.1,278,197,42,182,0.8,74.0,6.0,FORMER_SMOKER,5.7,True,False,False,False,True,NORMAL,FIT
mcu-uuid-W-00397-2026,worker-uuid-00397,W-00397,2026,2026-10-10,161.1,75.1,28.9,94.9,128,85,77,99,7.5,212,151,37,104,0.9,70.5,5.3,FORMER_SMOKER,5.7,True,False,False,False,False,NORMAL,FIT
mcu-uuid-W-00398-2024,worker-uuid-00398,W-00398,2024,2024-07-04,169.0,67.0,23.5,78.5,115,65,83,91,7.3,215,125,47,85,1.04,76.0,5.5,NON_SMOKER,0.0,True,False,False,False,False,NORMAL,FIT
mcu-uuid-W-00398-2025,worker-uuid-00398,W-00398,2025,2025-10-16,169.0,67.0,23.5,77.4,132,73,70,97,7.6,219,130,56,148,1.0,76.0,4.8,NON_SMOKER,0.0,True,False,False,False,False,NORMAL,FIT
mcu-uuid-W-00398-2026,worker-uuid-00398,W-00398,2026,2026-11-27,169.0,68.6,24.0,82.4,132,81,86,111,8.3,239,167,47,202,0.94,76.5,5.9,NON_SMOKER,0.0,True,False,False,False,True,BORDERLINE,FIT
mcu-uuid-W-00399-2024,worker-uuid-00399,W-00399,2024,2024-03-07,162.1,73.7,28.0,95.3,113,61,56,116,8.4,171,97,43,207,1.08,82.0,6.0,NON_SMOKER,0.0,True,False,True,False,False,BORDERLINE,FIT
mcu-uuid-W-00399-2025,worker-uuid-00399,W-00399,2025,2025-10-20,162.1,74.6,28.4,94.3,135,86,62,122,8.6,246,177,49,160,0.77,88.8,6.2,NON_SMOKER,0.0,True,False,True,False,False,NORMAL,FIT
mcu-uuid-W-00399-2026,worker-uuid-00399,W-00399,2026,2026-05-01,162.1,72.8,27.7,91.4,120,71,62,114,8.0,196,105,46,121,0.97,82.8,5.5,NON_SMOKER,0.0,True,False,True,False,False,BORDERLINE,FIT
mcu-uuid-W-00400-2024,worker-uuid-00400,W-00400,2024,2024-11-14,170.5,59.2,20.4,68.9,123,75,77,97,7.8,157,55,64,152,0.62,70.5,4.5,FORMER_SMOKER,5.9,True,False,False,False,False,NORMAL,FIT
mcu-uuid-W-00400-2025,worker-uuid-00400,W-00400,2025,2025-06-26,170.5,59.6,20.5,68.6,118,75,64,131,8.8,173,86,43,108,1.1,57.5,6.2,FORMER_SMOKER,5.9,True,False,False,False,False,NORMAL,FIT
mcu-uuid-W-00400-2026,worker-uuid-00400,W-00400,2026,2026-10-05,170.5,60.1,20.7,69.3,136,84,71,117,8.2,222,121,58,192,1.12,56.0,4.7,FORMER_SMOKER,5.9,True,False,False,False,False,NORMAL,FIT
mcu-uuid-W-00401-2024,worker-uuid-00401,W-00401,2024,2024-09-25,161.8,59.5,22.7,75.3,128,84,86,100,7.5,218,154,44,174,1.11,54.2,5.8,NON_SMOKER,0.0,True,False,False,False,False,NORMAL,FIT
mcu-uuid-W-00401-2025,worker-uuid-00401,W-00401,2025,2025-08-06,161.8,59.8,22.8,78.9,128,82,73,134,8.7,143,55,56,135,1.01,55.8,6.2,NON_SMOKER,0.0,True,False,False,False,False,NORMAL,FIT
mcu-uuid-W-00401-2026,worker-uuid-00401,W-00401,2026,2026-06-24,161.8,60.7,23.2,76.9,149,93,76,104,8.0,242,152,55,164,1.0,55.0,5.0,NON_SMOKER,0.0,True,True,False,False,True,NORMAL,FIT_WITH_RESTRICTION
mcu-uuid-W-00402-2024,worker-uuid-00402,W-00402,2024,2024-08-12,162.6,79.6,30.1,100.9,138,89,88,107,7.7,169,100,43,184,0.84,80.0,7.4,ACTIVE_SMOKER,24.0,True,False,False,False,False,NORMAL,FIT_WITH_RESTRICTION
mcu-uuid-W-00402-2025,worker-uuid-00402,W-00402,2025,2025-07-04,162.6,80.3,30.4,101.9,131,80,88,104,7.8,246,168,35,123,1.19,70.2,6.6,ACTIVE_SMOKER,24.0,True,False,False,False,False,BORDERLINE,FIT_WITH_RESTRICTION
mcu-uuid-W-00402-2026,worker-uuid-00402,W-00402,2026,2026-06-18,162.6,81.9,31.0,102.9,154,95,70,108,7.9,216,130,47,123,0.7,81.5,5.5,ACTIVE_SMOKER,24.0,True,True,False,False,False,BORDERLINE,FIT_WITH_RESTRICTION
mcu-uuid-W-00403-2024,worker-uuid-00403,W-00403,2024,2024-09-06,168.8,61.7,21.7,75.0,127,83,68,84,7.3,212,111,56,136,0.65,84.8,3.9,ACTIVE_SMOKER,23.0,True,False,False,False,False,NORMAL,FIT
mcu-uuid-W-00403-2025,worker-uuid-00403,W-00403,2025,2025-03-23,168.8,61.6,21.6,71.7,131,76,82,80,7.3,204,121,45,101,0.9,77.5,7.4,ACTIVE_SMOKER,23.0,True,False,False,False,False,NORMAL,FIT
mcu-uuid-W-00403-2026,worker-uuid-00403,W-00403,2026,2026-11-11,168.8,60.8,21.3,72.0,136,83,84,108,7.7,209,129,38,144,0.43,88.2,5.1,ACTIVE_SMOKER,23.0,True,False,False,False,False,NORMAL,FIT
mcu-uuid-W-00404-2024,worker-uuid-00404,W-00404,2024,2024-06-13,172.5,74.9,25.2,85.1,120,75,80,95,7.3,197,128,37,156,1.15,86.2,7.2,ACTIVE_SMOKER,12.2,True,False,False,False,False,NORMAL,FIT
mcu-uuid-W-00404-2025,worker-uuid-00404,W-00404,2025,2025-11-23,172.5,74.5,25.0,83.3,124,79,80,69,6.7,173,99,54,87,1.16,85.0,6.9,ACTIVE_SMOKER,12.2,True,False,False,False,False,NORMAL,FIT
mcu-uuid-W-00404-2026,worker-uuid-00404,W-00404,2026,2026-07-09,172.5,75.1,25.2,86.4,129,77,66,73,6.8,205,131,36,147,1.06,86.5,7.4,ACTIVE_SMOKER,12.2,True,False,False,False,False,NORMAL,FIT
mcu-uuid-W-00405-2024,worker-uuid-00405,W-00405,2024,2024-11-21,156.5,64.7,26.4,88.3,122,72,69,80,7.4,224,127,53,156,0.87,84.2,3.5,ACTIVE_SMOKER,26.3,True,False,False,False,False,NORMAL,FIT
mcu-uuid-W-00405-2025,worker-uuid-00405,W-00405,2025,2025-09-28,156.5,64.3,26.3,89.9,145,86,65,118,8.2,211,127,47,188,1.13,76.8,5.1,ACTIVE_SMOKER,26.3,True,True,False,False,False,NORMAL,FIT_WITH_RESTRICTION
mcu-uuid-W-00405-2026,worker-uuid-00405,W-00405,2026,2026-03-22,156.5,67.3,27.5,91.0,138,80,92,133,8.5,234,173,38,81,0.76,85.0,6.5,ACTIVE_SMOKER,26.3,True,False,False,False,False,NORMAL,FIT
mcu-uuid-W-00406-2024,worker-uuid-00406,W-00406,2024,2024-06-27,166.1,75.0,27.2,91.3,133,80,89,106,7.7,185,106,44,178,0.49,99.8,3.3,FORMER_SMOKER,8.3,True,False,False,False,False,NORMAL,FIT
mcu-uuid-W-00406-2025,worker-uuid-00406,W-00406,2025,2025-05-08,166.1,75.4,27.3,90.1,131,89,64,87,7.4,212,146,40,226,1.01,85.8,3.0,FORMER_SMOKER,8.3,True,False,False,False,False,NORMAL,FIT
mcu-uuid-W-00406-2026,worker-uuid-00406,W-00406,2026,2026-09-25,166.1,76.0,27.5,93.0,124,80,62,68,6.9,153,72,39,145,1.18,80.5,6.0,FORMER_SMOKER,8.3,True,False,False,False,False,NORMAL,FIT
mcu-uuid-W-00407-2024,worker-uuid-00407,W-00407,2024,2024-08-14,180.6,78.2,24.0,82.4,125,71,74,120,8.3,236,148,43,133,1.12,77.0,6.6,ACTIVE_SMOKER,5.1,True,False,False,False,False,NORMAL,FIT
mcu-uuid-W-00407-2025,worker-uuid-00407,W-00407,2025,2025-05-13,180.6,78.5,24.1,80.2,148,84,69,102,7.6,172,94,41,156,1.07,77.2,5.3,ACTIVE_SMOKER,5.1,True,True,False,False,False,BORDERLINE,FIT_WITH_RESTRICTION
mcu-uuid-W-00407-2026,worker-uuid-00407,W-00407,2026,2026-05-16,180.6,79.1,24.3,81.7,129,79,68,88,7.4,219,128,49,190,0.91,80.2,4.2,ACTIVE_SMOKER,5.1,True,False,False,False,False,NORMAL,FIT
mcu-uuid-W-00408-2024,worker-uuid-00408,W-00408,2024,2024-10-05,172.3,65.0,21.9,73.8,133,81,78,82,7.1,198,128,46,112,1.07,60.2,5.7,FORMER_SMOKER,2.4,True,False,False,False,False,BORDERLINE,FIT
mcu-uuid-W-00408-2025,worker-uuid-00408,W-00408,2025,2025-06-10,172.3,65.5,22.1,72.7,117,82,67,94,7.5,185,97,46,117,0.91,63.2,5.0,FORMER_SMOKER,2.4,True,False,False,False,False,BORDERLINE,FIT
mcu-uuid-W-00408-2026,worker-uuid-00408,W-00408,2026,2026-07-01,172.3,66.8,22.5,74.4,122,76,67,106,7.9,221,143,47,61,0.81,64.8,4.8,FORMER_SMOKER,2.4,True,False,False,False,False,BORDERLINE,FIT
mcu-uuid-W-00409-2024,worker-uuid-00409,W-00409,2024,2024-07-08,167.6,68.6,24.4,82.2,117,73,83,103,7.8,199,127,45,151,1.01,83.8,6.4,NON_SMOKER,0.0,True,False,True,False,False,NORMAL,FIT
mcu-uuid-W-00409-2025,worker-uuid-00409,W-00409,2025,2025-05-26,167.6,70.0,24.9,82.4,114,78,68,83,7.4,197,120,50,123,1.17,78.8,6.9,NON_SMOKER,0.0,True,False,True,False,False,NORMAL,FIT
mcu-uuid-W-00409-2026,worker-uuid-00409,W-00409,2026,2026-10-07,167.6,70.5,25.1,85.7,120,75,62,103,8.0,213,150,43,153,0.96,83.0,3.9,NON_SMOKER,0.0,True,False,True,False,False,NORMAL,FIT
mcu-uuid-W-00410-2024,worker-uuid-00410,W-00410,2024,2024-08-10,163.5,61.6,23.0,76.3,100,63,74,82,7.1,193,93,61,69,1.29,87.8,5.8,NON_SMOKER,0.0,True,False,False,False,False,NORMAL,FIT
mcu-uuid-W-00410-2025,worker-uuid-00410,W-00410,2025,2025-07-20,163.5,61.9,23.2,77.7,115,72,73,99,7.5,177,83,50,126,0.83,98.2,7.6,NON_SMOKER,0.0,True,False,False,False,False,NORMAL,FIT
mcu-uuid-W-00410-2026,worker-uuid-00410,W-00410,2026,2026-08-26,163.5,61.4,23.0,78.7,126,73,53,101,7.9,151,81,41,139,0.86,96.5,6.9,NON_SMOKER,0.0,True,False,False,False,False,NORMAL,FIT
mcu-uuid-W-00411-2024,worker-uuid-00411,W-00411,2024,2024-06-22,153.0,48.9,20.9,72.0,124,84,79,115,8.0,217,142,44,118,0.64,70.0,4.6,ACTIVE_SMOKER,6.6,True,False,True,False,False,NORMAL,FIT
mcu-uuid-W-00411-2025,worker-uuid-00411,W-00411,2025,2025-05-04,153.0,49.0,20.9,70.2,140,80,76,105,7.8,207,139,42,73,1.0,60.0,5.2,ACTIVE_SMOKER,6.6,True,True,True,False,False,NORMAL,FIT_WITH_RESTRICTION
mcu-uuid-W-00411-2026,worker-uuid-00411,W-00411,2026,2026-06-03,153.0,48.0,20.5,71.1,136,85,81,85,7.0,194,106,48,171,0.92,61.0,5.8,ACTIVE_SMOKER,6.6,True,False,True,False,False,NORMAL,FIT
mcu-uuid-W-00412-2024,worker-uuid-00412,W-00412,2024,2024-09-19,172.8,80.9,27.1,91.0,137,94,68,127,8.4,184,111,52,125,0.98,60.5,4.2,FORMER_SMOKER,9.3,True,True,False,False,False,NORMAL,FIT_WITH_RESTRICTION
mcu-uuid-W-00412-2025,worker-uuid-00412,W-00412,2025,2025-09-14,172.8,81.4,27.3,92.6,149,95,67,117,8.2,251,193,36,113,0.95,60.2,8.2,FORMER_SMOKER,9.3,True,True,False,True,True,NORMAL,FIT_WITH_RESTRICTION
mcu-uuid-W-00412-2026,worker-uuid-00412,W-00412,2026,2026-04-22,172.8,80.1,26.8,88.6,130,80,79,98,7.8,232,162,45,116,0.65,66.8,7.9,FORMER_SMOKER,9.3,True,False,False,False,True,NORMAL,FIT
mcu-uuid-W-00413-2024,worker-uuid-00413,W-00413,2024,2024-04-11,171.2,75.5,25.8,88.4,137,85,71,98,7.5,233,164,44,103,0.8,86.0,7.0,ACTIVE_SMOKER,19.4,True,False,False,False,True,BORDERLINE,FIT
mcu-uuid-W-00413-2025,worker-uuid-00413,W-00413,2025,2025-09-01,171.2,76.6,26.1,86.0,132,80,69,89,7.2,240,157,53,164,0.65,88.8,5.1,ACTIVE_SMOKER,19.4,True,False,False,False,False,NORMAL,FIT
mcu-uuid-W-00413-2026,worker-uuid-00413,W-00413,2026,2026-09-04,171.2,78.1,26.6,90.7,149,95,66,127,8.5,245,184,34,55,0.8,84.0,5.4,ACTIVE_SMOKER,19.4,True,True,False,True,False,ABNORMAL,UNFIT
mcu-uuid-W-00414-2024,worker-uuid-00414,W-00414,2024,2024-10-12,163.5,63.0,23.6,78.2,112,70,65,77,6.9,219,112,62,122,0.71,98.2,5.6,NON_SMOKER,0.0,True,False,False,False,False,NORMAL,FIT
mcu-uuid-W-00414-2025,worker-uuid-00414,W-00414,2025,2025-09-07,163.5,62.7,23.5,78.4,107,74,68,101,7.6,177,106,42,117,0.78,95.5,3.7,NON_SMOKER,0.0,True,False,False,False,False,NORMAL,FIT
mcu-uuid-W-00414-2026,worker-uuid-00414,W-00414,2026,2026-10-25,163.5,64.3,24.1,80.0,118,72,74,84,7.2,154,66,46,94,0.83,93.2,3.9,NON_SMOKER,0.0,True,False,False,False,False,NORMAL,FIT
mcu-uuid-W-00415-2024,worker-uuid-00415,W-00415,2024,2024-09-10,165.7,65.6,23.9,82.2,126,76,67,94,7.4,192,101,58,131,1.05,78.8,5.0,NON_SMOKER,0.0,True,False,False,False,False,NORMAL,FIT
mcu-uuid-W-00415-2025,worker-uuid-00415,W-00415,2025,2025-10-20,165.7,66.6,24.3,82.7,142,89,71,96,7.4,196,106,53,120,0.97,79.8,5.2,NON_SMOKER,0.0,True,True,False,False,False,BORDERLINE,FIT_WITH_RESTRICTION
mcu-uuid-W-00415-2026,worker-uuid-00415,W-00415,2026,2026-05-13,165.7,64.7,23.6,79.2,142,87,69,120,8.1,187,113,48,97,1.02,77.5,7.3,NON_SMOKER,0.0,True,True,False,True,False,BORDERLINE,FIT_WITH_RESTRICTION
mcu-uuid-W-00416-2024,worker-uuid-00416,W-00416,2024,2024-05-08,157.3,66.4,26.8,90.3,151,103,64,106,7.8,187,95,49,150,0.66,90.5,6.5,ACTIVE_SMOKER,16.7,True,True,True,False,False,BORDERLINE,UNFIT
mcu-uuid-W-00416-2025,worker-uuid-00416,W-00416,2025,2025-06-18,157.3,67.5,27.3,91.2,123,64,78,102,7.6,265,186,50,125,0.75,87.2,7.0,ACTIVE_SMOKER,16.7,True,False,True,False,True,NORMAL,FIT
mcu-uuid-W-00416-2026,worker-uuid-00416,W-00416,2026,2026-11-21,157.3,66.5,26.9,90.3,144,92,67,89,7.2,184,106,51,183,1.07,78.2,6.6,ACTIVE_SMOKER,16.7,True,True,True,True,False,BORDERLINE,FIT_WITH_RESTRICTION
mcu-uuid-W-00417-2024,worker-uuid-00417,W-00417,2024,2024-05-15,160.8,85.0,32.9,110.6,136,87,86,121,8.1,217,135,39,174,1.0,60.0,4.8,ACTIVE_SMOKER,26.7,True,False,False,False,False,NORMAL,FIT_WITH_RESTRICTION
mcu-uuid-W-00417-2025,worker-uuid-00417,W-00417,2025,2025-03-08,160.8,85.4,33.0,111.3,149,95,71,139,8.8,248,162,41,135,1.0,59.0,5.1,ACTIVE_SMOKER,26.7,True,True,False,False,False,NORMAL,FIT_WITH_RESTRICTION
mcu-uuid-W-00417-2026,worker-uuid-00417,W-00417,2026,2026-04-25,160.8,84.2,32.6,107.0,157,93,75,97,7.9,202,118,40,192,1.01,57.8,7.9,ACTIVE_SMOKER,26.7,True,True,False,False,False,NORMAL,FIT_WITH_RESTRICTION
mcu-uuid-W-00418-2024,worker-uuid-00418,W-00418,2024,2024-09-18,166.2,60.3,21.8,73.6,140,84,89,93,7.6,251,158,56,87,1.29,58.8,4.8,FORMER_SMOKER,2.6,True,True,False,False,True,NORMAL,FIT_WITH_RESTRICTION
mcu-uuid-W-00418-2025,worker-uuid-00418,W-00418,2025,2025-07-27,166.2,60.8,22.0,73.6,143,86,73,100,7.6,184,91,49,74,0.8,70.0,6.3,FORMER_SMOKER,2.6,True,True,False,True,False,NORMAL,FIT_WITH_RESTRICTION
mcu-uuid-W-00418-2026,worker-uuid-00418,W-00418,2026,2026-09-03,166.2,61.1,22.1,74.3,143,93,66,100,7.8,236,156,51,180,0.88,67.0,5.7,FORMER_SMOKER,2.6,True,True,False,False,False,NORMAL,FIT_WITH_RESTRICTION
mcu-uuid-W-00419-2024,worker-uuid-00419,W-00419,2024,2024-09-05,168.1,64.8,22.9,79.2,131,84,66,132,8.7,200,115,51,55,1.22,58.5,4.3,NON_SMOKER,0.0,True,False,False,False,False,NORMAL,FIT
mcu-uuid-W-00419-2025,worker-uuid-00419,W-00419,2025,2025-03-26,168.1,65.8,23.3,78.5,134,88,70,98,7.8,163,78,52,110,1.12,60.0,6.1,NON_SMOKER,0.0,True,False,False,False,False,NORMAL,FIT
mcu-uuid-W-00419-2026,worker-uuid-00419,W-00419,2026,2026-11-25,168.1,66.0,23.4,79.9,136,86,82,91,7.6,163,99,42,95,1.19,57.2,5.5,NON_SMOKER,0.0,True,False,False,False,False,NORMAL,FIT
mcu-uuid-W-00420-2024,worker-uuid-00420,W-00420,2024,2024-07-07,160.4,80.0,31.1,102.1,148,98,55,120,8.1,196,113,57,148,0.51,80.2,5.5,FORMER_SMOKER,14.4,True,True,False,True,False,NORMAL,FIT_WITH_RESTRICTION
mcu-uuid-W-00420-2025,worker-uuid-00420,W-00420,2025,2025-11-16,160.4,79.6,30.9,103.8,135,87,69,89,7.6,223,138,49,184,0.94,68.5,5.7,FORMER_SMOKER,14.4,True,False,False,False,False,NORMAL,FIT_WITH_RESTRICTION
mcu-uuid-W-00420-2026,worker-uuid-00420,W-00420,2026,2026-09-23,160.4,82.5,32.1,107.0,132,79,79,105,7.6,221,139,54,154,0.69,73.8,7.4,FORMER_SMOKER,14.4,True,False,False,False,False,NORMAL,FIT_WITH_RESTRICTION
mcu-uuid-W-00421-2024,worker-uuid-00421,W-00421,2024,2024-11-18,155.7,42.7,17.6,62.0,95,72,65,70,6.8,185,86,55,88,1.19,87.2,3.8,ACTIVE_SMOKER,23.6,True,False,False,False,False,NORMAL,FIT
mcu-uuid-W-00421-2025,worker-uuid-00421,W-00421,2025,2025-06-08,155.7,42.3,17.4,60.3,107,70,80,107,7.7,225,146,42,95,1.14,87.5,6.1,ACTIVE_SMOKER,23.6,True,False,False,False,False,NORMAL,FIT
mcu-uuid-W-00421-2026,worker-uuid-00421,W-00421,2026,2026-11-28,155.7,44.7,18.4,64.6,116,73,82,89,7.2,212,114,56,103,0.68,98.0,5.4,ACTIVE_SMOKER,23.6,True,False,False,False,False,NORMAL,FIT
mcu-uuid-W-00422-2024,worker-uuid-00422,W-00422,2024,2024-06-02,164.9,53.7,19.7,66.5,116,71,66,79,7.1,228,150,52,112,1.06,76.5,6.4,NON_SMOKER,0.0,True,False,False,False,False,BORDERLINE,FIT
mcu-uuid-W-00422-2025,worker-uuid-00422,W-00422,2025,2025-07-17,164.9,55.1,20.3,67.7,127,76,81,85,7.2,183,86,60,55,1.21,71.8,5.9,NON_SMOKER,0.0,True,False,False,False,False,NORMAL,FIT
mcu-uuid-W-00422-2026,worker-uuid-00422,W-00422,2026,2026-08-17,164.9,54.0,19.9,68.7,124,76,75,94,7.5,160,91,45,179,0.67,84.2,5.8,NON_SMOKER,0.0,True,False,False,False,False,NORMAL,FIT
mcu-uuid-W-00423-2024,worker-uuid-00423,W-00423,2024,2024-07-18,160.2,65.9,25.7,86.9,122,75,69,127,8.5,177,107,45,139,1.01,78.8,7.5,NON_SMOKER,0.0,True,False,True,False,False,NORMAL,FIT
mcu-uuid-W-00423-2025,worker-uuid-00423,W-00423,2025,2025-05-01,160.2,66.0,25.7,87.1,145,84,70,110,7.8,182,91,54,247,1.07,76.2,6.1,NON_SMOKER,0.0,True,True,True,False,False,NORMAL,FIT_WITH_RESTRICTION
mcu-uuid-W-00423-2026,worker-uuid-00423,W-00423,2026,2026-03-18,160.2,67.7,26.4,89.4,136,73,91,112,8.0,227,163,43,164,1.1,74.5,3.8,NON_SMOKER,0.0,True,False,True,False,True,NORMAL,FIT
mcu-uuid-W-00424-2024,worker-uuid-00424,W-00424,2024,2024-06-11,180.1,89.0,27.4,91.9,128,78,80,108,7.8,243,147,55,147,0.66,81.5,6.8,NON_SMOKER,0.0,True,False,False,False,True,NORMAL,FIT
mcu-uuid-W-00424-2025,worker-uuid-00424,W-00424,2025,2025-07-20,180.1,89.5,27.6,91.8,132,78,80,98,7.5,210,142,44,131,1.18,67.5,2.8,NON_SMOKER,0.0,True,False,False,False,False,NORMAL,FIT
mcu-uuid-W-00424-2026,worker-uuid-00424,W-00424,2026,2026-07-15,180.1,90.0,27.7,94.5,141,92,76,99,7.7,222,120,57,156,0.71,78.2,6.4,NON_SMOKER,0.0,True,True,False,True,False,BORDERLINE,FIT_WITH_RESTRICTION
mcu-uuid-W-00425-2024,worker-uuid-00425,W-00425,2024,2024-03-11,166.6,51.1,18.4,61.3,115,78,73,105,7.7,201,148,33,108,0.8,95.0,5.0,ACTIVE_SMOKER,10.3,True,False,False,False,False,NORMAL,FIT
mcu-uuid-W-00425-2025,worker-uuid-00425,W-00425,2025,2025-06-03,166.6,52.1,18.8,65.4,126,75,69,79,7.3,142,71,49,184,0.97,89.8,5.5,ACTIVE_SMOKER,10.3,True,False,False,False,False,NORMAL,FIT
mcu-uuid-W-00425-2026,worker-uuid-00425,W-00425,2026,2026-04-05,166.6,51.5,18.6,65.4,139,88,72,81,7.3,187,92,54,55,1.25,81.8,6.7,ACTIVE_SMOKER,10.3,True,False,False,False,False,NORMAL,FIT
mcu-uuid-W-00426-2024,worker-uuid-00426,W-00426,2024,2024-10-03,159.4,55.1,21.7,74.8,108,71,74,89,7.2,166,89,49,192,0.85,87.8,6.7,NON_SMOKER,0.0,True,False,False,False,False,NORMAL,FIT
mcu-uuid-W-00426-2025,worker-uuid-00426,W-00426,2025,2025-09-07,159.4,55.9,22.0,75.2,120,69,74,112,8.1,142,66,42,132,1.22,77.5,7.7,NON_SMOKER,0.0,True,False,False,False,False,NORMAL,FIT
mcu-uuid-W-00426-2026,worker-uuid-00426,W-00426,2026,2026-06-12,159.4,55.7,21.9,72.8,120,75,72,74,6.7,150,55,52,55,0.9,84.5,5.9,NON_SMOKER,0.0,True,False,False,False,False,NORMAL,FIT
mcu-uuid-W-00427-2024,worker-uuid-00427,W-00427,2024,2024-06-19,157.4,68.0,27.4,91.2,117,74,72,98,7.9,209,143,43,141,0.49,85.8,3.0,NON_SMOKER,0.0,True,False,False,False,False,NORMAL,FIT
mcu-uuid-W-00427-2025,worker-uuid-00427,W-00427,2025,2025-04-22,157.4,69.3,28.0,93.3,157,100,80,89,7.1,207,117,51,178,0.83,76.2,4.8,NON_SMOKER,0.0,True,True,False,True,False,NORMAL,UNFIT
mcu-uuid-W-00427-2026,worker-uuid-00427,W-00427,2026,2026-06-17,157.4,70.1,28.3,93.3,128,85,72,96,7.4,211,126,61,184,0.72,78.0,4.5,NON_SMOKER,0.0,True,False,False,False,False,BORDERLINE,FIT
mcu-uuid-W-00428-2024,worker-uuid-00428,W-00428,2024,2024-06-10,175.6,57.0,18.5,63.5,107,60,81,73,7.1,175,88,56,110,1.16,83.0,7.6,FORMER_SMOKER,11.8,True,False,False,False,False,NORMAL,FIT
mcu-uuid-W-00428-2025,worker-uuid-00428,W-00428,2025,2025-11-09,175.6,57.0,18.5,62.8,125,74,72,102,7.9,243,151,53,107,1.0,86.0,4.7,FORMER_SMOKER,11.8,True,False,False,False,False,NORMAL,FIT
mcu-uuid-W-00428-2026,worker-uuid-00428,W-00428,2026,2026-10-03,175.6,56.7,18.4,63.2,107,69,55,88,7.3,237,142,62,129,1.05,83.8,4.8,FORMER_SMOKER,11.8,True,False,False,False,False,NORMAL,FIT
mcu-uuid-W-00429-2024,worker-uuid-00429,W-00429,2024,2024-11-14,174.2,77.5,25.5,85.0,133,80,70,98,7.6,208,126,47,120,0.83,79.2,5.7,ACTIVE_SMOKER,5.4,True,False,False,False,False,NORMAL,FIT
mcu-uuid-W-00429-2025,worker-uuid-00429,W-00429,2025,2025-05-01,174.2,77.8,25.6,87.2,141,90,68,116,8.3,240,144,52,136,1.23,68.2,5.6,ACTIVE_SMOKER,5.4,True,True,False,False,False,NORMAL,FIT_WITH_RESTRICTION
mcu-uuid-W-00429-2026,worker-uuid-00429,W-00429,2026,2026-04-20,174.2,79.7,26.3,89.8,150,97,77,102,7.5,217,125,55,140,0.89,75.8,6.3,ACTIVE_SMOKER,5.4,True,True,False,True,False,BORDERLINE,FIT_WITH_RESTRICTION
mcu-uuid-W-00430-2024,worker-uuid-00430,W-00430,2024,2024-03-09,152.3,77.7,33.5,109.5,149,96,81,110,7.8,253,184,36,219,1.19,62.2,5.4,ACTIVE_SMOKER,7.9,True,True,False,False,False,NORMAL,FIT_WITH_RESTRICTION
mcu-uuid-W-00430-2025,worker-uuid-00430,W-00430,2025,2025-10-10,152.3,78.1,33.7,110.0,136,91,82,118,8.4,232,155,41,160,0.9,68.5,3.5,ACTIVE_SMOKER,7.9,True,True,False,True,False,NORMAL,FIT_WITH_RESTRICTION
mcu-uuid-W-00430-2026,worker-uuid-00430,W-00430,2026,2026-04-13,152.3,79.5,34.3,114.1,156,101,77,105,7.8,213,142,26,147,0.92,67.0,6.2,ACTIVE_SMOKER,7.9,True,True,False,True,False,BORDERLINE,UNFIT
mcu-uuid-W-00431-2024,worker-uuid-00431,W-00431,2024,2024-09-17,178.3,81.0,25.5,86.2,116,76,65,96,7.5,195,109,51,147,0.75,85.2,5.7,NON_SMOKER,0.0,True,False,False,False,False,NORMAL,FIT
mcu-uuid-W-00431-2025,worker-uuid-00431,W-00431,2025,2025-06-05,178.3,80.6,25.4,84.2,132,82,59,111,8.1,207,131,35,213,1.16,74.0,6.5,NON_SMOKER,0.0,True,False,False,False,False,NORMAL,FIT
mcu-uuid-W-00431-2026,worker-uuid-00431,W-00431,2026,2026-06-16,178.3,83.1,26.1,85.6,135,87,70,112,8.2,216,135,52,127,1.26,70.5,5.8,NON_SMOKER,0.0,True,False,False,False,False,NORMAL,FIT
mcu-uuid-W-00432-2024,worker-uuid-00432,W-00432,2024,2024-07-07,171.7,77.7,26.4,89.8,122,81,69,98,7.7,184,104,45,84,1.08,80.0,5.3,NON_SMOKER,0.0,True,False,False,False,False,NORMAL,FIT
mcu-uuid-W-00432-2025,worker-uuid-00432,W-00432,2025,2025-05-23,171.7,78.9,26.8,89.7,112,83,74,95,7.5,237,142,60,126,1.22,75.5,4.3,NON_SMOKER,0.0,True,False,False,False,False,NORMAL,FIT
mcu-uuid-W-00432-2026,worker-uuid-00432,W-00432,2026,2026-06-28,171.7,77.5,26.3,90.1,127,89,75,80,7.0,218,135,41,121,0.89,82.8,4.8,NON_SMOKER,0.0,True,False,False,False,False,NORMAL,FIT
mcu-uuid-W-00433-2024,worker-uuid-00433,W-00433,2024,2024-10-16,166.4,73.2,26.4,86.9,128,78,50,87,7.5,204,122,52,158,1.14,87.5,7.4,NON_SMOKER,0.0,True,False,False,False,False,NORMAL,FIT
mcu-uuid-W-00433-2025,worker-uuid-00433,W-00433,2025,2025-05-20,166.4,74.1,26.8,90.3,122,76,64,102,7.9,181,95,42,143,1.07,88.2,5.7,NON_SMOKER,0.0,True,False,False,False,False,NORMAL,FIT
mcu-uuid-W-00433-2026,worker-uuid-00433,W-00433,2026,2026-05-22,166.4,73.1,26.4,90.3,123,78,75,106,7.7,218,143,55,105,0.84,93.0,5.6,NON_SMOKER,0.0,True,False,False,False,False,NORMAL,FIT
mcu-uuid-W-00434-2024,worker-uuid-00434,W-00434,2024,2024-10-05,165.2,72.7,26.6,90.8,123,83,69,118,8.3,206,140,32,198,1.03,65.2,7.7,NON_SMOKER,0.0,True,False,True,False,False,NORMAL,FIT
mcu-uuid-W-00434-2025,worker-uuid-00434,W-00434,2025,2025-09-18,165.2,72.5,26.6,89.8,134,86,70,114,8.2,246,181,45,110,1.36,56.0,3.6,NON_SMOKER,0.0,True,False,True,False,True,NORMAL,FIT
mcu-uuid-W-00434-2026,worker-uuid-00434,W-00434,2026,2026-05-09,165.2,72.3,26.5,88.5,130,84,76,102,7.6,200,112,49,128,0.77,69.8,5.7,NON_SMOKER,0.0,True,False,True,False,False,NORMAL,FIT
mcu-uuid-W-00435-2024,worker-uuid-00435,W-00435,2024,2024-06-09,161.3,70.8,27.2,89.5,143,93,68,102,7.9,202,123,49,159,0.82,73.5,6.2,NON_SMOKER,0.0,True,True,False,True,False,NORMAL,FIT_WITH_RESTRICTION
mcu-uuid-W-00435-2025,worker-uuid-00435,W-00435,2025,2025-05-14,161.3,70.5,27.1,89.4,134,82,72,96,7.7,212,137,54,153,1.13,64.8,4.2,NON_SMOKER,0.0,True,False,False,False,False,NORMAL,FIT
mcu-uuid-W-00435-2026,worker-uuid-00435,W-00435,2026,2026-10-19,161.3,70.1,26.9,88.3,139,81,68,92,7.2,216,128,43,168,0.88,70.0,6.5,NON_SMOKER,0.0,True,False,False,False,False,NORMAL,FIT
mcu-uuid-W-00436-2024,worker-uuid-00436,W-00436,2024,2024-11-17,156.0,39.9,16.4,56.7,118,66,72,96,7.8,158,86,51,117,0.78,89.5,5.4,FORMER_SMOKER,3.9,True,False,False,False,False,NORMAL,FIT
mcu-uuid-W-00436-2025,worker-uuid-00436,W-00436,2025,2025-09-10,156.0,41.0,16.8,57.8,113,75,90,106,8.1,201,118,55,105,1.04,82.0,6.3,FORMER_SMOKER,3.9,True,False,False,False,False,NORMAL,FIT
mcu-uuid-W-00436-2026,worker-uuid-00436,W-00436,2026,2026-05-26,156.0,42.0,17.3,60.6,133,86,73,84,7.2,222,128,54,83,0.71,89.2,5.9,FORMER_SMOKER,3.9,True,False,False,False,False,NORMAL,FIT
mcu-uuid-W-00437-2024,worker-uuid-00437,W-00437,2024,2024-09-14,163.8,62.8,23.4,80.6,125,77,87,104,7.9,229,140,47,203,0.9,87.5,4.5,NON_SMOKER,0.0,True,False,False,False,False,NORMAL,FIT
mcu-uuid-W-00437-2025,worker-uuid-00437,W-00437,2025,2025-11-04,163.8,62.8,23.4,77.2,129,79,66,99,7.8,211,132,39,143,0.98,84.5,5.5,NON_SMOKER,0.0,True,False,False,False,False,NORMAL,FIT
mcu-uuid-W-00437-2026,worker-uuid-00437,W-00437,2026,2026-03-21,163.8,65.2,24.3,80.8,128,85,65,105,7.7,206,117,59,120,0.76,89.0,6.8,NON_SMOKER,0.0,True,False,False,False,False,NORMAL,FIT
mcu-uuid-W-00438-2024,worker-uuid-00438,W-00438,2024,2024-09-09,173.2,65.4,21.8,72.2,125,79,76,77,7.2,228,165,37,146,0.88,80.0,6.4,ACTIVE_SMOKER,25.5,True,False,False,False,False,NORMAL,FIT
mcu-uuid-W-00438-2025,worker-uuid-00438,W-00438,2025,2025-08-09,173.2,66.6,22.2,76.9,124,78,84,77,7.1,209,117,60,140,0.83,80.2,6.6,ACTIVE_SMOKER,25.5,True,False,False,False,False,NORMAL,FIT
mcu-uuid-W-00438-2026,worker-uuid-00438,W-00438,2026,2026-05-08,173.2,68.1,22.7,75.3,129,72,85,90,7.4,201,137,44,121,0.93,76.8,6.9,ACTIVE_SMOKER,25.5,True,False,False,False,False,NORMAL,FIT
mcu-uuid-W-00439-2024,worker-uuid-00439,W-00439,2024,2024-10-19,166.6,61.2,22.0,75.6,102,60,68,99,7.6,165,77,54,205,1.15,88.2,8.5,NON_SMOKER,0.0,True,False,False,False,False,NORMAL,FIT
mcu-uuid-W-00439-2025,worker-uuid-00439,W-00439,2025,2025-05-01,166.6,62.5,22.5,75.0,117,71,70,95,7.6,191,101,49,163,1.28,84.0,6.9,NON_SMOKER,0.0,True,False,False,False,False,NORMAL,FIT
mcu-uuid-W-00439-2026,worker-uuid-00439,W-00439,2026,2026-06-12,166.6,60.9,21.9,73.8,117,69,72,83,7.0,236,146,69,138,0.97,90.8,7.8,NON_SMOKER,0.0,True,False,False,False,False,NORMAL,FIT
mcu-uuid-W-00440-2024,worker-uuid-00440,W-00440,2024,2024-11-15,156.6,60.7,24.8,84.1,132,80,64,109,7.8,213,132,59,127,1.18,68.5,6.9,FORMER_SMOKER,6.2,True,False,False,False,False,NORMAL,FIT
mcu-uuid-W-00440-2025,worker-uuid-00440,W-00440,2025,2025-04-05,156.6,62.0,25.3,86.0,150,96,73,95,7.7,233,149,53,167,0.85,75.8,5.9,FORMER_SMOKER,6.2,True,True,False,False,False,BORDERLINE,FIT_WITH_RESTRICTION
mcu-uuid-W-00440-2026,worker-uuid-00440,W-00440,2026,2026-08-13,156.6,61.0,24.9,85.1,146,90,67,96,7.8,248,163,63,194,0.8,76.0,5.3,FORMER_SMOKER,6.2,True,True,False,False,False,BORDERLINE,FIT_WITH_RESTRICTION
mcu-uuid-W-00441-2024,worker-uuid-00441,W-00441,2024,2024-04-24,171.5,70.6,24.0,80.8,134,76,78,86,7.4,170,81,51,116,0.84,88.0,7.0,NON_SMOKER,0.0,True,False,True,False,False,NORMAL,FIT
mcu-uuid-W-00441-2025,worker-uuid-00441,W-00441,2025,2025-05-05,171.5,71.0,24.1,81.9,126,73,66,94,7.7,204,111,60,159,0.93,84.8,5.3,NON_SMOKER,0.0,True,False,True,False,False,NORMAL,FIT
mcu-uuid-W-00441-2026,worker-uuid-00441,W-00441,2026,2026-04-09,171.5,71.2,24.2,82.5,109,63,67,87,7.4,186,114,35,149,0.9,84.5,6.2,NON_SMOKER,0.0,True,False,True,False,False,NORMAL,FIT
mcu-uuid-W-00442-2024,worker-uuid-00442,W-00442,2024,2024-07-10,169.3,81.6,28.5,93.5,129,80,75,104,7.8,160,68,47,160,1.11,63.2,4.3,NON_SMOKER,0.0,True,False,False,False,False,BORDERLINE,FIT
mcu-uuid-W-00442-2025,worker-uuid-00442,W-00442,2025,2025-05-11,169.3,82.5,28.8,97.3,147,91,77,105,7.8,237,155,39,121,1.11,62.2,6.1,NON_SMOKER,0.0,True,True,False,False,False,NORMAL,FIT_WITH_RESTRICTION
mcu-uuid-W-00442-2026,worker-uuid-00442,W-00442,2026,2026-04-17,169.3,83.8,29.2,96.3,151,93,64,109,8.2,178,109,41,145,0.97,64.8,5.8,NON_SMOKER,0.0,True,True,False,False,False,NORMAL,FIT_WITH_RESTRICTION
mcu-uuid-W-00443-2024,worker-uuid-00443,W-00443,2024,2024-07-19,146.9,35.8,16.6,56.5,119,67,67,90,7.2,183,90,57,123,0.64,79.0,5.0,FORMER_SMOKER,12.7,True,False,False,False,False,NORMAL,FIT
mcu-uuid-W-00443-2025,worker-uuid-00443,W-00443,2025,2025-06-01,146.9,37.2,17.2,59.8,123,79,81,92,7.3,158,77,47,142,0.5,81.5,4.7,FORMER_SMOKER,12.7,True,False,False,False,False,BORDERLINE,FIT
mcu-uuid-W-00443-2026,worker-uuid-00443,W-00443,2026,2026-03-20,146.9,38.4,17.8,61.6,123,83,70,65,6.7,220,149,45,55,0.9,70.5,4.4,FORMER_SMOKER,12.7,True,False,False,False,False,BORDERLINE,FIT
mcu-uuid-W-00444-2024,worker-uuid-00444,W-00444,2024,2024-08-25,170.4,64.8,22.3,74.1,124,76,73,80,7.1,213,137,56,105,0.75,99.2,5.0,NON_SMOKER,0.0,True,False,False,False,False,NORMAL,FIT
mcu-uuid-W-00444-2025,worker-uuid-00444,W-00444,2025,2025-05-26,170.4,65.7,22.6,76.4,117,68,72,90,7.3,183,96,44,167,1.07,90.2,4.4,NON_SMOKER,0.0,True,False,False,False,False,NORMAL,FIT
mcu-uuid-W-00444-2026,worker-uuid-00444,W-00444,2026,2026-03-15,170.4,66.0,22.7,78.6,123,81,72,79,7.3,161,85,40,113,0.77,96.8,6.1,NON_SMOKER,0.0,True,False,False,False,False,NORMAL,FIT
mcu-uuid-W-00445-2024,worker-uuid-00445,W-00445,2024,2024-10-21,161.0,76.2,29.4,96.2,122,86,81,92,7.7,255,160,51,167,1.1,72.5,7.1,ACTIVE_SMOKER,7.9,True,False,False,False,False,BORDERLINE,FIT
mcu-uuid-W-00445-2025,worker-uuid-00445,W-00445,2025,2025-09-16,161.0,77.3,29.8,99.2,132,86,75,100,7.8,263,181,48,119,0.79,79.2,6.1,ACTIVE_SMOKER,7.9,True,False,False,False,True,BORDERLINE,FIT
mcu-uuid-W-00445-2026,worker-uuid-00445,W-00445,2026,2026-07-03,161.0,78.6,30.3,99.4,146,92,80,107,7.8,230,141,44,112,1.13,69.8,4.2,ACTIVE_SMOKER,7.9,True,True,False,False,False,BORDERLINE,FIT_WITH_RESTRICTION
mcu-uuid-W-00446-2024,worker-uuid-00446,W-00446,2024,2024-03-17,161.9,47.6,18.2,63.2,114,70,70,105,7.9,180,107,48,55,0.94,85.5,9.0,FORMER_SMOKER,5.4,True,False,False,False,False,NORMAL,FIT
mcu-uuid-W-00446-2025,worker-uuid-00446,W-00446,2025,2025-05-19,161.9,48.0,18.3,61.1,121,76,75,100,7.9,177,105,51,118,1.1,80.5,6.9,FORMER_SMOKER,5.4,True,False,False,False,False,NORMAL,FIT
mcu-uuid-W-00446-2026,worker-uuid-00446,W-00446,2026,2026-05-18,161.9,47.8,18.2,60.2,131,75,76,73,6.8,198,110,59,148,0.54,93.5,6.3,FORMER_SMOKER,5.4,True,False,False,False,False,BORDERLINE,FIT
mcu-uuid-W-00447-2024,worker-uuid-00447,W-00447,2024,2024-05-20,172.2,81.1,27.3,89.4,143,91,69,117,8.2,185,123,39,140,0.83,65.2,5.3,NON_SMOKER,0.0,True,True,True,True,False,BORDERLINE,FIT_WITH_RESTRICTION
mcu-uuid-W-00447-2025,worker-uuid-00447,W-00447,2025,2025-09-28,172.2,80.7,27.2,89.9,138,88,73,105,8.0,229,159,38,84,1.14,56.5,3.9,NON_SMOKER,0.0,True,False,True,False,False,NORMAL,FIT
mcu-uuid-W-00447-2026,worker-uuid-00447,W-00447,2026,2026-08-23,172.2,83.7,28.2,95.7,131,89,68,128,8.4,218,129,64,233,0.88,62.0,7.1,NON_SMOKER,0.0,True,False,True,False,False,NORMAL,FIT
mcu-uuid-W-00448-2024,worker-uuid-00448,W-00448,2024,2024-08-17,161.0,64.6,24.9,83.8,103,61,67,105,7.9,232,147,42,178,0.61,90.8,5.7,FORMER_SMOKER,10.6,True,False,False,False,False,NORMAL,FIT
mcu-uuid-W-00448-2025,worker-uuid-00448,W-00448,2025,2025-10-24,161.0,65.8,25.4,83.8,124,72,69,97,7.8,233,152,47,136,0.92,82.0,6.7,FORMER_SMOKER,10.6,True,False,False,False,False,BORDERLINE,FIT
mcu-uuid-W-00448-2026,worker-uuid-00448,W-00448,2026,2026-10-08,161.0,65.0,25.1,82.5,123,81,75,97,7.7,234,155,56,165,1.01,78.8,3.9,FORMER_SMOKER,10.6,True,False,False,False,False,NORMAL,FIT
mcu-uuid-W-00449-2024,worker-uuid-00449,W-00449,2024,2024-08-26,164.1,78.0,29.0,98.8,112,71,68,106,8.1,242,157,43,179,1.28,79.0,7.1,NON_SMOKER,0.0,True,False,False,False,False,NORMAL,FIT
mcu-uuid-W-00449-2025,worker-uuid-00449,W-00449,2025,2025-10-08,164.1,77.8,28.9,95.2,140,88,85,109,7.7,149,57,60,107,1.21,79.8,6.5,NON_SMOKER,0.0,True,True,False,False,False,BORDERLINE,FIT_WITH_RESTRICTION
mcu-uuid-W-00449-2026,worker-uuid-00449,W-00449,2026,2026-07-18,164.1,78.5,29.2,95.6,140,85,58,117,8.0,197,116,51,190,1.0,84.0,5.4,NON_SMOKER,0.0,True,True,False,False,False,NORMAL,FIT_WITH_RESTRICTION
mcu-uuid-W-00450-2024,worker-uuid-00450,W-00450,2024,2024-05-08,166.8,65.5,23.5,77.7,118,77,88,101,7.6,188,122,42,127,1.19,87.2,7.1,ACTIVE_SMOKER,28.8,True,False,False,False,False,NORMAL,FIT
mcu-uuid-W-00450-2025,worker-uuid-00450,W-00450,2025,2025-03-20,166.8,65.7,23.6,79.7,115,73,76,65,6.5,207,129,52,124,1.28,84.0,4.3,ACTIVE_SMOKER,28.8,True,False,False,False,False,NORMAL,FIT
mcu-uuid-W-00450-2026,worker-uuid-00450,W-00450,2026,2026-11-08,166.8,68.2,24.5,80.9,121,75,80,76,6.9,212,129,40,139,0.9,92.5,6.5,ACTIVE_SMOKER,28.8,True,False,False,False,False,BORDERLINE,FIT
mcu-uuid-W-00451-2024,worker-uuid-00451,W-00451,2024,2024-10-27,177.1,89.3,28.5,94.4,134,82,73,94,7.3,274,195,46,169,1.03,57.2,8.9,NON_SMOKER,0.0,True,False,False,False,False,NORMAL,FIT
mcu-uuid-W-00451-2025,worker-uuid-00451,W-00451,2025,2025-03-18,177.1,89.7,28.6,97.0,140,81,52,97,7.5,193,98,53,79,1.0,57.0,4.4,NON_SMOKER,0.0,True,True,False,False,False,NORMAL,FIT_WITH_RESTRICTION
mcu-uuid-W-00451-2026,worker-uuid-00451,W-00451,2026,2026-11-09,177.1,88.4,28.2,95.8,152,97,68,109,8.2,226,146,41,139,0.99,56.2,4.9,NON_SMOKER,0.0,True,True,False,True,False,ABNORMAL,UNFIT
mcu-uuid-W-00452-2024,worker-uuid-00452,W-00452,2024,2024-07-24,166.5,60.0,21.6,74.0,129,76,65,86,7.3,175,90,49,55,0.8,78.0,8.9,FORMER_SMOKER,12.4,True,False,False,False,False,NORMAL,FIT
mcu-uuid-W-00452-2025,worker-uuid-00452,W-00452,2025,2025-07-02,166.5,61.3,22.1,73.1,134,79,83,91,7.6,202,98,59,179,0.86,75.5,5.1,FORMER_SMOKER,12.4,True,False,False,False,False,NORMAL,FIT
mcu-uuid-W-00452-2026,worker-uuid-00452,W-00452,2026,2026-08-11,166.5,61.4,22.1,73.7,129,85,70,93,7.5,187,102,51,112,1.37,61.8,7.6,FORMER_SMOKER,12.4,True,False,False,False,False,NORMAL,FIT
mcu-uuid-W-00453-2024,worker-uuid-00453,W-00453,2024,2024-07-21,158.4,69.0,27.5,91.4,118,79,71,89,7.3,188,103,45,129,0.9,89.5,4.3,ACTIVE_SMOKER,5.4,True,False,False,False,False,BORDERLINE,FIT
mcu-uuid-W-00453-2025,worker-uuid-00453,W-00453,2025,2025-04-03,158.4,69.8,27.8,94.1,137,98,82,98,7.6,203,124,49,163,0.82,90.5,6.4,ACTIVE_SMOKER,5.4,True,True,False,True,False,BORDERLINE,FIT_WITH_RESTRICTION
mcu-uuid-W-00453-2026,worker-uuid-00453,W-00453,2026,2026-04-25,158.4,71.4,28.5,95.0,141,92,64,105,7.6,217,153,26,166,1.13,81.8,4.6,ACTIVE_SMOKER,5.4,True,True,False,True,False,ABNORMAL,UNFIT
mcu-uuid-W-00454-2024,worker-uuid-00454,W-00454,2024,2024-08-10,165.2,66.2,24.3,80.9,127,90,85,95,7.4,201,122,46,113,0.91,86.2,5.9,ACTIVE_SMOKER,21.0,True,True,False,True,False,NORMAL,FIT_WITH_RESTRICTION
mcu-uuid-W-00454-2025,worker-uuid-00454,W-00454,2025,2025-09-06,165.2,66.4,24.3,83.3,136,87,79,106,7.8,205,120,42,160,1.16,79.0,6.2,ACTIVE_SMOKER,21.0,True,False,False,False,False,NORMAL,FIT
mcu-uuid-W-00454-2026,worker-uuid-00454,W-00454,2026,2026-10-11,165.2,66.4,24.3,83.0,124,80,80,110,7.9,189,97,54,161,0.81,86.8,4.6,ACTIVE_SMOKER,21.0,True,False,False,False,False,NORMAL,FIT
mcu-uuid-W-00455-2024,worker-uuid-00455,W-00455,2024,2024-09-26,162.4,64.9,24.6,83.5,139,82,71,87,7.3,209,111,54,186,0.95,83.2,5.1,FORMER_SMOKER,8.6,True,False,False,False,False,NORMAL,FIT
mcu-uuid-W-00455-2025,worker-uuid-00455,W-00455,2025,2025-06-07,162.4,65.4,24.8,81.8,137,85,62,106,7.7,230,155,46,119,1.14,77.5,6.3,FORMER_SMOKER,8.6,True,False,False,False,False,NORMAL,FIT
mcu-uuid-W-00455-2026,worker-uuid-00455,W-00455,2026,2026-10-10,162.4,64.2,24.3,79.9,139,87,64,109,8.0,220,138,45,149,0.97,80.8,4.6,FORMER_SMOKER,8.6,True,False,False,False,False,NORMAL,FIT
mcu-uuid-W-00456-2024,worker-uuid-00456,W-00456,2024,2024-05-03,160.3,61.2,23.8,80.8,120,83,73,113,8.2,204,113,48,132,1.03,84.2,7.0,NON_SMOKER,0.0,True,False,True,False,False,NORMAL,FIT
mcu-uuid-W-00456-2025,worker-uuid-00456,W-00456,2025,2025-03-21,160.3,61.6,24.0,79.8,130,75,71,91,7.4,173,94,48,152,0.87,87.2,5.5,NON_SMOKER,0.0,True,False,True,False,False,NORMAL,FIT
mcu-uuid-W-00456-2026,worker-uuid-00456,W-00456,2026,2026-10-03,160.3,60.3,23.5,81.1,122,81,86,70,7.1,191,100,55,143,0.78,88.5,8.3,NON_SMOKER,0.0,True,False,True,False,False,NORMAL,FIT
mcu-uuid-W-00457-2024,worker-uuid-00457,W-00457,2024,2024-11-07,165.2,65.5,24.0,81.5,126,78,71,119,8.4,214,127,51,108,0.85,88.8,5.5,ACTIVE_SMOKER,17.1,True,False,True,False,False,NORMAL,FIT
mcu-uuid-W-00457-2025,worker-uuid-00457,W-00457,2025,2025-08-24,165.2,65.6,24.0,82.4,133,75,86,112,7.9,153,73,52,127,1.01,83.8,6.1,ACTIVE_SMOKER,17.1,True,False,True,False,False,NORMAL,FIT
mcu-uuid-W-00457-2026,worker-uuid-00457,W-00457,2026,2026-05-28,165.2,66.3,24.3,81.3,130,91,85,82,7.2,182,98,45,55,1.04,82.0,4.7,ACTIVE_SMOKER,17.1,True,True,True,False,False,BORDERLINE,FIT_WITH_RESTRICTION
mcu-uuid-W-00458-2024,worker-uuid-00458,W-00458,2024,2024-03-24,161.5,56.3,21.6,72.0,95,60,74,87,7.3,205,138,45,167,1.47,77.2,6.7,FORMER_SMOKER,3.0,True,False,False,False,False,BORDERLINE,FIT
mcu-uuid-W-00458-2025,worker-uuid-00458,W-00458,2025,2025-08-17,161.5,56.1,21.5,74.3,116,81,66,83,7.0,198,101,55,122,0.68,96.0,7.0,FORMER_SMOKER,3.0,True,False,False,False,False,NORMAL,FIT
mcu-uuid-W-00458-2026,worker-uuid-00458,W-00458,2026,2026-05-19,161.5,57.3,22.0,75.2,118,72,62,95,7.6,188,99,50,135,0.96,88.0,5.5,FORMER_SMOKER,3.0,True,False,False,False,False,NORMAL,FIT
mcu-uuid-W-00459-2024,worker-uuid-00459,W-00459,2024,2024-05-14,168.0,71.7,25.4,85.8,123,79,78,96,7.4,233,155,51,126,1.14,67.5,5.8,FORMER_SMOKER,2.1,True,False,True,False,False,NORMAL,FIT
mcu-uuid-W-00459-2025,worker-uuid-00459,W-00459,2025,2025-05-22,168.0,71.7,25.4,85.3,146,85,65,72,7.2,191,96,55,89,1.21,64.8,6.6,FORMER_SMOKER,2.1,True,True,True,True,False,NORMAL,FIT_WITH_RESTRICTION
mcu-uuid-W-00459-2026,worker-uuid-00459,W-00459,2026,2026-09-07,168.0,73.6,26.1,85.8,151,103,73,104,7.6,237,168,40,131,0.56,80.0,6.2,FORMER_SMOKER,2.1,True,True,True,False,True,NORMAL,UNFIT
mcu-uuid-W-00460-2024,worker-uuid-00460,W-00460,2024,2024-09-23,175.7,84.1,27.2,91.4,114,66,70,102,7.5,224,154,45,102,0.96,80.0,6.0,NON_SMOKER,0.0,True,False,False,False,False,NORMAL,FIT
mcu-uuid-W-00460-2025,worker-uuid-00460,W-00460,2025,2025-06-25,175.7,85.0,27.5,93.3,124,77,53,94,7.7,212,143,43,193,0.87,81.2,7.4,NON_SMOKER,0.0,True,False,False,False,False,NORMAL,FIT
mcu-uuid-W-00460-2026,worker-uuid-00460,W-00460,2026,2026-10-05,175.7,86.8,28.1,95.9,129,83,66,98,7.5,162,84,53,191,1.01,76.8,7.1,NON_SMOKER,0.0,True,False,False,False,False,BORDERLINE,FIT
mcu-uuid-W-00461-2024,worker-uuid-00461,W-00461,2024,2024-07-01,171.3,80.6,27.5,90.9,134,88,61,121,8.4,200,130,42,160,1.34,71.5,6.4,ACTIVE_SMOKER,23.1,True,False,True,False,False,NORMAL,FIT
mcu-uuid-W-00461-2025,worker-uuid-00461,W-00461,2025,2025-08-28,171.3,81.4,27.7,94.0,132,78,80,99,7.6,238,163,39,171,0.55,90.2,4.8,ACTIVE_SMOKER,23.1,True,False,True,False,True,NORMAL,FIT
mcu-uuid-W-00461-2026,worker-uuid-00461,W-00461,2026,2026-08-09,171.3,82.4,28.1,93.4,126,79,80,113,8.0,237,168,38,117,1.03,77.2,5.7,ACTIVE_SMOKER,23.1,True,False,True,False,True,NORMAL,FIT
mcu-uuid-W-00462-2024,worker-uuid-00462,W-00462,2024,2024-08-04,164.5,56.4,20.8,70.7,132,81,76,65,6.6,212,134,50,130,0.8,88.0,6.6,ACTIVE_SMOKER,21.7,True,False,False,False,False,NORMAL,FIT
mcu-uuid-W-00462-2025,worker-uuid-00462,W-00462,2025,2025-05-12,164.5,57.2,21.1,72.9,118,84,83,93,7.4,207,152,33,166,0.68,90.0,5.5,ACTIVE_SMOKER,21.7,True,False,False,False,False,NORMAL,FIT
mcu-uuid-W-00462-2026,worker-uuid-00462,W-00462,2026,2026-05-13,164.5,58.3,21.5,72.8,138,82,81,100,7.8,219,141,40,211,1.02,80.5,7.1,ACTIVE_SMOKER,21.7,True,False,False,False,False,NORMAL,FIT
mcu-uuid-W-00463-2024,worker-uuid-00463,W-00463,2024,2024-11-22,166.2,70.9,25.7,87.6,148,95,76,126,8.4,185,119,44,95,1.12,66.0,5.9,ACTIVE_SMOKER,29.6,True,True,False,False,False,NORMAL,FIT_WITH_RESTRICTION
mcu-uuid-W-00463-2025,worker-uuid-00463,W-00463,2025,2025-08-02,166.2,71.4,25.8,84.6,137,94,71,92,7.7,188,113,51,177,0.85,71.8,7.3,ACTIVE_SMOKER,29.6,True,True,False,False,False,NORMAL,FIT_WITH_RESTRICTION
mcu-uuid-W-00463-2026,worker-uuid-00463,W-00463,2026,2026-09-10,166.2,73.6,26.6,90.9,148,88,86,115,7.9,181,113,44,119,1.2,62.0,4.8,ACTIVE_SMOKER,29.6,True,True,False,True,False,ABNORMAL,UNFIT
mcu-uuid-W-00464-2024,worker-uuid-00464,W-00464,2024,2024-03-24,159.0,56.7,22.4,76.0,124,75,84,111,8.2,221,147,41,127,1.01,57.8,6.6,NON_SMOKER,0.0,True,False,False,False,False,NORMAL,FIT
mcu-uuid-W-00464-2025,worker-uuid-00464,W-00464,2025,2025-08-26,159.0,56.6,22.4,74.5,124,69,72,94,7.6,226,126,57,119,1.02,56.5,6.1,NON_SMOKER,0.0,True,False,False,False,False,NORMAL,FIT
mcu-uuid-W-00464-2026,worker-uuid-00464,W-00464,2026,2026-10-03,159.0,57.8,22.9,76.6,129,77,66,76,7.1,199,118,49,151,0.68,64.0,5.2,NON_SMOKER,0.0,True,False,False,False,False,BORDERLINE,FIT
mcu-uuid-W-00465-2024,worker-uuid-00465,W-00465,2024,2024-10-19,168.2,85.4,30.2,101.6,136,88,59,97,7.8,246,162,49,190,1.1,81.5,8.8,ACTIVE_SMOKER,5.8,True,False,False,False,True,NORMAL,FIT_WITH_RESTRICTION
mcu-uuid-W-00465-2025,worker-uuid-00465,W-00465,2025,2025-10-23,168.2,85.5,30.2,101.2,133,82,74,142,8.8,215,128,45,185,1.07,81.2,6.4,ACTIVE_SMOKER,5.8,True,False,False,False,False,NORMAL,FIT_WITH_RESTRICTION
mcu-uuid-W-00465-2026,worker-uuid-00465,W-00465,2026,2026-09-03,168.2,86.7,30.6,103.5,154,97,85,122,8.4,217,152,30,201,1.05,80.8,6.8,ACTIVE_SMOKER,5.8,True,True,False,False,False,NORMAL,FIT_WITH_RESTRICTION
mcu-uuid-W-00466-2024,worker-uuid-00466,W-00466,2024,2024-03-03,182.4,98.0,29.5,99.4,147,89,74,88,7.4,230,159,43,153,1.05,68.8,6.3,ACTIVE_SMOKER,23.5,True,True,False,False,False,NORMAL,FIT_WITH_RESTRICTION
mcu-uuid-W-00466-2025,worker-uuid-00466,W-00466,2025,2025-04-01,182.4,98.1,29.5,97.4,151,97,82,110,7.8,237,163,42,188,1.07,67.2,5.9,ACTIVE_SMOKER,23.5,True,True,False,False,False,NORMAL,FIT_WITH_RESTRICTION
mcu-uuid-W-00466-2026,worker-uuid-00466,W-00466,2026,2026-10-14,182.4,99.4,29.9,99.4,132,82,78,106,7.9,241,152,51,170,1.11,65.2,5.6,ACTIVE_SMOKER,23.5,True,False,False,False,False,BORDERLINE,FIT
mcu-uuid-W-00467-2024,worker-uuid-00467,W-00467,2024,2024-08-09,175.7,88.3,28.6,93.6,142,92,67,94,7.4,186,101,48,186,0.92,76.0,6.5,NON_SMOKER,0.0,True,True,False,False,False,BORDERLINE,FIT_WITH_RESTRICTION
mcu-uuid-W-00467-2025,worker-uuid-00467,W-00467,2025,2025-04-02,175.7,88.2,28.6,96.5,141,84,65,103,7.6,239,166,37,111,0.84,77.0,6.8,NON_SMOKER,0.0,True,True,False,False,False,NORMAL,FIT_WITH_RESTRICTION
mcu-uuid-W-00467-2026,worker-uuid-00467,W-00467,2026,2026-11-19,175.7,87.9,28.5,94.4,132,88,78,95,7.8,197,122,39,75,1.01,71.8,8.4,NON_SMOKER,0.0,True,False,False,False,False,NORMAL,FIT
mcu-uuid-W-00468-2024,worker-uuid-00468,W-00468,2024,2024-04-06,157.7,71.6,28.8,97.5,160,94,74,96,7.8,232,181,31,135,1.44,62.0,4.4,ACTIVE_SMOKER,28.4,True,True,True,True,False,BORDERLINE,UNFIT
mcu-uuid-W-00468-2025,worker-uuid-00468,W-00468,2025,2025-07-13,157.7,71.7,28.8,96.3,167,106,71,141,9.0,192,106,50,194,1.05,70.8,8.0,ACTIVE_SMOKER,28.4,True,True,True,False,False,ABNORMAL,UNFIT
mcu-uuid-W-00468-2026,worker-uuid-00468,W-00468,2026,2026-06-10,157.7,73.8,29.7,99.9,144,89,75,120,8.3,190,121,45,142,1.02,70.5,6.3,ACTIVE_SMOKER,28.4,True,True,True,False,False,BORDERLINE,FIT_WITH_RESTRICTION
mcu-uuid-W-00469-2024,worker-uuid-00469,W-00469,2024,2024-05-08,169.1,84.8,29.7,99.6,124,76,72,115,8.1,244,159,46,221,1.36,74.0,5.7,NON_SMOKER,0.0,True,False,False,False,False,BORDERLINE,FIT
mcu-uuid-W-00469-2025,worker-uuid-00469,W-00469,2025,2025-06-24,169.1,85.7,30.0,98.0,118,75,83,88,7.6,260,186,47,124,0.95,83.2,7.0,NON_SMOKER,0.0,True,False,False,False,True,NORMAL,FIT_WITH_RESTRICTION
mcu-uuid-W-00469-2026,worker-uuid-00469,W-00469,2026,2026-07-08,169.1,87.4,30.6,101.3,130,74,84,109,7.7,216,150,39,170,0.79,86.2,5.5,NON_SMOKER,0.0,True,False,False,False,False,NORMAL,FIT_WITH_RESTRICTION
mcu-uuid-W-00470-2024,worker-uuid-00470,W-00470,2024,2024-05-07,163.0,83.1,31.3,105.2,144,88,78,67,6.6,250,173,40,150,1.09,67.8,5.6,FORMER_SMOKER,4.3,True,True,True,False,True,NORMAL,FIT_WITH_RESTRICTION
mcu-uuid-W-00470-2025,worker-uuid-00470,W-00470,2025,2025-04-09,163.0,83.0,31.2,103.9,145,90,64,123,8.1,227,133,54,127,0.89,71.8,5.2,FORMER_SMOKER,4.3,True,True,True,True,False,NORMAL,FIT_WITH_RESTRICTION
mcu-uuid-W-00470-2026,worker-uuid-00470,W-00470,2026,2026-06-16,163.0,82.3,31.0,104.6,136,93,60,108,8.0,198,106,58,159,1.17,63.8,6.9,FORMER_SMOKER,4.3,True,True,True,True,False,ABNORMAL,UNFIT
mcu-uuid-W-00471-2024,worker-uuid-00471,W-00471,2024,2024-08-01,164.4,80.2,29.7,100.5,144,92,59,74,7.0,211,132,44,169,1.15,78.2,5.4,NON_SMOKER,0.0,True,True,True,False,False,NORMAL,FIT_WITH_RESTRICTION
mcu-uuid-W-00471-2025,worker-uuid-00471,W-00471,2025,2025-10-09,164.4,81.0,30.0,100.4,128,79,69,112,8.2,202,100,57,167,1.04,80.0,4.2,NON_SMOKER,0.0,True,False,True,False,False,BORDERLINE,FIT_WITH_RESTRICTION
mcu-uuid-W-00471-2026,worker-uuid-00471,W-00471,2026,2026-09-06,164.4,82.2,30.4,102.2,123,73,71,91,7.3,217,135,49,178,1.1,77.5,6.8,NON_SMOKER,0.0,True,False,True,False,False,NORMAL,FIT_WITH_RESTRICTION
mcu-uuid-W-00472-2024,worker-uuid-00472,W-00472,2024,2024-07-11,167.6,64.3,22.9,76.2,113,70,76,116,8.2,173,103,45,103,0.74,100.5,7.4,ACTIVE_SMOKER,17.0,True,False,True,False,False,NORMAL,FIT
mcu-uuid-W-00472-2025,worker-uuid-00472,W-00472,2025,2025-09-08,167.6,65.0,23.1,76.2,125,77,77,113,8.2,206,116,56,102,0.95,94.2,5.8,ACTIVE_SMOKER,17.0,True,False,True,False,False,BORDERLINE,FIT
mcu-uuid-W-00472-2026,worker-uuid-00472,W-00472,2026,2026-05-19,167.6,64.2,22.9,77.9,132,82,91,86,7.3,221,141,48,55,0.94,93.5,4.4,ACTIVE_SMOKER,17.0,True,False,True,False,False,NORMAL,FIT
mcu-uuid-W-00473-2024,worker-uuid-00473,W-00473,2024,2024-06-17,174.1,74.6,24.6,82.7,122,77,71,90,7.4,207,120,55,83,1.02,71.5,7.7,NON_SMOKER,0.0,True,False,False,False,False,NORMAL,FIT
mcu-uuid-W-00473-2025,worker-uuid-00473,W-00473,2025,2025-05-22,174.1,74.7,24.6,84.1,127,82,70,102,8.0,185,94,46,139,1.1,68.5,6.8,NON_SMOKER,0.0,True,False,False,False,False,NORMAL,FIT
mcu-uuid-W-00473-2026,worker-uuid-00473,W-00473,2026,2026-09-20,174.1,73.9,24.4,81.7,122,60,66,89,7.3,243,153,56,112,0.94,71.5,7.6,NON_SMOKER,0.0,True,False,False,False,False,NORMAL,FIT
mcu-uuid-W-00474-2024,worker-uuid-00474,W-00474,2024,2024-03-01,167.9,67.0,23.8,81.8,120,72,76,86,7.4,213,139,44,117,0.74,94.5,4.6,FORMER_SMOKER,13.4,True,False,True,False,False,BORDERLINE,FIT
mcu-uuid-W-00474-2025,worker-uuid-00474,W-00474,2025,2025-03-19,167.9,67.0,23.8,78.5,116,71,70,91,7.5,188,104,45,187,0.98,87.5,6.0,FORMER_SMOKER,13.4,True,False,True,False,False,NORMAL,FIT
mcu-uuid-W-00474-2026,worker-uuid-00474,W-00474,2026,2026-06-23,167.9,69.4,24.6,81.9,116,68,68,103,7.8,210,138,52,122,0.82,90.5,6.3,FORMER_SMOKER,13.4,True,False,True,False,False,NORMAL,FIT
mcu-uuid-W-00475-2024,worker-uuid-00475,W-00475,2024,2024-11-15,163.4,40.5,15.2,52.8,125,82,91,75,7.2,182,86,57,56,0.69,95.8,4.0,ACTIVE_SMOKER,29.0,True,False,False,False,False,NORMAL,FIT
mcu-uuid-W-00475-2025,worker-uuid-00475,W-00475,2025,2025-10-07,163.4,40.4,15.1,52.4,126,82,74,84,7.5,189,121,44,102,0.88,90.0,6.2,ACTIVE_SMOKER,29.0,True,False,False,False,False,NORMAL,FIT
mcu-uuid-W-00475-2026,worker-uuid-00475,W-00475,2026,2026-07-28,163.4,40.1,15.0,50.4,132,80,87,65,6.7,161,78,53,67,1.32,78.0,7.7,ACTIVE_SMOKER,29.0,True,False,False,False,False,NORMAL,FIT
mcu-uuid-W-00476-2024,worker-uuid-00476,W-00476,2024,2024-04-28,162.1,69.1,26.3,88.1,125,83,75,103,7.8,158,63,55,163,0.83,87.2,5.3,ACTIVE_SMOKER,14.6,True,False,False,False,False,NORMAL,FIT
mcu-uuid-W-00476-2025,worker-uuid-00476,W-00476,2025,2025-06-21,162.1,70.5,26.8,89.4,131,77,83,101,7.5,181,104,36,121,1.26,75.5,6.9,ACTIVE_SMOKER,14.6,True,False,False,False,False,NORMAL,FIT
mcu-uuid-W-00476-2026,worker-uuid-00476,W-00476,2026,2026-09-25,162.1,71.4,27.2,91.9,155,94,82,100,7.6,202,118,42,153,0.87,84.2,6.4,ACTIVE_SMOKER,14.6,True,True,False,True,False,ABNORMAL,UNFIT
mcu-uuid-W-00477-2024,worker-uuid-00477,W-00477,2024,2024-08-10,164.0,70.1,26.1,85.7,131,85,87,106,7.9,199,134,30,145,0.92,85.0,7.3,ACTIVE_SMOKER,16.3,True,False,False,False,False,BORDERLINE,FIT
mcu-uuid-W-00477-2025,worker-uuid-00477,W-00477,2025,2025-08-20,164.0,70.2,26.1,86.9,137,87,86,118,8.1,205,127,56,109,1.05,80.8,5.4,ACTIVE_SMOKER,16.3,True,False,False,False,False,NORMAL,FIT
mcu-uuid-W-00477-2026,worker-uuid-00477,W-00477,2026,2026-05-27,164.0,71.7,26.7,89.8,129,68,70,92,7.6,230,152,36,135,0.92,83.0,6.6,ACTIVE_SMOKER,16.3,True,False,False,False,False,NORMAL,FIT
mcu-uuid-W-00478-2024,worker-uuid-00478,W-00478,2024,2024-11-03,163.1,67.2,25.3,84.9,118,83,71,89,7.3,223,146,57,112,0.69,80.8,5.5,NON_SMOKER,0.0,True,False,True,False,False,BORDERLINE,FIT
mcu-uuid-W-00478-2025,worker-uuid-00478,W-00478,2025,2025-04-06,163.1,66.8,25.1,84.5,114,69,67,109,7.8,248,172,43,134,1.1,69.5,6.3,NON_SMOKER,0.0,True,False,True,False,True,NORMAL,FIT
mcu-uuid-W-00478-2026,worker-uuid-00478,W-00478,2026,2026-08-07,163.1,66.5,25.0,84.3,135,87,77,108,8.2,245,164,54,176,1.12,68.0,5.7,NON_SMOKER,0.0,True,False,True,False,False,NORMAL,FIT
mcu-uuid-W-00479-2024,worker-uuid-00479,W-00479,2024,2024-07-23,156.2,66.4,27.2,91.8,120,73,84,113,8.0,230,156,50,132,0.89,87.8,5.3,NON_SMOKER,0.0,True,False,False,False,False,BORDERLINE,FIT
mcu-uuid-W-00479-2025,worker-uuid-00479,W-00479,2025,2025-09-20,156.2,66.6,27.3,91.5,105,61,56,91,7.3,214,138,55,91,0.91,86.2,5.4,NON_SMOKER,0.0,True,False,False,False,False,NORMAL,FIT
mcu-uuid-W-00479-2026,worker-uuid-00479,W-00479,2026,2026-09-11,156.2,66.8,27.4,91.4,127,75,69,100,7.6,184,101,41,145,1.31,75.2,6.0,NON_SMOKER,0.0,True,False,False,False,False,BORDERLINE,FIT
mcu-uuid-W-00480-2024,worker-uuid-00480,W-00480,2024,2024-05-28,153.8,52.9,22.4,75.6,98,64,75,65,6.7,231,137,60,146,1.02,86.5,5.9,FORMER_SMOKER,6.1,True,False,False,False,False,NORMAL,FIT
mcu-uuid-W-00480-2025,worker-uuid-00480,W-00480,2025,2025-03-10,153.8,54.1,22.9,77.5,95,66,68,116,8.3,191,117,42,112,0.85,89.8,6.0,FORMER_SMOKER,6.1,True,False,False,False,False,NORMAL,FIT
mcu-uuid-W-00480-2026,worker-uuid-00480,W-00480,2026,2026-07-15,153.8,54.8,23.2,76.3,120,79,66,92,7.3,198,113,48,134,0.92,87.0,6.3,FORMER_SMOKER,6.1,True,False,False,False,False,NORMAL,FIT
mcu-uuid-W-00481-2024,worker-uuid-00481,W-00481,2024,2024-05-10,150.0,50.3,22.4,73.9,134,84,69,90,7.3,178,87,61,106,0.58,83.5,5.5,NON_SMOKER,0.0,True,False,False,False,False,NORMAL,FIT
mcu-uuid-W-00481-2025,worker-uuid-00481,W-00481,2025,2025-05-17,150.0,51.5,22.9,75.7,131,89,71,84,7.1,197,105,60,209,1.08,70.0,6.0,NON_SMOKER,0.0,True,False,False,False,False,NORMAL,FIT
mcu-uuid-W-00481-2026,worker-uuid-00481,W-00481,2026,2026-06-10,150.0,51.1,22.7,75.8,118,73,67,122,8.3,188,104,47,222,0.93,72.8,4.9,NON_SMOKER,0.0,True,False,False,False,False,NORMAL,FIT
mcu-uuid-W-00482-2024,worker-uuid-00482,W-00482,2024,2024-10-08,178.9,78.9,24.7,82.2,126,78,75,108,7.8,248,145,58,173,0.93,74.8,7.2,NON_SMOKER,0.0,True,False,False,False,False,NORMAL,FIT
mcu-uuid-W-00482-2025,worker-uuid-00482,W-00482,2025,2025-11-14,178.9,79.5,24.8,84.7,147,86,72,111,8.1,192,104,62,141,1.06,70.5,6.3,NON_SMOKER,0.0,True,True,False,False,False,NORMAL,FIT_WITH_RESTRICTION
mcu-uuid-W-00482-2026,worker-uuid-00482,W-00482,2026,2026-05-26,178.9,79.7,24.9,85.5,127,84,71,66,6.5,235,153,50,55,1.1,68.5,7.3,NON_SMOKER,0.0,True,False,False,False,False,NORMAL,FIT
mcu-uuid-W-00483-2024,worker-uuid-00483,W-00483,2024,2024-04-26,159.9,67.4,26.4,88.2,98,67,70,99,7.6,229,174,30,133,1.01,85.8,5.7,NON_SMOKER,0.0,True,False,False,False,True,NORMAL,FIT
mcu-uuid-W-00483-2025,worker-uuid-00483,W-00483,2025,2025-03-02,159.9,67.7,26.5,89.0,127,83,58,91,7.2,154,58,55,217,1.12,82.0,6.8,NON_SMOKER,0.0,True,False,False,False,False,NORMAL,FIT
mcu-uuid-W-00483-2026,worker-uuid-00483,W-00483,2026,2026-05-18,159.9,67.7,26.5,87.6,116,72,83,127,8.4,240,156,39,111,0.84,88.0,6.3,NON_SMOKER,0.0,True,False,False,False,False,NORMAL,FIT
mcu-uuid-W-00484-2024,worker-uuid-00484,W-00484,2024,2024-10-01,160.0,75.2,29.4,99.0,136,90,74,117,8.1,218,150,47,103,0.89,69.8,6.3,NON_SMOKER,0.0,True,True,True,False,False,NORMAL,FIT_WITH_RESTRICTION
mcu-uuid-W-00484-2025,worker-uuid-00484,W-00484,2025,2025-04-27,160.0,75.1,29.3,99.0,141,87,88,112,8.0,171,85,49,126,1.02,65.5,5.9,NON_SMOKER,0.0,True,True,True,False,False,NORMAL,FIT_WITH_RESTRICTION
mcu-uuid-W-00484-2026,worker-uuid-00484,W-00484,2026,2026-07-07,160.0,75.4,29.5,97.5,149,99,65,121,8.5,198,127,33,155,1.0,65.0,6.1,NON_SMOKER,0.0,True,True,True,False,False,NORMAL,FIT_WITH_RESTRICTION
mcu-uuid-W-00485-2024,worker-uuid-00485,W-00485,2024,2024-07-11,174.4,68.0,22.4,74.0,134,85,63,109,7.9,195,129,43,63,1.16,73.0,4.5,ACTIVE_SMOKER,22.0,True,False,False,False,False,BORDERLINE,FIT
mcu-uuid-W-00485-2025,worker-uuid-00485,W-00485,2025,2025-03-23,174.4,68.0,22.4,77.1,128,88,87,105,8.0,218,152,41,145,0.58,86.5,6.2,ACTIVE_SMOKER,22.0,True,False,False,False,False,NORMAL,FIT
mcu-uuid-W-00485-2026,worker-uuid-00485,W-00485,2026,2026-03-19,174.4,68.9,22.7,76.2,152,93,85,88,7.1,146,70,49,77,0.9,77.5,6.1,ACTIVE_SMOKER,22.0,True,True,False,False,False,BORDERLINE,FIT_WITH_RESTRICTION
mcu-uuid-W-00486-2024,worker-uuid-00486,W-00486,2024,2024-03-23,162.2,68.1,25.9,86.7,137,87,63,114,8.3,213,141,52,189,1.38,57.5,7.8,NON_SMOKER,0.0,True,False,True,False,False,NORMAL,FIT
mcu-uuid-W-00486-2025,worker-uuid-00486,W-00486,2025,2025-09-24,162.2,67.7,25.7,86.2,126,74,54,70,7.0,209,134,49,199,1.12,63.0,7.8,NON_SMOKER,0.0,True,False,True,False,False,NORMAL,FIT
mcu-uuid-W-00486-2026,worker-uuid-00486,W-00486,2026,2026-10-27,162.2,68.0,25.8,85.5,134,85,77,111,8.0,193,125,48,173,0.8,70.0,5.9,NON_SMOKER,0.0,True,False,True,False,False,BORDERLINE,FIT
mcu-uuid-W-00487-2024,worker-uuid-00487,W-00487,2024,2024-04-07,169.0,57.5,20.1,67.6,108,69,73,82,7.3,204,126,53,132,1.36,83.0,5.4,NON_SMOKER,0.0,True,False,False,False,False,NORMAL,FIT
mcu-uuid-W-00487-2025,worker-uuid-00487,W-00487,2025,2025-09-10,169.0,58.3,20.4,68.9,132,80,71,89,7.6,166,89,50,108,1.06,89.5,5.8,NON_SMOKER,0.0,True,False,False,False,False,NORMAL,FIT
mcu-uuid-W-00487-2026,worker-uuid-00487,W-00487,2026,2026-10-09,169.0,59.5,20.8,69.7,102,74,74,65,6.6,180,86,54,98,1.03,89.2,6.8,NON_SMOKER,0.0,True,False,False,False,False,BORDERLINE,FIT
mcu-uuid-W-00488-2024,worker-uuid-00488,W-00488,2024,2024-07-06,169.9,82.8,28.7,94.5,120,84,58,100,7.5,201,124,52,124,0.83,83.2,5.2,NON_SMOKER,0.0,True,False,False,False,False,NORMAL,FIT
mcu-uuid-W-00488-2025,worker-uuid-00488,W-00488,2025,2025-10-18,169.9,83.3,28.9,95.3,129,84,81,77,7.0,215,136,47,181,0.78,83.5,5.2,NON_SMOKER,0.0,True,False,False,False,False,NORMAL,FIT
mcu-uuid-W-00488-2026,worker-uuid-00488,W-00488,2026,2026-07-24,169.9,83.2,28.8,95.2,136,84,61,111,8.1,215,122,58,90,0.77,82.8,5.6,NON_SMOKER,0.0,True,False,False,False,False,NORMAL,FIT
mcu-uuid-W-00489-2024,worker-uuid-00489,W-00489,2024,2024-09-03,178.9,82.0,25.6,87.5,100,74,78,97,7.9,232,145,49,137,0.9,77.5,7.0,FORMER_SMOKER,2.6,True,False,False,False,False,BORDERLINE,FIT
mcu-uuid-W-00489-2025,worker-uuid-00489,W-00489,2025,2025-09-14,178.9,83.1,26.0,88.8,121,67,62,110,7.9,219,130,49,158,0.82,78.5,5.6,FORMER_SMOKER,2.6,True,False,False,False,False,NORMAL,FIT
mcu-uuid-W-00489-2026,worker-uuid-00489,W-00489,2026,2026-07-07,178.9,82.0,25.6,86.5,128,78,71,84,7.0,223,144,34,175,1.02,72.5,4.9,FORMER_SMOKER,2.6,True,False,False,False,False,NORMAL,FIT
mcu-uuid-W-00490-2024,worker-uuid-00490,W-00490,2024,2024-07-13,156.3,69.6,28.5,96.5,137,86,76,85,7.1,226,158,41,191,1.33,59.8,3.2,FORMER_SMOKER,11.5,True,False,False,False,False,NORMAL,FIT
mcu-uuid-W-00490-2025,worker-uuid-00490,W-00490,2025,2025-03-02,156.3,70.3,28.8,95.4,156,95,70,111,8.0,238,164,53,127,0.88,70.0,4.0,FORMER_SMOKER,11.5,True,True,False,False,True,NORMAL,FIT_WITH_RESTRICTION
mcu-uuid-W-00490-2026,worker-uuid-00490,W-00490,2026,2026-10-15,156.3,70.0,28.7,95.6,135,79,74,92,7.4,218,147,51,141,0.65,74.8,4.9,FORMER_SMOKER,11.5,True,False,False,False,False,NORMAL,FIT
mcu-uuid-W-00491-2024,worker-uuid-00491,W-00491,2024,2024-04-17,158.2,57.4,22.9,76.3,123,78,87,102,7.7,226,128,53,95,0.68,80.0,4.6,NON_SMOKER,0.0,True,False,False,False,False,NORMAL,FIT
mcu-uuid-W-00491-2025,worker-uuid-00491,W-00491,2025,2025-10-05,158.2,58.6,23.4,77.8,129,75,62,97,7.4,226,144,55,160,0.86,74.5,4.5,NON_SMOKER,0.0,True,False,False,False,False,NORMAL,FIT
mcu-uuid-W-00491-2026,worker-uuid-00491,W-00491,2026,2026-08-09,158.2,57.7,23.1,78.4,150,93,66,99,7.9,206,112,62,167,0.7,77.5,3.9,NON_SMOKER,0.0,True,True,False,True,False,ABNORMAL,UNFIT
mcu-uuid-W-00492-2024,worker-uuid-00492,W-00492,2024,2024-04-04,166.3,61.6,22.3,74.7,133,89,77,79,7.1,172,82,64,70,1.18,64.5,5.4,FORMER_SMOKER,4.9,True,False,True,False,False,NORMAL,FIT
mcu-uuid-W-00492-2025,worker-uuid-00492,W-00492,2025,2025-03-09,166.3,61.8,22.3,75.9,133,85,76,106,7.9,181,107,37,119,0.87,71.2,5.9,FORMER_SMOKER,4.9,True,False,True,False,False,BORDERLINE,FIT
mcu-uuid-W-00492-2026,worker-uuid-00492,W-00492,2026,2026-09-14,166.3,62.5,22.6,76.3,143,82,63,90,7.5,221,141,59,84,0.79,72.2,6.0,FORMER_SMOKER,4.9,True,True,True,False,False,NORMAL,FIT_WITH_RESTRICTION
mcu-uuid-W-00493-2024,worker-uuid-00493,W-00493,2024,2024-08-17,162.6,63.1,23.9,80.1,123,74,81,101,7.8,180,109,40,118,0.95,80.2,4.2,ACTIVE_SMOKER,27.8,True,False,False,False,False,NORMAL,FIT
mcu-uuid-W-00493-2025,worker-uuid-00493,W-00493,2025,2025-03-27,162.6,63.1,23.9,81.5,150,91,79,104,7.8,246,179,43,116,0.88,81.0,4.5,ACTIVE_SMOKER,27.8,True,True,False,True,True,NORMAL,FIT_WITH_RESTRICTION
mcu-uuid-W-00493-2026,worker-uuid-00493,W-00493,2026,2026-06-07,162.6,64.0,24.2,83.3,128,81,85,97,7.4,199,136,32,196,0.95,78.2,4.4,ACTIVE_SMOKER,27.8,True,False,False,False,False,BORDERLINE,FIT
mcu-uuid-W-00494-2024,worker-uuid-00494,W-00494,2024,2024-10-18,170.0,77.3,26.7,90.8,130,81,75,117,8.0,187,89,60,152,1.17,71.8,5.0,NON_SMOKER,0.0,True,False,False,False,False,NORMAL,FIT
mcu-uuid-W-00494-2025,worker-uuid-00494,W-00494,2025,2025-03-19,170.0,77.7,26.9,91.6,134,84,74,113,8.0,210,136,46,127,0.87,78.2,5.7,NON_SMOKER,0.0,True,False,False,False,False,NORMAL,FIT
mcu-uuid-W-00494-2026,worker-uuid-00494,W-00494,2026,2026-03-03,170.0,79.9,27.6,91.8,154,107,72,110,8.1,217,152,43,107,1.11,71.2,5.7,NON_SMOKER,0.0,True,True,False,True,False,ABNORMAL,UNFIT
mcu-uuid-W-00495-2024,worker-uuid-00495,W-00495,2024,2024-04-10,169.0,77.3,27.1,89.4,124,80,73,103,8.0,184,120,42,197,0.84,89.0,4.6,ACTIVE_SMOKER,17.0,True,False,True,False,False,NORMAL,FIT
mcu-uuid-W-00495-2025,worker-uuid-00495,W-00495,2025,2025-09-09,169.0,77.1,27.0,91.5,124,77,82,93,7.7,225,127,56,169,1.01,83.8,3.8,ACTIVE_SMOKER,17.0,True,False,True,False,False,NORMAL,FIT
mcu-uuid-W-00495-2026,worker-uuid-00495,W-00495,2026,2026-08-24,169.0,77.2,27.0,91.3,153,99,76,104,7.9,234,143,52,141,1.03,82.2,6.1,ACTIVE_SMOKER,17.0,True,True,True,True,False,ABNORMAL,UNFIT
mcu-uuid-W-00496-2024,worker-uuid-00496,W-00496,2024,2024-11-18,175.7,61.6,20.0,68.9,118,77,72,92,7.4,186,99,58,108,0.73,85.8,4.8,NON_SMOKER,0.0,True,False,False,False,False,NORMAL,FIT
mcu-uuid-W-00496-2025,worker-uuid-00496,W-00496,2025,2025-10-28,175.7,62.1,20.1,67.1,120,78,81,79,7.0,194,101,64,142,1.14,74.5,6.3,NON_SMOKER,0.0,True,False,False,False,False,NORMAL,FIT
mcu-uuid-W-00496-2026,worker-uuid-00496,W-00496,2026,2026-06-27,175.7,64.0,20.7,70.8,134,78,82,73,7.0,205,140,44,73,1.12,74.0,6.7,NON_SMOKER,0.0,True,False,False,False,False,NORMAL,FIT
mcu-uuid-W-00497-2024,worker-uuid-00497,W-00497,2024,2024-05-12,162.9,71.7,27.0,90.7,136,85,89,96,7.6,207,132,41,94,0.98,87.5,5.3,NON_SMOKER,0.0,True,False,False,False,False,NORMAL,FIT
mcu-uuid-W-00497-2025,worker-uuid-00497,W-00497,2025,2025-07-12,162.9,73.1,27.5,93.3,136,79,82,77,6.8,210,138,48,139,0.71,93.2,6.7,NON_SMOKER,0.0,True,False,False,False,False,NORMAL,FIT
mcu-uuid-W-00497-2026,worker-uuid-00497,W-00497,2026,2026-10-05,162.9,70.7,26.6,89.9,129,82,81,108,8.1,202,122,55,84,1.4,75.0,6.4,NON_SMOKER,0.0,True,False,False,False,False,NORMAL,FIT
mcu-uuid-W-00498-2024,worker-uuid-00498,W-00498,2024,2024-07-12,174.9,91.1,29.8,100.8,147,95,79,117,8.3,215,131,49,124,0.88,66.0,8.4,NON_SMOKER,0.0,True,True,False,True,False,NORMAL,FIT_WITH_RESTRICTION
mcu-uuid-W-00498-2025,worker-uuid-00498,W-00498,2025,2025-03-10,174.9,91.4,29.9,101.5,159,100,61,121,8.6,233,168,41,184,1.12,59.0,6.4,NON_SMOKER,0.0,True,True,False,True,False,NORMAL,UNFIT
mcu-uuid-W-00498-2026,worker-uuid-00498,W-00498,2026,2026-09-20,174.9,92.6,30.3,101.8,141,87,76,108,7.9,212,132,51,108,0.75,67.2,5.8,NON_SMOKER,0.0,True,True,False,False,False,NORMAL,FIT_WITH_RESTRICTION
mcu-uuid-W-00499-2024,worker-uuid-00499,W-00499,2024,2024-03-14,166.5,82.0,29.6,98.0,132,76,84,90,7.4,212,141,42,250,1.02,86.5,5.1,ACTIVE_SMOKER,26.5,True,False,False,False,False,NORMAL,FIT
mcu-uuid-W-00499-2025,worker-uuid-00499,W-00499,2025,2025-07-20,166.5,81.8,29.5,98.8,137,83,84,127,8.6,194,134,36,128,0.79,91.2,6.6,ACTIVE_SMOKER,26.5,True,False,False,False,False,NORMAL,FIT
mcu-uuid-W-00499-2026,worker-uuid-00499,W-00499,2026,2026-04-09,166.5,81.8,29.5,97.5,159,102,75,93,7.7,215,148,43,173,0.9,87.5,7.1,ACTIVE_SMOKER,26.5,True,True,False,False,False,NORMAL,UNFIT
mcu-uuid-W-00500-2024,worker-uuid-00500,W-00500,2024,2024-07-19,166.9,59.1,21.2,70.7,118,78,68,95,7.5,176,77,70,143,1.01,87.8,7.4,FORMER_SMOKER,7.2,True,False,False,False,False,NORMAL,FIT
mcu-uuid-W-00500-2025,worker-uuid-00500,W-00500,2025,2025-11-04,166.9,60.1,21.6,74.9,110,72,56,96,7.4,193,118,54,65,1.03,86.2,5.1,FORMER_SMOKER,7.2,True,False,False,False,False,BORDERLINE,FIT
mcu-uuid-W-00500-2026,worker-uuid-00500,W-00500,2026,2026-08-09,166.9,61.5,22.1,74.2,113,69,55,65,6.6,204,120,54,149,1.41,75.8,4.9,FORMER_SMOKER,7.2,True,False,False,False,False,BORDERLINE,FIT
mcu-uuid-W-00501-2024,worker-uuid-00501,W-00501,2024,2024-04-21,161.7,55.6,21.3,70.2,117,70,69,96,7.4,214,131,46,168,1.0,68.0,5.0,ACTIVE_SMOKER,6.2,True,False,False,False,False,NORMAL,FIT
mcu-uuid-W-00501-2025,worker-uuid-00501,W-00501,2025,2025-07-12,161.7,55.2,21.1,70.3,127,78,72,84,7.3,187,94,51,77,0.95,68.2,5.2,ACTIVE_SMOKER,6.2,True,False,False,False,False,BORDERLINE,FIT
mcu-uuid-W-00501-2026,worker-uuid-00501,W-00501,2026,2026-07-01,161.7,57.5,22.0,72.4,146,97,79,75,6.9,191,111,45,110,0.71,73.2,5.4,ACTIVE_SMOKER,6.2,True,True,False,False,False,NORMAL,FIT_WITH_RESTRICTION
mcu-uuid-W-00502-2024,worker-uuid-00502,W-00502,2024,2024-09-03,166.0,57.9,21.0,72.8,135,84,67,101,8.0,158,81,53,223,0.86,74.5,5.9,FORMER_SMOKER,9.3,True,False,False,False,False,BORDERLINE,FIT
mcu-uuid-W-00502-2025,worker-uuid-00502,W-00502,2025,2025-09-24,166.0,57.7,20.9,71.0,115,71,65,96,7.4,226,121,66,95,0.82,74.5,5.4,FORMER_SMOKER,9.3,True,False,False,False,False,NORMAL,FIT
mcu-uuid-W-00502-2026,worker-uuid-00502,W-00502,2026,2026-09-01,166.0,58.0,21.0,69.9,131,78,68,109,7.9,183,89,55,58,0.69,76.8,4.5,FORMER_SMOKER,9.3,True,False,False,False,False,NORMAL,FIT
mcu-uuid-W-00503-2024,worker-uuid-00503,W-00503,2024,2024-05-08,178.0,76.6,24.2,81.8,134,87,80,115,8.3,271,184,42,63,0.92,79.0,5.7,ACTIVE_SMOKER,15.6,True,False,False,False,False,BORDERLINE,FIT
mcu-uuid-W-00503-2025,worker-uuid-00503,W-00503,2025,2025-04-27,178.0,77.3,24.4,82.5,132,89,77,107,7.9,231,139,49,109,0.76,82.0,5.4,ACTIVE_SMOKER,15.6,True,False,False,False,False,NORMAL,FIT
mcu-uuid-W-00503-2026,worker-uuid-00503,W-00503,2026,2026-04-26,178.0,76.6,24.2,82.6,121,78,81,97,7.8,224,148,48,169,1.15,71.2,7.8,ACTIVE_SMOKER,15.6,True,False,False,False,False,NORMAL,FIT
mcu-uuid-W-00504-2024,worker-uuid-00504,W-00504,2024,2024-10-12,158.6,70.7,28.1,94.9,145,85,85,106,8.1,206,128,53,136,1.02,70.5,6.4,ACTIVE_SMOKER,27.8,True,True,False,False,False,NORMAL,FIT_WITH_RESTRICTION
mcu-uuid-W-00504-2025,worker-uuid-00504,W-00504,2025,2025-04-20,158.6,71.7,28.5,97.2,148,89,73,127,8.5,209,128,51,182,0.99,70.2,5.4,ACTIVE_SMOKER,27.8,True,True,False,False,False,NORMAL,FIT_WITH_RESTRICTION
mcu-uuid-W-00504-2026,worker-uuid-00504,W-00504,2026,2026-08-11,158.6,72.9,29.0,95.3,154,100,79,119,8.0,218,144,47,127,1.16,65.0,6.4,ACTIVE_SMOKER,27.8,True,True,False,False,False,BORDERLINE,UNFIT
mcu-uuid-W-00505-2024,worker-uuid-00505,W-00505,2024,2024-04-13,176.1,76.0,24.5,80.9,143,96,64,74,6.9,192,109,51,119,0.78,85.5,7.1,NON_SMOKER,0.0,True,True,False,False,False,NORMAL,FIT_WITH_RESTRICTION
mcu-uuid-W-00505-2025,worker-uuid-00505,W-00505,2025,2025-04-18,176.1,76.7,24.7,82.7,126,79,70,91,7.4,183,106,48,157,0.98,79.5,4.3,NON_SMOKER,0.0,True,False,False,False,False,NORMAL,FIT
mcu-uuid-W-00505-2026,worker-uuid-00505,W-00505,2026,2026-07-11,176.1,75.1,24.2,83.3,112,60,84,102,8.0,214,146,45,56,1.19,73.2,7.9,NON_SMOKER,0.0,True,False,False,False,False,NORMAL,FIT
mcu-uuid-W-00506-2024,worker-uuid-00506,W-00506,2024,2024-06-20,154.2,63.8,26.8,88.2,142,85,78,111,8.2,179,89,57,144,0.98,70.5,4.6,NON_SMOKER,0.0,True,True,False,False,False,NORMAL,FIT_WITH_RESTRICTION
mcu-uuid-W-00506-2025,worker-uuid-00506,W-00506,2025,2025-03-14,154.2,63.4,26.7,88.8,127,75,72,89,7.4,271,195,55,142,0.95,70.2,3.8,NON_SMOKER,0.0,True,False,False,False,False,BORDERLINE,FIT
mcu-uuid-W-00506-2026,worker-uuid-00506,W-00506,2026,2026-09-04,154.2,64.1,27.0,91.1,127,81,62,114,8.3,217,121,54,117,0.87,71.2,5.5,NON_SMOKER,0.0,True,False,False,False,False,BORDERLINE,FIT
mcu-uuid-W-00507-2024,worker-uuid-00507,W-00507,2024,2024-06-03,170.2,69.5,24.0,80.8,136,86,82,95,7.5,189,94,56,112,0.92,79.0,4.9,ACTIVE_SMOKER,6.3,True,False,False,False,False,NORMAL,FIT
mcu-uuid-W-00507-2025,worker-uuid-00507,W-00507,2025,2025-05-26,170.2,70.4,24.3,80.0,144,97,78,71,6.7,186,103,47,143,1.01,75.8,4.4,ACTIVE_SMOKER,6.3,True,True,False,False,False,NORMAL,FIT_WITH_RESTRICTION
mcu-uuid-W-00507-2026,worker-uuid-00507,W-00507,2026,2026-07-23,170.2,71.5,24.7,82.1,145,89,84,120,8.5,220,144,35,169,0.8,80.0,6.1,ACTIVE_SMOKER,6.3,True,True,False,False,False,NORMAL,FIT_WITH_RESTRICTION
mcu-uuid-W-00508-2024,worker-uuid-00508,W-00508,2024,2024-05-06,180.9,70.8,21.6,72.4,136,85,70,87,7.4,246,180,46,58,1.14,58.5,6.1,ACTIVE_SMOKER,16.4,True,False,False,False,True,NORMAL,FIT
mcu-uuid-W-00508-2025,worker-uuid-00508,W-00508,2025,2025-09-28,180.9,71.9,22.0,72.9,144,96,70,87,7.3,221,136,44,154,0.98,61.5,3.0,ACTIVE_SMOKER,16.4,True,True,False,False,False,NORMAL,FIT_WITH_RESTRICTION
mcu-uuid-W-00508-2026,worker-uuid-00508,W-00508,2026,2026-09-01,180.9,73.2,22.4,77.4,147,93,84,108,7.9,174,106,44,217,1.26,53.5,6.6,ACTIVE_SMOKER,16.4,True,True,False,True,False,BORDERLINE,FIT_WITH_RESTRICTION
mcu-uuid-W-00509-2024,worker-uuid-00509,W-00509,2024,2024-07-13,170.4,76.6,26.4,89.0,123,86,89,113,8.3,198,124,48,99,1.11,73.2,5.8,FORMER_SMOKER,6.2,True,False,False,False,False,BORDERLINE,FIT
mcu-uuid-W-00509-2025,worker-uuid-00509,W-00509,2025,2025-07-22,170.4,77.6,26.7,91.2,128,78,76,95,7.4,209,147,42,55,1.29,67.8,4.0,FORMER_SMOKER,6.2,True,False,False,False,False,NORMAL,FIT
mcu-uuid-W-00509-2026,worker-uuid-00509,W-00509,2026,2026-11-22,170.4,77.8,26.8,90.3,133,80,63,95,7.7,246,159,48,132,1.28,67.0,5.7,FORMER_SMOKER,6.2,True,False,False,False,False,NORMAL,FIT
mcu-uuid-W-00510-2024,worker-uuid-00510,W-00510,2024,2024-05-04,155.4,56.0,23.2,76.5,139,82,57,105,7.7,211,124,63,155,0.68,72.0,5.5,FORMER_SMOKER,2.9,True,False,False,False,False,NORMAL,FIT
mcu-uuid-W-00510-2025,worker-uuid-00510,W-00510,2025,2025-09-07,155.4,56.0,23.2,79.8,123,73,85,107,7.9,220,118,61,103,0.92,65.0,4.2,FORMER_SMOKER,2.9,True,False,False,False,False,NORMAL,FIT
mcu-uuid-W-00510-2026,worker-uuid-00510,W-00510,2026,2026-04-01,155.4,58.2,24.1,79.3,142,91,77,98,7.6,220,150,49,86,0.58,72.5,5.9,FORMER_SMOKER,2.9,True,True,False,False,False,BORDERLINE,FIT_WITH_RESTRICTION
mcu-uuid-W-00511-2024,worker-uuid-00511,W-00511,2024,2024-06-26,170.7,68.7,23.6,79.7,115,78,82,111,7.9,194,126,37,115,0.73,78.8,7.1,NON_SMOKER,0.0,True,False,False,False,False,NORMAL,FIT
mcu-uuid-W-00511-2025,worker-uuid-00511,W-00511,2025,2025-05-25,170.7,68.8,23.6,81.5,132,81,75,92,7.5,237,169,44,165,1.3,63.5,6.1,NON_SMOKER,0.0,True,False,False,False,True,NORMAL,FIT
mcu-uuid-W-00511-2026,worker-uuid-00511,W-00511,2026,2026-06-21,170.7,68.5,23.5,78.6,111,67,80,102,7.5,216,128,45,238,0.99,70.2,6.9,NON_SMOKER,0.0,True,False,False,False,False,NORMAL,FIT
mcu-uuid-W-00512-2024,worker-uuid-00512,W-00512,2024,2024-09-27,162.2,78.5,29.8,98.0,131,73,80,99,7.9,217,135,42,159,0.81,81.8,5.9,NON_SMOKER,0.0,True,False,False,False,False,NORMAL,FIT
mcu-uuid-W-00512-2025,worker-uuid-00512,W-00512,2025,2025-09-18,162.2,78.9,30.0,98.2,127,95,76,115,8.2,183,82,60,157,0.61,85.8,5.0,NON_SMOKER,0.0,True,True,False,False,False,NORMAL,FIT_WITH_RESTRICTION
mcu-uuid-W-00512-2026,worker-uuid-00512,W-00512,2026,2026-09-07,162.2,80.0,30.4,101.7,129,78,75,104,8.0,190,132,28,208,0.46,88.5,5.7,NON_SMOKER,0.0,True,False,False,False,False,NORMAL,FIT_WITH_RESTRICTION
mcu-uuid-W-00513-2024,worker-uuid-00513,W-00513,2024,2024-09-14,170.6,79.1,27.2,92.8,123,75,64,128,8.4,221,142,56,112,1.25,55.8,6.3,FORMER_SMOKER,14.7,True,False,False,False,False,NORMAL,FIT
mcu-uuid-W-00513-2025,worker-uuid-00513,W-00513,2025,2025-08-01,170.6,79.7,27.4,90.9,145,94,79,104,7.8,199,120,49,142,0.71,68.2,4.5,FORMER_SMOKER,14.7,True,True,False,False,False,NORMAL,FIT_WITH_RESTRICTION
mcu-uuid-W-00513-2026,worker-uuid-00513,W-00513,2026,2026-03-15,170.6,79.9,27.5,91.7,147,94,62,122,8.4,234,152,55,146,0.97,60.8,6.0,FORMER_SMOKER,14.7,True,True,False,True,False,ABNORMAL,UNFIT
mcu-uuid-W-00514-2024,worker-uuid-00514,W-00514,2024,2024-05-07,161.3,66.2,25.4,83.5,140,95,67,84,7.1,216,119,54,154,0.87,84.2,5.6,NON_SMOKER,0.0,True,True,False,False,False,NORMAL,FIT_WITH_RESTRICTION
mcu-uuid-W-00514-2025,worker-uuid-00514,W-00514,2025,2025-10-26,161.3,67.1,25.8,87.5,144,79,75,97,7.5,190,108,45,146,1.05,78.8,5.1,NON_SMOKER,0.0,True,True,False,False,False,NORMAL,FIT_WITH_RESTRICTION
mcu-uuid-W-00514-2026,worker-uuid-00514,W-00514,2026,2026-11-13,161.3,67.6,26.0,88.2,125,75,63,126,8.5,222,148,40,150,0.86,82.5,6.1,NON_SMOKER,0.0,True,False,False,False,False,NORMAL,FIT
mcu-uuid-W-00515-2024,worker-uuid-00515,W-00515,2024,2024-10-15,166.0,74.6,27.1,92.5,129,85,91,121,8.1,203,131,41,184,1.0,80.0,6.8,ACTIVE_SMOKER,11.1,True,False,False,False,False,NORMAL,FIT
mcu-uuid-W-00515-2025,worker-uuid-00515,W-00515,2025,2025-03-10,166.0,74.4,27.0,91.6,140,91,76,116,8.1,163,76,49,179,1.5,66.5,6.4,ACTIVE_SMOKER,11.1,True,True,False,False,False,NORMAL,FIT_WITH_RESTRICTION
mcu-uuid-W-00515-2026,worker-uuid-00515,W-00515,2026,2026-11-20,166.0,76.0,27.6,93.6,140,89,76,100,7.9,182,89,51,112,0.76,84.0,8.7,ACTIVE_SMOKER,11.1,True,True,False,True,False,ABNORMAL,UNFIT
mcu-uuid-W-00516-2024,worker-uuid-00516,W-00516,2024,2024-07-17,161.2,59.3,22.8,78.3,142,96,67,108,7.7,139,72,44,162,0.85,83.8,6.8,NON_SMOKER,0.0,True,True,False,False,False,BORDERLINE,FIT_WITH_RESTRICTION
mcu-uuid-W-00516-2025,worker-uuid-00516,W-00516,2025,2025-03-26,161.2,60.2,23.2,78.5,127,79,78,79,6.9,192,98,56,164,0.87,82.2,6.4,NON_SMOKER,0.0,True,False,False,False,False,NORMAL,FIT
mcu-uuid-W-00516-2026,worker-uuid-00516,W-00516,2026,2026-04-08,161.2,61.3,23.6,80.4,115,72,75,71,6.9,193,120,48,150,0.77,83.8,5.3,NON_SMOKER,0.0,True,False,False,False,False,NORMAL,FIT
mcu-uuid-W-00517-2024,worker-uuid-00517,W-00517,2024,2024-04-04,162.9,76.5,28.8,94.9,130,83,77,102,7.6,238,146,50,191,1.3,55.5,6.6,NON_SMOKER,0.0,True,False,False,False,False,NORMAL,FIT
mcu-uuid-W-00517-2025,worker-uuid-00517,W-00517,2025,2025-03-23,162.9,77.4,29.2,97.8,147,92,74,114,8.3,231,132,57,185,0.98,62.5,6.1,NON_SMOKER,0.0,True,True,False,True,False,NORMAL,FIT_WITH_RESTRICTION
mcu-uuid-W-00517-2026,worker-uuid-00517,W-00517,2026,2026-04-20,162.9,78.6,29.6,99.7,148,87,67,106,7.9,218,150,48,138,1.1,58.5,5.3,NON_SMOKER,0.0,True,True,False,False,False,NORMAL,FIT_WITH_RESTRICTION
mcu-uuid-W-00518-2024,worker-uuid-00518,W-00518,2024,2024-05-02,164.5,69.3,25.6,86.5,118,79,67,75,6.9,230,158,52,116,1.07,82.2,7.4,NON_SMOKER,0.0,True,False,False,False,False,BORDERLINE,FIT
mcu-uuid-W-00518-2025,worker-uuid-00518,W-00518,2025,2025-09-27,164.5,69.0,25.5,84.3,151,97,75,80,6.9,191,105,54,181,1.36,74.0,4.9,NON_SMOKER,0.0,True,True,False,False,False,NORMAL,FIT_WITH_RESTRICTION
mcu-uuid-W-00518-2026,worker-uuid-00518,W-00518,2026,2026-03-14,164.5,68.3,25.2,84.0,134,80,81,94,7.4,219,125,59,111,0.89,84.8,6.5,NON_SMOKER,0.0,True,False,False,False,False,NORMAL,FIT
mcu-uuid-W-00519-2024,worker-uuid-00519,W-00519,2024,2024-05-25,171.0,73.0,25.0,84.0,137,84,72,129,8.8,171,98,42,194,1.06,72.5,7.1,ACTIVE_SMOKER,7.9,True,False,False,False,False,NORMAL,FIT
mcu-uuid-W-00519-2025,worker-uuid-00519,W-00519,2025,2025-03-19,171.0,73.2,25.0,83.3,126,74,75,106,8.1,247,160,51,90,0.5,85.5,7.9,ACTIVE_SMOKER,7.9,True,False,False,False,False,NORMAL,FIT
mcu-uuid-W-00519-2026,worker-uuid-00519,W-00519,2026,2026-03-28,171.0,73.1,25.0,85.4,148,95,73,76,7.2,220,158,37,143,0.94,73.5,7.4,ACTIVE_SMOKER,7.9,True,True,False,True,False,BORDERLINE,FIT_WITH_RESTRICTION
mcu-uuid-W-00520-2024,worker-uuid-00520,W-00520,2024,2024-06-01,162.0,45.8,17.5,60.7,105,65,72,98,7.5,172,94,46,107,0.92,92.0,5.0,ACTIVE_SMOKER,10.6,True,False,False,False,False,BORDERLINE,FIT
mcu-uuid-W-00520-2025,worker-uuid-00520,W-00520,2025,2025-08-14,162.0,46.6,17.8,62.0,132,81,75,102,7.8,154,67,55,125,0.97,89.8,5.6,ACTIVE_SMOKER,10.6,True,False,False,False,False,NORMAL,FIT
mcu-uuid-W-00520-2026,worker-uuid-00520,W-00520,2026,2026-05-17,162.0,48.3,18.4,61.2,119,70,84,85,7.1,194,115,52,55,0.65,96.8,5.6,ACTIVE_SMOKER,10.6,True,False,False,False,False,BORDERLINE,FIT
mcu-uuid-W-00521-2024,worker-uuid-00521,W-00521,2024,2024-11-21,155.5,75.1,31.1,101.7,134,88,77,97,7.6,227,149,45,139,0.8,85.0,4.8,NON_SMOKER,0.0,True,False,False,False,False,NORMAL,FIT_WITH_RESTRICTION
mcu-uuid-W-00521-2025,worker-uuid-00521,W-00521,2025,2025-08-14,155.5,75.4,31.2,102.8,137,95,71,90,7.7,194,120,46,159,0.99,79.2,5.3,NON_SMOKER,0.0,True,True,False,False,False,NORMAL,FIT_WITH_RESTRICTION
mcu-uuid-W-00521-2026,worker-uuid-00521,W-00521,2026,2026-05-27,155.5,74.8,30.9,104.3,138,78,73,105,8.1,209,125,55,219,0.84,82.0,7.0,NON_SMOKER,0.0,True,False,False,False,False,NORMAL,FIT_WITH_RESTRICTION
mcu-uuid-W-00522-2024,worker-uuid-00522,W-00522,2024,2024-06-27,174.1,68.2,22.5,77.9,130,78,59,92,7.3,159,67,53,136,1.15,67.2,5.8,NON_SMOKER,0.0,True,False,True,False,False,NORMAL,FIT
mcu-uuid-W-00522-2025,worker-uuid-00522,W-00522,2025,2025-11-23,174.1,68.9,22.7,74.8,105,68,69,97,7.8,199,116,50,99,1.09,67.8,5.9,NON_SMOKER,0.0,True,False,True,False,False,BORDERLINE,FIT
mcu-uuid-W-00522-2026,worker-uuid-00522,W-00522,2026,2026-03-06,174.1,68.3,22.5,76.4,129,75,78,121,8.2,218,159,31,147,0.91,71.2,7.7,NON_SMOKER,0.0,True,False,True,False,False,NORMAL,FIT
mcu-uuid-W-00523-2024,worker-uuid-00523,W-00523,2024,2024-09-07,167.3,79.4,28.4,93.3,130,77,73,101,7.9,180,109,44,121,0.95,74.2,6.5,NON_SMOKER,0.0,True,False,False,False,False,NORMAL,FIT
mcu-uuid-W-00523-2025,worker-uuid-00523,W-00523,2025,2025-09-05,167.3,80.1,28.6,94.3,130,85,65,107,7.9,205,137,44,181,1.02,71.5,3.9,NON_SMOKER,0.0,True,False,False,False,False,NORMAL,FIT
mcu-uuid-W-00523-2026,worker-uuid-00523,W-00523,2026,2026-03-05,167.3,82.1,29.3,97.2,127,83,70,97,7.7,234,148,48,150,1.0,71.0,6.4,NON_SMOKER,0.0,True,False,False,False,False,BORDERLINE,FIT
mcu-uuid-W-00524-2024,worker-uuid-00524,W-00524,2024,2024-04-28,179.8,77.5,24.0,79.5,118,70,68,91,7.5,203,117,43,116,1.28,79.0,5.4,ACTIVE_SMOKER,22.0,True,False,True,False,False,BORDERLINE,FIT
mcu-uuid-W-00524-2025,worker-uuid-00524,W-00524,2025,2025-08-27,179.8,78.8,24.4,80.5,118,80,79,103,7.7,172,95,40,116,1.25,78.8,7.4,ACTIVE_SMOKER,22.0,True,False,True,False,False,NORMAL,FIT
mcu-uuid-W-00524-2026,worker-uuid-00524,W-00524,2026,2026-06-02,179.8,80.3,24.8,84.3,141,82,64,91,7.7,173,93,49,99,1.05,82.8,4.8,ACTIVE_SMOKER,22.0,True,True,True,False,False,NORMAL,FIT_WITH_RESTRICTION
mcu-uuid-W-00525-2024,worker-uuid-00525,W-00525,2024,2024-11-19,177.9,78.1,24.7,81.1,127,81,69,107,7.7,171,69,58,101,1.01,65.8,3.7,NON_SMOKER,0.0,True,False,False,False,False,NORMAL,FIT
mcu-uuid-W-00525-2025,worker-uuid-00525,W-00525,2025,2025-07-21,177.9,78.0,24.6,83.7,141,74,70,117,8.1,247,154,49,125,0.95,66.2,4.7,NON_SMOKER,0.0,True,True,False,False,False,NORMAL,FIT_WITH_RESTRICTION
mcu-uuid-W-00525-2026,worker-uuid-00525,W-00525,2026,2026-03-18,177.9,78.8,24.9,83.0,118,74,76,104,7.6,241,148,50,111,0.89,66.8,4.7,NON_SMOKER,0.0,True,False,False,False,False,NORMAL,FIT
mcu-uuid-W-00526-2024,worker-uuid-00526,W-00526,2024,2024-07-14,178.7,64.8,20.3,70.7,95,61,82,80,6.9,164,93,45,95,1.15,91.2,5.0,ACTIVE_SMOKER,8.2,True,False,False,False,False,NORMAL,FIT
mcu-uuid-W-00526-2025,worker-uuid-00526,W-00526,2025,2025-07-16,178.7,65.5,20.5,71.4,130,75,78,91,7.5,196,110,43,113,1.25,87.8,4.7,ACTIVE_SMOKER,8.2,True,False,False,False,False,NORMAL,FIT
mcu-uuid-W-00526-2026,worker-uuid-00526,W-00526,2026,2026-10-23,178.7,67.6,21.2,70.4,121,72,89,116,8.3,172,89,50,63,1.0,93.0,5.8,ACTIVE_SMOKER,8.2,True,False,False,False,False,NORMAL,FIT
mcu-uuid-W-00527-2024,worker-uuid-00527,W-00527,2024,2024-10-17,158.4,65.8,26.2,89.4,118,75,80,78,7.3,163,91,48,127,0.88,84.0,7.7,ACTIVE_SMOKER,24.9,True,False,True,False,False,NORMAL,FIT
mcu-uuid-W-00527-2025,worker-uuid-00527,W-00527,2025,2025-06-12,158.4,66.5,26.5,87.0,158,99,75,111,8.1,217,145,42,138,1.03,79.2,5.6,ACTIVE_SMOKER,24.9,True,True,True,False,False,NORMAL,FIT_WITH_RESTRICTION
mcu-uuid-W-00527-2026,worker-uuid-00527,W-00527,2026,2026-06-16,158.4,65.6,26.1,88.7,150,95,71,88,7.6,176,88,49,156,1.01,78.8,5.4,ACTIVE_SMOKER,24.9,True,True,True,False,False,NORMAL,FIT_WITH_RESTRICTION
mcu-uuid-W-00528-2024,worker-uuid-00528,W-00528,2024,2024-07-14,169.7,81.4,28.3,94.1,136,81,73,99,7.9,203,137,45,83,0.98,85.5,7.5,ACTIVE_SMOKER,19.4,True,False,False,False,False,BORDERLINE,FIT
mcu-uuid-W-00528-2025,worker-uuid-00528,W-00528,2025,2025-08-23,169.7,82.6,28.7,95.8,137,90,73,119,8.2,216,119,60,179,1.09,81.8,7.6,ACTIVE_SMOKER,19.4,True,True,False,True,False,NORMAL,FIT_WITH_RESTRICTION
mcu-uuid-W-00528-2026,worker-uuid-00528,W-00528,2026,2026-04-17,169.7,82.8,28.8,95.9,134,84,80,106,7.6,203,119,46,256,0.6,93.0,6.2,ACTIVE_SMOKER,19.4,True,False,False,False,False,NORMAL,FIT
mcu-uuid-W-00529-2024,worker-uuid-00529,W-00529,2024,2024-05-08,167.9,51.2,18.2,63.7,128,79,67,86,7.3,180,101,59,55,0.81,81.8,6.1,FORMER_SMOKER,7.8,True,False,False,False,False,NORMAL,FIT
mcu-uuid-W-00529-2025,worker-uuid-00529,W-00529,2025,2025-04-07,167.9,52.1,18.5,64.9,109,68,65,91,7.6,198,98,59,120,0.9,78.5,6.0,FORMER_SMOKER,7.8,True,False,False,False,False,NORMAL,FIT
mcu-uuid-W-00529-2026,worker-uuid-00529,W-00529,2026,2026-11-06,167.9,52.6,18.7,62.7,104,65,71,79,7.4,154,67,56,81,1.2,70.0,6.6,FORMER_SMOKER,7.8,True,False,False,False,False,NORMAL,FIT
mcu-uuid-W-00530-2024,worker-uuid-00530,W-00530,2024,2024-09-16,156.0,48.6,20.0,69.0,117,70,74,79,7.1,192,120,34,149,0.85,84.8,5.2,ACTIVE_SMOKER,25.5,True,False,False,False,False,BORDERLINE,FIT
mcu-uuid-W-00530-2025,worker-uuid-00530,W-00530,2025,2025-08-03,156.0,48.7,20.0,69.6,138,82,84,103,7.8,232,139,48,144,1.23,74.2,7.2,ACTIVE_SMOKER,25.5,True,False,False,False,False,NORMAL,FIT
mcu-uuid-W-00530-2026,worker-uuid-00530,W-00530,2026,2026-09-03,156.0,47.6,19.6,67.6,132,78,87,80,7.4,227,144,45,139,0.99,79.2,5.8,ACTIVE_SMOKER,25.5,True,False,False,False,False,NORMAL,FIT
mcu-uuid-W-00531-2024,worker-uuid-00531,W-00531,2024,2024-11-17,165.9,70.4,25.6,86.2,121,84,58,80,7.3,178,82,58,145,1.24,73.0,5.3,FORMER_SMOKER,11.7,True,False,True,False,False,NORMAL,FIT
mcu-uuid-W-00531-2025,worker-uuid-00531,W-00531,2025,2025-10-24,165.9,70.6,25.7,88.0,132,86,61,102,7.9,220,132,48,100,1.13,74.8,5.5,FORMER_SMOKER,11.7,True,False,True,False,False,NORMAL,FIT
mcu-uuid-W-00531-2026,worker-uuid-00531,W-00531,2026,2026-09-16,165.9,70.1,25.5,87.5,109,69,63,86,7.4,212,129,58,122,1.03,76.2,5.9,FORMER_SMOKER,11.7,True,False,True,False,False,BORDERLINE,FIT
mcu-uuid-W-00532-2024,worker-uuid-00532,W-00532,2024,2024-05-08,170.9,72.7,24.9,84.4,111,69,76,65,6.8,179,93,49,99,1.15,82.2,6.8,NON_SMOKER,0.0,True,False,False,False,False,NORMAL,FIT
mcu-uuid-W-00532-2025,worker-uuid-00532,W-00532,2025,2025-03-24,170.9,72.9,25.0,82.2,127,79,73,98,7.9,254,179,53,106,0.72,92.0,5.0,NON_SMOKER,0.0,True,False,False,False,True,NORMAL,FIT
mcu-uuid-W-00532-2026,worker-uuid-00532,W-00532,2026,2026-10-08,170.9,73.8,25.3,84.7,129,88,64,81,7.0,191,103,53,118,1.31,76.2,5.6,NON_SMOKER,0.0,True,False,False,False,False,NORMAL,FIT
mcu-uuid-W-00533-2024,worker-uuid-00533,W-00533,2024,2024-07-16,153.7,64.6,27.3,92.6,133,77,56,92,7.3,165,89,55,172,0.93,88.8,5.8,NON_SMOKER,0.0,True,False,False,False,False,NORMAL,FIT
mcu-uuid-W-00533-2025,worker-uuid-00533,W-00533,2025,2025-09-05,153.7,66.0,27.9,93.1,110,61,67,113,8.0,215,135,60,174,0.98,86.5,6.7,NON_SMOKER,0.0,True,False,False,False,False,NORMAL,FIT
mcu-uuid-W-00533-2026,worker-uuid-00533,W-00533,2026,2026-07-10,153.7,67.1,28.4,93.8,132,85,69,119,8.2,211,126,43,224,0.62,94.5,6.8,NON_SMOKER,0.0,True,False,False,False,False,NORMAL,FIT
mcu-uuid-W-00534-2024,worker-uuid-00534,W-00534,2024,2024-09-04,178.1,67.5,21.3,71.7,105,68,71,115,8.4,187,94,55,105,1.04,87.0,7.2,NON_SMOKER,0.0,True,False,False,False,False,NORMAL,FIT
mcu-uuid-W-00534-2025,worker-uuid-00534,W-00534,2025,2025-03-14,178.1,68.0,21.4,70.6,124,76,62,105,7.9,224,155,41,104,1.27,80.2,6.0,NON_SMOKER,0.0,True,False,False,False,False,NORMAL,FIT
mcu-uuid-W-00534-2026,worker-uuid-00534,W-00534,2026,2026-03-19,178.1,69.7,22.0,73.7,126,80,82,112,8.2,190,100,46,110,0.82,90.5,5.8,NON_SMOKER,0.0,True,False,False,False,False,NORMAL,FIT
mcu-uuid-W-00535-2024,worker-uuid-00535,W-00535,2024,2024-05-02,168.1,64.3,22.8,78.9,132,86,70,96,7.8,173,84,46,160,1.02,71.5,6.6,FORMER_SMOKER,3.9,True,False,True,False,False,NORMAL,FIT
mcu-uuid-W-00535-2025,worker-uuid-00535,W-00535,2025,2025-05-28,168.1,65.5,23.2,77.1,129,82,71,105,7.7,186,89,54,187,0.86,74.5,7.1,FORMER_SMOKER,3.9,True,False,True,False,False,NORMAL,FIT
mcu-uuid-W-00535-2026,worker-uuid-00535,W-00535,2026,2026-06-20,168.1,63.7,22.5,76.7,139,92,75,83,7.2,193,113,50,71,1.09,67.8,6.0,FORMER_SMOKER,3.9,True,True,True,True,False,BORDERLINE,FIT_WITH_RESTRICTION
mcu-uuid-W-00536-2024,worker-uuid-00536,W-00536,2024,2024-07-08,170.2,71.6,24.7,81.5,114,72,76,114,8.2,168,81,48,161,0.96,77.0,6.1,FORMER_SMOKER,10.9,True,False,False,False,False,NORMAL,FIT
mcu-uuid-W-00536-2025,worker-uuid-00536,W-00536,2025,2025-06-03,170.2,72.8,25.1,86.0,132,81,70,101,7.6,201,126,42,122,1.14,71.5,5.4,FORMER_SMOKER,10.9,True,False,False,False,False,BORDERLINE,FIT
mcu-uuid-W-00536-2026,worker-uuid-00536,W-00536,2026,2026-05-27,170.2,70.9,24.5,81.0,137,85,67,84,7.4,198,117,58,147,1.0,74.0,5.5,FORMER_SMOKER,10.9,True,False,False,False,False,NORMAL,FIT
mcu-uuid-W-00537-2024,worker-uuid-00537,W-00537,2024,2024-10-18,163.6,71.6,26.8,89.7,130,78,64,108,7.7,218,124,50,211,0.75,76.2,6.0,ACTIVE_SMOKER,20.2,True,False,False,False,False,NORMAL,FIT
mcu-uuid-W-00537-2025,worker-uuid-00537,W-00537,2025,2025-07-09,163.6,71.7,26.8,90.3,143,92,76,128,8.5,197,109,48,132,1.05,67.8,6.6,ACTIVE_SMOKER,20.2,True,True,False,False,False,NORMAL,FIT_WITH_RESTRICTION
mcu-uuid-W-00537-2026,worker-uuid-00537,W-00537,2026,2026-11-10,163.6,74.2,27.7,93.0,153,96,92,98,7.7,250,159,59,138,1.02,67.5,5.5,ACTIVE_SMOKER,20.2,True,True,False,False,True,NORMAL,FIT_WITH_RESTRICTION
mcu-uuid-W-00538-2024,worker-uuid-00538,W-00538,2024,2024-11-11,149.9,55.2,24.6,83.2,138,81,71,123,8.5,217,121,57,93,0.85,84.8,7.0,ACTIVE_SMOKER,13.6,True,False,False,False,False,BORDERLINE,FIT
mcu-uuid-W-00538-2025,worker-uuid-00538,W-00538,2025,2025-07-21,149.9,56.2,25.0,82.2,133,80,92,90,7.6,216,152,40,147,0.72,87.0,4.8,ACTIVE_SMOKER,13.6,True,False,False,False,False,NORMAL,FIT
mcu-uuid-W-00538-2026,worker-uuid-00538,W-00538,2026,2026-07-24,149.9,55.1,24.5,82.9,140,79,75,113,8.2,245,181,42,164,1.07,77.2,4.8,ACTIVE_SMOKER,13.6,True,True,False,False,False,BORDERLINE,FIT_WITH_RESTRICTION
mcu-uuid-W-00539-2024,worker-uuid-00539,W-00539,2024,2024-10-12,170.9,77.4,26.5,88.9,122,79,71,104,7.7,215,118,58,111,0.94,87.5,6.6,FORMER_SMOKER,4.9,True,False,False,False,False,NORMAL,FIT
mcu-uuid-W-00539-2025,worker-uuid-00539,W-00539,2025,2025-07-05,170.9,78.4,26.8,90.2,157,98,72,84,7.5,217,135,55,145,1.22,79.5,5.8,FORMER_SMOKER,4.9,True,True,False,True,False,NORMAL,FIT_WITH_RESTRICTION
mcu-uuid-W-00539-2026,worker-uuid-00539,W-00539,2026,2026-09-15,170.9,79.9,27.4,93.0,114,76,66,97,7.5,215,128,43,193,1.02,83.5,7.8,FORMER_SMOKER,4.9,True,False,False,False,False,NORMAL,FIT
mcu-uuid-W-00540-2024,worker-uuid-00540,W-00540,2024,2024-05-05,165.7,66.2,24.1,83.0,104,65,62,96,7.8,200,111,56,60,0.96,72.0,6.5,NON_SMOKER,0.0,True,False,True,False,False,BORDERLINE,FIT
mcu-uuid-W-00540-2025,worker-uuid-00540,W-00540,2025,2025-08-14,165.7,66.8,24.3,80.2,115,66,64,107,8.0,210,142,42,183,0.62,79.5,5.0,NON_SMOKER,0.0,True,False,True,False,False,BORDERLINE,FIT
mcu-uuid-W-00540-2026,worker-uuid-00540,W-00540,2026,2026-03-28,165.7,66.7,24.3,81.1,125,79,81,65,6.7,245,163,58,99,0.74,75.5,5.0,NON_SMOKER,0.0,True,False,True,False,False,NORMAL,FIT
mcu-uuid-W-00541-2024,worker-uuid-00541,W-00541,2024,2024-06-04,158.3,53.2,21.2,73.1,126,80,62,86,7.1,127,62,41,91,0.9,83.5,3.6,ACTIVE_SMOKER,29.6,True,False,False,False,False,NORMAL,FIT
mcu-uuid-W-00541-2025,worker-uuid-00541,W-00541,2025,2025-04-02,158.3,52.9,21.1,71.0,137,83,84,87,7.4,208,133,34,146,0.9,82.5,6.1,ACTIVE_SMOKER,29.6,True,False,False,False,False,NORMAL,FIT
mcu-uuid-W-00541-2026,worker-uuid-00541,W-00541,2026,2026-06-06,158.3,54.0,21.5,71.8,115,75,61,99,7.8,237,152,52,111,0.93,80.8,3.1,ACTIVE_SMOKER,29.6,True,False,False,False,False,NORMAL,FIT
mcu-uuid-W-00542-2024,worker-uuid-00542,W-00542,2024,2024-04-27,165.4,65.0,23.8,80.2,132,79,76,102,7.7,159,77,52,135,1.09,74.8,5.4,ACTIVE_SMOKER,8.0,True,False,False,False,False,NORMAL,FIT
mcu-uuid-W-00542-2025,worker-uuid-00542,W-00542,2025,2025-06-01,165.4,65.2,23.8,81.4,153,96,82,100,7.9,214,145,40,138,0.97,76.8,7.0,ACTIVE_SMOKER,8.0,True,True,False,False,False,NORMAL,FIT_WITH_RESTRICTION
mcu-uuid-W-00542-2026,worker-uuid-00542,W-00542,2026,2026-07-24,165.4,66.1,24.2,79.9,141,97,70,114,8.3,190,104,48,129,0.87,78.2,6.3,ACTIVE_SMOKER,8.0,True,True,False,False,False,NORMAL,FIT_WITH_RESTRICTION
mcu-uuid-W-00543-2024,worker-uuid-00543,W-00543,2024,2024-11-06,175.2,68.6,22.3,74.5,114,63,71,113,8.0,221,146,47,55,1.2,76.0,4.4,NON_SMOKER,0.0,True,False,False,False,False,NORMAL,FIT
mcu-uuid-W-00543-2025,worker-uuid-00543,W-00543,2025,2025-08-26,175.2,69.7,22.7,76.5,118,75,66,89,7.6,199,128,42,58,0.97,80.8,5.8,NON_SMOKER,0.0,True,False,False,False,False,NORMAL,FIT
mcu-uuid-W-00543-2026,worker-uuid-00543,W-00543,2026,2026-07-09,175.2,70.4,22.9,75.5,108,64,69,95,7.7,215,134,49,55,0.81,83.8,5.7,NON_SMOKER,0.0,True,False,False,False,False,NORMAL,FIT
mcu-uuid-W-00544-2024,worker-uuid-00544,W-00544,2024,2024-08-21,168.4,44.6,15.7,53.2,110,67,80,82,7.4,212,152,40,55,0.95,82.2,5.1,ACTIVE_SMOKER,20.9,True,False,True,False,False,NORMAL,FIT
mcu-uuid-W-00544-2025,worker-uuid-00544,W-00544,2025,2025-10-14,168.4,44.1,15.6,54.8,124,75,74,89,7.5,196,113,44,114,0.78,85.5,6.5,ACTIVE_SMOKER,20.9,True,False,True,False,False,NORMAL,FIT
mcu-uuid-W-00544-2026,worker-uuid-00544,W-00544,2026,2026-05-05,168.4,47.2,16.6,56.5,100,64,66,65,6.7,165,90,48,81,0.91,81.2,3.5,ACTIVE_SMOKER,20.9,True,False,True,False,False,NORMAL,FIT
mcu-uuid-W-00545-2024,worker-uuid-00545,W-00545,2024,2024-04-26,164.5,66.7,24.6,81.4,119,69,61,148,8.9,217,131,52,228,0.98,89.5,6.1,NON_SMOKER,0.0,True,False,False,False,False,NORMAL,FIT
mcu-uuid-W-00545-2025,worker-uuid-00545,W-00545,2025,2025-11-19,164.5,67.9,25.1,84.1,119,73,69,88,7.3,236,153,45,183,1.15,84.2,5.8,NON_SMOKER,0.0,True,False,False,False,False,NORMAL,FIT
mcu-uuid-W-00545-2026,worker-uuid-00545,W-00545,2026,2026-09-03,164.5,66.2,24.5,82.1,114,72,72,72,6.7,214,136,47,169,0.74,93.5,5.2,NON_SMOKER,0.0,True,False,False,False,False,NORMAL,FIT
mcu-uuid-W-00546-2024,worker-uuid-00546,W-00546,2024,2024-06-13,170.2,69.3,23.9,81.4,109,71,68,89,7.5,162,79,53,68,0.8,79.0,7.8,NON_SMOKER,0.0,True,False,False,False,False,BORDERLINE,FIT
mcu-uuid-W-00546-2025,worker-uuid-00546,W-00546,2025,2025-10-21,170.2,70.2,24.2,82.7,116,75,72,81,7.0,216,130,61,118,0.56,84.0,6.8,NON_SMOKER,0.0,True,False,False,False,False,NORMAL,FIT
mcu-uuid-W-00546-2026,worker-uuid-00546,W-00546,2026,2026-10-23,170.2,70.3,24.3,81.8,125,75,84,109,7.7,219,126,53,139,0.86,75.5,6.0,NON_SMOKER,0.0,True,False,False,False,False,NORMAL,FIT
mcu-uuid-W-00547-2024,worker-uuid-00547,W-00547,2024,2024-10-12,168.9,77.7,27.2,91.6,115,66,75,97,7.8,193,131,42,172,0.98,86.5,6.5,ACTIVE_SMOKER,18.0,True,False,False,False,False,NORMAL,FIT
mcu-uuid-W-00547-2025,worker-uuid-00547,W-00547,2025,2025-06-22,168.9,77.4,27.1,91.2,137,80,80,104,8.0,213,144,42,155,1.06,83.5,6.6,ACTIVE_SMOKER,18.0,True,False,False,False,False,NORMAL,FIT
mcu-uuid-W-00547-2026,worker-uuid-00547,W-00547,2026,2026-03-24,168.9,76.9,27.0,91.7,144,86,82,85,7.3,143,69,44,196,0.93,85.8,8.5,ACTIVE_SMOKER,18.0,True,True,False,False,False,BORDERLINE,FIT_WITH_RESTRICTION
mcu-uuid-W-00548-2024,worker-uuid-00548,W-00548,2024,2024-03-13,170.6,69.1,23.7,79.2,128,87,79,92,7.3,230,155,52,111,1.03,90.2,7.1,ACTIVE_SMOKER,25.9,True,False,False,False,False,NORMAL,FIT
mcu-uuid-W-00548-2025,worker-uuid-00548,W-00548,2025,2025-06-17,170.6,69.5,23.9,79.9,139,87,65,81,7.1,232,169,38,149,0.92,92.0,7.4,ACTIVE_SMOKER,25.9,True,False,False,False,False,NORMAL,FIT
mcu-uuid-W-00548-2026,worker-uuid-00548,W-00548,2026,2026-11-03,170.6,69.4,23.8,80.9,150,94,61,83,7.0,199,140,30,61,0.88,92.0,5.1,ACTIVE_SMOKER,25.9,True,True,False,False,False,NORMAL,FIT_WITH_RESTRICTION
mcu-uuid-W-00549-2024,worker-uuid-00549,W-00549,2024,2024-07-09,169.6,78.4,27.3,89.4,146,88,85,113,8.1,233,143,45,116,1.38,66.5,6.8,ACTIVE_SMOKER,24.5,True,True,False,False,False,NORMAL,FIT_WITH_RESTRICTION
mcu-uuid-W-00549-2025,worker-uuid-00549,W-00549,2025,2025-03-17,169.6,79.3,27.6,93.9,143,85,75,117,8.0,229,158,30,163,0.8,80.0,5.1,ACTIVE_SMOKER,24.5,True,True,False,False,False,NORMAL,FIT_WITH_RESTRICTION
mcu-uuid-W-00549-2026,worker-uuid-00549,W-00549,2026,2026-08-27,169.6,77.8,27.0,88.4,151,96,75,101,7.8,238,144,51,140,0.97,74.8,5.5,ACTIVE_SMOKER,24.5,True,True,False,False,False,NORMAL,FIT_WITH_RESTRICTION
mcu-uuid-W-00550-2024,worker-uuid-00550,W-00550,2024,2024-05-16,168.0,77.4,27.4,89.8,136,85,78,95,7.7,239,166,41,151,0.85,81.8,4.6,NON_SMOKER,0.0,True,False,False,False,False,NORMAL,FIT
mcu-uuid-W-00550-2025,worker-uuid-00550,W-00550,2025,2025-07-10,168.0,78.8,27.9,91.8,118,78,70,95,7.7,211,149,38,159,1.24,71.0,7.4,NON_SMOKER,0.0,True,False,False,False,False,NORMAL,FIT
mcu-uuid-W-00550-2026,worker-uuid-00550,W-00550,2026,2026-10-05,168.0,77.5,27.5,93.1,138,86,70,110,7.9,210,119,49,163,0.85,79.8,6.8,NON_SMOKER,0.0,True,False,False,False,False,NORMAL,FIT
mcu-uuid-W-00551-2024,worker-uuid-00551,W-00551,2024,2024-10-19,173.0,64.0,21.4,73.9,148,89,88,97,7.6,254,180,51,136,0.94,86.5,6.5,ACTIVE_SMOKER,26.1,True,True,False,False,True,NORMAL,FIT_WITH_RESTRICTION
mcu-uuid-W-00551-2025,worker-uuid-00551,W-00551,2025,2025-08-19,173.0,64.4,21.5,71.0,121,80,69,90,7.3,257,184,49,120,1.02,83.5,6.7,ACTIVE_SMOKER,26.1,True,False,False,False,False,NORMAL,FIT
mcu-uuid-W-00551-2026,worker-uuid-00551,W-00551,2026,2026-04-27,173.0,64.7,21.6,74.5,131,77,77,111,8.1,211,126,50,128,0.71,90.2,6.3,ACTIVE_SMOKER,26.1,True,False,False,False,False,NORMAL,FIT
mcu-uuid-W-00552-2024,worker-uuid-00552,W-00552,2024,2024-04-11,180.8,70.6,21.6,74.8,129,81,71,97,7.8,215,137,52,181,0.69,97.8,6.9,NON_SMOKER,0.0,True,False,False,False,False,NORMAL,FIT
mcu-uuid-W-00552-2025,worker-uuid-00552,W-00552,2025,2025-07-05,180.8,71.7,21.9,73.4,98,63,75,98,7.9,210,124,44,102,0.75,95.2,3.8,NON_SMOKER,0.0,True,False,False,False,False,NORMAL,FIT
mcu-uuid-W-00552-2026,worker-uuid-00552,W-00552,2026,2026-07-11,180.8,70.0,21.4,74.4,116,73,82,65,6.7,159,70,46,89,1.28,81.0,6.9,NON_SMOKER,0.0,True,False,False,False,False,NORMAL,FIT
mcu-uuid-W-00553-2024,worker-uuid-00553,W-00553,2024,2024-05-10,162.7,82.5,31.2,103.3,148,92,82,104,7.9,209,129,54,197,0.54,80.5,4.4,ACTIVE_SMOKER,14.7,True,True,False,False,False,NORMAL,FIT_WITH_RESTRICTION
mcu-uuid-W-00553-2025,worker-uuid-00553,W-00553,2025,2025-05-10,162.7,83.4,31.5,105.3,147,99,60,113,8.1,218,145,41,230,0.81,72.8,5.1,ACTIVE_SMOKER,14.7,True,True,False,False,False,BORDERLINE,FIT_WITH_RESTRICTION
mcu-uuid-W-00553-2026,worker-uuid-00553,W-00553,2026,2026-06-13,162.7,82.9,31.3,105.1,173,110,87,109,8.0,267,199,41,182,1.23,61.2,7.0,ACTIVE_SMOKER,14.7,True,True,False,False,True,ABNORMAL,UNFIT
mcu-uuid-W-00554-2024,worker-uuid-00554,W-00554,2024,2024-09-18,161.4,70.0,26.9,89.5,126,78,81,85,7.3,208,122,47,208,0.85,90.8,4.0,ACTIVE_SMOKER,19.6,True,False,False,False,False,NORMAL,FIT
mcu-uuid-W-00554-2025,worker-uuid-00554,W-00554,2025,2025-08-08,161.4,71.3,27.4,90.5,129,81,73,94,7.8,171,73,58,59,1.18,81.5,4.9,ACTIVE_SMOKER,19.6,True,False,False,False,False,BORDERLINE,FIT
mcu-uuid-W-00554-2026,worker-uuid-00554,W-00554,2026,2026-07-12,161.4,69.5,26.7,89.5,135,76,83,112,8.0,175,104,41,161,0.75,91.2,5.5,ACTIVE_SMOKER,19.6,True,False,False,False,False,NORMAL,FIT
mcu-uuid-W-00555-2024,worker-uuid-00555,W-00555,2024,2024-08-12,164.1,70.0,26.0,87.4,147,90,67,67,6.6,205,121,42,55,1.15,73.2,4.1,ACTIVE_SMOKER,15.6,True,True,True,False,False,NORMAL,FIT_WITH_RESTRICTION
mcu-uuid-W-00555-2025,worker-uuid-00555,W-00555,2025,2025-09-03,164.1,69.9,26.0,85.6,142,84,79,70,6.8,283,209,44,138,1.11,73.2,5.4,ACTIVE_SMOKER,15.6,True,True,True,False,False,NORMAL,FIT_WITH_RESTRICTION
mcu-uuid-W-00555-2026,worker-uuid-00555,W-00555,2026,2026-08-15,164.1,70.9,26.3,87.7,133,86,80,89,7.5,222,164,34,87,0.95,76.2,5.2,ACTIVE_SMOKER,15.6,True,False,True,False,True,NORMAL,FIT
mcu-uuid-W-00556-2024,worker-uuid-00556,W-00556,2024,2024-11-21,172.9,68.3,22.8,78.4,127,78,74,113,7.9,199,111,53,97,1.19,75.2,7.1,FORMER_SMOKER,10.6,True,False,False,False,False,BORDERLINE,FIT
mcu-uuid-W-00556-2025,worker-uuid-00556,W-00556,2025,2025-04-15,172.9,69.3,23.2,76.5,113,72,71,83,7.4,186,96,52,129,1.39,69.2,7.7,FORMER_SMOKER,10.6,True,False,False,False,False,NORMAL,FIT
mcu-uuid-W-00556-2026,worker-uuid-00556,W-00556,2026,2026-09-19,172.9,69.8,23.3,80.2,123,75,50,109,7.9,183,118,45,119,0.92,80.0,7.5,FORMER_SMOKER,10.6,True,False,False,False,False,NORMAL,FIT
mcu-uuid-W-00557-2024,worker-uuid-00557,W-00557,2024,2024-05-09,161.3,69.6,26.8,88.1,128,79,79,106,7.7,257,155,64,134,1.06,69.5,7.5,NON_SMOKER,0.0,True,False,False,False,False,NORMAL,FIT
mcu-uuid-W-00557-2025,worker-uuid-00557,W-00557,2025,2025-11-17,161.3,70.9,27.3,91.1,128,78,67,119,8.4,186,105,48,116,1.07,68.2,5.4,NON_SMOKER,0.0,True,False,False,False,False,NORMAL,FIT
mcu-uuid-W-00557-2026,worker-uuid-00557,W-00557,2026,2026-08-19,161.3,69.1,26.6,87.7,115,70,55,106,8.0,200,122,52,184,0.89,71.8,8.2,NON_SMOKER,0.0,True,False,False,False,False,BORDERLINE,FIT
mcu-uuid-W-00558-2024,worker-uuid-00558,W-00558,2024,2024-08-23,169.7,70.0,24.3,83.2,156,90,69,93,7.6,220,146,41,101,1.42,59.5,6.9,ACTIVE_SMOKER,16.8,True,True,True,False,False,NORMAL,FIT_WITH_RESTRICTION
mcu-uuid-W-00558-2025,worker-uuid-00558,W-00558,2025,2025-10-14,169.7,70.7,24.6,84.6,139,91,68,102,7.7,208,129,35,130,1.12,66.0,5.7,ACTIVE_SMOKER,16.8,True,True,True,True,False,BORDERLINE,FIT_WITH_RESTRICTION
mcu-uuid-W-00558-2026,worker-uuid-00558,W-00558,2026,2026-08-12,169.7,71.1,24.7,82.4,142,97,88,87,7.5,193,127,38,176,1.11,65.2,6.1,ACTIVE_SMOKER,16.8,True,True,True,False,False,BORDERLINE,FIT_WITH_RESTRICTION
mcu-uuid-W-00559-2024,worker-uuid-00559,W-00559,2024,2024-10-07,174.7,87.8,28.8,94.6,134,87,62,105,7.6,211,128,38,163,0.89,82.8,5.4,FORMER_SMOKER,3.8,True,False,False,False,False,BORDERLINE,FIT
mcu-uuid-W-00559-2025,worker-uuid-00559,W-00559,2025,2025-11-02,174.7,87.4,28.6,97.2,128,87,81,91,7.5,246,163,55,160,1.01,78.8,5.9,FORMER_SMOKER,3.8,True,False,False,False,True,NORMAL,FIT
mcu-uuid-W-00559-2026,worker-uuid-00559,W-00559,2026,2026-03-28,174.7,88.6,29.0,96.7,132,82,69,114,8.2,194,111,58,106,0.91,80.2,6.0,FORMER_SMOKER,3.8,True,False,False,False,False,NORMAL,FIT
mcu-uuid-W-00560-2024,worker-uuid-00560,W-00560,2024,2024-06-15,165.1,66.0,24.2,81.1,129,84,77,76,6.9,213,129,62,133,0.87,84.2,5.7,ACTIVE_SMOKER,9.7,True,False,False,False,False,NORMAL,FIT
mcu-uuid-W-00560-2025,worker-uuid-00560,W-00560,2025,2025-04-09,165.1,66.5,24.4,82.0,130,78,79,79,7.2,206,123,47,143,1.22,74.5,4.9,ACTIVE_SMOKER,9.7,True,False,False,False,False,NORMAL,FIT
mcu-uuid-W-00560-2026,worker-uuid-00560,W-00560,2026,2026-04-21,165.1,65.7,24.1,83.0,132,85,79,125,8.4,201,119,56,176,0.85,82.8,6.5,ACTIVE_SMOKER,9.7,True,False,False,False,False,NORMAL,FIT
mcu-uuid-W-00561-2024,worker-uuid-00561,W-00561,2024,2024-06-13,172.9,76.6,25.6,86.1,112,73,85,86,7.6,206,111,55,154,1.16,76.0,4.9,FORMER_SMOKER,10.1,True,False,False,False,False,NORMAL,FIT
mcu-uuid-W-00561-2025,worker-uuid-00561,W-00561,2025,2025-06-18,172.9,78.0,26.1,86.7,142,91,67,111,7.9,194,122,42,147,1.16,75.0,5.1,FORMER_SMOKER,10.1,True,True,False,True,False,NORMAL,FIT_WITH_RESTRICTION
mcu-uuid-W-00561-2026,worker-uuid-00561,W-00561,2026,2026-06-04,172.9,77.1,25.8,85.3,120,72,74,128,8.7,214,130,45,64,1.14,74.5,8.0,FORMER_SMOKER,10.1,True,False,False,False,False,NORMAL,FIT
mcu-uuid-W-00562-2024,worker-uuid-00562,W-00562,2024,2024-10-03,158.5,70.6,28.1,93.6,109,62,57,68,6.6,172,81,50,66,0.98,87.5,4.8,FORMER_SMOKER,13.1,True,False,True,False,False,NORMAL,FIT
mcu-uuid-W-00562-2025,worker-uuid-00562,W-00562,2025,2025-05-22,158.5,71.5,28.5,94.7,114,67,59,92,7.6,209,133,49,128,1.06,84.5,5.9,FORMER_SMOKER,13.1,True,False,True,False,False,NORMAL,FIT
mcu-uuid-W-00562-2026,worker-uuid-00562,W-00562,2026,2026-09-06,158.5,72.6,28.9,97.4,146,90,71,108,7.8,205,135,44,120,1.09,82.8,7.7,FORMER_SMOKER,13.1,True,True,True,True,False,BORDERLINE,FIT_WITH_RESTRICTION
mcu-uuid-W-00563-2024,worker-uuid-00563,W-00563,2024,2024-11-22,165.0,61.8,22.7,77.9,113,70,75,106,7.9,181,123,36,128,0.5,92.5,4.9,NON_SMOKER,0.0,True,False,True,False,False,NORMAL,FIT
mcu-uuid-W-00563-2025,worker-uuid-00563,W-00563,2025,2025-03-25,165.0,62.3,22.9,75.8,107,72,66,117,8.2,214,120,62,96,0.8,84.0,6.6,NON_SMOKER,0.0,True,False,True,False,False,NORMAL,FIT
mcu-uuid-W-00563-2026,worker-uuid-00563,W-00563,2026,2026-06-23,165.0,64.0,23.5,79.4,123,78,71,120,8.3,176,100,44,112,0.57,88.8,8.0,NON_SMOKER,0.0,True,False,True,False,False,NORMAL,FIT
mcu-uuid-W-00564-2024,worker-uuid-00564,W-00564,2024,2024-07-17,169.6,72.1,25.1,82.4,144,91,90,110,8.1,175,105,40,155,1.15,65.2,5.6,ACTIVE_SMOKER,8.7,True,True,True,True,False,NORMAL,FIT_WITH_RESTRICTION
mcu-uuid-W-00564-2025,worker-uuid-00564,W-00564,2025,2025-11-25,169.6,73.1,25.4,84.8,147,91,74,119,8.2,224,148,44,201,1.04,67.0,7.5,ACTIVE_SMOKER,8.7,True,True,True,False,False,BORDERLINE,FIT_WITH_RESTRICTION
mcu-uuid-W-00564-2026,worker-uuid-00564,W-00564,2026,2026-05-22,169.6,73.5,25.6,84.1,138,89,79,84,7.2,217,153,37,169,1.07,65.2,6.7,ACTIVE_SMOKER,8.7,True,False,True,False,False,NORMAL,FIT
mcu-uuid-W-00565-2024,worker-uuid-00565,W-00565,2024,2024-10-24,165.6,62.6,22.8,76.7,143,94,72,95,7.4,233,150,50,125,0.65,80.8,6.5,ACTIVE_SMOKER,20.4,True,True,True,False,False,NORMAL,FIT_WITH_RESTRICTION
mcu-uuid-W-00565-2025,worker-uuid-00565,W-00565,2025,2025-08-15,165.6,62.9,22.9,77.9,127,84,74,96,7.7,224,138,50,104,0.85,74.8,4.6,ACTIVE_SMOKER,20.4,True,False,True,False,False,NORMAL,FIT
mcu-uuid-W-00565-2026,worker-uuid-00565,W-00565,2026,2026-07-06,165.6,62.3,22.7,75.8,132,83,77,75,7.2,177,94,38,136,1.31,62.2,4.4,ACTIVE_SMOKER,20.4,True,False,True,False,False,BORDERLINE,FIT
mcu-uuid-W-00566-2024,worker-uuid-00566,W-00566,2024,2024-03-28,168.5,61.4,21.6,74.6,130,88,87,108,7.7,202,113,51,117,0.7,76.5,7.8,ACTIVE_SMOKER,10.5,True,False,False,False,False,NORMAL,FIT
mcu-uuid-W-00566-2025,worker-uuid-00566,W-00566,2025,2025-06-28,168.5,62.0,21.8,74.2,119,74,63,103,8.0,211,119,56,135,1.02,67.5,6.2,ACTIVE_SMOKER,10.5,True,False,False,False,False,NORMAL,FIT
mcu-uuid-W-00566-2026,worker-uuid-00566,W-00566,2026,2026-10-09,168.5,61.9,21.8,72.3,131,82,69,95,7.6,279,190,50,86,0.94,68.5,6.2,ACTIVE_SMOKER,10.5,True,False,False,False,True,NORMAL,FIT
mcu-uuid-W-00567-2024,worker-uuid-00567,W-00567,2024,2024-04-24,167.9,81.0,28.7,96.1,118,78,77,78,7.0,205,135,43,134,0.71,99.2,6.0,ACTIVE_SMOKER,11.8,True,False,True,False,False,BORDERLINE,FIT
mcu-uuid-W-00567-2025,worker-uuid-00567,W-00567,2025,2025-04-18,167.9,81.3,28.8,97.6,139,90,81,78,7.2,172,86,50,154,0.98,91.5,5.3,ACTIVE_SMOKER,11.8,True,True,True,True,False,NORMAL,FIT_WITH_RESTRICTION
mcu-uuid-W-00567-2026,worker-uuid-00567,W-00567,2026,2026-03-27,167.9,81.8,29.0,97.5,126,89,79,119,8.2,231,151,55,153,1.13,86.8,4.8,ACTIVE_SMOKER,11.8,True,False,True,False,False,BORDERLINE,FIT
mcu-uuid-W-00568-2024,worker-uuid-00568,W-00568,2024,2024-08-05,159.0,72.9,28.8,98.1,126,86,75,89,7.4,233,169,42,136,0.99,74.2,4.8,ACTIVE_SMOKER,17.3,True,False,True,False,False,NORMAL,FIT
mcu-uuid-W-00568-2025,worker-uuid-00568,W-00568,2025,2025-03-22,159.0,73.3,29.0,96.5,139,81,78,124,8.6,207,150,37,166,0.85,76.8,7.3,ACTIVE_SMOKER,17.3,True,False,True,False,False,BORDERLINE,FIT
mcu-uuid-W-00568-2026,worker-uuid-00568,W-00568,2026,2026-03-03,159.0,72.7,28.8,96.1,146,86,81,102,7.5,212,131,49,164,1.1,69.5,5.9,ACTIVE_SMOKER,17.3,True,True,True,False,False,NORMAL,FIT_WITH_RESTRICTION
mcu-uuid-W-00569-2024,worker-uuid-00569,W-00569,2024,2024-05-15,166.8,69.7,25.1,84.3,112,67,68,92,7.4,180,112,40,133,1.13,73.8,6.5,FORMER_SMOKER,2.2,True,False,False,False,False,NORMAL,FIT
mcu-uuid-W-00569-2025,worker-uuid-00569,W-00569,2025,2025-09-14,166.8,69.8,25.1,82.4,128,81,76,76,7.0,220,147,44,174,1.15,72.2,6.0,FORMER_SMOKER,2.2,True,False,False,False,False,NORMAL,FIT
mcu-uuid-W-00569-2026,worker-uuid-00569,W-00569,2026,2026-06-01,166.8,69.9,25.1,82.7,140,86,77,110,7.8,207,138,46,123,1.11,72.2,5.7,FORMER_SMOKER,2.2,True,True,False,False,False,NORMAL,FIT_WITH_RESTRICTION
mcu-uuid-W-00570-2024,worker-uuid-00570,W-00570,2024,2024-08-11,165.5,76.2,27.8,92.4,121,76,87,99,7.8,195,132,39,74,1.13,77.8,5.9,NON_SMOKER,0.0,True,False,False,False,False,NORMAL,FIT
mcu-uuid-W-00570-2025,worker-uuid-00570,W-00570,2025,2025-09-01,165.5,75.8,27.7,92.0,129,84,74,109,7.9,232,153,44,123,1.21,74.8,7.4,NON_SMOKER,0.0,True,False,False,False,False,NORMAL,FIT
mcu-uuid-W-00570-2026,worker-uuid-00570,W-00570,2026,2026-03-27,165.5,77.9,28.4,95.7,121,74,82,118,8.1,186,116,49,163,0.79,84.2,5.6,NON_SMOKER,0.0,True,False,False,False,False,BORDERLINE,FIT
mcu-uuid-W-00571-2024,worker-uuid-00571,W-00571,2024,2024-04-03,174.0,78.9,26.1,87.9,122,72,58,100,7.8,220,135,55,137,0.78,90.5,8.0,FORMER_SMOKER,4.1,True,False,False,False,False,NORMAL,FIT
mcu-uuid-W-00571-2025,worker-uuid-00571,W-00571,2025,2025-08-25,174.0,79.3,26.2,86.9,127,79,81,67,6.9,180,115,45,198,1.25,77.8,4.5,FORMER_SMOKER,4.1,True,False,False,False,False,NORMAL,FIT
mcu-uuid-W-00571-2026,worker-uuid-00571,W-00571,2026,2026-11-25,174.0,79.2,26.2,89.6,126,90,66,108,8.1,220,134,43,128,1.03,82.2,4.9,FORMER_SMOKER,4.1,True,True,False,True,False,BORDERLINE,FIT_WITH_RESTRICTION
mcu-uuid-W-00572-2024,worker-uuid-00572,W-00572,2024,2024-10-11,169.7,78.6,27.3,91.1,137,82,72,84,7.2,172,106,42,231,0.99,67.2,5.6,FORMER_SMOKER,13.4,True,False,False,False,False,NORMAL,FIT
mcu-uuid-W-00572-2025,worker-uuid-00572,W-00572,2025,2025-06-10,169.7,78.5,27.3,90.5,130,84,78,118,8.3,211,121,67,213,1.19,61.2,5.3,FORMER_SMOKER,13.4,True,False,False,False,False,NORMAL,FIT
mcu-uuid-W-00572-2026,worker-uuid-00572,W-00572,2026,2026-09-26,169.7,81.2,28.2,94.8,149,95,68,94,7.7,184,126,35,166,0.86,68.5,7.0,FORMER_SMOKER,13.4,True,True,False,True,False,BORDERLINE,FIT_WITH_RESTRICTION
mcu-uuid-W-00573-2024,worker-uuid-00573,W-00573,2024,2024-09-07,172.7,77.2,25.9,88.4,127,65,68,109,8.2,222,133,56,145,0.97,62.8,4.9,NON_SMOKER,0.0,True,False,True,False,False,NORMAL,FIT
mcu-uuid-W-00573-2025,worker-uuid-00573,W-00573,2025,2025-10-25,172.7,77.1,25.9,88.4,122,76,71,103,7.6,249,168,45,115,0.74,67.5,5.1,NON_SMOKER,0.0,True,False,True,False,True,NORMAL,FIT
mcu-uuid-W-00573-2026,worker-uuid-00573,W-00573,2026,2026-04-09,172.7,79.6,26.7,87.8,137,85,72,111,8.2,216,133,57,55,0.76,66.0,4.8,NON_SMOKER,0.0,True,False,True,False,False,NORMAL,FIT
mcu-uuid-W-00574-2024,worker-uuid-00574,W-00574,2024,2024-06-09,169.0,80.4,28.2,96.2,119,74,65,111,8.3,244,170,53,152,0.76,86.0,5.2,NON_SMOKER,0.0,True,False,False,False,True,NORMAL,FIT
mcu-uuid-W-00574-2025,worker-uuid-00574,W-00574,2025,2025-08-16,169.0,81.0,28.4,93.9,133,84,71,90,7.4,237,159,48,124,1.14,75.5,3.8,NON_SMOKER,0.0,True,False,False,False,False,BORDERLINE,FIT
mcu-uuid-W-00574-2026,worker-uuid-00574,W-00574,2026,2026-10-17,169.0,80.8,28.3,95.6,137,84,66,90,7.5,228,142,55,135,0.96,79.0,4.8,NON_SMOKER,0.0,True,False,False,False,False,BORDERLINE,FIT
mcu-uuid-W-00575-2024,worker-uuid-00575,W-00575,2024,2024-03-04,164.5,81.2,30.0,101.7,145,94,83,110,7.9,183,122,31,200,1.13,69.8,6.1,ACTIVE_SMOKER,26.7,True,True,False,False,False,NORMAL,FIT_WITH_RESTRICTION
mcu-uuid-W-00575-2025,worker-uuid-00575,W-00575,2025,2025-10-02,164.5,81.5,30.1,99.8,155,99,76,91,7.5,236,146,45,138,0.9,74.5,5.2,ACTIVE_SMOKER,26.7,True,True,False,False,False,BORDERLINE,FIT_WITH_RESTRICTION
mcu-uuid-W-00575-2026,worker-uuid-00575,W-00575,2026,2026-09-23,164.5,81.5,30.1,99.3,146,88,83,94,7.3,216,134,42,91,0.98,71.5,3.7,ACTIVE_SMOKER,26.7,True,True,False,False,False,NORMAL,FIT_WITH_RESTRICTION
mcu-uuid-W-00576-2024,worker-uuid-00576,W-00576,2024,2024-09-05,166.9,72.1,25.9,87.2,143,84,69,107,8.0,185,98,47,152,1.29,56.8,5.5,NON_SMOKER,0.0,True,True,False,False,False,BORDERLINE,FIT_WITH_RESTRICTION
mcu-uuid-W-00576-2025,worker-uuid-00576,W-00576,2025,2025-06-03,166.9,72.1,25.9,86.7,131,83,58,114,8.1,196,93,69,131,1.14,59.5,6.5,NON_SMOKER,0.0,True,False,False,False,False,NORMAL,FIT
mcu-uuid-W-00576-2026,worker-uuid-00576,W-00576,2026,2026-06-15,166.9,74.2,26.6,89.9,132,81,75,108,8.2,222,137,44,139,0.81,66.8,7.4,NON_SMOKER,0.0,True,False,False,False,False,NORMAL,FIT
mcu-uuid-W-00577-2024,worker-uuid-00577,W-00577,2024,2024-03-13,163.2,72.3,27.1,92.4,135,94,65,88,7.4,173,104,48,198,1.2,80.0,7.2,NON_SMOKER,0.0,True,True,True,True,False,NORMAL,FIT_WITH_RESTRICTION
mcu-uuid-W-00577-2025,worker-uuid-00577,W-00577,2025,2025-03-24,163.2,73.2,27.5,92.5,145,99,76,99,7.7,221,130,51,192,0.82,88.5,7.3,NON_SMOKER,0.0,True,True,True,True,False,BORDERLINE,FIT_WITH_RESTRICTION
mcu-uuid-W-00577-2026,worker-uuid-00577,W-00577,2026,2026-11-01,163.2,72.7,27.3,92.0,128,79,59,97,7.4,234,154,52,177,1.29,75.8,5.6,NON_SMOKER,0.0,True,False,True,False,False,NORMAL,FIT
mcu-uuid-W-00578-2024,worker-uuid-00578,W-00578,2024,2024-08-18,168.5,72.2,25.4,85.8,132,89,65,107,8.1,184,133,28,83,0.97,83.8,6.2,ACTIVE_SMOKER,16.6,True,False,False,False,False,BORDERLINE,FIT
mcu-uuid-W-00578-2025,worker-uuid-00578,W-00578,2025,2025-10-05,168.5,72.5,25.5,84.5,137,89,78,115,8.2,213,133,39,189,1.01,81.8,4.9,ACTIVE_SMOKER,16.6,True,False,False,False,False,NORMAL,FIT
mcu-uuid-W-00578-2026,worker-uuid-00578,W-00578,2026,2026-03-18,168.5,73.0,25.7,84.9,132,83,80,97,7.7,233,159,52,130,1.35,72.2,6.9,ACTIVE_SMOKER,16.6,True,False,False,False,False,NORMAL,FIT
mcu-uuid-W-00579-2024,worker-uuid-00579,W-00579,2024,2024-06-28,152.2,57.0,24.6,84.6,126,73,68,94,7.6,239,151,48,127,1.0,78.0,5.8,ACTIVE_SMOKER,27.2,True,False,True,False,False,NORMAL,FIT
mcu-uuid-W-00579-2025,worker-uuid-00579,W-00579,2025,2025-11-04,152.2,57.8,25.0,85.2,142,96,76,115,8.4,246,152,51,171,0.76,83.0,4.8,ACTIVE_SMOKER,27.2,True,True,True,False,False,NORMAL,FIT_WITH_RESTRICTION
mcu-uuid-W-00579-2026,worker-uuid-00579,W-00579,2026,2026-05-18,152.2,58.4,25.2,82.9,133,89,71,112,8.3,261,187,39,108,0.67,84.2,5.5,ACTIVE_SMOKER,27.2,True,False,True,False,True,NORMAL,FIT
mcu-uuid-W-00580-2024,worker-uuid-00580,W-00580,2024,2024-09-24,171.0,66.8,22.8,76.3,131,84,79,90,7.2,166,93,49,94,0.96,67.0,7.1,FORMER_SMOKER,3.5,True,False,False,False,False,NORMAL,FIT
mcu-uuid-W-00580-2025,worker-uuid-00580,W-00580,2025,2025-07-09,171.0,67.2,23.0,79.4,135,81,68,114,8.1,226,150,47,143,1.15,61.2,6.9,FORMER_SMOKER,3.5,True,False,False,False,False,BORDERLINE,FIT
mcu-uuid-W-00580-2026,worker-uuid-00580,W-00580,2026,2026-04-10,171.0,69.4,23.7,79.8,125,80,71,116,8.1,257,173,42,141,1.18,59.5,6.7,FORMER_SMOKER,3.5,True,False,False,False,True,NORMAL,FIT
mcu-uuid-W-00581-2024,worker-uuid-00581,W-00581,2024,2024-10-07,151.2,67.1,29.4,96.3,141,88,66,109,8.1,179,103,36,176,1.03,83.2,6.9,ACTIVE_SMOKER,16.6,True,True,False,False,False,BORDERLINE,FIT_WITH_RESTRICTION
mcu-uuid-W-00581-2025,worker-uuid-00581,W-00581,2025,2025-03-02,151.2,67.9,29.7,98.7,151,88,80,118,8.1,199,110,45,161,1.36,74.0,6.5,ACTIVE_SMOKER,16.6,True,True,False,False,False,NORMAL,FIT_WITH_RESTRICTION
mcu-uuid-W-00581-2026,worker-uuid-00581,W-00581,2026,2026-07-02,151.2,67.8,29.7,100.1,153,97,74,129,8.7,212,126,42,152,1.12,79.0,4.7,ACTIVE_SMOKER,16.6,True,True,False,False,False,NORMAL,FIT_WITH_RESTRICTION
mcu-uuid-W-00582-2024,worker-uuid-00582,W-00582,2024,2024-03-24,162.6,72.5,27.4,89.7,135,83,81,106,7.9,154,86,34,111,0.9,82.5,6.2,NON_SMOKER,0.0,True,False,False,False,False,NORMAL,FIT
mcu-uuid-W-00582-2025,worker-uuid-00582,W-00582,2025,2025-05-27,162.6,73.9,28.0,91.9,136,83,60,105,7.7,238,151,43,155,0.68,87.0,5.8,NON_SMOKER,0.0,True,False,False,False,False,NORMAL,FIT
mcu-uuid-W-00582-2026,worker-uuid-00582,W-00582,2026,2026-11-22,162.6,74.6,28.2,92.8,118,78,71,98,7.7,225,143,55,193,1.14,74.5,6.0,NON_SMOKER,0.0,True,False,False,False,False,NORMAL,FIT
mcu-uuid-W-00583-2024,worker-uuid-00583,W-00583,2024,2024-07-06,165.2,86.3,31.6,105.1,138,85,63,112,8.3,236,168,41,155,1.16,90.0,5.1,FORMER_SMOKER,8.3,True,False,True,False,False,BORDERLINE,FIT_WITH_RESTRICTION
mcu-uuid-W-00583-2025,worker-uuid-00583,W-00583,2025,2025-04-24,165.2,86.1,31.5,103.5,132,84,57,106,7.6,213,133,47,179,1.05,91.8,6.7,FORMER_SMOKER,8.3,True,False,True,False,False,NORMAL,FIT_WITH_RESTRICTION
mcu-uuid-W-00583-2026,worker-uuid-00583,W-00583,2026,2026-11-01,165.2,87.5,32.1,106.4,137,84,79,117,8.4,216,147,43,169,0.97,92.8,5.3,FORMER_SMOKER,8.3,True,False,True,False,False,NORMAL,FIT_WITH_RESTRICTION
mcu-uuid-W-00584-2024,worker-uuid-00584,W-00584,2024,2024-08-22,171.8,73.6,24.9,83.5,128,81,72,103,7.8,216,127,52,114,0.77,88.8,5.4,ACTIVE_SMOKER,5.2,True,False,False,False,False,NORMAL,FIT
mcu-uuid-W-00584-2025,worker-uuid-00584,W-00584,2025,2025-09-15,171.8,74.7,25.3,84.0,141,91,84,105,8.0,248,166,51,144,0.94,83.5,7.5,ACTIVE_SMOKER,5.2,True,True,False,True,True,BORDERLINE,FIT_WITH_RESTRICTION
mcu-uuid-W-00584-2026,worker-uuid-00584,W-00584,2026,2026-11-17,171.8,75.7,25.6,87.1,152,93,72,94,7.8,192,137,34,128,1.0,81.0,5.9,ACTIVE_SMOKER,5.2,True,True,False,False,False,NORMAL,FIT_WITH_RESTRICTION
mcu-uuid-W-00585-2024,worker-uuid-00585,W-00585,2024,2024-09-17,169.5,76.7,26.7,88.5,149,94,87,128,8.4,227,152,40,170,0.83,77.2,5.9,ACTIVE_SMOKER,21.7,True,True,False,False,False,NORMAL,FIT_WITH_RESTRICTION
mcu-uuid-W-00585-2025,worker-uuid-00585,W-00585,2025,2025-03-06,169.5,76.9,26.8,90.8,135,83,85,78,6.9,213,129,43,174,1.09,69.8,5.5,ACTIVE_SMOKER,21.7,True,False,False,False,False,NORMAL,FIT
mcu-uuid-W-00585-2026,worker-uuid-00585,W-00585,2026,2026-04-07,169.5,78.6,27.4,91.6,145,84,75,111,7.9,180,101,36,204,1.18,66.5,6.9,ACTIVE_SMOKER,21.7,True,True,False,True,False,BORDERLINE,FIT_WITH_RESTRICTION
mcu-uuid-W-00586-2024,worker-uuid-00586,W-00586,2024,2024-04-12,163.6,77.4,28.9,98.3,132,84,66,95,7.8,184,112,44,135,1.28,66.0,5.1,NON_SMOKER,0.0,True,False,False,False,False,NORMAL,FIT
mcu-uuid-W-00586-2025,worker-uuid-00586,W-00586,2025,2025-10-12,163.6,78.0,29.1,98.7,133,76,76,103,7.6,221,146,45,152,1.05,70.8,7.1,NON_SMOKER,0.0,True,False,False,False,False,NORMAL,FIT
mcu-uuid-W-00586-2026,worker-uuid-00586,W-00586,2026,2026-03-17,163.6,79.5,29.7,97.5,152,93,63,122,8.2,179,99,50,120,1.08,69.0,8.4,NON_SMOKER,0.0,True,True,False,False,False,NORMAL,FIT_WITH_RESTRICTION
mcu-uuid-W-00587-2024,worker-uuid-00587,W-00587,2024,2024-05-07,171.8,86.3,29.2,97.9,147,97,81,124,8.2,205,149,33,133,0.91,72.2,7.0,ACTIVE_SMOKER,27.2,True,True,False,False,False,NORMAL,FIT_WITH_RESTRICTION
mcu-uuid-W-00587-2025,worker-uuid-00587,W-00587,2025,2025-09-13,171.8,87.0,29.5,97.8,143,87,78,122,8.4,231,154,50,156,1.2,64.0,6.0,ACTIVE_SMOKER,27.2,True,True,False,True,False,BORDERLINE,FIT_WITH_RESTRICTION
mcu-uuid-W-00587-2026,worker-uuid-00587,W-00587,2026,2026-04-26,171.8,86.8,29.4,98.8,160,106,65,108,7.8,198,151,26,161,0.88,71.0,4.4,ACTIVE_SMOKER,27.2,True,True,False,False,False,NORMAL,UNFIT
mcu-uuid-W-00588-2024,worker-uuid-00588,W-00588,2024,2024-06-21,166.2,74.0,26.8,90.2,142,90,71,116,8.4,229,158,45,138,0.86,71.5,6.4,ACTIVE_SMOKER,13.9,True,True,False,False,False,NORMAL,FIT_WITH_RESTRICTION
mcu-uuid-W-00588-2025,worker-uuid-00588,W-00588,2025,2025-04-04,166.2,75.1,27.2,92.4,139,89,87,113,8.2,243,176,41,106,1.0,67.0,6.4,ACTIVE_SMOKER,13.9,True,False,False,False,False,NORMAL,FIT
mcu-uuid-W-00588-2026,worker-uuid-00588,W-00588,2026,2026-04-07,166.2,74.5,27.0,90.3,128,71,82,114,8.3,229,142,53,158,0.89,68.8,6.3,ACTIVE_SMOKER,13.9,True,False,False,False,False,NORMAL,FIT
mcu-uuid-W-00589-2024,worker-uuid-00589,W-00589,2024,2024-10-05,173.2,79.3,26.4,88.3,113,73,86,116,8.2,233,150,52,105,0.73,94.8,6.6,ACTIVE_SMOKER,27.2,True,False,False,False,False,NORMAL,FIT
mcu-uuid-W-00589-2025,worker-uuid-00589,W-00589,2025,2025-04-25,173.2,80.4,26.8,88.0,118,77,72,105,8.1,185,101,40,55,1.06,85.5,3.6,ACTIVE_SMOKER,27.2,True,False,False,False,False,NORMAL,FIT
mcu-uuid-W-00589-2026,worker-uuid-00589,W-00589,2026,2026-03-19,173.2,79.6,26.5,88.8,138,80,81,103,7.7,197,119,45,162,0.99,86.2,6.0,ACTIVE_SMOKER,27.2,True,False,False,False,False,NORMAL,FIT
mcu-uuid-W-00590-2024,worker-uuid-00590,W-00590,2024,2024-05-15,160.9,63.2,24.4,82.5,135,89,68,99,7.7,193,108,47,139,0.63,90.2,6.8,NON_SMOKER,0.0,True,False,True,False,False,NORMAL,FIT
mcu-uuid-W-00590-2025,worker-uuid-00590,W-00590,2025,2025-07-25,160.9,63.1,24.4,83.6,134,90,70,111,7.8,218,126,60,100,1.19,75.2,6.9,NON_SMOKER,0.0,True,True,True,False,False,NORMAL,FIT_WITH_RESTRICTION
mcu-uuid-W-00590-2026,worker-uuid-00590,W-00590,2026,2026-06-28,160.9,65.4,25.3,86.7,129,84,78,75,7.1,241,164,36,202,1.28,72.0,4.6,NON_SMOKER,0.0,True,False,True,False,True,NORMAL,FIT
mcu-uuid-W-00591-2024,worker-uuid-00591,W-00591,2024,2024-08-12,167.1,66.9,24.0,80.3,124,76,61,121,8.2,171,81,51,157,1.16,69.0,5.0,NON_SMOKER,0.0,True,False,False,False,False,NORMAL,FIT
mcu-uuid-W-00591-2025,worker-uuid-00591,W-00591,2025,2025-03-14,167.1,67.7,24.2,80.6,114,71,82,101,7.6,201,130,50,131,1.11,69.2,6.6,NON_SMOKER,0.0,True,False,False,False,False,BORDERLINE,FIT
mcu-uuid-W-00591-2026,worker-uuid-00591,W-00591,2026,2026-03-02,167.1,68.8,24.6,82.9,132,84,80,116,8.3,173,75,53,154,1.13,67.8,5.7,NON_SMOKER,0.0,True,False,False,False,False,NORMAL,FIT
mcu-uuid-W-00592-2024,worker-uuid-00592,W-00592,2024,2024-08-19,177.8,77.1,24.4,83.6,120,75,72,96,7.7,236,145,49,137,1.14,73.5,5.6,NON_SMOKER,0.0,True,False,False,False,False,NORMAL,FIT
mcu-uuid-W-00592-2025,worker-uuid-00592,W-00592,2025,2025-10-24,177.8,77.0,24.4,83.4,131,81,77,97,7.7,201,107,52,202,0.89,78.8,4.8,NON_SMOKER,0.0,True,False,False,False,False,BORDERLINE,FIT
mcu-uuid-W-00592-2026,worker-uuid-00592,W-00592,2026,2026-05-09,177.8,77.4,24.5,84.1,133,85,72,116,8.3,174,91,54,125,1.3,67.5,7.4,NON_SMOKER,0.0,True,False,False,False,False,NORMAL,FIT
mcu-uuid-W-00593-2024,worker-uuid-00593,W-00593,2024,2024-05-23,156.7,62.3,25.4,84.0,130,70,70,96,7.6,205,119,51,131,1.1,64.5,5.2,NON_SMOKER,0.0,True,False,False,False,False,NORMAL,FIT
mcu-uuid-W-00593-2025,worker-uuid-00593,W-00593,2025,2025-10-21,156.7,62.7,25.5,87.5,135,87,65,121,8.3,184,120,43,149,0.9,68.5,6.4,NON_SMOKER,0.0,True,False,False,False,False,NORMAL,FIT
mcu-uuid-W-00593-2026,worker-uuid-00593,W-00593,2026,2026-11-27,156.7,62.9,25.6,84.7,139,86,72,91,7.4,249,166,54,169,1.29,57.8,7.4,NON_SMOKER,0.0,True,False,False,False,False,NORMAL,FIT
mcu-uuid-W-00594-2024,worker-uuid-00594,W-00594,2024,2024-04-03,159.0,60.5,23.9,81.2,125,81,55,111,8.1,215,118,57,138,1.03,88.2,4.3,ACTIVE_SMOKER,29.3,True,False,True,False,False,NORMAL,FIT
mcu-uuid-W-00594-2025,worker-uuid-00594,W-00594,2025,2025-05-20,159.0,60.9,24.1,80.9,135,91,89,105,7.6,184,98,57,186,0.85,91.8,3.7,ACTIVE_SMOKER,29.3,True,True,True,False,False,NORMAL,FIT_WITH_RESTRICTION
mcu-uuid-W-00594-2026,worker-uuid-00594,W-00594,2026,2026-04-15,159.0,60.7,24.0,80.0,142,93,85,115,7.9,217,151,40,59,0.98,87.5,6.2,ACTIVE_SMOKER,29.3,True,True,True,False,False,NORMAL,FIT_WITH_RESTRICTION
mcu-uuid-W-00595-2024,worker-uuid-00595,W-00595,2024,2024-03-15,167.3,63.7,22.8,75.5,118,79,75,114,8.3,165,82,51,160,1.15,76.2,6.6,NON_SMOKER,0.0,True,False,False,False,False,NORMAL,FIT
mcu-uuid-W-00595-2025,worker-uuid-00595,W-00595,2025,2025-06-22,167.3,63.9,22.8,78.8,140,89,58,83,7.2,202,122,54,141,0.89,81.8,3.8,NON_SMOKER,0.0,True,True,False,True,False,NORMAL,FIT_WITH_RESTRICTION
mcu-uuid-W-00595-2026,worker-uuid-00595,W-00595,2026,2026-08-01,167.3,65.2,23.3,80.4,143,90,69,112,8.1,198,117,45,128,0.94,79.5,5.0,NON_SMOKER,0.0,True,True,False,False,False,NORMAL,FIT_WITH_RESTRICTION
mcu-uuid-W-00596-2024,worker-uuid-00596,W-00596,2024,2024-09-15,166.1,68.6,24.9,84.2,119,81,67,76,6.9,215,137,47,194,1.04,84.0,6.5,NON_SMOKER,0.0,True,False,False,False,False,NORMAL,FIT
mcu-uuid-W-00596-2025,worker-uuid-00596,W-00596,2025,2025-09-03,166.1,68.6,24.9,85.3,134,84,86,87,7.2,141,70,48,189,1.11,81.2,6.6,NON_SMOKER,0.0,True,False,False,False,False,NORMAL,FIT
mcu-uuid-W-00596-2026,worker-uuid-00596,W-00596,2026,2026-06-25,166.1,70.2,25.4,83.5,133,85,55,109,7.9,210,115,50,148,1.09,80.8,5.1,NON_SMOKER,0.0,True,False,False,False,False,NORMAL,FIT
mcu-uuid-W-00597-2024,worker-uuid-00597,W-00597,2024,2024-08-05,166.1,71.9,26.1,88.4,142,85,82,111,8.2,211,146,44,107,0.55,97.2,7.1,ACTIVE_SMOKER,8.9,True,True,False,True,False,NORMAL,FIT_WITH_RESTRICTION
mcu-uuid-W-00597-2025,worker-uuid-00597,W-00597,2025,2025-03-06,166.1,73.1,26.5,89.3,133,87,90,80,7.2,175,102,42,114,0.78,90.5,6.7,ACTIVE_SMOKER,8.9,True,False,False,False,False,NORMAL,FIT
mcu-uuid-W-00597-2026,worker-uuid-00597,W-00597,2026,2026-06-26,166.1,73.1,26.5,88.2,138,87,77,122,8.4,228,131,52,119,1.1,81.5,6.1,ACTIVE_SMOKER,8.9,True,False,False,False,False,NORMAL,FIT
mcu-uuid-W-00598-2024,worker-uuid-00598,W-00598,2024,2024-08-26,169.4,80.9,28.2,94.3,131,70,83,141,8.7,208,125,57,168,0.66,79.5,7.7,FORMER_SMOKER,2.8,True,False,False,False,False,NORMAL,FIT
mcu-uuid-W-00598-2025,worker-uuid-00598,W-00598,2025,2025-03-27,169.4,81.7,28.5,96.9,142,89,78,123,8.5,199,104,50,185,1.17,65.8,6.4,FORMER_SMOKER,2.8,True,True,False,True,False,NORMAL,FIT_WITH_RESTRICTION
mcu-uuid-W-00598-2026,worker-uuid-00598,W-00598,2026,2026-07-15,169.4,82.3,28.7,94.0,148,92,74,137,8.8,195,103,54,179,0.99,69.2,7.2,FORMER_SMOKER,2.8,True,True,False,True,False,BORDERLINE,FIT_WITH_RESTRICTION
mcu-uuid-W-00599-2024,worker-uuid-00599,W-00599,2024,2024-11-08,162.8,66.1,24.9,84.6,138,87,71,98,7.4,205,128,46,62,0.43,86.2,5.6,FORMER_SMOKER,9.5,True,False,False,False,False,NORMAL,FIT
mcu-uuid-W-00599-2025,worker-uuid-00599,W-00599,2025,2025-06-04,162.8,66.2,25.0,82.2,135,82,83,106,7.9,226,143,46,146,0.79,76.2,3.1,FORMER_SMOKER,9.5,True,False,False,False,False,BORDERLINE,FIT
mcu-uuid-W-00599-2026,worker-uuid-00599,W-00599,2026,2026-06-07,162.8,67.5,25.5,86.3,138,82,57,92,7.4,214,129,51,101,1.09,67.8,3.1,FORMER_SMOKER,9.5,True,False,False,False,False,NORMAL,FIT
mcu-uuid-W-00600-2024,worker-uuid-00600,W-00600,2024,2024-05-26,157.5,70.8,28.5,97.2,124,72,70,110,8.0,210,134,53,62,0.82,71.5,6.6,NON_SMOKER,0.0,True,False,False,False,False,NORMAL,FIT
mcu-uuid-W-00600-2025,worker-uuid-00600,W-00600,2025,2025-03-14,157.5,70.9,28.6,96.4,136,82,73,123,8.1,158,62,62,142,0.94,67.5,5.1,NON_SMOKER,0.0,True,False,False,False,False,NORMAL,FIT
mcu-uuid-W-00600-2026,worker-uuid-00600,W-00600,2026,2026-10-15,157.5,73.1,29.5,97.7,126,88,76,127,8.5,183,104,43,183,1.05,63.8,5.5,NON_SMOKER,0.0,True,False,False,False,False,NORMAL,FIT
mcu-uuid-W-00601-2024,worker-uuid-00601,W-00601,2024,2024-06-06,164.2,64.3,23.8,81.2,127,81,84,106,7.8,181,120,41,134,0.9,65.5,5.8,ACTIVE_SMOKER,12.5,True,False,True,False,False,NORMAL,FIT
mcu-uuid-W-00601-2025,worker-uuid-00601,W-00601,2025,2025-10-05,164.2,65.2,24.2,79.7,139,84,83,89,7.4,251,175,44,90,1.1,59.5,4.6,ACTIVE_SMOKER,12.5,True,False,True,False,False,NORMAL,FIT
mcu-uuid-W-00601-2026,worker-uuid-00601,W-00601,2026,2026-04-11,164.2,66.5,24.7,83.7,146,97,67,98,7.9,224,134,45,72,1.1,58.5,5.9,ACTIVE_SMOKER,12.5,True,True,True,False,False,NORMAL,FIT_WITH_RESTRICTION
mcu-uuid-W-00602-2024,worker-uuid-00602,W-00602,2024,2024-06-28,172.0,80.0,27.0,90.3,149,90,82,83,7.3,199,126,47,127,0.84,78.0,7.3,ACTIVE_SMOKER,14.4,True,True,False,False,False,NORMAL,FIT_WITH_RESTRICTION
mcu-uuid-W-00602-2025,worker-uuid-00602,W-00602,2025,2025-07-12,172.0,80.3,27.1,90.0,140,86,80,117,8.4,216,147,48,98,1.07,71.2,4.8,ACTIVE_SMOKER,14.4,True,True,False,False,False,NORMAL,FIT_WITH_RESTRICTION
mcu-uuid-W-00602-2026,worker-uuid-00602,W-00602,2026,2026-08-18,172.0,80.0,27.0,89.0,145,91,72,124,8.5,218,135,48,136,1.16,68.0,5.1,ACTIVE_SMOKER,14.4,True,True,False,False,False,NORMAL,FIT_WITH_RESTRICTION
mcu-uuid-W-00603-2024,worker-uuid-00603,W-00603,2024,2024-08-05,171.9,73.1,24.7,82.8,119,76,69,83,7.0,241,147,55,56,1.06,79.5,7.1,NON_SMOKER,0.0,True,False,False,False,True,NORMAL,FIT
mcu-uuid-W-00603-2025,worker-uuid-00603,W-00603,2025,2025-04-04,171.9,74.4,25.2,84.6,121,82,82,118,8.3,187,113,54,88,1.0,80.0,5.9,NON_SMOKER,0.0,True,False,False,False,False,NORMAL,FIT
mcu-uuid-W-00603-2026,worker-uuid-00603,W-00603,2026,2026-10-14,171.9,74.0,25.0,85.0,115,67,69,86,7.5,265,175,50,166,1.28,72.0,6.0,NON_SMOKER,0.0,True,False,False,False,True,NORMAL,FIT
mcu-uuid-W-00604-2024,worker-uuid-00604,W-00604,2024,2024-10-08,166.0,59.3,21.5,72.2,106,67,68,87,7.3,169,97,40,94,1.0,78.0,6.1,FORMER_SMOKER,7.4,True,False,False,False,False,BORDERLINE,FIT
mcu-uuid-W-00604-2025,worker-uuid-00604,W-00604,2025,2025-05-14,166.0,60.5,22.0,73.3,115,66,72,90,7.2,188,96,47,101,1.43,66.2,6.8,FORMER_SMOKER,7.4,True,False,False,False,False,NORMAL,FIT
mcu-uuid-W-00604-2026,worker-uuid-00604,W-00604,2026,2026-04-12,166.0,60.7,22.0,73.6,118,77,63,91,7.5,209,100,64,83,1.41,65.8,4.4,FORMER_SMOKER,7.4,True,False,False,False,False,NORMAL,FIT
mcu-uuid-W-00605-2024,worker-uuid-00605,W-00605,2024,2024-07-13,172.8,77.4,25.9,86.0,139,95,64,141,8.7,205,130,54,171,1.06,73.5,5.5,FORMER_SMOKER,14.6,True,True,False,False,False,NORMAL,FIT_WITH_RESTRICTION
mcu-uuid-W-00605-2025,worker-uuid-00605,W-00605,2025,2025-08-17,172.8,78.7,26.4,88.8,105,64,84,113,7.9,222,148,54,155,1.06,72.5,6.1,FORMER_SMOKER,14.6,True,False,False,False,False,NORMAL,FIT
mcu-uuid-W-00605-2026,worker-uuid-00605,W-00605,2026,2026-10-24,172.8,80.1,26.8,88.9,148,93,80,97,7.4,213,136,46,119,1.08,71.0,4.0,FORMER_SMOKER,14.6,True,True,False,False,False,NORMAL,FIT_WITH_RESTRICTION
mcu-uuid-W-00606-2024,worker-uuid-00606,W-00606,2024,2024-11-04,166.4,78.0,28.2,95.2,131,81,66,108,7.8,180,101,49,144,1.21,66.8,7.9,ACTIVE_SMOKER,15.6,True,False,True,False,False,NORMAL,FIT
mcu-uuid-W-00606-2025,worker-uuid-00606,W-00606,2025,2025-04-09,166.4,78.7,28.4,96.5,135,81,80,104,8.1,203,135,45,121,0.7,78.5,5.8,ACTIVE_SMOKER,15.6,True,False,True,False,False,NORMAL,FIT
mcu-uuid-W-00606-2026,worker-uuid-00606,W-00606,2026,2026-03-01,166.4,79.8,28.8,96.5,149,99,86,109,8.0,232,155,53,134,1.0,70.0,5.2,ACTIVE_SMOKER,15.6,True,True,True,True,False,BORDERLINE,FIT_WITH_RESTRICTION
mcu-uuid-W-00607-2024,worker-uuid-00607,W-00607,2024,2024-08-23,167.7,70.3,25.0,83.4,122,78,77,91,7.4,243,184,32,156,1.06,69.5,5.6,NON_SMOKER,0.0,True,False,False,False,False,NORMAL,FIT
mcu-uuid-W-00607-2025,worker-uuid-00607,W-00607,2025,2025-04-07,167.7,71.0,25.2,84.2,136,80,68,104,8.0,190,111,54,178,0.83,74.2,4.6,NON_SMOKER,0.0,True,False,False,False,False,NORMAL,FIT
mcu-uuid-W-00607-2026,worker-uuid-00607,W-00607,2026,2026-11-04,167.7,71.7,25.5,83.6,129,75,75,72,6.7,155,58,54,69,0.76,75.0,5.2,NON_SMOKER,0.0,True,False,False,False,False,NORMAL,FIT
mcu-uuid-W-00608-2024,worker-uuid-00608,W-00608,2024,2024-10-19,160.8,57.5,22.2,76.9,110,72,64,94,7.3,208,133,53,59,0.89,82.8,4.9,NON_SMOKER,0.0,True,False,False,False,False,NORMAL,FIT
mcu-uuid-W-00608-2025,worker-uuid-00608,W-00608,2025,2025-08-17,160.8,57.9,22.4,77.4,133,87,71,114,7.9,193,125,45,120,0.99,79.2,6.1,NON_SMOKER,0.0,True,False,False,False,False,NORMAL,FIT
mcu-uuid-W-00608-2026,worker-uuid-00608,W-00608,2026,2026-05-21,160.8,59.2,22.9,76.2,130,77,74,103,7.6,187,103,49,85,1.22,72.5,6.8,NON_SMOKER,0.0,True,False,False,False,False,NORMAL,FIT
mcu-uuid-W-00609-2024,worker-uuid-00609,W-00609,2024,2024-11-14,165.7,71.9,26.2,87.7,130,84,75,89,7.6,215,146,48,113,0.87,78.2,6.3,NON_SMOKER,0.0,True,False,True,False,False,NORMAL,FIT
mcu-uuid-W-00609-2025,worker-uuid-00609,W-00609,2025,2025-06-08,165.7,71.5,26.0,87.3,122,82,80,104,7.9,206,131,41,106,0.82,78.5,4.8,NON_SMOKER,0.0,True,False,True,False,False,NORMAL,FIT
mcu-uuid-W-00609-2026,worker-uuid-00609,W-00609,2026,2026-10-25,165.7,74.6,27.2,90.6,120,76,63,88,7.2,257,198,35,173,0.86,76.5,6.5,NON_SMOKER,0.0,True,False,True,False,False,NORMAL,FIT
mcu-uuid-W-00610-2024,worker-uuid-00610,W-00610,2024,2024-04-09,175.6,71.3,23.1,78.3,142,86,73,129,8.3,194,109,60,163,1.11,79.2,6.2,ACTIVE_SMOKER,25.8,True,True,False,False,False,NORMAL,FIT_WITH_RESTRICTION
mcu-uuid-W-00610-2025,worker-uuid-00610,W-00610,2025,2025-10-28,175.6,72.2,23.4,77.7,133,94,72,65,6.7,221,126,54,55,0.99,81.2,7.6,ACTIVE_SMOKER,25.8,True,True,False,True,False,NORMAL,FIT_WITH_RESTRICTION
mcu-uuid-W-00610-2026,worker-uuid-00610,W-00610,2026,2026-05-07,175.6,72.7,23.6,78.8,130,74,89,114,8.1,173,71,57,111,0.97,80.8,6.7,ACTIVE_SMOKER,25.8,True,False,False,False,False,BORDERLINE,FIT
mcu-uuid-W-00611-2024,worker-uuid-00611,W-00611,2024,2024-06-02,164.9,65.5,24.1,79.7,130,75,84,96,7.5,195,110,48,194,1.25,74.8,5.7,ACTIVE_SMOKER,21.6,True,False,True,False,False,BORDERLINE,FIT
mcu-uuid-W-00611-2025,worker-uuid-00611,W-00611,2025,2025-05-27,164.9,66.8,24.6,84.0,141,89,82,113,8.0,200,117,53,103,1.26,73.5,5.9,ACTIVE_SMOKER,21.6,True,True,True,True,False,NORMAL,FIT_WITH_RESTRICTION
mcu-uuid-W-00611-2026,worker-uuid-00611,W-00611,2026,2026-11-04,164.9,68.3,25.1,82.5,142,89,72,99,7.5,168,99,48,155,1.39,69.2,5.9,ACTIVE_SMOKER,21.6,True,True,True,False,False,NORMAL,FIT_WITH_RESTRICTION
mcu-uuid-W-00612-2024,worker-uuid-00612,W-00612,2024,2024-08-15,178.2,79.3,25.0,82.7,120,72,78,113,7.8,240,172,42,122,0.91,70.2,5.4,NON_SMOKER,0.0,True,False,False,False,False,NORMAL,FIT
mcu-uuid-W-00612-2025,worker-uuid-00612,W-00612,2025,2025-10-17,178.2,79.5,25.0,82.8,111,75,71,90,7.2,192,109,40,106,0.97,67.8,7.3,NON_SMOKER,0.0,True,False,False,False,False,NORMAL,FIT
mcu-uuid-W-00612-2026,worker-uuid-00612,W-00612,2026,2026-07-03,178.2,80.3,25.3,83.4,141,91,81,100,7.6,180,92,50,118,0.94,67.5,6.5,NON_SMOKER,0.0,True,True,False,True,False,BORDERLINE,FIT_WITH_RESTRICTION
mcu-uuid-W-00613-2024,worker-uuid-00613,W-00613,2024,2024-10-06,159.8,64.0,25.1,85.9,148,96,70,115,7.9,210,137,52,103,0.71,75.2,5.2,ACTIVE_SMOKER,20.1,True,True,False,False,False,NORMAL,FIT_WITH_RESTRICTION
mcu-uuid-W-00613-2025,worker-uuid-00613,W-00613,2025,2025-10-24,159.8,65.2,25.5,84.9,158,98,68,112,7.9,203,137,38,151,0.93,68.8,5.2,ACTIVE_SMOKER,20.1,True,True,False,False,False,NORMAL,FIT_WITH_RESTRICTION
mcu-uuid-W-00613-2026,worker-uuid-00613,W-00613,2026,2026-03-26,159.8,64.7,25.3,83.7,154,90,79,92,7.6,190,120,40,154,0.91,68.2,5.3,ACTIVE_SMOKER,20.1,True,True,False,False,False,NORMAL,FIT_WITH_RESTRICTION
mcu-uuid-W-00614-2024,worker-uuid-00614,W-00614,2024,2024-11-01,163.4,66.6,24.9,84.9,117,60,70,114,8.2,229,153,36,128,1.08,90.0,5.8,ACTIVE_SMOKER,28.9,True,False,True,False,False,NORMAL,FIT
mcu-uuid-W-00614-2025,worker-uuid-00614,W-00614,2025,2025-09-13,163.4,67.2,25.2,85.1,124,82,67,110,8.0,167,104,38,98,1.07,89.2,4.8,ACTIVE_SMOKER,28.9,True,False,True,False,False,NORMAL,FIT
mcu-uuid-W-00614-2026,worker-uuid-00614,W-00614,2026,2026-06-14,163.4,67.9,25.4,83.4,130,78,83,107,7.7,172,100,49,185,1.25,83.8,6.8,ACTIVE_SMOKER,28.9,True,False,True,False,False,NORMAL,FIT
mcu-uuid-W-00615-2024,worker-uuid-00615,W-00615,2024,2024-09-24,159.0,52.9,20.9,71.9,123,78,76,111,8.1,212,140,46,72,0.77,67.8,4.9,NON_SMOKER,0.0,True,False,False,False,False,NORMAL,FIT
mcu-uuid-W-00615-2025,worker-uuid-00615,W-00615,2025,2025-06-06,159.0,54.0,21.4,71.6,132,80,80,89,7.4,163,92,42,215,1.0,61.0,5.4,NON_SMOKER,0.0,True,False,False,False,False,NORMAL,FIT
mcu-uuid-W-00615-2026,worker-uuid-00615,W-00615,2026,2026-08-26,159.0,53.2,21.0,69.5,135,84,55,97,7.7,203,115,56,91,1.03,59.2,7.0,NON_SMOKER,0.0,True,False,False,False,False,NORMAL,FIT
mcu-uuid-W-00616-2024,worker-uuid-00616,W-00616,2024,2024-08-21,166.6,74.8,26.9,89.1,135,81,74,102,8.0,216,145,45,188,0.98,78.5,7.0,NON_SMOKER,0.0,True,False,False,False,False,NORMAL,FIT
mcu-uuid-W-00616-2025,worker-uuid-00616,W-00616,2025,2025-07-18,166.6,75.0,27.0,91.0,126,83,72,96,7.5,232,146,51,88,0.92,79.0,7.4,NON_SMOKER,0.0,True,False,False,False,False,NORMAL,FIT
mcu-uuid-W-00616-2026,worker-uuid-00616,W-00616,2026,2026-06-23,166.6,77.5,27.9,93.0,145,92,76,87,7.3,188,119,48,131,1.28,69.0,6.5,NON_SMOKER,0.0,True,True,False,False,False,NORMAL,FIT_WITH_RESTRICTION
mcu-uuid-W-00617-2024,worker-uuid-00617,W-00617,2024,2024-08-11,164.1,56.8,21.1,72.9,115,73,85,75,7.1,198,131,45,113,0.96,80.0,6.0,ACTIVE_SMOKER,9.8,True,False,False,False,False,NORMAL,FIT
mcu-uuid-W-00617-2025,worker-uuid-00617,W-00617,2025,2025-03-05,164.1,57.4,21.3,72.0,122,75,88,77,7.2,187,103,52,182,0.89,80.8,6.6,ACTIVE_SMOKER,9.8,True,False,False,False,False,NORMAL,FIT
mcu-uuid-W-00617-2026,worker-uuid-00617,W-00617,2026,2026-06-22,164.1,58.6,21.8,74.5,131,77,81,114,8.0,257,190,47,55,1.02,76.5,6.5,ACTIVE_SMOKER,9.8,True,False,False,False,True,NORMAL,FIT
mcu-uuid-W-00618-2024,worker-uuid-00618,W-00618,2024,2024-08-02,159.7,73.5,28.8,95.8,141,93,61,105,8.0,225,137,45,145,0.85,79.8,2.9,FORMER_SMOKER,4.4,True,True,False,True,False,NORMAL,FIT_WITH_RESTRICTION
mcu-uuid-W-00618-2025,worker-uuid-00618,W-00618,2025,2025-06-12,159.7,73.9,29.0,98.1,133,79,53,105,7.9,260,185,40,96,0.89,77.8,6.0,FORMER_SMOKER,4.4,True,False,False,False,True,NORMAL,FIT
mcu-uuid-W-00618-2026,worker-uuid-00618,W-00618,2026,2026-03-01,159.7,74.6,29.3,96.8,148,95,84,103,7.9,177,88,56,209,1.02,73.5,4.2,FORMER_SMOKER,4.4,True,True,False,False,False,NORMAL,FIT_WITH_RESTRICTION
mcu-uuid-W-00619-2024,worker-uuid-00619,W-00619,2024,2024-11-28,164.2,75.1,27.9,95.2,133,79,70,100,7.8,223,125,57,201,1.03,88.2,3.7,NON_SMOKER,0.0,True,False,True,False,False,NORMAL,FIT
mcu-uuid-W-00619-2025,worker-uuid-00619,W-00619,2025,2025-08-05,164.2,74.9,27.8,92.2,133,84,65,99,7.7,174,115,37,174,0.96,89.0,7.9,NON_SMOKER,0.0,True,False,True,False,False,NORMAL,FIT
mcu-uuid-W-00619-2026,worker-uuid-00619,W-00619,2026,2026-09-08,164.2,75.5,28.0,95.6,125,79,75,78,7.0,223,133,61,188,0.55,98.2,5.8,NON_SMOKER,0.0,True,False,True,False,False,NORMAL,FIT
mcu-uuid-W-00620-2024,worker-uuid-00620,W-00620,2024,2024-03-20,155.9,70.3,28.9,98.2,120,82,90,126,8.6,211,144,47,216,0.79,93.2,5.0,ACTIVE_SMOKER,8.1,True,False,True,False,False,NORMAL,FIT
mcu-uuid-W-00620-2025,worker-uuid-00620,W-00620,2025,2025-03-22,155.9,70.5,29.0,98.6,145,94,87,91,7.3,229,157,48,131,0.76,93.0,5.6,ACTIVE_SMOKER,8.1,True,True,True,False,False,BORDERLINE,FIT_WITH_RESTRICTION
mcu-uuid-W-00620-2026,worker-uuid-00620,W-00620,2026,2026-11-25,155.9,69.9,28.8,95.7,149,93,84,96,7.6,173,98,41,159,1.23,80.2,5.4,ACTIVE_SMOKER,8.1,True,True,True,True,False,BORDERLINE,FIT_WITH_RESTRICTION
mcu-uuid-W-00621-2024,worker-uuid-00621,W-00621,2024,2024-11-02,166.3,67.5,24.4,83.4,124,78,74,92,7.6,175,87,44,133,0.79,78.2,4.5,NON_SMOKER,0.0,True,False,False,False,False,NORMAL,FIT
mcu-uuid-W-00621-2025,worker-uuid-00621,W-00621,2025,2025-10-04,166.3,68.0,24.6,83.6,136,88,73,106,7.7,202,113,45,151,1.2,67.0,7.5,NON_SMOKER,0.0,True,False,False,False,False,NORMAL,FIT
mcu-uuid-W-00621-2026,worker-uuid-00621,W-00621,2026,2026-03-08,166.3,70.2,25.4,86.8,133,75,75,65,6.5,217,148,49,163,1.19,66.2,6.6,NON_SMOKER,0.0,True,False,False,False,False,NORMAL,FIT
mcu-uuid-W-00622-2024,worker-uuid-00622,W-00622,2024,2024-09-26,162.3,53.9,20.5,68.2,124,79,71,95,7.5,205,123,39,57,1.2,68.0,6.3,FORMER_SMOKER,4.5,True,False,False,False,False,NORMAL,FIT
mcu-uuid-W-00622-2025,worker-uuid-00622,W-00622,2025,2025-04-15,162.3,53.5,20.3,68.1,149,90,68,65,6.5,195,91,60,60,1.11,69.2,6.3,FORMER_SMOKER,4.5,True,True,False,True,False,NORMAL,FIT_WITH_RESTRICTION
mcu-uuid-W-00622-2026,worker-uuid-00622,W-00622,2026,2026-04-01,162.3,53.8,20.4,70.8,122,78,73,119,8.4,197,115,44,119,1.32,63.0,7.3,FORMER_SMOKER,4.5,True,False,False,False,False,NORMAL,FIT
mcu-uuid-W-00623-2024,worker-uuid-00623,W-00623,2024,2024-05-18,172.2,77.0,26.0,88.8,129,81,73,139,8.7,267,178,44,83,1.04,74.0,6.2,NON_SMOKER,0.0,True,False,False,False,True,NORMAL,FIT
mcu-uuid-W-00623-2025,worker-uuid-00623,W-00623,2025,2025-03-21,172.2,77.8,26.2,89.5,124,75,73,73,7.0,229,166,34,198,1.15,70.2,6.5,NON_SMOKER,0.0,True,False,False,False,False,NORMAL,FIT
mcu-uuid-W-00623-2026,worker-uuid-00623,W-00623,2026,2026-03-24,172.2,78.1,26.3,89.1,146,89,83,125,8.2,211,118,53,109,0.8,78.0,7.1,NON_SMOKER,0.0,True,True,False,True,False,ABNORMAL,UNFIT
mcu-uuid-W-00624-2024,worker-uuid-00624,W-00624,2024,2024-08-03,166.1,79.3,28.7,97.3,122,79,79,105,8.1,197,142,31,110,1.18,74.5,7.5,ACTIVE_SMOKER,18.0,True,False,False,False,False,NORMAL,FIT
mcu-uuid-W-00624-2025,worker-uuid-00624,W-00624,2025,2025-06-25,166.1,80.3,29.1,98.2,158,87,70,98,7.9,230,131,57,124,1.12,75.0,4.3,ACTIVE_SMOKER,18.0,True,True,False,False,False,NORMAL,FIT_WITH_RESTRICTION
mcu-uuid-W-00624-2026,worker-uuid-00624,W-00624,2026,2026-11-19,166.1,79.6,28.9,94.7,140,80,99,85,7.5,199,118,49,157,0.77,82.8,5.6,ACTIVE_SMOKER,18.0,True,True,False,False,False,NORMAL,FIT_WITH_RESTRICTION
mcu-uuid-W-00625-2024,worker-uuid-00625,W-00625,2024,2024-10-13,173.3,76.1,25.3,83.3,125,77,79,100,7.6,221,130,51,165,0.9,86.5,5.4,ACTIVE_SMOKER,8.0,True,False,True,False,False,BORDERLINE,FIT
mcu-uuid-W-00625-2025,worker-uuid-00625,W-00625,2025,2025-11-22,173.3,77.4,25.8,86.8,137,93,82,100,7.5,209,154,31,179,1.06,81.5,5.8,ACTIVE_SMOKER,8.0,True,True,True,True,False,NORMAL,FIT_WITH_RESTRICTION
mcu-uuid-W-00625-2026,worker-uuid-00625,W-00625,2026,2026-06-05,173.3,78.4,26.1,88.1,142,83,69,85,7.5,201,105,54,130,1.1,79.5,8.1,ACTIVE_SMOKER,8.0,True,True,True,True,False,ABNORMAL,UNFIT
mcu-uuid-W-00626-2024,worker-uuid-00626,W-00626,2024,2024-08-17,162.0,71.7,27.3,89.9,127,73,62,120,8.3,208,143,40,165,1.16,67.0,6.6,FORMER_SMOKER,13.7,True,False,False,False,False,NORMAL,FIT
mcu-uuid-W-00626-2025,worker-uuid-00626,W-00626,2025,2025-11-05,162.0,72.0,27.4,91.3,128,71,71,87,7.3,235,157,46,148,1.04,69.0,6.2,FORMER_SMOKER,13.7,True,False,False,False,False,NORMAL,FIT
mcu-uuid-W-00626-2026,worker-uuid-00626,W-00626,2026,2026-05-23,162.0,71.8,27.4,93.3,140,87,73,110,7.8,183,101,49,179,0.91,71.2,6.9,FORMER_SMOKER,13.7,True,True,False,True,False,ABNORMAL,UNFIT
mcu-uuid-W-00627-2024,worker-uuid-00627,W-00627,2024,2024-11-02,164.7,62.2,22.9,75.7,106,65,80,101,7.9,193,111,47,124,0.74,96.5,5.5,NON_SMOKER,0.0,True,False,False,False,False,BORDERLINE,FIT
mcu-uuid-W-00627-2025,worker-uuid-00627,W-00627,2025,2025-06-21,164.7,63.6,23.4,80.4,121,75,78,98,7.8,187,106,61,160,0.89,91.8,5.7,NON_SMOKER,0.0,True,False,False,False,False,NORMAL,FIT
mcu-uuid-W-00627-2026,worker-uuid-00627,W-00627,2026,2026-11-17,164.7,64.9,23.9,80.9,131,83,79,84,7.2,185,94,50,163,1.18,83.5,5.9,NON_SMOKER,0.0,True,False,False,False,False,NORMAL,FIT
mcu-uuid-W-00628-2024,worker-uuid-00628,W-00628,2024,2024-05-01,168.0,72.1,25.5,86.2,139,89,66,109,7.8,197,109,45,158,0.77,79.8,4.2,ACTIVE_SMOKER,17.4,True,False,False,False,False,NORMAL,FIT
mcu-uuid-W-00628-2025,worker-uuid-00628,W-00628,2025,2025-07-11,168.0,71.7,25.4,85.8,153,97,70,98,7.7,214,115,54,91,0.67,81.2,3.7,ACTIVE_SMOKER,17.4,True,True,False,True,False,NORMAL,FIT_WITH_RESTRICTION
mcu-uuid-W-00628-2026,worker-uuid-00628,W-00628,2026,2026-06-23,168.0,74.2,26.3,86.3,150,97,68,104,8.1,231,152,41,146,0.65,80.8,4.2,ACTIVE_SMOKER,17.4,True,True,False,False,False,NORMAL,FIT_WITH_RESTRICTION
mcu-uuid-W-00629-2024,worker-uuid-00629,W-00629,2024,2024-07-22,171.5,78.9,26.8,89.2,131,82,89,113,7.9,209,144,43,113,1.17,70.8,5.2,NON_SMOKER,0.0,True,False,False,False,False,NORMAL,FIT
mcu-uuid-W-00629-2025,worker-uuid-00629,W-00629,2025,2025-04-14,171.5,78.5,26.7,89.1,137,88,90,116,8.2,201,111,52,154,0.68,82.0,5.2,NON_SMOKER,0.0,True,False,False,False,False,NORMAL,FIT
mcu-uuid-W-00629-2026,worker-uuid-00629,W-00629,2026,2026-07-28,171.5,81.0,27.5,93.1,143,83,71,97,7.7,223,142,41,157,0.92,75.0,5.0,NON_SMOKER,0.0,True,True,False,False,False,NORMAL,FIT_WITH_RESTRICTION
mcu-uuid-W-00630-2024,worker-uuid-00630,W-00630,2024,2024-07-01,166.0,66.3,24.1,80.9,136,84,62,87,7.2,187,108,58,129,1.03,73.2,6.8,NON_SMOKER,0.0,True,False,True,False,False,BORDERLINE,FIT
mcu-uuid-W-00630-2025,worker-uuid-00630,W-00630,2025,2025-11-13,166.0,67.2,24.4,80.9,123,67,74,121,8.3,181,101,42,139,1.02,72.5,7.7,NON_SMOKER,0.0,True,False,True,False,False,NORMAL,FIT
mcu-uuid-W-00630-2026,worker-uuid-00630,W-00630,2026,2026-10-10,166.0,66.5,24.1,79.6,120,68,71,106,7.7,231,133,63,121,0.9,74.5,7.3,NON_SMOKER,0.0,True,False,True,False,False,NORMAL,FIT
mcu-uuid-W-00631-2024,worker-uuid-00631,W-00631,2024,2024-11-06,170.7,74.2,25.5,83.9,137,78,61,109,7.8,155,83,52,133,1.0,75.0,5.1,NON_SMOKER,0.0,True,False,False,False,False,NORMAL,FIT
mcu-uuid-W-00631-2025,worker-uuid-00631,W-00631,2025,2025-05-05,170.7,73.8,25.3,86.4,115,76,67,117,8.4,194,117,49,181,0.9,76.5,6.6,NON_SMOKER,0.0,True,False,False,False,False,NORMAL,FIT
mcu-uuid-W-00631-2026,worker-uuid-00631,W-00631,2026,2026-10-26,170.7,74.1,25.4,83.3,122,68,89,76,7.0,200,120,43,230,0.65,81.8,4.0,NON_SMOKER,0.0,True,False,False,False,False,NORMAL,FIT
mcu-uuid-W-00632-2024,worker-uuid-00632,W-00632,2024,2024-07-22,153.8,49.3,20.8,69.9,110,74,72,76,7.1,195,102,59,58,0.97,72.8,5.0,NON_SMOKER,0.0,True,False,False,False,False,NORMAL,FIT
mcu-uuid-W-00632-2025,worker-uuid-00632,W-00632,2025,2025-04-17,153.8,50.2,21.2,72.8,119,72,79,81,7.0,194,125,49,108,0.75,77.2,5.6,NON_SMOKER,0.0,True,False,False,False,False,BORDERLINE,FIT
mcu-uuid-W-00632-2026,worker-uuid-00632,W-00632,2026,2026-08-24,153.8,51.2,21.6,71.4,116,78,79,96,7.5,224,127,57,96,0.91,72.2,3.9,NON_SMOKER,0.0,True,False,False,False,False,NORMAL,FIT
mcu-uuid-W-00633-2024,worker-uuid-00633,W-00633,2024,2024-08-06,167.7,84.5,30.0,100.1,134,89,70,126,8.5,246,160,44,171,1.04,75.0,5.9,FORMER_SMOKER,12.7,True,False,False,False,False,NORMAL,FIT_WITH_RESTRICTION
mcu-uuid-W-00633-2025,worker-uuid-00633,W-00633,2025,2025-05-21,167.7,84.4,30.0,100.8,131,81,77,116,8.0,245,162,46,200,0.87,78.2,8.2,FORMER_SMOKER,12.7,True,False,False,False,False,NORMAL,FIT_WITH_RESTRICTION
mcu-uuid-W-00633-2026,worker-uuid-00633,W-00633,2026,2026-04-03,167.7,84.9,30.2,102.3,145,97,72,117,8.0,242,160,37,193,1.0,74.0,5.5,FORMER_SMOKER,12.7,True,True,False,True,True,BORDERLINE,FIT_WITH_RESTRICTION
mcu-uuid-W-00634-2024,worker-uuid-00634,W-00634,2024,2024-06-24,165.9,71.5,26.0,86.0,133,77,61,91,7.4,196,111,62,192,0.79,84.2,4.6,NON_SMOKER,0.0,True,False,False,False,False,NORMAL,FIT
mcu-uuid-W-00634-2025,worker-uuid-00634,W-00634,2025,2025-07-12,165.9,71.5,26.0,87.6,126,76,70,102,7.9,235,140,54,128,1.15,74.2,5.7,NON_SMOKER,0.0,True,False,False,False,False,NORMAL,FIT
mcu-uuid-W-00634-2026,worker-uuid-00634,W-00634,2026,2026-10-13,165.9,70.8,25.7,86.8,136,88,50,92,7.6,233,168,44,109,0.82,81.5,6.1,NON_SMOKER,0.0,True,False,False,False,False,NORMAL,FIT
mcu-uuid-W-00635-2024,worker-uuid-00635,W-00635,2024,2024-06-06,167.9,76.6,27.2,89.5,135,89,86,94,7.4,169,80,44,157,0.99,57.2,4.5,ACTIVE_SMOKER,13.8,True,False,False,False,False,NORMAL,FIT
mcu-uuid-W-00635-2025,worker-uuid-00635,W-00635,2025,2025-07-06,167.9,76.6,27.2,91.1,149,93,78,111,7.9,228,155,47,120,1.07,54.2,6.1,ACTIVE_SMOKER,13.8,True,True,False,False,False,NORMAL,FIT_WITH_RESTRICTION
mcu-uuid-W-00635-2026,worker-uuid-00635,W-00635,2026,2026-08-15,167.9,77.5,27.5,92.9,161,104,74,119,8.1,230,157,37,182,1.08,53.0,7.5,ACTIVE_SMOKER,13.8,True,True,False,True,False,ABNORMAL,UNFIT
mcu-uuid-W-00636-2024,worker-uuid-00636,W-00636,2024,2024-11-19,167.3,74.6,26.7,89.4,132,87,89,85,7.1,169,103,29,222,0.85,77.8,6.4,ACTIVE_SMOKER,13.0,True,False,False,False,False,NORMAL,FIT
mcu-uuid-W-00636-2025,worker-uuid-00636,W-00636,2025,2025-07-16,167.3,74.5,26.6,87.5,138,92,70,113,8.1,178,111,44,110,1.03,72.2,6.8,ACTIVE_SMOKER,13.0,True,True,False,False,False,NORMAL,FIT_WITH_RESTRICTION
mcu-uuid-W-00636-2026,worker-uuid-00636,W-00636,2026,2026-09-14,167.3,75.9,27.1,88.9,128,78,62,110,8.1,209,141,43,151,0.76,78.0,5.9,ACTIVE_SMOKER,13.0,True,False,False,False,False,NORMAL,FIT
mcu-uuid-W-00637-2024,worker-uuid-00637,W-00637,2024,2024-03-04,170.9,82.9,28.4,93.9,154,93,72,126,8.3,228,147,46,191,1.08,60.0,5.1,NON_SMOKER,0.0,True,True,False,True,False,NORMAL,FIT_WITH_RESTRICTION
mcu-uuid-W-00637-2025,worker-uuid-00637,W-00637,2025,2025-08-18,170.9,83.7,28.7,96.3,142,95,65,84,7.1,248,186,27,115,0.91,63.2,6.3,NON_SMOKER,0.0,True,True,False,True,False,NORMAL,FIT_WITH_RESTRICTION
mcu-uuid-W-00637-2026,worker-uuid-00637,W-00637,2026,2026-04-12,170.9,82.2,28.1,93.0,146,90,64,103,7.8,241,131,65,164,1.2,55.0,6.9,NON_SMOKER,0.0,True,True,False,True,False,ABNORMAL,UNFIT
mcu-uuid-W-00638-2024,worker-uuid-00638,W-00638,2024,2024-11-11,164.2,70.4,26.1,88.2,145,90,60,91,7.4,196,108,53,178,0.83,62.2,7.7,FORMER_SMOKER,12.8,True,True,False,False,False,BORDERLINE,FIT_WITH_RESTRICTION
mcu-uuid-W-00638-2025,worker-uuid-00638,W-00638,2025,2025-10-23,164.2,71.5,26.5,89.7,140,82,71,91,7.7,184,100,52,187,0.85,60.8,5.3,FORMER_SMOKER,12.8,True,True,False,False,False,NORMAL,FIT_WITH_RESTRICTION
mcu-uuid-W-00638-2026,worker-uuid-00638,W-00638,2026,2026-03-21,164.2,71.9,26.7,91.0,155,93,62,76,7.1,230,150,47,233,0.87,59.2,7.3,FORMER_SMOKER,12.8,True,True,False,False,False,BORDERLINE,FIT_WITH_RESTRICTION
mcu-uuid-W-00639-2024,worker-uuid-00639,W-00639,2024,2024-09-02,176.9,75.6,24.2,80.7,123,75,68,107,7.7,216,145,51,176,0.97,63.8,7.4,FORMER_SMOKER,14.1,True,False,False,False,False,NORMAL,FIT
mcu-uuid-W-00639-2025,worker-uuid-00639,W-00639,2025,2025-03-27,176.9,75.1,24.0,82.0,113,68,60,65,6.8,190,105,49,127,1.0,62.0,5.8,FORMER_SMOKER,14.1,True,False,False,False,False,NORMAL,FIT
mcu-uuid-W-00639-2026,worker-uuid-00639,W-00639,2026,2026-05-19,176.9,74.7,23.9,81.4,133,84,77,108,8.0,187,97,50,199,0.61,70.8,5.2,FORMER_SMOKER,14.1,True,False,False,False,False,NORMAL,FIT
mcu-uuid-W-00640-2024,worker-uuid-00640,W-00640,2024,2024-03-28,174.5,70.3,23.1,77.3,124,74,85,104,7.7,208,122,52,75,1.15,77.2,3.4,ACTIVE_SMOKER,9.7,True,False,False,False,False,NORMAL,FIT
mcu-uuid-W-00640-2025,worker-uuid-00640,W-00640,2025,2025-08-06,174.5,70.2,23.1,79.7,145,82,80,92,7.5,217,126,51,182,1.22,74.5,4.3,ACTIVE_SMOKER,9.7,True,True,False,True,False,NORMAL,FIT_WITH_RESTRICTION
mcu-uuid-W-00640-2026,worker-uuid-00640,W-00640,2026,2026-04-21,174.5,71.9,23.6,80.6,139,83,72,84,7.0,278,198,47,139,0.94,80.5,5.2,ACTIVE_SMOKER,9.7,True,False,False,False,True,NORMAL,FIT
mcu-uuid-W-00641-2024,worker-uuid-00641,W-00641,2024,2024-05-04,174.4,62.9,20.7,71.9,138,87,78,82,7.1,192,96,53,102,1.26,73.5,4.4,ACTIVE_SMOKER,28.8,True,False,False,False,False,NORMAL,FIT
mcu-uuid-W-00641-2025,worker-uuid-00641,W-00641,2025,2025-08-22,174.4,63.0,20.7,72.1,109,73,81,83,7.0,166,89,48,77,0.96,80.0,5.2,ACTIVE_SMOKER,28.8,True,False,False,False,False,NORMAL,FIT
mcu-uuid-W-00641-2026,worker-uuid-00641,W-00641,2026,2026-05-01,174.4,65.1,21.4,70.6,122,79,82,107,7.8,237,148,46,102,1.01,77.8,4.5,ACTIVE_SMOKER,28.8,True,False,False,False,False,NORMAL,FIT
mcu-uuid-W-00642-2024,worker-uuid-00642,W-00642,2024,2024-07-06,174.3,81.0,26.7,90.0,114,64,73,95,7.6,193,116,54,189,0.99,73.2,6.3,NON_SMOKER,0.0,True,False,False,False,False,NORMAL,FIT
mcu-uuid-W-00642-2025,worker-uuid-00642,W-00642,2025,2025-09-05,174.3,81.9,27.0,89.1,138,84,54,98,7.8,202,117,57,205,0.89,74.8,5.0,NON_SMOKER,0.0,True,False,False,False,False,NORMAL,FIT
mcu-uuid-W-00642-2026,worker-uuid-00642,W-00642,2026,2026-09-25,174.3,83.1,27.4,93.1,142,90,82,110,7.9,231,154,56,191,1.17,66.8,4.0,NON_SMOKER,0.0,True,True,False,False,False,NORMAL,FIT_WITH_RESTRICTION
mcu-uuid-W-00643-2024,worker-uuid-00643,W-00643,2024,2024-08-06,172.8,83.5,28.0,94.5,130,78,75,120,8.1,195,128,40,159,1.05,78.8,6.5,ACTIVE_SMOKER,21.4,True,False,False,False,False,NORMAL,FIT
mcu-uuid-W-00643-2025,worker-uuid-00643,W-00643,2025,2025-10-06,172.8,83.8,28.1,93.4,148,91,86,127,8.6,290,214,39,201,1.13,75.8,7.3,ACTIVE_SMOKER,21.4,True,True,False,True,True,NORMAL,FIT_WITH_RESTRICTION
mcu-uuid-W-00643-2026,worker-uuid-00643,W-00643,2026,2026-11-01,172.8,85.8,28.7,94.6,140,86,90,114,7.9,145,81,38,172,0.96,79.0,3.5,ACTIVE_SMOKER,21.4,True,True,False,True,False,BORDERLINE,FIT_WITH_RESTRICTION
mcu-uuid-W-00644-2024,worker-uuid-00644,W-00644,2024,2024-08-14,170.9,76.3,26.1,88.5,118,72,78,108,7.8,219,150,48,151,1.33,75.8,5.7,NON_SMOKER,0.0,True,False,False,False,False,NORMAL,FIT
mcu-uuid-W-00644-2025,worker-uuid-00644,W-00644,2025,2025-04-13,170.9,76.1,26.1,85.6,131,90,65,109,7.8,247,159,52,171,1.04,82.0,6.0,NON_SMOKER,0.0,True,True,False,False,False,NORMAL,FIT_WITH_RESTRICTION
mcu-uuid-W-00644-2026,worker-uuid-00644,W-00644,2026,2026-04-22,170.9,78.2,26.8,88.4,129,78,60,103,8.0,211,125,60,165,0.94,83.5,6.7,NON_SMOKER,0.0,True,False,False,False,False,NORMAL,FIT
mcu-uuid-W-00645-2024,worker-uuid-00645,W-00645,2024,2024-03-23,178.2,103.7,32.7,108.3,142,89,75,90,7.3,202,115,43,175,0.94,78.5,7.1,NON_SMOKER,0.0,True,True,True,False,False,NORMAL,FIT_WITH_RESTRICTION
mcu-uuid-W-00645-2025,worker-uuid-00645,W-00645,2025,2025-03-24,178.2,104.4,32.9,107.4,138,88,81,120,8.2,243,176,41,83,0.98,76.5,7.5,NON_SMOKER,0.0,True,False,True,False,True,NORMAL,FIT_WITH_RESTRICTION
mcu-uuid-W-00645-2026,worker-uuid-00645,W-00645,2026,2026-07-19,178.2,106.0,33.4,111.9,135,89,58,111,8.3,255,174,50,138,1.05,73.8,6.1,NON_SMOKER,0.0,True,False,True,False,True,NORMAL,FIT_WITH_RESTRICTION
mcu-uuid-W-00646-2024,worker-uuid-00646,W-00646,2024,2024-11-27,174.0,78.9,26.1,86.2,141,91,71,112,8.2,268,178,51,147,0.84,76.0,5.4,NON_SMOKER,0.0,True,True,False,False,False,NORMAL,FIT_WITH_RESTRICTION
mcu-uuid-W-00646-2025,worker-uuid-00646,W-00646,2025,2025-08-23,174.0,78.8,26.0,89.1,143,95,76,90,7.3,231,139,50,244,1.41,60.8,6.1,NON_SMOKER,0.0,True,True,False,False,False,NORMAL,FIT_WITH_RESTRICTION
mcu-uuid-W-00646-2026,worker-uuid-00646,W-00646,2026,2026-03-10,174.0,79.1,26.1,88.7,135,84,78,108,7.9,253,179,41,172,0.81,74.8,6.7,NON_SMOKER,0.0,True,False,False,False,True,NORMAL,FIT
mcu-uuid-W-00647-2024,worker-uuid-00647,W-00647,2024,2024-10-10,172.6,76.3,25.6,87.4,145,88,62,96,7.5,206,116,52,100,0.91,82.2,6.1,NON_SMOKER,0.0,True,True,False,False,False,NORMAL,FIT_WITH_RESTRICTION
mcu-uuid-W-00647-2025,worker-uuid-00647,W-00647,2025,2025-03-16,172.6,76.2,25.6,84.6,109,71,77,93,7.6,143,75,46,129,0.98,79.5,5.1,NON_SMOKER,0.0,True,False,False,False,False,NORMAL,FIT
mcu-uuid-W-00647-2026,worker-uuid-00647,W-00647,2026,2026-09-18,172.6,75.4,25.3,86.1,129,83,80,82,7.3,216,146,48,118,1.04,77.0,5.6,NON_SMOKER,0.0,True,False,False,False,False,BORDERLINE,FIT
mcu-uuid-W-00648-2024,worker-uuid-00648,W-00648,2024,2024-09-20,160.7,67.6,26.2,86.2,135,77,68,125,8.4,217,143,45,198,0.97,80.8,5.4,FORMER_SMOKER,13.4,True,False,False,False,False,NORMAL,FIT
mcu-uuid-W-00648-2025,worker-uuid-00648,W-00648,2025,2025-07-02,160.7,67.4,26.1,87.7,113,72,70,95,7.6,210,142,45,179,1.14,75.5,6.3,FORMER_SMOKER,13.4,True,False,False,False,False,NORMAL,FIT
mcu-uuid-W-00648-2026,worker-uuid-00648,W-00648,2026,2026-10-14,160.7,66.9,25.9,86.0,142,84,88,84,7.1,214,127,48,155,1.03,77.2,6.2,FORMER_SMOKER,13.4,True,True,False,True,False,BORDERLINE,FIT_WITH_RESTRICTION
mcu-uuid-W-00649-2024,worker-uuid-00649,W-00649,2024,2024-03-01,177.7,83.1,26.3,89.6,126,74,84,101,7.8,223,151,37,165,1.09,73.8,6.2,ACTIVE_SMOKER,21.4,True,False,False,False,False,NORMAL,FIT
mcu-uuid-W-00649-2025,worker-uuid-00649,W-00649,2025,2025-11-10,177.7,83.3,26.4,90.2,152,95,76,146,8.8,229,154,36,107,0.75,81.2,6.0,ACTIVE_SMOKER,21.4,True,True,False,True,False,NORMAL,FIT_WITH_RESTRICTION
mcu-uuid-W-00649-2026,worker-uuid-00649,W-00649,2026,2026-03-12,177.7,83.6,26.5,87.3,139,82,79,101,7.8,215,136,37,152,1.04,73.0,7.6,ACTIVE_SMOKER,21.4,True,False,False,False,False,NORMAL,FIT
mcu-uuid-W-00650-2024,worker-uuid-00650,W-00650,2024,2024-09-20,176.3,60.7,19.5,65.1,126,85,77,123,8.2,178,92,53,73,1.09,70.8,7.2,ACTIVE_SMOKER,27.3,True,False,True,False,False,NORMAL,FIT
mcu-uuid-W-00650-2025,worker-uuid-00650,W-00650,2025,2025-10-11,176.3,60.7,19.5,66.9,136,86,84,82,7.0,217,134,48,79,1.16,68.0,7.3,ACTIVE_SMOKER,27.3,True,False,True,False,False,NORMAL,FIT
mcu-uuid-W-00650-2026,worker-uuid-00650,W-00650,2026,2026-06-01,176.3,62.1,20.0,69.5,140,82,78,120,8.5,185,117,47,127,1.09,68.8,5.9,ACTIVE_SMOKER,27.3,True,True,True,False,False,NORMAL,FIT_WITH_RESTRICTION
mcu-uuid-W-00651-2024,worker-uuid-00651,W-00651,2024,2024-11-27,167.4,85.8,30.6,101.1,130,83,83,110,8.1,212,140,44,217,0.99,75.2,7.1,NON_SMOKER,0.0,True,False,False,False,False,NORMAL,FIT_WITH_RESTRICTION
mcu-uuid-W-00651-2025,worker-uuid-00651,W-00651,2025,2025-05-08,167.4,86.6,30.9,101.1,146,104,82,103,7.6,211,122,52,126,0.94,75.5,5.9,NON_SMOKER,0.0,True,True,False,False,False,BORDERLINE,UNFIT
mcu-uuid-W-00651-2026,worker-uuid-00651,W-00651,2026,2026-10-26,167.4,88.2,31.5,106.7,143,88,66,103,8.0,209,136,47,58,1.06,71.5,4.5,NON_SMOKER,0.0,True,True,False,True,False,BORDERLINE,FIT_WITH_RESTRICTION
mcu-uuid-W-00652-2024,worker-uuid-00652,W-00652,2024,2024-09-17,153.9,43.8,18.5,65.0,124,82,86,71,7.1,155,73,58,63,0.89,81.8,5.8,ACTIVE_SMOKER,23.9,True,False,False,False,False,NORMAL,FIT
mcu-uuid-W-00652-2025,worker-uuid-00652,W-00652,2025,2025-04-21,153.9,44.1,18.6,62.9,137,86,90,89,7.4,168,66,59,202,1.2,73.0,7.5,ACTIVE_SMOKER,23.9,True,False,False,False,False,BORDERLINE,FIT
mcu-uuid-W-00652-2026,worker-uuid-00652,W-00652,2026,2026-06-25,153.9,45.3,19.1,65.4,130,82,86,93,7.3,216,150,38,99,1.13,73.8,6.2,ACTIVE_SMOKER,23.9,True,False,False,False,False,NORMAL,FIT
mcu-uuid-W-00653-2024,worker-uuid-00653,W-00653,2024,2024-07-19,161.3,70.0,26.9,88.9,101,60,76,97,7.5,191,110,51,128,0.74,96.5,6.3,NON_SMOKER,0.0,True,False,False,False,False,NORMAL,FIT
mcu-uuid-W-00653-2025,worker-uuid-00653,W-00653,2025,2025-05-06,161.3,70.7,27.2,91.8,116,68,73,68,6.7,249,166,50,105,1.06,87.5,6.8,NON_SMOKER,0.0,True,False,False,False,True,BORDERLINE,FIT
mcu-uuid-W-00653-2026,worker-uuid-00653,W-00653,2026,2026-10-25,161.3,71.0,27.3,90.0,126,79,69,87,7.3,208,102,62,159,0.89,90.8,5.7,NON_SMOKER,0.0,True,False,False,False,False,NORMAL,FIT
mcu-uuid-W-00654-2024,worker-uuid-00654,W-00654,2024,2024-05-03,151.8,47.8,20.7,69.3,127,76,67,82,7.1,232,135,54,171,1.01,92.8,3.2,NON_SMOKER,0.0,True,False,True,False,False,NORMAL,FIT
mcu-uuid-W-00654-2025,worker-uuid-00654,W-00654,2025,2025-03-12,151.8,47.7,20.7,71.7,107,75,83,91,7.5,210,118,47,105,0.77,97.8,6.5,NON_SMOKER,0.0,True,False,True,False,False,NORMAL,FIT
mcu-uuid-W-00654-2026,worker-uuid-00654,W-00654,2026,2026-03-23,151.8,49.3,21.4,73.1,109,65,58,98,7.7,152,70,49,185,0.75,97.2,5.0,NON_SMOKER,0.0,True,False,True,False,False,NORMAL,FIT
mcu-uuid-W-00655-2024,worker-uuid-00655,W-00655,2024,2024-04-27,164.1,81.0,30.1,100.2,138,84,70,101,7.5,201,131,37,116,0.97,75.8,4.0,FORMER_SMOKER,12.1,True,False,False,False,False,NORMAL,FIT_WITH_RESTRICTION
mcu-uuid-W-00655-2025,worker-uuid-00655,W-00655,2025,2025-05-16,164.1,82.0,30.5,101.5,115,70,71,116,8.2,238,155,42,227,1.24,68.0,6.5,FORMER_SMOKER,12.1,True,False,False,False,False,NORMAL,FIT_WITH_RESTRICTION
mcu-uuid-W-00655-2026,worker-uuid-00655,W-00655,2026,2026-10-18,164.1,81.7,30.3,101.6,150,97,69,106,7.9,182,109,28,73,1.02,72.5,6.1,FORMER_SMOKER,12.1,True,True,False,True,False,BORDERLINE,FIT_WITH_RESTRICTION
mcu-uuid-W-00656-2024,worker-uuid-00656,W-00656,2024,2024-03-10,157.8,62.4,25.1,86.2,123,72,71,89,7.5,202,110,53,196,0.92,85.0,5.3,NON_SMOKER,0.0,True,False,False,False,False,NORMAL,FIT
mcu-uuid-W-00656-2025,worker-uuid-00656,W-00656,2025,2025-03-05,157.8,63.4,25.5,86.8,110,72,67,100,7.5,201,132,41,137,0.9,84.5,8.1,NON_SMOKER,0.0,True,False,False,False,False,NORMAL,FIT
mcu-uuid-W-00656-2026,worker-uuid-00656,W-00656,2026,2026-08-03,157.8,62.6,25.1,86.1,141,91,69,90,7.2,184,93,54,98,0.9,83.5,6.0,NON_SMOKER,0.0,True,True,False,True,False,BORDERLINE,FIT_WITH_RESTRICTION
mcu-uuid-W-00657-2024,worker-uuid-00657,W-00657,2024,2024-03-03,147.6,55.3,25.4,86.9,130,88,82,112,8.0,202,125,38,164,1.0,83.0,4.4,ACTIVE_SMOKER,28.9,True,False,True,False,False,NORMAL,FIT
mcu-uuid-W-00657-2025,worker-uuid-00657,W-00657,2025,2025-05-06,147.6,55.6,25.5,86.1,111,70,87,128,8.5,206,124,41,134,0.6,92.0,6.0,ACTIVE_SMOKER,28.9,True,False,True,False,False,NORMAL,FIT
mcu-uuid-W-00657-2026,worker-uuid-00657,W-00657,2026,2026-11-28,147.6,57.8,26.5,90.3,140,88,77,101,8.0,157,80,34,154,1.1,78.5,3.8,ACTIVE_SMOKER,28.9,True,True,True,True,False,BORDERLINE,FIT_WITH_RESTRICTION
mcu-uuid-W-00658-2024,worker-uuid-00658,W-00658,2024,2024-08-13,164.5,66.9,24.7,81.7,123,79,72,93,7.7,204,138,43,184,1.21,54.8,7.1,NON_SMOKER,0.0,True,False,False,False,False,NORMAL,FIT
mcu-uuid-W-00658-2025,worker-uuid-00658,W-00658,2025,2025-04-12,164.5,66.9,24.7,81.2,144,89,76,91,7.5,222,143,44,132,1.33,50.8,5.9,NON_SMOKER,0.0,True,True,False,False,False,NORMAL,FIT_WITH_RESTRICTION
mcu-uuid-W-00658-2026,worker-uuid-00658,W-00658,2026,2026-10-04,164.5,68.2,25.2,85.0,136,89,66,88,7.2,194,105,44,228,0.63,67.2,5.3,NON_SMOKER,0.0,True,False,False,False,False,NORMAL,FIT
mcu-uuid-W-00659-2024,worker-uuid-00659,W-00659,2024,2024-03-18,169.9,68.4,23.7,80.7,147,91,71,87,7.3,205,119,48,134,1.15,81.2,5.6,ACTIVE_SMOKER,7.2,True,True,True,True,False,NORMAL,FIT_WITH_RESTRICTION
mcu-uuid-W-00659-2025,worker-uuid-00659,W-00659,2025,2025-03-02,169.9,68.9,23.9,80.9,115,71,78,97,7.9,218,146,42,86,1.02,83.5,5.4,ACTIVE_SMOKER,7.2,True,False,True,False,False,NORMAL,FIT
mcu-uuid-W-00659-2026,worker-uuid-00659,W-00659,2026,2026-05-25,169.9,67.6,23.4,80.3,124,83,79,125,8.5,185,110,36,55,1.33,74.8,4.8,ACTIVE_SMOKER,7.2,True,False,True,False,False,NORMAL,FIT
mcu-uuid-W-00660-2024,worker-uuid-00660,W-00660,2024,2024-06-24,157.5,72.8,29.3,97.3,146,97,72,91,7.4,258,189,27,86,1.15,76.2,5.6,ACTIVE_SMOKER,21.0,True,True,False,False,True,NORMAL,FIT_WITH_RESTRICTION
mcu-uuid-W-00660-2025,worker-uuid-00660,W-00660,2025,2025-10-25,157.5,72.4,29.2,96.0,159,103,77,104,7.6,247,179,39,68,0.73,85.8,4.8,ACTIVE_SMOKER,21.0,True,True,False,False,True,NORMAL,UNFIT
mcu-uuid-W-00660-2026,worker-uuid-00660,W-00660,2026,2026-03-21,157.5,71.9,29.0,95.9,135,73,86,113,8.1,263,176,52,126,1.09,75.8,5.3,ACTIVE_SMOKER,21.0,True,False,False,False,False,NORMAL,FIT
mcu-uuid-W-00661-2024,worker-uuid-00661,W-00661,2024,2024-11-10,162.2,81.7,31.1,104.5,159,98,79,121,8.3,272,182,63,228,0.63,69.2,6.5,ACTIVE_SMOKER,14.2,True,True,False,True,True,NORMAL,FIT_WITH_RESTRICTION
mcu-uuid-W-00661-2025,worker-uuid-00661,W-00661,2025,2025-07-24,162.2,82.8,31.5,106.4,158,103,86,93,7.3,262,201,41,164,1.03,58.2,6.9,ACTIVE_SMOKER,14.2,True,True,False,True,False,NORMAL,UNFIT
mcu-uuid-W-00661-2026,worker-uuid-00661,W-00661,2026,2026-10-26,162.2,83.0,31.5,105.4,160,98,83,93,7.4,214,137,32,138,1.05,56.8,6.6,ACTIVE_SMOKER,14.2,True,True,False,False,False,NORMAL,UNFIT
mcu-uuid-W-00662-2024,worker-uuid-00662,W-00662,2024,2024-03-27,172.4,76.2,25.6,86.0,122,81,79,132,8.4,207,134,40,170,1.41,52.8,5.4,ACTIVE_SMOKER,14.5,True,False,False,False,False,NORMAL,FIT
mcu-uuid-W-00662-2025,worker-uuid-00662,W-00662,2025,2025-07-20,172.4,76.6,25.8,86.6,141,88,74,130,8.8,177,96,46,79,1.35,53.2,4.8,ACTIVE_SMOKER,14.5,True,True,False,True,False,BORDERLINE,FIT_WITH_RESTRICTION
mcu-uuid-W-00662-2026,worker-uuid-00662,W-00662,2026,2026-08-20,172.4,77.5,26.1,88.6,144,86,89,123,8.5,253,159,53,137,1.3,53.5,4.3,ACTIVE_SMOKER,14.5,True,True,False,False,False,NORMAL,FIT_WITH_RESTRICTION
mcu-uuid-W-00663-2024,worker-uuid-00663,W-00663,2024,2024-04-23,164.5,72.0,26.6,89.5,121,65,61,111,8.1,223,143,56,168,1.16,58.0,6.3,FORMER_SMOKER,6.7,True,False,True,False,False,NORMAL,FIT
mcu-uuid-W-00663-2025,worker-uuid-00663,W-00663,2025,2025-06-23,164.5,73.0,27.0,90.0,137,88,65,110,7.8,190,111,37,94,1.04,60.0,4.9,FORMER_SMOKER,6.7,True,False,True,False,False,NORMAL,FIT
mcu-uuid-W-00663-2026,worker-uuid-00663,W-00663,2026,2026-05-11,164.5,71.2,26.3,86.8,142,91,68,120,8.5,217,140,53,85,1.18,55.5,5.3,FORMER_SMOKER,6.7,True,True,True,False,False,BORDERLINE,FIT_WITH_RESTRICTION
mcu-uuid-W-00664-2024,worker-uuid-00664,W-00664,2024,2024-03-24,182.8,87.9,26.3,87.6,104,66,78,127,8.4,227,142,56,132,1.29,74.8,6.3,NON_SMOKER,0.0,True,False,True,False,False,NORMAL,FIT
mcu-uuid-W-00664-2025,worker-uuid-00664,W-00664,2025,2025-04-14,182.8,88.7,26.5,87.8,121,72,59,107,7.8,165,75,50,190,1.01,80.8,5.8,NON_SMOKER,0.0,True,False,True,False,False,BORDERLINE,FIT
mcu-uuid-W-00664-2026,worker-uuid-00664,W-00664,2026,2026-06-11,182.8,88.6,26.5,88.1,143,88,78,99,7.8,214,149,42,195,0.79,85.2,5.6,NON_SMOKER,0.0,True,True,True,True,False,ABNORMAL,UNFIT
mcu-uuid-W-00665-2024,worker-uuid-00665,W-00665,2024,2024-09-04,169.3,75.5,26.3,87.1,141,82,78,86,7.5,217,146,47,170,0.93,71.8,6.9,ACTIVE_SMOKER,8.7,True,True,False,False,False,NORMAL,FIT_WITH_RESTRICTION
mcu-uuid-W-00665-2025,worker-uuid-00665,W-00665,2025,2025-03-01,169.3,75.3,26.3,86.6,129,75,83,116,8.0,170,77,54,86,0.96,70.0,6.1,ACTIVE_SMOKER,8.7,True,False,False,False,False,NORMAL,FIT
mcu-uuid-W-00665-2026,worker-uuid-00665,W-00665,2026,2026-09-23,169.3,74.5,26.0,87.2,128,79,85,85,7.1,220,142,39,138,0.81,72.8,8.2,ACTIVE_SMOKER,8.7,True,False,False,False,False,NORMAL,FIT
mcu-uuid-W-00666-2024,worker-uuid-00666,W-00666,2024,2024-08-16,182.0,91.4,27.6,91.4,148,92,76,125,8.6,199,138,40,173,1.3,56.5,5.1,ACTIVE_SMOKER,18.7,True,True,False,False,False,NORMAL,FIT_WITH_RESTRICTION
mcu-uuid-W-00666-2025,worker-uuid-00666,W-00666,2025,2025-08-09,182.0,91.2,27.5,93.1,158,98,84,83,7.4,242,156,51,182,0.95,64.2,6.3,ACTIVE_SMOKER,18.7,True,True,False,True,True,BORDERLINE,FIT_WITH_RESTRICTION
mcu-uuid-W-00666-2026,worker-uuid-00666,W-00666,2026,2026-11-24,182.0,94.0,28.4,94.6,140,87,87,112,7.8,204,140,39,114,1.13,58.8,5.9,ACTIVE_SMOKER,18.7,True,True,False,False,False,NORMAL,FIT_WITH_RESTRICTION
mcu-uuid-W-00667-2024,worker-uuid-00667,W-00667,2024,2024-11-20,168.6,82.2,28.9,94.7,143,91,70,102,7.8,218,147,46,116,1.33,57.8,8.3,FORMER_SMOKER,8.6,True,True,True,False,False,NORMAL,FIT_WITH_RESTRICTION
mcu-uuid-W-00667-2025,worker-uuid-00667,W-00667,2025,2025-09-20,168.6,81.7,28.7,96.2,138,90,82,112,8.0,202,117,59,116,0.73,71.8,7.6,FORMER_SMOKER,8.6,True,True,True,False,False,NORMAL,FIT_WITH_RESTRICTION
mcu-uuid-W-00667-2026,worker-uuid-00667,W-00667,2026,2026-03-11,168.6,82.4,29.0,95.0,134,92,71,97,7.5,212,132,50,129,0.93,65.8,7.6,FORMER_SMOKER,8.6,True,True,True,True,False,ABNORMAL,UNFIT
mcu-uuid-W-00668-2024,worker-uuid-00668,W-00668,2024,2024-04-09,169.8,75.6,26.2,87.2,131,87,60,85,7.1,185,105,41,113,1.06,67.5,5.0,NON_SMOKER,0.0,True,False,True,False,False,BORDERLINE,FIT
mcu-uuid-W-00668-2025,worker-uuid-00668,W-00668,2025,2025-08-07,169.8,76.9,26.7,87.8,126,77,61,85,7.1,238,146,54,92,1.04,67.0,4.2,NON_SMOKER,0.0,True,False,True,False,False,BORDERLINE,FIT
mcu-uuid-W-00668-2026,worker-uuid-00668,W-00668,2026,2026-05-26,169.8,78.3,27.2,90.9,142,86,82,113,8.0,179,103,42,170,1.06,65.5,6.4,NON_SMOKER,0.0,True,True,True,False,False,NORMAL,FIT_WITH_RESTRICTION
mcu-uuid-W-00669-2024,worker-uuid-00669,W-00669,2024,2024-09-03,154.9,73.2,30.5,100.8,132,86,79,118,8.3,228,173,35,118,0.62,84.5,3.8,ACTIVE_SMOKER,26.5,True,False,False,False,False,NORMAL,FIT_WITH_RESTRICTION
mcu-uuid-W-00669-2025,worker-uuid-00669,W-00669,2025,2025-07-26,154.9,73.7,30.7,104.2,158,89,79,115,8.2,173,106,26,161,1.1,71.5,6.5,ACTIVE_SMOKER,26.5,True,True,False,False,False,NORMAL,FIT_WITH_RESTRICTION
mcu-uuid-W-00669-2026,worker-uuid-00669,W-00669,2026,2026-03-27,154.9,75.9,31.6,106.8,137,83,70,99,7.8,206,129,43,169,0.93,74.8,3.3,ACTIVE_SMOKER,26.5,True,False,False,False,False,NORMAL,FIT_WITH_RESTRICTION
mcu-uuid-W-00670-2024,worker-uuid-00670,W-00670,2024,2024-11-21,166.6,76.3,27.5,91.6,131,84,73,82,7.0,231,150,45,111,1.44,78.0,6.4,FORMER_SMOKER,4.1,True,False,False,False,False,NORMAL,FIT
mcu-uuid-W-00670-2025,worker-uuid-00670,W-00670,2025,2025-03-12,166.6,76.3,27.5,93.7,99,61,81,93,7.5,225,154,39,149,1.16,84.0,6.3,FORMER_SMOKER,4.1,True,False,False,False,False,NORMAL,FIT
mcu-uuid-W-00670-2026,worker-uuid-00670,W-00670,2026,2026-07-14,166.6,76.4,27.5,92.4,146,94,57,113,7.9,188,100,46,190,1.16,83.0,8.3,FORMER_SMOKER,4.1,True,True,False,False,False,NORMAL,FIT_WITH_RESTRICTION
mcu-uuid-W-00671-2024,worker-uuid-00671,W-00671,2024,2024-03-19,169.5,54.9,19.1,64.4,116,79,60,76,7.2,195,103,57,111,1.09,77.8,7.1,NON_SMOKER,0.0,True,False,False,False,False,NORMAL,FIT
mcu-uuid-W-00671-2025,worker-uuid-00671,W-00671,2025,2025-11-27,169.5,55.3,19.2,67.2,111,68,71,106,8.1,222,149,49,63,0.75,85.2,9.0,NON_SMOKER,0.0,True,False,False,False,False,NORMAL,FIT
mcu-uuid-W-00671-2026,worker-uuid-00671,W-00671,2026,2026-11-06,169.5,57.1,19.9,67.2,127,91,63,101,7.8,170,84,44,55,1.16,74.0,5.3,NON_SMOKER,0.0,True,True,False,True,False,ABNORMAL,UNFIT
mcu-uuid-W-00672-2024,worker-uuid-00672,W-00672,2024,2024-11-03,163.6,77.7,29.0,95.6,126,80,67,110,8.0,242,157,50,140,0.87,87.2,5.5,NON_SMOKER,0.0,True,False,False,False,True,NORMAL,FIT
mcu-uuid-W-00672-2025,worker-uuid-00672,W-00672,2025,2025-04-19,163.6,79.0,29.5,98.5,119,82,64,114,8.3,202,138,39,182,0.57,93.8,2.9,NON_SMOKER,0.0,True,False,False,False,False,NORMAL,FIT
mcu-uuid-W-00672-2026,worker-uuid-00672,W-00672,2026,2026-03-13,163.6,77.9,29.1,98.4,116,74,76,101,7.5,159,77,44,134,1.25,75.8,4.2,NON_SMOKER,0.0,True,False,False,False,False,NORMAL,FIT
mcu-uuid-W-00673-2024,worker-uuid-00673,W-00673,2024,2024-06-28,174.7,94.5,31.0,102.9,149,90,62,82,7.0,225,157,38,78,1.25,74.8,7.8,ACTIVE_SMOKER,22.1,True,True,True,False,False,NORMAL,FIT_WITH_RESTRICTION
mcu-uuid-W-00673-2025,worker-uuid-00673,W-00673,2025,2025-04-18,174.7,95.0,31.1,103.2,146,93,81,114,7.9,230,157,40,132,0.81,84.8,7.1,ACTIVE_SMOKER,22.1,True,True,True,False,False,BORDERLINE,FIT_WITH_RESTRICTION
mcu-uuid-W-00673-2026,worker-uuid-00673,W-00673,2026,2026-09-23,174.7,94.6,31.0,104.6,133,82,79,117,8.1,176,99,56,156,0.69,86.8,5.9,ACTIVE_SMOKER,22.1,True,False,True,False,False,NORMAL,FIT_WITH_RESTRICTION
mcu-uuid-W-00674-2024,worker-uuid-00674,W-00674,2024,2024-10-04,163.2,68.5,25.7,86.5,130,84,93,98,7.4,179,108,51,146,0.84,84.0,4.4,ACTIVE_SMOKER,22.8,True,False,False,False,False,NORMAL,FIT
mcu-uuid-W-00674-2025,worker-uuid-00674,W-00674,2025,2025-09-22,163.2,68.5,25.7,88.1,132,86,78,103,7.7,213,129,48,144,0.95,80.2,5.7,ACTIVE_SMOKER,22.8,True,False,False,False,False,NORMAL,FIT
mcu-uuid-W-00674-2026,worker-uuid-00674,W-00674,2026,2026-06-02,163.2,71.2,26.7,89.9,133,85,82,83,7.2,241,168,45,213,1.13,74.8,7.3,ACTIVE_SMOKER,22.8,True,False,False,False,True,NORMAL,FIT
mcu-uuid-W-00675-2024,worker-uuid-00675,W-00675,2024,2024-11-28,163.3,72.9,27.3,92.4,104,66,78,125,8.2,219,134,44,152,0.74,85.5,4.8,FORMER_SMOKER,4.8,True,False,False,False,False,BORDERLINE,FIT
mcu-uuid-W-00675-2025,worker-uuid-00675,W-00675,2025,2025-05-06,163.3,72.7,27.3,89.9,126,69,68,103,7.7,213,136,55,137,1.05,76.8,6.0,FORMER_SMOKER,4.8,True,False,False,False,False,NORMAL,FIT
mcu-uuid-W-00675-2026,worker-uuid-00675,W-00675,2026,2026-03-16,163.3,75.3,28.2,92.7,121,76,78,87,7.4,287,192,62,165,1.17,72.8,3.8,FORMER_SMOKER,4.8,True,False,False,False,False,NORMAL,FIT
mcu-uuid-W-00676-2024,worker-uuid-00676,W-00676,2024,2024-09-07,174.9,52.6,17.2,59.8,114,75,91,107,7.7,195,121,53,156,0.95,72.2,4.6,FORMER_SMOKER,3.5,True,False,False,False,False,NORMAL,FIT
mcu-uuid-W-00676-2025,worker-uuid-00676,W-00676,2025,2025-10-05,174.9,52.3,17.1,60.5,118,70,58,105,7.7,223,140,51,157,0.91,72.2,7.1,FORMER_SMOKER,3.5,True,False,False,False,False,NORMAL,FIT
mcu-uuid-W-00676-2026,worker-uuid-00676,W-00676,2026,2026-08-02,174.9,55.1,18.0,61.0,141,95,78,83,7.3,207,129,46,136,0.99,69.2,7.1,FORMER_SMOKER,3.5,True,True,False,True,False,ABNORMAL,UNFIT
mcu-uuid-W-00677-2024,worker-uuid-00677,W-00677,2024,2024-11-19,163.2,73.9,27.7,91.9,138,85,72,97,7.8,180,102,44,213,0.89,81.8,5.3,NON_SMOKER,0.0,True,False,False,False,False,NORMAL,FIT
mcu-uuid-W-00677-2025,worker-uuid-00677,W-00677,2025,2025-05-17,163.2,74.6,28.0,93.8,137,81,68,108,8.1,225,154,39,99,0.86,81.5,7.1,NON_SMOKER,0.0,True,False,False,False,False,NORMAL,FIT
mcu-uuid-W-00677-2026,worker-uuid-00677,W-00677,2026,2026-08-15,163.2,76.6,28.8,96.1,136,94,68,97,7.5,188,119,49,139,1.04,76.0,5.6,NON_SMOKER,0.0,True,True,False,False,False,NORMAL,FIT_WITH_RESTRICTION
mcu-uuid-W-00678-2024,worker-uuid-00678,W-00678,2024,2024-05-16,167.7,79.1,28.1,92.6,137,82,76,107,8.0,182,100,46,154,0.96,79.0,8.2,ACTIVE_SMOKER,15.5,True,False,False,False,False,NORMAL,FIT
mcu-uuid-W-00678-2025,worker-uuid-00678,W-00678,2025,2025-10-24,167.7,79.1,28.1,93.4,163,98,75,94,7.5,214,145,34,133,0.93,78.8,4.9,ACTIVE_SMOKER,15.5,True,True,False,True,False,BORDERLINE,UNFIT
mcu-uuid-W-00678-2026,worker-uuid-00678,W-00678,2026,2026-10-05,167.7,79.4,28.2,93.2,151,102,81,128,8.7,179,108,45,154,1.34,67.5,6.7,ACTIVE_SMOKER,15.5,True,True,False,True,False,ABNORMAL,UNFIT
mcu-uuid-W-00679-2024,worker-uuid-00679,W-00679,2024,2024-04-11,151.4,61.3,26.7,88.9,151,95,67,80,7.2,208,139,44,222,0.97,85.8,4.8,ACTIVE_SMOKER,14.8,True,True,True,True,False,NORMAL,FIT_WITH_RESTRICTION
mcu-uuid-W-00679-2025,worker-uuid-00679,W-00679,2025,2025-11-13,151.4,61.5,26.8,90.2,137,93,68,104,8.0,223,138,40,96,1.05,82.8,7.0,ACTIVE_SMOKER,14.8,True,True,True,True,False,NORMAL,FIT_WITH_RESTRICTION
mcu-uuid-W-00679-2026,worker-uuid-00679,W-00679,2026,2026-11-05,151.4,62.9,27.4,93.1,157,96,80,95,7.4,193,106,52,120,0.56,94.0,4.8,ACTIVE_SMOKER,14.8,True,True,True,False,False,NORMAL,FIT_WITH_RESTRICTION
mcu-uuid-W-00680-2024,worker-uuid-00680,W-00680,2024,2024-03-14,159.2,70.2,27.7,91.7,128,80,75,97,7.8,250,172,53,96,0.88,75.0,5.0,NON_SMOKER,0.0,True,False,False,False,False,NORMAL,FIT
mcu-uuid-W-00680-2025,worker-uuid-00680,W-00680,2025,2025-07-27,159.2,69.9,27.6,91.2,133,88,78,89,7.3,226,128,53,98,0.7,78.5,4.2,NON_SMOKER,0.0,True,False,False,False,False,NORMAL,FIT
mcu-uuid-W-00680-2026,worker-uuid-00680,W-00680,2026,2026-03-15,159.2,69.9,27.6,92.4,131,78,65,105,7.9,228,142,51,182,1.07,68.2,4.3,NON_SMOKER,0.0,True,False,False,False,False,NORMAL,FIT
mcu-uuid-W-00681-2024,worker-uuid-00681,W-00681,2024,2024-10-15,153.5,66.0,28.0,93.8,146,95,58,100,7.9,188,108,46,135,0.9,79.5,4.6,NON_SMOKER,0.0,True,True,False,False,False,NORMAL,FIT_WITH_RESTRICTION
mcu-uuid-W-00681-2025,worker-uuid-00681,W-00681,2025,2025-06-08,153.5,66.8,28.4,96.6,123,77,86,94,7.7,231,155,52,118,0.5,88.5,4.2,NON_SMOKER,0.0,True,False,False,False,False,NORMAL,FIT
mcu-uuid-W-00681-2026,worker-uuid-00681,W-00681,2026,2026-03-01,153.5,68.0,28.9,96.4,127,78,69,127,8.4,227,143,39,116,0.89,77.8,5.1,NON_SMOKER,0.0,True,False,False,False,False,NORMAL,FIT
mcu-uuid-W-00682-2024,worker-uuid-00682,W-00682,2024,2024-05-25,172.4,86.0,28.9,95.5,139,86,59,122,8.5,209,125,48,143,1.02,64.5,6.3,NON_SMOKER,0.0,True,False,True,False,False,NORMAL,FIT
mcu-uuid-W-00682-2025,worker-uuid-00682,W-00682,2025,2025-05-16,172.4,86.0,28.9,97.0,123,83,69,107,7.8,213,127,41,127,1.1,61.5,5.7,NON_SMOKER,0.0,True,False,True,False,False,NORMAL,FIT
mcu-uuid-W-00682-2026,worker-uuid-00682,W-00682,2026,2026-06-07,172.4,85.7,28.8,95.7,148,90,73,87,7.3,206,137,39,88,0.72,70.0,6.6,NON_SMOKER,0.0,True,True,True,True,False,BORDERLINE,FIT_WITH_RESTRICTION
mcu-uuid-W-00683-2024,worker-uuid-00683,W-00683,2024,2024-09-02,164.3,70.8,26.2,86.6,109,75,72,69,6.7,230,162,48,159,1.25,84.8,5.8,NON_SMOKER,0.0,True,False,False,False,False,NORMAL,FIT
mcu-uuid-W-00683-2025,worker-uuid-00683,W-00683,2025,2025-09-20,164.3,71.0,26.3,89.9,114,73,68,117,8.3,183,105,58,180,1.19,85.2,5.0,NON_SMOKER,0.0,True,False,False,False,False,NORMAL,FIT
mcu-uuid-W-00683-2026,worker-uuid-00683,W-00683,2026,2026-10-25,164.3,72.4,26.8,90.3,134,79,72,105,7.7,182,103,43,136,0.92,91.0,7.9,NON_SMOKER,0.0,True,False,False,False,False,NORMAL,FIT
mcu-uuid-W-00684-2024,worker-uuid-00684,W-00684,2024,2024-04-03,174.4,71.7,23.6,79.2,129,78,78,127,8.3,201,126,50,68,0.86,65.5,5.0,NON_SMOKER,0.0,True,False,False,False,False,BORDERLINE,FIT
mcu-uuid-W-00684-2025,worker-uuid-00684,W-00684,2025,2025-08-22,174.4,71.7,23.6,81.3,137,85,57,90,7.5,184,92,52,200,1.36,52.0,7.2,NON_SMOKER,0.0,True,False,False,False,False,NORMAL,FIT
mcu-uuid-W-00684-2026,worker-uuid-00684,W-00684,2026,2026-03-25,174.4,71.9,23.6,78.8,128,76,65,106,8.0,248,168,55,139,0.85,63.8,7.3,NON_SMOKER,0.0,True,False,False,False,False,NORMAL,FIT
mcu-uuid-W-00685-2024,worker-uuid-00685,W-00685,2024,2024-08-14,169.4,81.0,28.2,95.1,115,76,62,100,7.9,201,121,47,133,0.71,101.2,6.6,NON_SMOKER,0.0,True,False,False,False,False,NORMAL,FIT
mcu-uuid-W-00685-2025,worker-uuid-00685,W-00685,2025,2025-09-25,169.4,81.2,28.3,96.3,125,76,78,98,7.7,200,120,45,166,1.15,89.2,5.6,NON_SMOKER,0.0,True,False,False,False,False,NORMAL,FIT
mcu-uuid-W-00685-2026,worker-uuid-00685,W-00685,2026,2026-10-16,169.4,81.9,28.5,94.4,140,80,69,119,8.1,209,138,36,120,1.25,85.8,5.9,NON_SMOKER,0.0,True,True,False,True,False,ABNORMAL,UNFIT
mcu-uuid-W-00686-2024,worker-uuid-00686,W-00686,2024,2024-05-14,166.1,62.5,22.7,76.5,106,65,74,75,6.9,179,92,56,169,0.8,99.0,7.6,NON_SMOKER,0.0,True,False,False,False,False,NORMAL,FIT
mcu-uuid-W-00686-2025,worker-uuid-00686,W-00686,2025,2025-08-21,166.1,62.8,22.8,76.5,101,70,68,102,7.8,177,100,32,187,1.14,89.5,7.1,NON_SMOKER,0.0,True,False,False,False,False,BORDERLINE,FIT
mcu-uuid-W-00686-2026,worker-uuid-00686,W-00686,2026,2026-07-27,166.1,63.7,23.1,77.6,119,71,92,90,7.6,235,130,61,132,1.48,80.0,6.9,NON_SMOKER,0.0,True,False,False,False,False,NORMAL,FIT
mcu-uuid-W-00687-2024,worker-uuid-00687,W-00687,2024,2024-06-20,168.0,71.3,25.3,83.2,128,84,59,113,8.2,223,150,44,110,1.14,86.5,6.2,NON_SMOKER,0.0,True,False,False,False,False,NORMAL,FIT
mcu-uuid-W-00687-2025,worker-uuid-00687,W-00687,2025,2025-03-01,168.0,71.6,25.4,85.6,111,67,68,71,6.7,170,78,58,137,1.05,87.8,7.8,NON_SMOKER,0.0,True,False,False,False,False,NORMAL,FIT
mcu-uuid-W-00687-2026,worker-uuid-00687,W-00687,2026,2026-08-03,168.0,74.1,26.3,88.2,127,75,87,97,7.4,202,109,49,196,0.85,91.8,5.6,NON_SMOKER,0.0,True,False,False,False,False,NORMAL,FIT
mcu-uuid-W-00688-2024,worker-uuid-00688,W-00688,2024,2024-05-07,171.3,74.2,25.3,86.3,138,88,73,83,7.1,254,163,56,153,0.77,69.8,6.7,NON_SMOKER,0.0,True,False,False,False,False,NORMAL,FIT
mcu-uuid-W-00688-2025,worker-uuid-00688,W-00688,2025,2025-11-09,171.3,75.2,25.6,84.7,124,85,74,69,6.9,205,139,39,125,0.91,65.2,5.2,NON_SMOKER,0.0,True,False,False,False,False,NORMAL,FIT
mcu-uuid-W-00688-2026,worker-uuid-00688,W-00688,2026,2026-11-27,171.3,74.9,25.5,86.3,136,89,77,96,7.7,175,78,59,151,1.47,50.2,6.2,NON_SMOKER,0.0,True,False,False,False,False,BORDERLINE,FIT
mcu-uuid-W-00689-2024,worker-uuid-00689,W-00689,2024,2024-07-17,168.0,74.7,26.5,89.0,138,92,66,105,8.0,225,147,50,79,0.84,77.0,7.6,NON_SMOKER,0.0,True,True,False,False,False,NORMAL,FIT_WITH_RESTRICTION
mcu-uuid-W-00689-2025,worker-uuid-00689,W-00689,2025,2025-08-22,168.0,74.5,26.4,89.8,131,82,76,92,7.7,220,145,53,230,0.59,82.2,5.5,NON_SMOKER,0.0,True,False,False,False,False,NORMAL,FIT
mcu-uuid-W-00689-2026,worker-uuid-00689,W-00689,2026,2026-04-19,168.0,76.0,26.9,91.9,122,79,81,117,8.3,203,128,37,177,1.14,67.5,5.6,NON_SMOKER,0.0,True,False,False,False,False,NORMAL,FIT
mcu-uuid-W-00690-2024,worker-uuid-00690,W-00690,2024,2024-08-06,166.5,57.1,20.6,68.9,121,76,85,72,6.9,216,148,44,135,1.3,74.5,5.2,NON_SMOKER,0.0,True,False,False,False,False,NORMAL,FIT
mcu-uuid-W-00690-2025,worker-uuid-00690,W-00690,2025,2025-03-04,166.5,57.8,20.8,69.4,116,70,65,100,7.7,210,149,41,88,1.03,80.2,5.8,NON_SMOKER,0.0,True,False,False,False,False,BORDERLINE,FIT
mcu-uuid-W-00690-2026,worker-uuid-00690,W-00690,2026,2026-07-01,166.5,56.6,20.4,68.9,132,83,78,96,7.8,200,113,42,126,1.01,79.8,5.1,NON_SMOKER,0.0,True,False,False,False,False,BORDERLINE,FIT
mcu-uuid-W-00691-2024,worker-uuid-00691,W-00691,2024,2024-09-02,163.9,65.4,24.3,80.5,116,70,73,117,8.4,223,150,46,177,1.09,84.8,6.4,ACTIVE_SMOKER,26.5,True,False,False,False,False,NORMAL,FIT
mcu-uuid-W-00691-2025,worker-uuid-00691,W-00691,2025,2025-09-05,163.9,66.5,24.8,82.7,133,83,72,80,7.4,211,140,47,218,1.39,76.2,3.9,ACTIVE_SMOKER,26.5,True,False,False,False,False,NORMAL,FIT
mcu-uuid-W-00691-2026,worker-uuid-00691,W-00691,2026,2026-04-26,163.9,65.1,24.2,83.4,149,96,99,99,7.7,185,101,52,214,1.1,82.5,7.0,ACTIVE_SMOKER,26.5,True,True,False,False,False,NORMAL,FIT_WITH_RESTRICTION
mcu-uuid-W-00692-2024,worker-uuid-00692,W-00692,2024,2024-10-05,166.0,70.8,25.7,87.6,143,87,81,115,8.2,176,111,43,114,1.04,71.0,5.7,ACTIVE_SMOKER,11.1,True,True,False,False,False,NORMAL,FIT_WITH_RESTRICTION
mcu-uuid-W-00692-2025,worker-uuid-00692,W-00692,2025,2025-08-12,166.0,71.5,25.9,87.8,131,74,66,118,8.0,226,128,58,157,1.11,68.2,6.9,ACTIVE_SMOKER,11.1,True,False,False,False,False,NORMAL,FIT
mcu-uuid-W-00692-2026,worker-uuid-00692,W-00692,2026,2026-11-05,166.0,71.1,25.8,85.6,129,81,77,111,8.0,211,126,42,187,0.79,75.2,6.9,ACTIVE_SMOKER,11.1,True,False,False,False,False,NORMAL,FIT
mcu-uuid-W-00693-2024,worker-uuid-00693,W-00693,2024,2024-04-03,167.0,75.7,27.1,90.3,107,65,65,90,7.4,233,153,43,133,1.23,69.2,7.0,NON_SMOKER,0.0,True,False,False,False,False,NORMAL,FIT
mcu-uuid-W-00693-2025,worker-uuid-00693,W-00693,2025,2025-03-23,167.0,76.2,27.3,91.8,117,74,69,107,7.8,117,55,51,144,0.69,81.8,4.8,NON_SMOKER,0.0,True,False,False,False,False,BORDERLINE,FIT
mcu-uuid-W-00693-2026,worker-uuid-00693,W-00693,2026,2026-03-21,167.0,75.9,27.2,90.7,122,75,84,81,7.4,261,163,61,148,1.25,66.8,5.4,NON_SMOKER,0.0,True,False,False,False,False,NORMAL,FIT
mcu-uuid-W-00694-2024,worker-uuid-00694,W-00694,2024,2024-08-01,166.0,67.6,24.5,82.5,131,76,96,112,8.3,156,75,38,116,1.27,70.2,5.9,ACTIVE_SMOKER,19.1,True,False,False,False,False,NORMAL,FIT
mcu-uuid-W-00694-2025,worker-uuid-00694,W-00694,2025,2025-03-05,166.0,68.5,24.9,83.2,134,82,73,103,7.6,202,126,40,136,1.01,75.8,5.2,ACTIVE_SMOKER,19.1,True,False,False,False,False,NORMAL,FIT
mcu-uuid-W-00694-2026,worker-uuid-00694,W-00694,2026,2026-11-27,166.0,69.2,25.1,84.4,140,86,105,83,7.2,186,118,42,89,0.89,77.8,6.9,ACTIVE_SMOKER,19.1,True,True,False,False,False,NORMAL,FIT_WITH_RESTRICTION
mcu-uuid-W-00695-2024,worker-uuid-00695,W-00695,2024,2024-06-14,160.5,69.9,27.1,89.4,133,83,78,117,8.1,253,190,30,79,1.1,82.5,4.5,ACTIVE_SMOKER,8.2,True,False,True,False,False,NORMAL,FIT
mcu-uuid-W-00695-2025,worker-uuid-00695,W-00695,2025,2025-06-11,160.5,70.8,27.5,92.6,131,83,77,98,7.8,229,157,49,111,1.24,78.0,6.5,ACTIVE_SMOKER,8.2,True,False,True,False,False,NORMAL,FIT
mcu-uuid-W-00695-2026,worker-uuid-00695,W-00695,2026,2026-03-25,160.5,69.0,26.8,91.0,130,84,75,135,8.5,193,116,46,183,0.89,85.8,5.6,ACTIVE_SMOKER,8.2,True,False,True,False,False,NORMAL,FIT
mcu-uuid-W-00696-2024,worker-uuid-00696,W-00696,2024,2024-03-28,179.2,77.0,24.0,79.7,131,87,88,84,7.5,237,143,51,80,1.07,78.2,6.3,ACTIVE_SMOKER,24.7,True,False,False,False,False,BORDERLINE,FIT
mcu-uuid-W-00696-2025,worker-uuid-00696,W-00696,2025,2025-11-04,179.2,77.9,24.3,81.9,148,92,90,120,8.1,210,148,37,205,1.21,73.8,4.5,ACTIVE_SMOKER,24.7,True,True,False,False,False,NORMAL,FIT_WITH_RESTRICTION
mcu-uuid-W-00696-2026,worker-uuid-00696,W-00696,2026,2026-04-04,179.2,76.1,23.7,79.6,144,85,66,103,7.9,144,66,37,175,1.1,75.5,6.7,ACTIVE_SMOKER,24.7,True,True,False,False,False,NORMAL,FIT_WITH_RESTRICTION
mcu-uuid-W-00697-2024,worker-uuid-00697,W-00697,2024,2024-09-05,165.5,76.8,28.0,94.5,136,88,73,108,7.8,230,151,44,149,1.01,82.8,7.8,ACTIVE_SMOKER,15.9,True,False,False,False,False,NORMAL,FIT
mcu-uuid-W-00697-2025,worker-uuid-00697,W-00697,2025,2025-10-09,165.5,77.2,28.2,94.1,139,86,77,98,7.8,234,163,37,104,0.9,84.5,6.5,ACTIVE_SMOKER,15.9,True,False,False,False,True,NORMAL,FIT
mcu-uuid-W-00697-2026,worker-uuid-00697,W-00697,2026,2026-05-26,165.5,79.1,28.9,96.6,136,84,92,115,7.9,238,150,47,103,1.16,77.0,7.9,ACTIVE_SMOKER,15.9,True,False,False,False,False,NORMAL,FIT
mcu-uuid-W-00698-2024,worker-uuid-00698,W-00698,2024,2024-11-15,175.5,81.8,26.6,88.2,133,90,77,123,8.3,197,127,33,180,1.02,80.5,6.9,ACTIVE_SMOKER,27.9,True,True,False,False,False,NORMAL,FIT_WITH_RESTRICTION
mcu-uuid-W-00698-2025,worker-uuid-00698,W-00698,2025,2025-10-05,175.5,81.9,26.6,89.7,140,83,71,102,7.8,241,169,39,172,1.15,76.2,5.6,ACTIVE_SMOKER,27.9,True,True,False,False,False,NORMAL,FIT_WITH_RESTRICTION
mcu-uuid-W-00698-2026,worker-uuid-00698,W-00698,2026,2026-10-25,175.5,81.3,26.4,89.9,138,88,84,110,8.1,179,107,49,118,0.8,84.0,7.0,ACTIVE_SMOKER,27.9,True,False,False,False,False,NORMAL,FIT
mcu-uuid-W-00699-2024,worker-uuid-00699,W-00699,2024,2024-04-06,155.3,59.6,24.7,82.8,134,88,64,103,7.6,206,127,44,131,0.97,64.8,6.8,NON_SMOKER,0.0,True,False,True,False,False,NORMAL,FIT
mcu-uuid-W-00699-2025,worker-uuid-00699,W-00699,2025,2025-11-19,155.3,59.6,24.7,84.9,121,79,88,95,7.6,236,177,35,126,0.79,68.2,5.1,NON_SMOKER,0.0,True,False,True,False,False,NORMAL,FIT
mcu-uuid-W-00699-2026,worker-uuid-00699,W-00699,2026,2026-03-17,155.3,61.4,25.5,86.7,143,81,69,104,7.8,203,126,53,122,1.09,59.8,6.3,NON_SMOKER,0.0,True,True,True,False,False,NORMAL,FIT_WITH_RESTRICTION
mcu-uuid-W-00700-2024,worker-uuid-00700,W-00700,2024,2024-04-08,145.6,64.5,30.4,101.9,150,95,79,106,7.7,226,140,51,196,1.2,62.0,4.6,NON_SMOKER,0.0,True,True,False,True,False,NORMAL,FIT_WITH_RESTRICTION
mcu-uuid-W-00700-2025,worker-uuid-00700,W-00700,2025,2025-06-27,145.6,64.8,30.6,100.4,142,91,81,83,7.4,179,103,49,210,0.68,74.0,5.1,NON_SMOKER,0.0,True,True,False,False,False,NORMAL,FIT_WITH_RESTRICTION
mcu-uuid-W-00700-2026,worker-uuid-00700,W-00700,2026,2026-05-18,145.6,66.0,31.1,102.5,143,86,83,78,7.1,220,148,46,182,0.82,69.5,4.4,NON_SMOKER,0.0,True,True,False,True,False,BORDERLINE,FIT_WITH_RESTRICTION
mcu-uuid-W-00701-2024,worker-uuid-00701,W-00701,2024,2024-06-24,185.4,77.4,22.5,75.9,132,82,61,117,8.0,218,134,56,105,1.12,69.0,5.3,FORMER_SMOKER,6.7,True,False,False,False,False,NORMAL,FIT
mcu-uuid-W-00701-2025,worker-uuid-00701,W-00701,2025,2025-05-26,185.4,78.5,22.8,78.3,123,74,79,80,7.1,191,129,39,159,0.86,74.5,5.8,FORMER_SMOKER,6.7,True,False,False,False,False,NORMAL,FIT
mcu-uuid-W-00701-2026,worker-uuid-00701,W-00701,2026,2026-04-26,185.4,76.9,22.4,77.0,129,86,55,77,7.1,226,155,48,194,1.42,59.5,7.4,FORMER_SMOKER,6.7,True,False,False,False,False,NORMAL,FIT
mcu-uuid-W-00702-2024,worker-uuid-00702,W-00702,2024,2024-08-06,163.9,47.9,17.8,61.2,111,69,62,93,7.5,236,168,41,143,0.93,87.8,5.1,ACTIVE_SMOKER,20.7,True,False,False,False,False,NORMAL,FIT
mcu-uuid-W-00702-2025,worker-uuid-00702,W-00702,2025,2025-09-16,163.9,49.2,18.3,64.3,121,79,72,95,7.4,232,163,45,112,0.95,86.2,5.5,ACTIVE_SMOKER,20.7,True,False,False,False,False,NORMAL,FIT
mcu-uuid-W-00702-2026,worker-uuid-00702,W-00702,2026,2026-05-17,163.9,47.5,17.7,59.5,124,70,87,117,8.4,210,141,37,114,0.98,84.5,6.3,ACTIVE_SMOKER,20.7,True,False,False,False,False,NORMAL,FIT
mcu-uuid-W-00703-2024,worker-uuid-00703,W-00703,2024,2024-11-24,164.7,67.6,24.9,85.0,124,81,70,84,7.4,176,96,38,111,1.38,65.5,4.6,NON_SMOKER,0.0,True,False,False,False,False,NORMAL,FIT
mcu-uuid-W-00703-2025,worker-uuid-00703,W-00703,2025,2025-10-18,164.7,67.3,24.8,83.7,136,87,70,91,7.6,186,103,62,90,1.08,72.0,8.0,NON_SMOKER,0.0,True,False,False,False,False,NORMAL,FIT
mcu-uuid-W-00703-2026,worker-uuid-00703,W-00703,2026,2026-10-09,164.7,68.6,25.3,85.4,120,72,55,116,8.2,242,172,39,83,0.77,78.8,7.0,NON_SMOKER,0.0,True,False,False,False,False,NORMAL,FIT
mcu-uuid-W-00704-2024,worker-uuid-00704,W-00704,2024,2024-10-18,169.4,83.8,29.2,98.5,163,104,76,91,7.6,240,145,54,170,0.79,85.2,5.9,ACTIVE_SMOKER,8.5,True,True,False,True,False,BORDERLINE,UNFIT
mcu-uuid-W-00704-2025,worker-uuid-00704,W-00704,2025,2025-06-15,169.4,83.5,29.1,97.3,152,96,88,98,7.5,206,135,45,116,0.94,80.5,6.4,ACTIVE_SMOKER,8.5,True,True,False,False,False,NORMAL,FIT_WITH_RESTRICTION
mcu-uuid-W-00704-2026,worker-uuid-00704,W-00704,2026,2026-08-09,169.4,84.1,29.3,99.1,135,77,90,110,7.8,175,107,46,154,1.1,75.5,6.6,ACTIVE_SMOKER,8.5,True,False,False,False,False,NORMAL,FIT
mcu-uuid-W-00705-2024,worker-uuid-00705,W-00705,2024,2024-05-07,152.5,47.1,20.3,69.4,148,88,77,92,7.6,170,84,47,78,1.32,80.0,4.7,ACTIVE_SMOKER,16.3,True,True,False,False,False,NORMAL,FIT_WITH_RESTRICTION
mcu-uuid-W-00705-2025,worker-uuid-00705,W-00705,2025,2025-10-09,152.5,48.3,20.8,72.4,135,84,73,81,7.1,236,140,55,171,0.72,94.0,4.7,ACTIVE_SMOKER,16.3,True,False,False,False,False,NORMAL,FIT
mcu-uuid-W-00705-2026,worker-uuid-00705,W-00705,2026,2026-06-11,152.5,48.6,20.9,71.2,112,70,91,97,7.7,189,112,44,127,0.99,86.2,3.9,ACTIVE_SMOKER,16.3,True,False,False,False,False,NORMAL,FIT
mcu-uuid-W-00706-2024,worker-uuid-00706,W-00706,2024,2024-06-26,165.9,69.0,25.1,84.7,107,69,78,85,7.3,290,207,49,114,1.19,72.2,6.8,NON_SMOKER,0.0,True,False,False,False,True,NORMAL,FIT
mcu-uuid-W-00706-2025,worker-uuid-00706,W-00706,2025,2025-09-03,165.9,69.5,25.3,83.7,131,82,73,82,7.1,196,138,38,55,0.74,82.5,7.5,NON_SMOKER,0.0,True,False,False,False,False,NORMAL,FIT
mcu-uuid-W-00706-2026,worker-uuid-00706,W-00706,2026,2026-09-23,165.9,69.2,25.1,82.5,130,84,65,89,7.4,200,110,51,82,1.14,71.5,5.3,NON_SMOKER,0.0,True,False,False,False,False,BORDERLINE,FIT
mcu-uuid-W-00707-2024,worker-uuid-00707,W-00707,2024,2024-06-19,166.7,61.7,22.2,76.0,101,67,83,96,7.6,205,143,34,139,0.77,90.8,7.0,NON_SMOKER,0.0,True,False,False,False,False,NORMAL,FIT
mcu-uuid-W-00707-2025,worker-uuid-00707,W-00707,2025,2025-06-25,166.7,61.9,22.3,74.7,108,66,77,72,6.9,200,124,53,105,0.85,87.8,5.4,NON_SMOKER,0.0,True,False,False,False,False,NORMAL,FIT
mcu-uuid-W-00707-2026,worker-uuid-00707,W-00707,2026,2026-11-10,166.7,63.7,22.9,79.1,122,73,72,125,8.2,220,133,51,192,0.73,89.8,5.6,NON_SMOKER,0.0,True,False,False,False,False,NORMAL,FIT
mcu-uuid-W-00708-2024,worker-uuid-00708,W-00708,2024,2024-11-02,165.0,69.7,25.6,84.0,131,81,73,106,8.0,221,135,50,130,0.65,83.8,4.6,FORMER_SMOKER,14.0,True,False,False,False,False,BORDERLINE,FIT
mcu-uuid-W-00708-2025,worker-uuid-00708,W-00708,2025,2025-09-21,165.0,70.7,26.0,86.7,137,89,73,88,7.4,226,161,38,87,0.9,76.5,6.3,FORMER_SMOKER,14.0,True,False,False,False,True,NORMAL,FIT
mcu-uuid-W-00708-2026,worker-uuid-00708,W-00708,2026,2026-07-21,165.0,72.2,26.5,90.0,135,86,67,113,8.2,182,85,53,173,1.04,72.0,6.7,FORMER_SMOKER,14.0,True,False,False,False,False,NORMAL,FIT
mcu-uuid-W-00709-2024,worker-uuid-00709,W-00709,2024,2024-03-13,154.0,76.5,32.3,107.1,140,89,75,122,8.3,245,170,48,201,0.78,87.5,4.7,NON_SMOKER,0.0,True,True,False,False,False,NORMAL,FIT_WITH_RESTRICTION
mcu-uuid-W-00709-2025,worker-uuid-00709,W-00709,2025,2025-11-10,154.0,76.5,32.3,108.6,132,82,64,104,7.6,183,106,54,177,0.91,83.2,6.7,NON_SMOKER,0.0,True,False,False,False,False,NORMAL,FIT_WITH_RESTRICTION
mcu-uuid-W-00709-2026,worker-uuid-00709,W-00709,2026,2026-10-05,154.0,78.9,33.3,110.0,147,95,76,131,8.7,248,163,45,198,1.1,77.5,3.5,NON_SMOKER,0.0,True,True,False,False,False,NORMAL,FIT_WITH_RESTRICTION
mcu-uuid-W-00710-2024,worker-uuid-00710,W-00710,2024,2024-11-03,162.7,61.6,23.3,77.4,113,73,69,103,7.6,193,84,67,108,1.0,87.0,5.3,NON_SMOKER,0.0,True,False,True,False,False,BORDERLINE,FIT
mcu-uuid-W-00710-2025,worker-uuid-00710,W-00710,2025,2025-08-10,162.7,61.7,23.3,80.1,116,69,63,104,7.7,221,123,65,141,1.01,85.8,6.9,NON_SMOKER,0.0,True,False,True,False,False,BORDERLINE,FIT
mcu-uuid-W-00710-2026,worker-uuid-00710,W-00710,2026,2026-11-12,162.7,62.6,23.6,78.6,109,67,70,88,7.6,182,94,48,135,1.08,83.0,6.2,NON_SMOKER,0.0,True,False,True,False,False,NORMAL,FIT
mcu-uuid-W-00711-2024,worker-uuid-00711,W-00711,2024,2024-09-11,165.7,75.5,27.5,93.0,135,92,67,86,7.3,237,157,41,84,1.29,69.8,5.5,ACTIVE_SMOKER,9.9,True,True,False,False,False,NORMAL,FIT_WITH_RESTRICTION
mcu-uuid-W-00711-2025,worker-uuid-00711,W-00711,2025,2025-09-15,165.7,75.4,27.5,93.9,128,80,59,91,7.4,184,99,59,102,0.99,76.2,7.9,ACTIVE_SMOKER,9.9,True,False,False,False,False,BORDERLINE,FIT
mcu-uuid-W-00711-2026,worker-uuid-00711,W-00711,2026,2026-08-05,165.7,76.4,27.8,91.9,152,101,76,111,8.2,224,138,45,133,1.08,73.0,5.9,ACTIVE_SMOKER,9.9,True,True,False,False,False,NORMAL,UNFIT
mcu-uuid-W-00712-2024,worker-uuid-00712,W-00712,2024,2024-09-15,171.0,69.1,23.6,81.1,117,76,76,93,7.6,205,116,55,129,1.17,61.8,5.7,ACTIVE_SMOKER,8.6,True,False,False,False,False,NORMAL,FIT
mcu-uuid-W-00712-2025,worker-uuid-00712,W-00712,2025,2025-04-22,171.0,70.3,24.0,79.1,133,88,80,97,7.8,233,144,49,222,1.13,61.8,6.0,ACTIVE_SMOKER,8.6,True,False,False,False,False,NORMAL,FIT
mcu-uuid-W-00712-2026,worker-uuid-00712,W-00712,2026,2026-10-08,171.0,70.5,24.1,82.4,140,89,68,102,8.0,209,144,37,109,1.26,57.5,7.1,ACTIVE_SMOKER,8.6,True,True,False,True,False,BORDERLINE,FIT_WITH_RESTRICTION
mcu-uuid-W-00713-2024,worker-uuid-00713,W-00713,2024,2024-08-20,166.0,64.6,23.4,78.5,121,80,89,110,7.9,243,155,58,172,1.01,89.8,4.7,NON_SMOKER,0.0,True,False,False,False,False,NORMAL,FIT
mcu-uuid-W-00713-2025,worker-uuid-00713,W-00713,2025,2025-03-18,166.0,65.4,23.7,81.4,122,81,71,105,7.7,217,149,42,73,1.19,84.2,8.6,NON_SMOKER,0.0,True,False,False,False,False,NORMAL,FIT
mcu-uuid-W-00713-2026,worker-uuid-00713,W-00713,2026,2026-08-08,166.0,65.9,23.9,80.1,123,76,63,87,7.5,185,103,56,109,1.02,87.5,6.3,NON_SMOKER,0.0,True,False,False,False,False,NORMAL,FIT
mcu-uuid-W-00714-2024,worker-uuid-00714,W-00714,2024,2024-05-19,167.8,70.3,25.0,84.0,125,79,70,92,7.5,221,137,51,164,1.01,74.8,4.8,ACTIVE_SMOKER,24.1,True,False,False,False,False,NORMAL,FIT
mcu-uuid-W-00714-2025,worker-uuid-00714,W-00714,2025,2025-05-15,167.8,70.9,25.2,83.5,133,81,65,106,8.0,144,68,49,139,1.13,70.8,6.0,ACTIVE_SMOKER,24.1,True,False,False,False,False,NORMAL,FIT
mcu-uuid-W-00714-2026,worker-uuid-00714,W-00714,2026,2026-03-26,167.8,69.6,24.7,84.4,147,92,73,97,7.7,192,119,52,116,0.8,78.0,4.9,ACTIVE_SMOKER,24.1,True,True,False,True,False,BORDERLINE,FIT_WITH_RESTRICTION
mcu-uuid-W-00715-2024,worker-uuid-00715,W-00715,2024,2024-05-27,163.9,77.6,28.9,98.1,143,92,74,123,8.4,189,100,44,177,0.63,73.2,6.9,ACTIVE_SMOKER,28.7,True,True,False,True,False,NORMAL,FIT_WITH_RESTRICTION
mcu-uuid-W-00715-2025,worker-uuid-00715,W-00715,2025,2025-08-09,163.9,78.9,29.4,99.4,150,86,74,118,8.4,238,161,38,155,0.89,65.8,8.9,ACTIVE_SMOKER,28.7,True,True,False,True,False,NORMAL,FIT_WITH_RESTRICTION
mcu-uuid-W-00715-2026,worker-uuid-00715,W-00715,2026,2026-08-16,163.9,77.5,28.8,94.2,145,88,77,120,8.4,243,188,26,158,0.96,63.0,4.5,ACTIVE_SMOKER,28.7,True,True,False,True,True,BORDERLINE,FIT_WITH_RESTRICTION
mcu-uuid-W-00716-2024,worker-uuid-00716,W-00716,2024,2024-08-07,156.5,71.0,29.0,96.9,133,85,81,118,8.3,183,106,52,178,1.03,70.2,6.0,NON_SMOKER,0.0,True,False,False,False,False,NORMAL,FIT
mcu-uuid-W-00716-2025,worker-uuid-00716,W-00716,2025,2025-10-25,156.5,71.4,29.2,95.8,132,85,73,97,7.4,241,160,43,179,1.16,66.0,5.1,NON_SMOKER,0.0,True,False,False,False,False,NORMAL,FIT
mcu-uuid-W-00716-2026,worker-uuid-00716,W-00716,2026,2026-09-04,156.5,70.9,28.9,97.5,133,72,76,110,8.1,238,143,54,130,0.92,71.0,4.7,NON_SMOKER,0.0,True,False,False,False,False,NORMAL,FIT
mcu-uuid-W-00717-2024,worker-uuid-00717,W-00717,2024,2024-07-18,164.3,68.3,25.3,85.9,132,81,65,114,8.0,206,122,42,144,0.81,84.8,9.0,ACTIVE_SMOKER,25.5,True,False,False,False,False,BORDERLINE,FIT
mcu-uuid-W-00717-2025,worker-uuid-00717,W-00717,2025,2025-03-06,164.3,68.5,25.4,86.5,140,92,80,94,7.8,234,142,59,81,1.25,72.8,5.8,ACTIVE_SMOKER,25.5,True,True,False,True,False,NORMAL,FIT_WITH_RESTRICTION
mcu-uuid-W-00717-2026,worker-uuid-00717,W-00717,2026,2026-08-09,164.3,69.2,25.6,85.4,136,85,73,100,7.6,221,122,55,181,0.93,79.8,6.7,ACTIVE_SMOKER,25.5,True,False,False,False,False,NORMAL,FIT
mcu-uuid-W-00718-2024,worker-uuid-00718,W-00718,2024,2024-06-22,172.5,60.6,20.4,67.8,116,72,71,94,7.8,176,87,52,134,1.11,78.2,6.1,NON_SMOKER,0.0,True,False,True,False,False,NORMAL,FIT
mcu-uuid-W-00718-2025,worker-uuid-00718,W-00718,2025,2025-09-12,172.5,62.0,20.8,70.5,116,74,81,81,7.3,204,123,52,82,1.26,73.5,4.6,NON_SMOKER,0.0,True,False,True,False,False,NORMAL,FIT
mcu-uuid-W-00718-2026,worker-uuid-00718,W-00718,2026,2026-10-23,172.5,63.1,21.2,71.1,144,91,67,93,7.3,200,95,62,88,0.84,83.0,5.5,NON_SMOKER,0.0,True,True,True,False,False,NORMAL,FIT_WITH_RESTRICTION
mcu-uuid-W-00719-2024,worker-uuid-00719,W-00719,2024,2024-10-11,163.9,58.0,21.6,73.3,108,70,70,95,7.5,206,129,41,154,1.22,63.5,6.7,ACTIVE_SMOKER,13.7,True,False,False,False,False,NORMAL,FIT
mcu-uuid-W-00719-2025,worker-uuid-00719,W-00719,2025,2025-10-22,163.9,57.6,21.4,73.4,135,88,71,90,7.6,199,120,44,149,1.15,64.2,5.6,ACTIVE_SMOKER,13.7,True,False,False,False,False,BORDERLINE,FIT
mcu-uuid-W-00719-2026,worker-uuid-00719,W-00719,2026,2026-04-18,163.9,59.9,22.3,76.0,122,76,73,81,7.1,156,72,41,121,1.0,67.0,5.2,ACTIVE_SMOKER,13.7,True,False,False,False,False,BORDERLINE,FIT
mcu-uuid-W-00720-2024,worker-uuid-00720,W-00720,2024,2024-06-02,177.1,90.3,28.8,97.3,144,91,65,104,7.9,221,145,41,111,1.37,70.8,6.8,NON_SMOKER,0.0,True,True,True,True,False,NORMAL,FIT_WITH_RESTRICTION
mcu-uuid-W-00720-2025,worker-uuid-00720,W-00720,2025,2025-08-02,177.1,91.1,29.0,95.9,121,77,72,93,7.7,215,135,46,190,0.98,79.5,5.0,NON_SMOKER,0.0,True,False,True,False,False,NORMAL,FIT
mcu-uuid-W-00720-2026,worker-uuid-00720,W-00720,2026,2026-03-04,177.1,89.3,28.5,93.7,151,101,72,126,8.4,168,78,55,137,1.46,66.5,7.6,NON_SMOKER,0.0,True,True,True,True,False,ABNORMAL,UNFIT
mcu-uuid-W-00721-2024,worker-uuid-00721,W-00721,2024,2024-07-21,168.9,78.7,27.6,90.9,104,70,66,87,7.3,208,125,49,200,0.95,77.2,5.8,NON_SMOKER,0.0,True,False,False,False,False,NORMAL,FIT
mcu-uuid-W-00721-2025,worker-uuid-00721,W-00721,2025,2025-04-09,168.9,79.1,27.7,93.9,141,90,84,98,7.4,239,167,42,170,0.9,77.5,5.1,NON_SMOKER,0.0,True,True,False,False,False,NORMAL,FIT_WITH_RESTRICTION
mcu-uuid-W-00721-2026,worker-uuid-00721,W-00721,2026,2026-09-19,168.9,79.3,27.8,94.5,141,92,61,88,7.3,236,159,57,137,1.18,69.5,5.0,NON_SMOKER,0.0,True,True,False,True,False,BORDERLINE,FIT_WITH_RESTRICTION
mcu-uuid-W-00722-2024,worker-uuid-00722,W-00722,2024,2024-09-09,180.3,67.9,20.9,70.4,117,75,70,103,8.0,219,130,55,115,0.71,79.2,4.1,NON_SMOKER,0.0,True,False,True,False,False,NORMAL,FIT
mcu-uuid-W-00722-2025,worker-uuid-00722,W-00722,2025,2025-08-05,180.3,68.5,21.1,73.5,125,73,85,101,8.0,182,105,47,75,0.9,73.5,7.1,NON_SMOKER,0.0,True,False,True,False,False,BORDERLINE,FIT
mcu-uuid-W-00722-2026,worker-uuid-00722,W-00722,2026,2026-10-27,180.3,69.6,21.4,72.1,125,72,83,96,7.8,215,145,43,132,1.2,65.0,7.1,NON_SMOKER,0.0,True,False,True,False,False,NORMAL,FIT
mcu-uuid-W-00723-2024,worker-uuid-00723,W-00723,2024,2024-06-15,167.2,62.1,22.2,76.6,118,69,71,98,7.9,231,129,65,137,0.98,69.5,5.5,NON_SMOKER,0.0,True,False,False,False,False,NORMAL,FIT
mcu-uuid-W-00723-2025,worker-uuid-00723,W-00723,2025,2025-11-28,167.2,62.3,22.3,75.6,129,81,87,115,8.0,230,134,51,203,0.84,72.0,6.6,NON_SMOKER,0.0,True,False,False,False,False,NORMAL,FIT
mcu-uuid-W-00723-2026,worker-uuid-00723,W-00723,2026,2026-04-05,167.2,63.3,22.6,78.2,140,84,65,102,7.8,170,94,49,90,1.14,63.5,6.4,NON_SMOKER,0.0,True,True,False,False,False,NORMAL,FIT_WITH_RESTRICTION
mcu-uuid-W-00724-2024,worker-uuid-00724,W-00724,2024,2024-09-10,165.3,68.1,24.9,82.0,114,61,78,115,7.9,199,111,58,240,0.95,81.2,5.3,ACTIVE_SMOKER,6.2,True,False,False,False,False,NORMAL,FIT
mcu-uuid-W-00724-2025,worker-uuid-00724,W-00724,2025,2025-05-14,165.3,68.0,24.9,84.3,137,80,76,113,7.9,229,147,41,55,1.08,77.0,6.1,ACTIVE_SMOKER,6.2,True,False,False,False,False,NORMAL,FIT
mcu-uuid-W-00724-2026,worker-uuid-00724,W-00724,2026,2026-09-25,165.3,70.1,25.7,84.4,148,94,80,121,8.3,219,135,49,117,1.07,76.2,5.0,ACTIVE_SMOKER,6.2,True,True,False,True,False,ABNORMAL,UNFIT
mcu-uuid-W-00725-2024,worker-uuid-00725,W-00725,2024,2024-10-05,169.6,75.6,26.3,88.2,127,84,72,94,7.6,220,154,45,167,1.06,72.5,7.6,NON_SMOKER,0.0,True,False,True,False,False,NORMAL,FIT
mcu-uuid-W-00725-2025,worker-uuid-00725,W-00725,2025,2025-10-11,169.6,76.7,26.7,88.6,129,86,71,102,7.8,173,98,50,149,1.06,71.5,8.0,NON_SMOKER,0.0,True,False,True,False,False,BORDERLINE,FIT
mcu-uuid-W-00725-2026,worker-uuid-00725,W-00725,2026,2026-08-08,169.6,76.4,26.6,88.4,139,84,55,96,7.6,183,104,48,181,1.01,71.8,6.5,NON_SMOKER,0.0,True,False,True,False,False,NORMAL,FIT
mcu-uuid-W-00726-2024,worker-uuid-00726,W-00726,2024,2024-04-18,168.6,63.6,22.4,76.1,136,80,74,107,7.9,169,78,48,165,0.47,92.2,5.0,ACTIVE_SMOKER,23.4,True,False,False,False,False,NORMAL,FIT
mcu-uuid-W-00726-2025,worker-uuid-00726,W-00726,2025,2025-09-05,168.6,63.2,22.2,76.0,140,87,67,86,7.2,207,137,50,119,1.26,71.5,4.6,ACTIVE_SMOKER,23.4,True,True,False,True,False,NORMAL,FIT_WITH_RESTRICTION
mcu-uuid-W-00726-2026,worker-uuid-00726,W-00726,2026,2026-11-18,168.6,65.8,23.1,79.6,146,89,64,91,7.4,214,126,47,138,1.11,74.2,5.0,ACTIVE_SMOKER,23.4,True,True,False,True,False,ABNORMAL,UNFIT
mcu-uuid-W-00727-2024,worker-uuid-00727,W-00727,2024,2024-04-11,171.0,77.3,26.4,90.4,122,77,74,128,8.5,210,140,48,64,0.99,63.2,6.2,NON_SMOKER,0.0,True,False,True,False,False,NORMAL,FIT
mcu-uuid-W-00727-2025,worker-uuid-00727,W-00727,2025,2025-08-16,171.0,77.5,26.5,89.9,125,82,81,102,7.8,222,167,33,187,0.91,64.2,5.9,NON_SMOKER,0.0,True,False,True,False,False,BORDERLINE,FIT
mcu-uuid-W-00727-2026,worker-uuid-00727,W-00727,2026,2026-10-28,171.0,76.7,26.2,86.1,150,89,73,123,8.3,267,182,51,102,1.11,58.2,7.3,NON_SMOKER,0.0,True,True,True,False,True,NORMAL,FIT_WITH_RESTRICTION
mcu-uuid-W-00728-2024,worker-uuid-00728,W-00728,2024,2024-11-12,174.3,82.5,27.2,92.1,124,69,70,129,8.7,249,163,54,153,1.07,75.2,6.5,NON_SMOKER,0.0,True,False,True,False,False,NORMAL,FIT
mcu-uuid-W-00728-2025,worker-uuid-00728,W-00728,2025,2025-08-04,174.3,83.7,27.6,90.4,130,80,61,99,7.6,246,160,46,125,0.74,82.5,6.6,NON_SMOKER,0.0,True,False,True,False,True,NORMAL,FIT
mcu-uuid-W-00728-2026,worker-uuid-00728,W-00728,2026,2026-09-09,174.3,81.8,26.9,89.4,154,89,67,99,7.7,191,99,53,142,1.24,69.0,7.8,NON_SMOKER,0.0,True,True,True,False,False,NORMAL,FIT_WITH_RESTRICTION
mcu-uuid-W-00729-2024,worker-uuid-00729,W-00729,2024,2024-10-21,166.5,67.4,24.3,80.0,148,94,81,89,7.5,212,146,40,136,1.14,65.5,7.4,NON_SMOKER,0.0,True,True,False,False,False,NORMAL,FIT_WITH_RESTRICTION
mcu-uuid-W-00729-2025,worker-uuid-00729,W-00729,2025,2025-11-16,166.5,66.9,24.1,82.1,122,78,66,109,7.9,271,186,41,91,0.93,69.8,6.8,NON_SMOKER,0.0,True,False,False,False,True,NORMAL,FIT
mcu-uuid-W-00729-2026,worker-uuid-00729,W-00729,2026,2026-04-23,166.5,67.5,24.3,81.2,136,78,69,111,8.1,215,142,46,143,0.77,72.8,7.2,NON_SMOKER,0.0,True,False,False,False,False,BORDERLINE,FIT
mcu-uuid-W-00730-2024,worker-uuid-00730,W-00730,2024,2024-04-01,162.0,70.2,26.7,88.1,117,72,76,120,8.3,219,140,44,108,1.27,75.2,6.0,NON_SMOKER,0.0,True,False,False,False,False,NORMAL,FIT
mcu-uuid-W-00730-2025,worker-uuid-00730,W-00730,2025,2025-07-18,162.0,70.4,26.8,89.2,132,80,74,68,6.9,211,132,49,123,0.5,93.5,7.9,NON_SMOKER,0.0,True,False,False,False,False,NORMAL,FIT
mcu-uuid-W-00730-2026,worker-uuid-00730,W-00730,2026,2026-11-26,162.0,72.2,27.5,90.9,108,72,70,99,7.5,195,114,48,142,0.79,85.2,7.1,NON_SMOKER,0.0,True,False,False,False,False,NORMAL,FIT
mcu-uuid-W-00731-2024,worker-uuid-00731,W-00731,2024,2024-09-02,167.3,88.8,31.7,104.5,136,88,69,130,8.4,246,181,41,146,0.91,82.2,6.3,ACTIVE_SMOKER,9.8,True,False,False,False,False,NORMAL,FIT_WITH_RESTRICTION
mcu-uuid-W-00731-2025,worker-uuid-00731,W-00731,2025,2025-11-26,167.3,88.4,31.6,105.4,159,91,80,95,7.5,190,105,48,157,0.92,81.0,5.0,ACTIVE_SMOKER,9.8,True,True,False,True,False,NORMAL,FIT_WITH_RESTRICTION
mcu-uuid-W-00731-2026,worker-uuid-00731,W-00731,2026,2026-10-14,167.3,88.5,31.6,106.4,123,85,75,121,8.5,219,150,32,205,0.93,79.8,6.7,ACTIVE_SMOKER,9.8,True,False,False,False,False,NORMAL,FIT_WITH_RESTRICTION
mcu-uuid-W-00732-2024,worker-uuid-00732,W-00732,2024,2024-11-25,177.1,86.5,27.6,92.9,121,76,78,108,8.0,247,175,46,234,0.75,95.2,7.3,ACTIVE_SMOKER,6.3,True,False,False,False,False,NORMAL,FIT
mcu-uuid-W-00732-2025,worker-uuid-00732,W-00732,2025,2025-09-14,177.1,87.7,28.0,92.0,130,83,67,89,7.2,211,133,39,198,1.1,85.5,5.4,ACTIVE_SMOKER,6.3,True,False,False,False,False,NORMAL,FIT
mcu-uuid-W-00732-2026,worker-uuid-00732,W-00732,2026,2026-11-19,177.1,88.3,28.2,95.0,134,83,74,104,7.8,204,107,53,190,0.66,95.5,5.2,ACTIVE_SMOKER,6.3,True,False,False,False,False,NORMAL,FIT
mcu-uuid-W-00733-2024,worker-uuid-00733,W-00733,2024,2024-07-27,169.8,84.5,29.3,98.6,148,95,83,108,7.8,245,154,54,142,0.97,69.8,3.7,NON_SMOKER,0.0,True,True,False,True,True,NORMAL,FIT_WITH_RESTRICTION
mcu-uuid-W-00733-2025,worker-uuid-00733,W-00733,2025,2025-03-18,169.8,85.3,29.6,97.5,134,87,50,126,8.2,215,129,48,181,1.19,63.2,5.9,NON_SMOKER,0.0,True,False,False,False,False,NORMAL,FIT
mcu-uuid-W-00733-2026,worker-uuid-00733,W-00733,2026,2026-10-03,169.8,85.3,29.6,99.6,149,106,80,132,8.8,209,123,50,135,0.96,68.0,4.2,NON_SMOKER,0.0,True,True,False,False,False,NORMAL,UNFIT
mcu-uuid-W-00734-2024,worker-uuid-00734,W-00734,2024,2024-10-21,161.6,68.7,26.3,86.4,137,91,77,119,8.3,220,140,43,122,1.21,63.8,5.9,ACTIVE_SMOKER,20.5,True,True,True,False,False,NORMAL,FIT_WITH_RESTRICTION
mcu-uuid-W-00734-2025,worker-uuid-00734,W-00734,2025,2025-03-07,161.6,68.5,26.2,86.7,145,86,90,105,7.6,223,146,46,104,1.34,59.5,6.3,ACTIVE_SMOKER,20.5,True,True,True,True,False,NORMAL,FIT_WITH_RESTRICTION
mcu-uuid-W-00734-2026,worker-uuid-00734,W-00734,2026,2026-05-08,161.6,69.1,26.5,87.5,140,91,79,133,8.5,206,131,39,146,1.03,66.2,7.3,ACTIVE_SMOKER,20.5,True,True,True,False,False,NORMAL,FIT_WITH_RESTRICTION
mcu-uuid-W-00735-2024,worker-uuid-00735,W-00735,2024,2024-05-12,165.1,65.5,24.0,81.9,135,86,101,96,7.4,190,113,39,196,1.01,83.8,7.4,ACTIVE_SMOKER,20.3,True,False,True,False,False,NORMAL,FIT
mcu-uuid-W-00735-2025,worker-uuid-00735,W-00735,2025,2025-03-12,165.1,66.3,24.3,81.8,140,91,73,112,7.9,213,156,34,184,1.12,80.0,5.0,ACTIVE_SMOKER,20.3,True,True,True,True,False,NORMAL,FIT_WITH_RESTRICTION
mcu-uuid-W-00735-2026,worker-uuid-00735,W-00735,2026,2026-06-18,165.1,67.5,24.8,83.9,117,72,81,99,7.5,195,123,50,55,0.85,85.8,6.1,ACTIVE_SMOKER,20.3,True,False,True,False,False,NORMAL,FIT
mcu-uuid-W-00736-2024,worker-uuid-00736,W-00736,2024,2024-09-24,161.6,72.6,27.8,94.9,128,86,64,108,8.0,204,115,51,106,0.98,73.5,5.6,FORMER_SMOKER,11.9,True,False,False,False,False,NORMAL,FIT
mcu-uuid-W-00736-2025,worker-uuid-00736,W-00736,2025,2025-11-19,161.6,72.5,27.8,94.8,119,71,71,104,8.0,239,163,53,124,1.2,67.0,6.9,FORMER_SMOKER,11.9,True,False,False,False,False,NORMAL,FIT
mcu-uuid-W-00736-2026,worker-uuid-00736,W-00736,2026,2026-05-04,161.6,72.9,27.9,94.4,131,83,70,119,8.1,242,170,52,141,0.98,71.5,6.2,FORMER_SMOKER,11.9,True,False,False,False,False,BORDERLINE,FIT
mcu-uuid-W-00737-2024,worker-uuid-00737,W-00737,2024,2024-09-19,150.7,69.5,30.6,101.8,142,92,73,118,8.0,243,165,56,175,0.89,80.8,4.7,NON_SMOKER,0.0,True,True,True,False,False,NORMAL,FIT_WITH_RESTRICTION
mcu-uuid-W-00737-2025,worker-uuid-00737,W-00737,2025,2025-06-17,150.7,69.0,30.4,99.4,129,80,71,93,7.3,244,165,43,216,1.1,74.5,6.6,NON_SMOKER,0.0,True,False,True,False,False,NORMAL,FIT_WITH_RESTRICTION
mcu-uuid-W-00737-2026,worker-uuid-00737,W-00737,2026,2026-06-06,150.7,68.6,30.2,99.0,147,99,82,116,8.0,240,152,52,167,0.72,83.0,5.1,NON_SMOKER,0.0,True,True,True,False,False,NORMAL,FIT_WITH_RESTRICTION
mcu-uuid-W-00738-2024,worker-uuid-00738,W-00738,2024,2024-11-12,171.2,85.4,29.1,95.7,126,80,73,101,7.7,205,129,41,154,1.14,70.5,6.6,NON_SMOKER,0.0,True,False,False,False,False,NORMAL,FIT
mcu-uuid-W-00738-2025,worker-uuid-00738,W-00738,2025,2025-05-16,171.2,85.4,29.1,98.3,144,87,79,88,7.6,203,120,49,98,0.81,77.8,7.5,NON_SMOKER,0.0,True,True,False,True,False,NORMAL,FIT_WITH_RESTRICTION
mcu-uuid-W-00738-2026,worker-uuid-00738,W-00738,2026,2026-08-20,171.2,87.5,29.9,101.0,139,87,72,122,8.4,259,170,44,168,0.92,74.0,3.7,NON_SMOKER,0.0,True,False,False,False,False,NORMAL,FIT
mcu-uuid-W-00739-2024,worker-uuid-00739,W-00739,2024,2024-08-18,162.7,60.5,22.9,76.4,116,79,79,105,7.9,181,103,40,102,1.14,90.5,7.0,FORMER_SMOKER,13.7,True,False,True,False,False,NORMAL,FIT
mcu-uuid-W-00739-2025,worker-uuid-00739,W-00739,2025,2025-11-18,162.7,60.7,22.9,78.4,122,75,73,96,7.4,202,108,55,117,1.03,92.2,6.5,FORMER_SMOKER,13.7,True,False,True,False,False,BORDERLINE,FIT
mcu-uuid-W-00739-2026,worker-uuid-00739,W-00739,2026,2026-08-21,162.7,62.9,23.8,78.5,129,82,64,88,7.5,215,130,50,131,1.03,91.2,5.8,FORMER_SMOKER,13.7,True,False,True,False,False,NORMAL,FIT
mcu-uuid-W-00740-2024,worker-uuid-00740,W-00740,2024,2024-06-13,168.1,77.8,27.5,93.3,134,80,78,100,7.8,222,155,41,148,1.08,90.0,6.4,NON_SMOKER,0.0,True,False,False,False,False,NORMAL,FIT
mcu-uuid-W-00740-2025,worker-uuid-00740,W-00740,2025,2025-06-25,168.1,78.1,27.6,90.6,125,78,70,94,7.4,232,158,42,111,1.05,89.8,6.4,NON_SMOKER,0.0,True,False,False,False,False,NORMAL,FIT
mcu-uuid-W-00740-2026,worker-uuid-00740,W-00740,2026,2026-06-24,168.1,77.6,27.5,91.5,135,95,81,115,8.1,166,77,53,204,0.83,94.2,6.4,NON_SMOKER,0.0,True,True,False,False,False,BORDERLINE,FIT_WITH_RESTRICTION
mcu-uuid-W-00741-2024,worker-uuid-00741,W-00741,2024,2024-05-24,168.3,67.8,23.9,79.0,105,67,78,110,7.8,225,141,47,109,1.2,71.0,7.0,ACTIVE_SMOKER,24.4,True,False,False,False,False,NORMAL,FIT
mcu-uuid-W-00741-2025,worker-uuid-00741,W-00741,2025,2025-08-17,168.3,68.4,24.1,83.0,137,82,87,109,7.8,204,134,45,72,1.29,67.8,7.3,ACTIVE_SMOKER,24.4,True,False,False,False,False,NORMAL,FIT
mcu-uuid-W-00741-2026,worker-uuid-00741,W-00741,2026,2026-11-11,168.3,69.0,24.4,83.4,152,88,77,103,7.6,181,88,56,55,1.04,73.0,6.4,ACTIVE_SMOKER,24.4,True,True,False,True,False,BORDERLINE,FIT_WITH_RESTRICTION
mcu-uuid-W-00742-2024,worker-uuid-00742,W-00742,2024,2024-05-04,157.8,62.6,25.1,83.9,141,91,85,106,8.0,193,138,34,114,0.89,91.8,5.8,ACTIVE_SMOKER,16.9,True,True,False,False,False,NORMAL,FIT_WITH_RESTRICTION
mcu-uuid-W-00742-2025,worker-uuid-00742,W-00742,2025,2025-05-17,157.8,62.7,25.2,85.1,129,76,76,105,7.9,226,148,58,149,0.66,96.5,6.3,ACTIVE_SMOKER,16.9,True,False,False,False,False,NORMAL,FIT
mcu-uuid-W-00742-2026,worker-uuid-00742,W-00742,2026,2026-10-03,157.8,65.1,26.1,86.8,129,81,84,109,8.2,164,73,56,93,0.65,95.8,3.1,ACTIVE_SMOKER,16.9,True,False,False,False,False,NORMAL,FIT
mcu-uuid-W-00743-2024,worker-uuid-00743,W-00743,2024,2024-05-16,165.4,62.8,23.0,77.9,125,69,64,96,7.8,206,140,45,97,1.07,73.2,7.0,NON_SMOKER,0.0,True,False,True,False,False,NORMAL,FIT
mcu-uuid-W-00743-2025,worker-uuid-00743,W-00743,2025,2025-04-10,165.4,63.0,23.0,79.4,139,91,73,90,7.3,175,78,54,163,1.01,73.8,6.7,NON_SMOKER,0.0,True,True,True,True,False,NORMAL,FIT_WITH_RESTRICTION
mcu-uuid-W-00743-2026,worker-uuid-00743,W-00743,2026,2026-09-28,165.4,61.9,22.6,75.7,120,87,71,100,7.8,266,181,47,108,0.88,76.0,5.0,NON_SMOKER,0.0,True,False,True,False,True,BORDERLINE,FIT
mcu-uuid-W-00744-2024,worker-uuid-00744,W-00744,2024,2024-06-22,162.4,53.0,20.1,67.5,143,95,82,78,6.9,184,98,43,112,1.12,81.0,5.5,ACTIVE_SMOKER,21.8,True,True,False,False,False,NORMAL,FIT_WITH_RESTRICTION
mcu-uuid-W-00744-2025,worker-uuid-00744,W-00744,2025,2025-10-18,162.4,53.2,20.2,67.6,124,75,69,100,7.6,165,95,47,127,0.93,84.8,5.0,ACTIVE_SMOKER,21.8,True,False,False,False,False,BORDERLINE,FIT
mcu-uuid-W-00744-2026,worker-uuid-00744,W-00744,2026,2026-06-21,162.4,54.3,20.6,69.7,133,81,60,85,7.4,175,87,45,166,1.26,75.5,5.2,ACTIVE_SMOKER,21.8,True,False,False,False,False,NORMAL,FIT
mcu-uuid-W-00745-2024,worker-uuid-00745,W-00745,2024,2024-11-25,170.4,62.9,21.7,71.5,120,71,73,120,8.3,215,126,53,122,0.93,70.8,5.8,NON_SMOKER,0.0,True,False,False,False,False,NORMAL,FIT
mcu-uuid-W-00745-2025,worker-uuid-00745,W-00745,2025,2025-05-24,170.4,64.2,22.1,73.7,137,81,68,126,8.2,231,124,65,91,1.23,62.2,3.9,NON_SMOKER,0.0,True,False,False,False,False,NORMAL,FIT
mcu-uuid-W-00745-2026,worker-uuid-00745,W-00745,2026,2026-04-07,170.4,64.6,22.2,75.2,146,88,63,77,6.9,191,102,66,157,0.86,70.5,6.4,NON_SMOKER,0.0,True,True,False,False,False,NORMAL,FIT_WITH_RESTRICTION
mcu-uuid-W-00746-2024,worker-uuid-00746,W-00746,2024,2024-08-26,168.2,66.2,23.4,78.2,128,82,64,111,8.2,199,127,49,115,0.81,88.8,7.0,NON_SMOKER,0.0,True,False,True,False,False,NORMAL,FIT
mcu-uuid-W-00746-2025,worker-uuid-00746,W-00746,2025,2025-09-21,168.2,66.6,23.5,81.1,130,80,70,86,7.1,207,108,55,55,1.12,80.0,5.4,NON_SMOKER,0.0,True,False,True,False,False,BORDERLINE,FIT
mcu-uuid-W-00746-2026,worker-uuid-00746,W-00746,2026,2026-05-06,168.2,69.0,24.4,80.7,122,85,66,101,7.8,231,152,55,116,0.88,85.0,5.2,NON_SMOKER,0.0,True,False,True,False,False,NORMAL,FIT
mcu-uuid-W-00747-2024,worker-uuid-00747,W-00747,2024,2024-07-15,175.8,72.5,23.5,80.1,119,72,77,99,7.5,193,97,53,133,0.95,79.2,6.8,FORMER_SMOKER,11.0,True,False,False,False,False,NORMAL,FIT
mcu-uuid-W-00747-2025,worker-uuid-00747,W-00747,2025,2025-08-21,175.8,72.7,23.5,77.9,128,69,74,120,8.3,208,126,52,87,1.05,75.8,7.4,FORMER_SMOKER,11.0,True,False,False,False,False,NORMAL,FIT
mcu-uuid-W-00747-2026,worker-uuid-00747,W-00747,2026,2026-07-18,175.8,71.9,23.3,77.6,115,78,70,79,7.3,255,168,57,76,1.34,67.5,5.5,FORMER_SMOKER,11.0,True,False,False,False,False,NORMAL,FIT
mcu-uuid-W-00748-2024,worker-uuid-00748,W-00748,2024,2024-09-22,165.8,77.1,28.0,92.7,151,97,78,102,7.7,207,114,55,157,1.1,80.5,6.6,ACTIVE_SMOKER,10.3,True,True,True,True,False,NORMAL,FIT_WITH_RESTRICTION
mcu-uuid-W-00748-2025,worker-uuid-00748,W-00748,2025,2025-11-16,165.8,76.8,27.9,91.8,137,84,65,106,7.7,172,105,46,117,1.08,80.0,6.4,ACTIVE_SMOKER,10.3,True,False,True,False,False,NORMAL,FIT
mcu-uuid-W-00748-2026,worker-uuid-00748,W-00748,2026,2026-10-18,165.8,77.9,28.3,94.5,135,78,71,65,6.9,218,147,46,174,1.09,78.8,7.6,ACTIVE_SMOKER,10.3,True,False,True,False,False,NORMAL,FIT
mcu-uuid-W-00749-2024,worker-uuid-00749,W-00749,2024,2024-10-26,171.3,84.5,28.8,96.1,128,76,70,106,7.8,211,144,39,158,0.9,64.5,7.8,ACTIVE_SMOKER,19.8,True,False,False,False,False,NORMAL,FIT
mcu-uuid-W-00749-2025,worker-uuid-00749,W-00749,2025,2025-04-07,171.3,85.3,29.1,95.9,134,82,74,114,8.0,204,133,47,160,1.17,56.8,5.3,ACTIVE_SMOKER,19.8,True,False,False,False,False,NORMAL,FIT
mcu-uuid-W-00749-2026,worker-uuid-00749,W-00749,2026,2026-07-24,171.3,85.6,29.2,97.2,143,89,71,115,8.0,192,115,40,143,0.99,60.2,7.2,ACTIVE_SMOKER,19.8,True,True,False,False,False,NORMAL,FIT_WITH_RESTRICTION
mcu-uuid-W-00750-2024,worker-uuid-00750,W-00750,2024,2024-05-19,170.6,53.6,18.4,61.0,127,81,60,106,7.9,184,93,48,72,1.12,71.0,8.1,ACTIVE_SMOKER,14.1,True,False,True,False,False,NORMAL,FIT
mcu-uuid-W-00750-2025,worker-uuid-00750,W-00750,2025,2025-06-07,170.6,54.3,18.7,64.7,129,79,74,79,7.0,172,97,44,122,0.95,74.2,5.7,ACTIVE_SMOKER,14.1,True,False,True,False,False,NORMAL,FIT
mcu-uuid-W-00750-2026,worker-uuid-00750,W-00750,2026,2026-10-11,170.6,56.0,19.2,66.3,137,84,73,81,7.2,203,120,50,153,1.24,66.0,4.7,ACTIVE_SMOKER,14.1,True,False,True,False,False,NORMAL,FIT
mcu-uuid-W-00751-2024,worker-uuid-00751,W-00751,2024,2024-06-13,165.7,78.5,28.6,95.7,133,81,73,84,7.3,234,145,53,60,0.87,76.2,7.4,NON_SMOKER,0.0,True,False,False,False,False,NORMAL,FIT
mcu-uuid-W-00751-2025,worker-uuid-00751,W-00751,2025,2025-03-27,165.7,79.6,29.0,96.2,138,85,68,118,8.4,204,116,48,71,1.29,64.8,5.2,NON_SMOKER,0.0,True,False,False,False,False,BORDERLINE,FIT
mcu-uuid-W-00751-2026,worker-uuid-00751,W-00751,2026,2026-09-10,165.7,77.6,28.3,94.1,148,95,78,106,7.6,229,153,43,226,0.86,74.5,8.1,NON_SMOKER,0.0,True,True,False,False,False,NORMAL,FIT_WITH_RESTRICTION
mcu-uuid-W-00752-2024,worker-uuid-00752,W-00752,2024,2024-06-24,171.1,73.1,25.0,83.5,122,78,82,109,7.7,210,129,38,106,0.84,86.0,6.5,ACTIVE_SMOKER,21.8,True,False,False,False,False,NORMAL,FIT
mcu-uuid-W-00752-2025,worker-uuid-00752,W-00752,2025,2025-07-13,171.1,74.0,25.3,84.9,153,97,86,110,7.8,232,149,51,185,1.03,80.2,6.4,ACTIVE_SMOKER,21.8,True,True,False,False,False,NORMAL,FIT_WITH_RESTRICTION
mcu-uuid-W-00752-2026,worker-uuid-00752,W-00752,2026,2026-07-19,171.1,75.4,25.8,88.4,142,95,65,67,6.6,204,135,42,110,0.91,82.2,6.8,ACTIVE_SMOKER,21.8,True,True,False,False,False,NORMAL,FIT_WITH_RESTRICTION
mcu-uuid-W-00753-2024,worker-uuid-00753,W-00753,2024,2024-08-06,153.9,66.4,28.0,94.3,104,67,76,115,8.4,174,113,37,133,0.89,81.8,3.9,NON_SMOKER,0.0,True,False,True,False,False,NORMAL,FIT
mcu-uuid-W-00753-2025,worker-uuid-00753,W-00753,2025,2025-03-14,153.9,67.1,28.3,94.9,130,81,76,89,7.5,209,123,53,108,1.05,76.8,4.2,NON_SMOKER,0.0,True,False,True,False,False,BORDERLINE,FIT
mcu-uuid-W-00753-2026,worker-uuid-00753,W-00753,2026,2026-04-24,153.9,65.6,27.7,92.0,132,90,67,128,8.3,192,95,63,139,0.75,83.2,3.9,NON_SMOKER,0.0,True,True,True,True,False,ABNORMAL,UNFIT
mcu-uuid-W-00754-2024,worker-uuid-00754,W-00754,2024,2024-09-24,158.3,67.2,26.8,91.6,126,73,76,104,8.0,202,113,45,174,0.82,79.5,5.1,NON_SMOKER,0.0,True,False,False,False,False,NORMAL,FIT
mcu-uuid-W-00754-2025,worker-uuid-00754,W-00754,2025,2025-07-10,158.3,66.8,26.7,87.8,121,78,68,100,7.6,258,170,46,60,0.72,81.0,7.8,NON_SMOKER,0.0,True,False,False,False,False,NORMAL,FIT
mcu-uuid-W-00754-2026,worker-uuid-00754,W-00754,2026,2026-08-08,158.3,68.3,27.3,89.7,140,81,56,83,7.1,177,102,52,83,0.84,77.0,7.0,NON_SMOKER,0.0,True,True,False,False,False,NORMAL,FIT_WITH_RESTRICTION
mcu-uuid-W-00755-2024,worker-uuid-00755,W-00755,2024,2024-03-21,161.4,60.1,23.1,79.5,121,75,77,115,8.2,226,147,49,87,0.87,74.2,7.1,ACTIVE_SMOKER,12.8,True,False,True,False,False,NORMAL,FIT
mcu-uuid-W-00755-2025,worker-uuid-00755,W-00755,2025,2025-04-15,161.4,60.4,23.2,77.2,145,90,70,130,8.8,184,110,51,166,0.86,73.5,5.9,ACTIVE_SMOKER,12.8,True,True,True,False,False,NORMAL,FIT_WITH_RESTRICTION
mcu-uuid-W-00755-2026,worker-uuid-00755,W-00755,2026,2026-04-18,161.4,60.5,23.2,79.7,135,81,95,102,7.6,214,159,33,152,0.78,74.5,4.5,ACTIVE_SMOKER,12.8,True,False,True,False,False,NORMAL,FIT
mcu-uuid-W-00756-2024,worker-uuid-00756,W-00756,2024,2024-10-08,180.2,81.8,25.2,84.2,134,81,83,116,8.1,229,172,37,229,1.13,74.8,5.0,ACTIVE_SMOKER,14.1,True,False,True,False,True,NORMAL,FIT
mcu-uuid-W-00756-2025,worker-uuid-00756,W-00756,2025,2025-03-03,180.2,82.4,25.4,86.4,144,92,87,98,7.8,204,118,44,102,1.07,75.2,8.3,ACTIVE_SMOKER,14.1,True,True,True,True,False,NORMAL,FIT_WITH_RESTRICTION
mcu-uuid-W-00756-2026,worker-uuid-00756,W-00756,2026,2026-09-20,180.2,80.9,24.9,85.0,144,89,70,107,7.9,219,148,48,185,0.82,80.5,7.0,ACTIVE_SMOKER,14.1,True,True,True,False,False,NORMAL,FIT_WITH_RESTRICTION
mcu-uuid-W-00757-2024,worker-uuid-00757,W-00757,2024,2024-05-06,173.9,70.1,23.2,77.9,133,85,57,74,7.1,211,121,52,172,0.92,83.0,6.4,NON_SMOKER,0.0,True,False,True,False,False,NORMAL,FIT
mcu-uuid-W-00757-2025,worker-uuid-00757,W-00757,2025,2025-03-09,173.9,71.2,23.5,78.6,131,77,65,70,6.6,195,117,46,177,0.96,81.0,4.6,NON_SMOKER,0.0,True,False,True,False,False,BORDERLINE,FIT
mcu-uuid-W-00757-2026,worker-uuid-00757,W-00757,2026,2026-08-28,173.9,70.8,23.4,79.4,123,76,72,101,7.7,178,105,36,114,1.38,69.5,6.9,NON_SMOKER,0.0,True,False,True,False,False,NORMAL,FIT
mcu-uuid-W-00758-2024,worker-uuid-00758,W-00758,2024,2024-10-13,174.4,85.2,28.0,94.8,135,75,79,92,7.4,186,85,58,164,0.94,70.5,6.4,FORMER_SMOKER,6.5,True,False,False,False,False,NORMAL,FIT
mcu-uuid-W-00758-2025,worker-uuid-00758,W-00758,2025,2025-10-21,174.4,86.3,28.4,93.5,136,83,58,102,7.7,173,94,50,140,0.84,72.0,4.8,FORMER_SMOKER,6.5,True,False,False,False,False,NORMAL,FIT
mcu-uuid-W-00758-2026,worker-uuid-00758,W-00758,2026,2026-05-28,174.4,86.8,28.5,95.3,131,82,81,103,7.8,164,81,41,185,0.97,67.8,6.1,FORMER_SMOKER,6.5,True,False,False,False,False,NORMAL,FIT
mcu-uuid-W-00759-2024,worker-uuid-00759,W-00759,2024,2024-06-04,179.5,84.1,26.1,88.1,122,75,64,96,7.4,246,168,47,92,0.96,87.0,4.5,NON_SMOKER,0.0,True,False,False,False,True,NORMAL,FIT
mcu-uuid-W-00759-2025,worker-uuid-00759,W-00759,2025,2025-11-21,179.5,85.5,26.5,89.1,137,89,66,101,7.6,190,125,41,105,1.21,79.8,6.7,NON_SMOKER,0.0,True,False,False,False,False,NORMAL,FIT
mcu-uuid-W-00759-2026,worker-uuid-00759,W-00759,2026,2026-05-05,179.5,83.8,26.0,85.9,138,92,63,133,8.9,184,114,45,190,0.66,92.5,5.6,NON_SMOKER,0.0,True,True,False,True,False,ABNORMAL,UNFIT
mcu-uuid-W-00760-2024,worker-uuid-00760,W-00760,2024,2024-08-06,172.7,81.3,27.3,92.1,132,82,70,111,8.0,206,130,42,91,0.76,95.0,5.5,FORMER_SMOKER,3.4,True,False,False,False,False,NORMAL,FIT
mcu-uuid-W-00760-2025,worker-uuid-00760,W-00760,2025,2025-04-20,172.7,81.3,27.3,92.5,122,79,65,121,8.4,196,115,43,164,1.2,83.0,5.2,FORMER_SMOKER,3.4,True,False,False,False,False,NORMAL,FIT
mcu-uuid-W-00760-2026,worker-uuid-00760,W-00760,2026,2026-06-18,172.7,83.9,28.1,93.1,125,75,72,83,7.4,210,135,53,67,0.83,91.2,6.7,FORMER_SMOKER,3.4,True,False,False,False,False,NORMAL,FIT
mcu-uuid-W-00761-2024,worker-uuid-00761,W-00761,2024,2024-10-24,158.1,76.9,30.8,101.7,135,82,80,110,8.1,203,128,43,135,0.93,97.8,4.4,ACTIVE_SMOKER,8.0,True,False,False,False,False,NORMAL,FIT_WITH_RESTRICTION
mcu-uuid-W-00761-2025,worker-uuid-00761,W-00761,2025,2025-03-25,158.1,78.1,31.2,102.4,160,93,85,110,8.2,221,147,38,127,0.85,98.8,4.5,ACTIVE_SMOKER,8.0,True,True,False,False,False,BORDERLINE,UNFIT
mcu-uuid-W-00761-2026,worker-uuid-00761,W-00761,2026,2026-06-23,158.1,78.4,31.4,104.1,131,74,69,107,7.9,215,144,43,191,1.1,91.5,4.3,ACTIVE_SMOKER,8.0,True,False,False,False,False,NORMAL,FIT_WITH_RESTRICTION
mcu-uuid-W-00762-2024,worker-uuid-00762,W-00762,2024,2024-06-24,162.8,59.1,22.3,76.5,125,66,80,91,7.6,211,120,46,141,0.84,81.0,4.9,NON_SMOKER,0.0,True,False,False,False,False,NORMAL,FIT
mcu-uuid-W-00762-2025,worker-uuid-00762,W-00762,2025,2025-10-27,162.8,60.3,22.8,76.7,126,75,67,95,7.7,215,128,64,82,1.0,76.0,7.4,NON_SMOKER,0.0,True,False,False,False,False,NORMAL,FIT
mcu-uuid-W-00762-2026,worker-uuid-00762,W-00762,2026,2026-06-04,162.8,59.5,22.4,77.3,132,89,73,97,7.4,228,137,52,181,0.76,81.0,6.6,NON_SMOKER,0.0,True,False,False,False,False,NORMAL,FIT
mcu-uuid-W-00763-2024,worker-uuid-00763,W-00763,2024,2024-07-26,175.4,76.2,24.8,83.7,105,67,89,88,7.6,172,106,37,113,1.03,94.2,6.3,ACTIVE_SMOKER,10.4,True,False,False,False,False,NORMAL,FIT
mcu-uuid-W-00763-2025,worker-uuid-00763,W-00763,2025,2025-06-02,175.4,77.1,25.1,83.7,112,70,90,124,8.6,153,79,43,125,0.89,96.8,6.6,ACTIVE_SMOKER,10.4,True,False,False,False,False,NORMAL,FIT
mcu-uuid-W-00763-2026,worker-uuid-00763,W-00763,2026,2026-05-13,175.4,76.3,24.8,82.8,128,77,82,83,7.5,161,90,40,185,1.1,90.5,7.2,ACTIVE_SMOKER,10.4,True,False,False,False,False,NORMAL,FIT
mcu-uuid-W-00764-2024,worker-uuid-00764,W-00764,2024,2024-04-19,162.5,55.6,21.1,73.2,128,78,80,90,7.6,197,123,51,104,0.89,84.8,4.7,ACTIVE_SMOKER,20.5,True,False,False,False,False,NORMAL,FIT
mcu-uuid-W-00764-2025,worker-uuid-00764,W-00764,2025,2025-10-17,162.5,56.1,21.2,71.2,131,80,76,136,8.9,163,98,42,124,1.12,78.0,5.6,ACTIVE_SMOKER,20.5,True,False,False,False,False,NORMAL,FIT
mcu-uuid-W-00764-2026,worker-uuid-00764,W-00764,2026,2026-11-18,162.5,55.1,20.9,70.3,124,75,72,109,7.8,215,164,31,96,0.88,83.0,7.0,ACTIVE_SMOKER,20.5,True,False,False,False,False,NORMAL,FIT
mcu-uuid-W-00765-2024,worker-uuid-00765,W-00765,2024,2024-08-09,171.1,81.5,27.8,91.9,140,79,71,77,6.8,196,125,49,156,1.07,77.2,4.6,ACTIVE_SMOKER,8.0,True,True,False,False,False,BORDERLINE,FIT_WITH_RESTRICTION
mcu-uuid-W-00765-2025,worker-uuid-00765,W-00765,2025,2025-11-11,171.1,82.0,28.0,93.2,153,96,80,112,7.8,223,145,46,127,0.84,82.0,6.4,ACTIVE_SMOKER,8.0,True,True,False,True,False,NORMAL,FIT_WITH_RESTRICTION
mcu-uuid-W-00765-2026,worker-uuid-00765,W-00765,2026,2026-10-10,171.1,83.0,28.4,95.0,137,90,81,104,7.8,241,149,51,251,1.31,69.2,6.7,ACTIVE_SMOKER,8.0,True,True,False,False,True,NORMAL,FIT_WITH_RESTRICTION
mcu-uuid-W-00766-2024,worker-uuid-00766,W-00766,2024,2024-08-15,154.7,54.6,22.8,76.6,127,83,75,101,7.7,187,115,49,181,0.92,75.0,3.1,ACTIVE_SMOKER,14.7,True,False,True,False,False,NORMAL,FIT
mcu-uuid-W-00766-2025,worker-uuid-00766,W-00766,2025,2025-10-28,154.7,55.7,23.3,76.9,138,93,87,84,7.2,230,158,39,115,1.02,71.5,5.4,ACTIVE_SMOKER,14.7,True,True,True,False,False,NORMAL,FIT_WITH_RESTRICTION
mcu-uuid-W-00766-2026,worker-uuid-00766,W-00766,2026,2026-04-28,154.7,54.8,22.9,76.8,129,77,92,120,8.2,221,140,52,100,0.9,73.5,4.0,ACTIVE_SMOKER,14.7,True,False,True,False,False,NORMAL,FIT
mcu-uuid-W-00767-2024,worker-uuid-00767,W-00767,2024,2024-09-17,154.7,70.8,29.6,99.6,128,86,86,117,8.2,215,134,45,85,0.9,94.5,6.5,ACTIVE_SMOKER,22.7,True,False,False,False,False,NORMAL,FIT
mcu-uuid-W-00767-2025,worker-uuid-00767,W-00767,2025,2025-10-05,154.7,70.9,29.6,99.1,143,92,74,94,7.3,219,149,35,122,0.39,106.2,4.4,ACTIVE_SMOKER,22.7,True,True,False,True,False,NORMAL,FIT_WITH_RESTRICTION
mcu-uuid-W-00767-2026,worker-uuid-00767,W-00767,2026,2026-04-11,154.7,73.3,30.6,101.5,130,80,82,102,7.8,210,141,42,161,0.95,91.2,6.8,ACTIVE_SMOKER,22.7,True,False,False,False,False,NORMAL,FIT_WITH_RESTRICTION
mcu-uuid-W-00768-2024,worker-uuid-00768,W-00768,2024,2024-05-08,175.2,77.8,25.3,84.8,126,80,73,100,7.6,209,134,48,260,0.96,79.0,7.1,NON_SMOKER,0.0,True,False,False,False,False,NORMAL,FIT
mcu-uuid-W-00768-2025,worker-uuid-00768,W-00768,2025,2025-03-20,175.2,78.0,25.4,85.1,125,77,67,98,7.7,191,108,46,196,0.69,84.8,2.8,NON_SMOKER,0.0,True,False,False,False,False,NORMAL,FIT
mcu-uuid-W-00768-2026,worker-uuid-00768,W-00768,2026,2026-07-13,175.2,79.5,25.9,86.2,128,82,58,109,7.9,209,116,66,151,0.87,79.2,8.0,NON_SMOKER,0.0,True,False,False,False,False,BORDERLINE,FIT
mcu-uuid-W-00769-2024,worker-uuid-00769,W-00769,2024,2024-06-04,175.9,83.7,27.1,91.7,142,88,82,116,8.2,186,103,45,123,1.21,78.8,5.8,NON_SMOKER,0.0,True,True,False,False,False,NORMAL,FIT_WITH_RESTRICTION
mcu-uuid-W-00769-2025,worker-uuid-00769,W-00769,2025,2025-09-06,175.9,83.7,27.1,92.3,131,86,63,107,7.8,232,163,45,191,0.89,85.8,6.7,NON_SMOKER,0.0,True,False,False,False,True,NORMAL,FIT
mcu-uuid-W-00769-2026,worker-uuid-00769,W-00769,2026,2026-10-12,175.9,85.8,27.7,91.5,127,81,70,84,7.1,184,108,51,163,1.07,80.2,6.3,NON_SMOKER,0.0,True,False,False,False,False,NORMAL,FIT
mcu-uuid-W-00770-2024,worker-uuid-00770,W-00770,2024,2024-11-18,166.1,64.1,23.2,77.6,137,93,83,94,7.8,201,119,46,112,0.98,87.5,4.7,FORMER_SMOKER,11.3,True,True,False,False,False,NORMAL,FIT_WITH_RESTRICTION
mcu-uuid-W-00770-2025,worker-uuid-00770,W-00770,2025,2025-04-28,166.1,64.1,23.2,78.1,113,75,70,76,6.9,199,114,50,194,0.85,89.8,7.3,FORMER_SMOKER,11.3,True,False,False,False,False,NORMAL,FIT
mcu-uuid-W-00770-2026,worker-uuid-00770,W-00770,2026,2026-05-22,166.1,64.9,23.5,77.2,130,84,80,84,7.2,165,91,46,148,1.08,83.0,5.4,FORMER_SMOKER,11.3,True,False,False,False,False,NORMAL,FIT
mcu-uuid-W-00771-2024,worker-uuid-00771,W-00771,2024,2024-06-09,164.1,66.1,24.5,81.9,107,67,91,96,7.5,175,93,45,55,0.69,98.8,4.8,ACTIVE_SMOKER,26.6,True,False,False,False,False,NORMAL,FIT
mcu-uuid-W-00771-2025,worker-uuid-00771,W-00771,2025,2025-06-23,164.1,65.7,24.4,82.9,136,87,88,94,7.3,162,73,57,81,0.85,93.8,7.3,ACTIVE_SMOKER,26.6,True,False,False,False,False,NORMAL,FIT
mcu-uuid-W-00771-2026,worker-uuid-00771,W-00771,2026,2026-05-24,164.1,67.9,25.2,86.0,139,91,79,98,7.5,192,101,54,110,0.71,96.2,4.8,ACTIVE_SMOKER,26.6,True,True,False,True,False,ABNORMAL,UNFIT
mcu-uuid-W-00772-2024,worker-uuid-00772,W-00772,2024,2024-07-09,165.3,61.4,22.5,74.6,141,87,80,80,7.1,210,115,53,144,0.76,75.0,6.2,FORMER_SMOKER,2.7,True,True,False,True,False,NORMAL,FIT_WITH_RESTRICTION
mcu-uuid-W-00772-2025,worker-uuid-00772,W-00772,2025,2025-06-15,165.3,62.4,22.8,75.2,134,82,67,98,7.9,216,149,46,96,1.22,62.5,6.5,FORMER_SMOKER,2.7,True,False,False,False,False,NORMAL,FIT
mcu-uuid-W-00772-2026,worker-uuid-00772,W-00772,2026,2026-03-04,165.3,62.3,22.8,78.9,157,101,64,124,8.4,210,137,51,58,0.76,73.0,5.4,FORMER_SMOKER,2.7,True,True,False,True,False,BORDERLINE,UNFIT
mcu-uuid-W-00773-2024,worker-uuid-00773,W-00773,2024,2024-06-09,172.1,76.0,25.7,84.8,150,95,62,108,7.8,224,152,48,149,0.76,75.0,6.2,NON_SMOKER,0.0,True,True,False,False,False,NORMAL,FIT_WITH_RESTRICTION
mcu-uuid-W-00773-2025,worker-uuid-00773,W-00773,2025,2025-07-17,172.1,76.6,25.9,86.7,139,75,74,79,7.3,255,165,47,170,0.9,70.5,5.7,NON_SMOKER,0.0,True,False,False,False,True,NORMAL,FIT
mcu-uuid-W-00773-2026,worker-uuid-00773,W-00773,2026,2026-10-25,172.1,78.2,26.4,88.9,158,94,60,105,7.7,213,136,43,55,1.0,67.0,5.3,NON_SMOKER,0.0,True,True,False,True,False,ABNORMAL,UNFIT
mcu-uuid-W-00774-2024,worker-uuid-00774,W-00774,2024,2024-11-16,174.1,74.7,24.6,81.0,137,82,79,116,8.3,222,140,44,98,1.0,68.0,6.8,FORMER_SMOKER,11.7,True,False,True,False,False,NORMAL,FIT
mcu-uuid-W-00774-2025,worker-uuid-00774,W-00774,2025,2025-08-27,174.1,75.8,25.0,82.2,125,88,70,101,7.8,228,146,49,190,0.72,74.0,6.4,FORMER_SMOKER,11.7,True,False,True,False,False,BORDERLINE,FIT
mcu-uuid-W-00774-2026,worker-uuid-00774,W-00774,2026,2026-06-11,174.1,75.5,24.9,82.8,127,89,80,76,6.9,224,135,45,178,0.78,71.5,4.3,FORMER_SMOKER,11.7,True,False,True,False,False,BORDERLINE,FIT
mcu-uuid-W-00775-2024,worker-uuid-00775,W-00775,2024,2024-03-15,160.4,71.5,27.8,94.0,124,68,80,102,7.6,202,103,59,113,0.73,85.8,6.7,FORMER_SMOKER,5.0,True,False,False,False,False,NORMAL,FIT
mcu-uuid-W-00775-2025,worker-uuid-00775,W-00775,2025,2025-04-09,160.4,72.1,28.0,94.6,138,87,70,108,8.1,234,142,47,148,0.59,88.2,4.2,FORMER_SMOKER,5.0,True,False,False,False,False,NORMAL,FIT
mcu-uuid-W-00775-2026,worker-uuid-00775,W-00775,2026,2026-06-05,160.4,73.5,28.6,95.5,122,75,77,106,8.0,179,95,54,212,0.61,86.8,4.4,FORMER_SMOKER,5.0,True,False,False,False,False,NORMAL,FIT
mcu-uuid-W-00776-2024,worker-uuid-00776,W-00776,2024,2024-11-25,168.4,76.3,26.9,89.0,141,80,70,93,7.7,205,123,41,111,1.0,70.0,6.6,ACTIVE_SMOKER,17.1,True,True,False,False,False,NORMAL,FIT_WITH_RESTRICTION
mcu-uuid-W-00776-2025,worker-uuid-00776,W-00776,2025,2025-06-28,168.4,76.2,26.9,89.6,139,78,82,118,8.1,250,168,45,118,1.23,63.2,4.5,ACTIVE_SMOKER,17.1,True,False,False,False,False,NORMAL,FIT
mcu-uuid-W-00776-2026,worker-uuid-00776,W-00776,2026,2026-11-07,168.4,78.7,27.8,94.1,139,93,86,102,7.6,216,128,52,207,0.86,71.5,5.1,ACTIVE_SMOKER,17.1,True,True,False,False,False,NORMAL,FIT_WITH_RESTRICTION
mcu-uuid-W-00777-2024,worker-uuid-00777,W-00777,2024,2024-06-25,153.6,59.3,25.1,83.3,131,79,53,121,8.5,207,118,51,119,1.17,80.8,3.3,NON_SMOKER,0.0,True,False,False,False,False,BORDERLINE,FIT
mcu-uuid-W-00777-2025,worker-uuid-00777,W-00777,2025,2025-11-05,153.6,58.8,24.9,82.9,132,78,76,89,7.2,187,104,44,116,0.79,89.2,7.6,NON_SMOKER,0.0,True,False,False,False,False,NORMAL,FIT
mcu-uuid-W-00777-2026,worker-uuid-00777,W-00777,2026,2026-10-22,153.6,59.3,25.1,85.8,126,77,65,123,8.1,184,92,55,159,0.92,85.0,4.9,NON_SMOKER,0.0,True,False,False,False,False,NORMAL,FIT
mcu-uuid-W-00778-2024,worker-uuid-00778,W-00778,2024,2024-03-18,162.5,55.3,20.9,71.1,121,77,64,103,7.8,181,97,55,55,1.26,80.5,5.7,FORMER_SMOKER,3.5,True,False,False,False,False,BORDERLINE,FIT
mcu-uuid-W-00778-2025,worker-uuid-00778,W-00778,2025,2025-09-26,162.5,54.8,20.8,70.3,99,65,77,104,7.7,189,105,44,116,0.97,86.8,5.3,FORMER_SMOKER,3.5,True,False,False,False,False,NORMAL,FIT
mcu-uuid-W-00778-2026,worker-uuid-00778,W-00778,2026,2026-08-28,162.5,56.1,21.2,70.3,117,65,68,65,6.7,199,121,53,146,1.04,84.0,5.7,FORMER_SMOKER,3.5,True,False,False,False,False,NORMAL,FIT
mcu-uuid-W-00779-2024,worker-uuid-00779,W-00779,2024,2024-05-22,158.1,59.4,23.8,80.7,117,73,53,109,7.8,210,129,51,221,0.83,79.2,7.6,FORMER_SMOKER,3.3,True,False,True,False,False,NORMAL,FIT
mcu-uuid-W-00779-2025,worker-uuid-00779,W-00779,2025,2025-07-24,158.1,60.7,24.3,82.4,115,72,65,95,7.4,218,127,46,190,0.95,75.2,6.4,FORMER_SMOKER,3.3,True,False,True,False,False,BORDERLINE,FIT
mcu-uuid-W-00779-2026,worker-uuid-00779,W-00779,2026,2026-09-03,158.1,58.9,23.6,77.6,142,90,64,96,7.8,175,94,46,137,0.57,83.8,6.5,FORMER_SMOKER,3.3,True,True,True,False,False,NORMAL,FIT_WITH_RESTRICTION
mcu-uuid-W-00780-2024,worker-uuid-00780,W-00780,2024,2024-05-26,175.1,84.2,27.5,90.0,132,78,70,109,7.8,219,154,43,182,0.85,98.8,6.1,ACTIVE_SMOKER,20.0,True,False,False,False,False,NORMAL,FIT
mcu-uuid-W-00780-2025,worker-uuid-00780,W-00780,2025,2025-03-10,175.1,85.3,27.8,94.8,133,81,86,91,7.3,198,121,43,121,0.84,98.0,7.2,ACTIVE_SMOKER,20.0,True,False,False,False,False,BORDERLINE,FIT
mcu-uuid-W-00780-2026,worker-uuid-00780,W-00780,2026,2026-04-27,175.1,86.1,28.1,94.6,141,88,83,92,7.6,238,162,49,112,0.88,96.0,4.1,ACTIVE_SMOKER,20.0,True,True,False,False,False,NORMAL,FIT_WITH_RESTRICTION
mcu-uuid-W-00781-2024,worker-uuid-00781,W-00781,2024,2024-03-25,175.1,58.4,19.0,64.6,131,85,84,65,6.7,178,78,68,115,0.82,82.5,8.2,ACTIVE_SMOKER,28.2,True,False,False,False,False,NORMAL,FIT
mcu-uuid-W-00781-2025,worker-uuid-00781,W-00781,2025,2025-11-10,175.1,58.5,19.1,66.5,138,84,85,92,7.7,180,98,44,157,0.66,85.5,5.4,ACTIVE_SMOKER,28.2,True,False,False,False,False,BORDERLINE,FIT
mcu-uuid-W-00781-2026,worker-uuid-00781,W-00781,2026,2026-09-24,175.1,60.9,19.9,67.5,133,91,79,87,7.3,195,108,59,191,0.87,79.2,8.5,ACTIVE_SMOKER,28.2,True,True,False,True,False,BORDERLINE,FIT_WITH_RESTRICTION
mcu-uuid-W-00782-2024,worker-uuid-00782,W-00782,2024,2024-10-26,176.1,68.7,22.2,77.0,131,85,76,111,7.9,219,134,50,176,1.22,67.5,6.7,ACTIVE_SMOKER,13.1,True,False,True,False,False,NORMAL,FIT
mcu-uuid-W-00782-2025,worker-uuid-00782,W-00782,2025,2025-11-11,176.1,70.0,22.6,75.9,142,90,80,90,7.6,213,136,46,150,0.77,77.8,5.3,ACTIVE_SMOKER,13.1,True,True,True,True,False,BORDERLINE,FIT_WITH_RESTRICTION
mcu-uuid-W-00782-2026,worker-uuid-00782,W-00782,2026,2026-04-07,176.1,69.5,22.4,74.4,140,93,66,92,7.7,234,159,53,130,0.87,74.2,6.4,ACTIVE_SMOKER,13.1,True,True,True,True,False,BORDERLINE,FIT_WITH_RESTRICTION
mcu-uuid-W-00783-2024,worker-uuid-00783,W-00783,2024,2024-11-23,173.1,71.5,23.9,79.5,142,97,80,107,8.1,191,108,48,193,0.74,90.5,7.3,ACTIVE_SMOKER,16.2,True,True,False,False,False,NORMAL,FIT_WITH_RESTRICTION
mcu-uuid-W-00783-2025,worker-uuid-00783,W-00783,2025,2025-06-06,173.1,72.8,24.3,82.6,131,80,76,101,7.7,211,104,62,176,1.03,82.2,6.6,ACTIVE_SMOKER,16.2,True,False,False,False,False,NORMAL,FIT
mcu-uuid-W-00783-2026,worker-uuid-00783,W-00783,2026,2026-06-25,173.1,71.8,24.0,80.4,127,78,60,90,7.6,181,90,46,129,0.87,85.2,6.9,ACTIVE_SMOKER,16.2,True,False,False,False,False,NORMAL,FIT
mcu-uuid-W-00784-2024,worker-uuid-00784,W-00784,2024,2024-03-04,158.8,67.1,26.6,88.8,137,85,68,117,8.0,214,137,49,171,1.11,67.2,5.6,FORMER_SMOKER,6.9,True,False,False,False,False,BORDERLINE,FIT
mcu-uuid-W-00784-2025,worker-uuid-00784,W-00784,2025,2025-11-01,158.8,67.9,26.9,88.1,128,77,69,111,7.9,227,154,34,141,0.75,75.2,6.6,FORMER_SMOKER,6.9,True,False,False,False,False,NORMAL,FIT
mcu-uuid-W-00784-2026,worker-uuid-00784,W-00784,2026,2026-07-13,158.8,69.1,27.4,90.6,156,98,66,110,7.9,205,124,61,100,0.69,75.8,5.8,FORMER_SMOKER,6.9,True,True,False,True,False,ABNORMAL,UNFIT
mcu-uuid-W-00785-2024,worker-uuid-00785,W-00785,2024,2024-05-25,162.1,60.4,23.0,78.8,113,77,71,87,7.2,178,93,44,142,1.16,81.0,6.6,NON_SMOKER,0.0,True,False,True,False,False,NORMAL,FIT
mcu-uuid-W-00785-2025,worker-uuid-00785,W-00785,2025,2025-04-19,162.1,60.8,23.1,77.5,115,72,63,109,8.0,197,116,57,178,0.93,85.8,6.7,NON_SMOKER,0.0,True,False,True,False,False,NORMAL,FIT
mcu-uuid-W-00785-2026,worker-uuid-00785,W-00785,2026,2026-11-15,162.1,62.5,23.8,81.1,117,76,66,83,7.4,226,140,56,231,1.12,80.0,6.1,NON_SMOKER,0.0,True,False,True,False,False,NORMAL,FIT
mcu-uuid-W-00786-2024,worker-uuid-00786,W-00786,2024,2024-06-03,172.5,82.0,27.6,91.2,137,82,62,86,7.1,229,138,52,180,1.01,66.8,5.7,NON_SMOKER,0.0,True,False,True,False,False,NORMAL,FIT
mcu-uuid-W-00786-2025,worker-uuid-00786,W-00786,2025,2025-03-24,172.5,83.4,28.0,94.6,138,90,70,104,8.0,205,119,51,189,1.19,61.2,5.5,NON_SMOKER,0.0,True,True,True,True,False,BORDERLINE,FIT_WITH_RESTRICTION
mcu-uuid-W-00786-2026,worker-uuid-00786,W-00786,2026,2026-09-03,172.5,83.7,28.1,93.8,124,80,80,132,8.6,230,163,39,214,1.08,63.0,3.9,NON_SMOKER,0.0,True,False,True,False,False,NORMAL,FIT
mcu-uuid-W-00787-2024,worker-uuid-00787,W-00787,2024,2024-04-26,171.0,79.2,27.1,90.3,126,83,66,103,8.0,183,111,37,181,0.96,65.0,7.2,ACTIVE_SMOKER,22.9,True,False,False,False,False,NORMAL,FIT
mcu-uuid-W-00787-2025,worker-uuid-00787,W-00787,2025,2025-10-04,171.0,80.4,27.5,93.1,136,91,85,110,8.1,219,157,37,134,0.77,68.8,5.5,ACTIVE_SMOKER,22.9,True,True,False,False,False,NORMAL,FIT_WITH_RESTRICTION
mcu-uuid-W-00787-2026,worker-uuid-00787,W-00787,2026,2026-11-19,171.0,79.5,27.2,90.2,144,98,66,111,8.2,204,124,38,157,0.81,66.8,6.6,ACTIVE_SMOKER,22.9,True,True,False,True,False,ABNORMAL,UNFIT
mcu-uuid-W-00788-2024,worker-uuid-00788,W-00788,2024,2024-08-06,160.7,64.8,25.1,84.3,97,63,77,95,7.6,190,100,48,130,0.86,86.5,6.5,ACTIVE_SMOKER,20.8,True,False,False,False,False,NORMAL,FIT
mcu-uuid-W-00788-2025,worker-uuid-00788,W-00788,2025,2025-11-17,160.7,64.5,25.0,85.5,137,90,70,99,7.8,162,58,65,99,1.3,74.5,5.6,ACTIVE_SMOKER,20.8,True,True,False,True,False,NORMAL,FIT_WITH_RESTRICTION
mcu-uuid-W-00788-2026,worker-uuid-00788,W-00788,2026,2026-03-24,160.7,67.0,25.9,88.0,135,78,75,97,7.5,177,87,48,122,1.29,73.8,4.3,ACTIVE_SMOKER,20.8,True,False,False,False,False,NORMAL,FIT
mcu-uuid-W-00789-2024,worker-uuid-00789,W-00789,2024,2024-06-04,169.9,73.2,25.4,85.0,124,81,78,95,7.7,220,137,54,121,1.2,81.0,6.4,NON_SMOKER,0.0,True,False,False,False,False,NORMAL,FIT
mcu-uuid-W-00789-2025,worker-uuid-00789,W-00789,2025,2025-10-21,169.9,73.1,25.3,84.0,127,81,79,110,7.8,247,170,46,139,0.76,91.0,8.4,NON_SMOKER,0.0,True,False,False,False,False,BORDERLINE,FIT
mcu-uuid-W-00789-2026,worker-uuid-00789,W-00789,2026,2026-05-25,169.9,74.3,25.7,85.5,131,93,62,117,8.4,217,117,55,113,0.99,84.2,3.7,NON_SMOKER,0.0,True,True,False,False,False,NORMAL,FIT_WITH_RESTRICTION
mcu-uuid-W-00790-2024,worker-uuid-00790,W-00790,2024,2024-07-13,164.1,66.3,24.6,82.5,130,88,85,88,7.5,235,153,49,162,1.04,75.0,6.4,ACTIVE_SMOKER,18.4,True,False,False,False,False,NORMAL,FIT
mcu-uuid-W-00790-2025,worker-uuid-00790,W-00790,2025,2025-03-19,164.1,66.9,24.8,84.1,146,94,77,115,8.3,222,153,38,150,1.03,74.2,7.3,ACTIVE_SMOKER,18.4,True,True,False,False,False,NORMAL,FIT_WITH_RESTRICTION
mcu-uuid-W-00790-2026,worker-uuid-00790,W-00790,2026,2026-04-26,164.1,66.9,24.8,82.8,138,91,78,122,8.3,202,122,41,149,1.15,70.2,5.3,ACTIVE_SMOKER,18.4,True,True,False,False,False,NORMAL,FIT_WITH_RESTRICTION
mcu-uuid-W-00791-2024,worker-uuid-00791,W-00791,2024,2024-06-16,176.7,71.0,22.7,78.5,139,87,69,91,7.5,194,110,50,188,1.15,64.2,4.3,ACTIVE_SMOKER,5.7,True,False,False,False,False,NORMAL,FIT
mcu-uuid-W-00791-2025,worker-uuid-00791,W-00791,2025,2025-09-02,176.7,71.0,22.7,76.3,146,87,81,76,7.2,233,162,30,125,0.97,67.8,4.4,ACTIVE_SMOKER,5.7,True,True,False,True,False,BORDERLINE,FIT_WITH_RESTRICTION
mcu-uuid-W-00791-2026,worker-uuid-00791,W-00791,2026,2026-04-09,176.7,70.2,22.5,77.6,138,89,84,90,7.6,240,158,50,170,1.06,64.5,5.8,ACTIVE_SMOKER,5.7,True,False,False,False,False,NORMAL,FIT
mcu-uuid-W-00792-2024,worker-uuid-00792,W-00792,2024,2024-06-02,174.0,72.8,24.0,81.8,112,76,71,81,7.2,194,110,43,168,1.0,84.0,6.2,NON_SMOKER,0.0,True,False,True,False,False,NORMAL,FIT
mcu-uuid-W-00792-2025,worker-uuid-00792,W-00792,2025,2025-03-07,174.0,72.9,24.1,80.4,125,74,88,92,7.3,190,101,57,139,0.94,84.5,5.7,NON_SMOKER,0.0,True,False,True,False,False,NORMAL,FIT
mcu-uuid-W-00792-2026,worker-uuid-00792,W-00792,2026,2026-07-01,174.0,73.3,24.2,79.5,144,83,74,75,7.2,161,73,60,110,0.84,86.0,6.9,NON_SMOKER,0.0,True,True,True,False,False,NORMAL,FIT_WITH_RESTRICTION
mcu-uuid-W-00793-2024,worker-uuid-00793,W-00793,2024,2024-07-14,167.2,68.9,24.6,81.2,115,63,78,97,7.5,208,121,43,147,0.82,76.5,6.0,NON_SMOKER,0.0,True,False,False,False,False,NORMAL,FIT
mcu-uuid-W-00793-2025,worker-uuid-00793,W-00793,2025,2025-06-05,167.2,69.8,25.0,85.9,133,80,77,94,7.7,207,123,52,130,0.99,71.2,7.9,NON_SMOKER,0.0,True,False,False,False,False,NORMAL,FIT
mcu-uuid-W-00793-2026,worker-uuid-00793,W-00793,2026,2026-11-21,167.2,69.8,25.0,83.6,126,82,56,110,8.1,219,129,48,116,1.24,64.0,5.5,NON_SMOKER,0.0,True,False,False,False,False,NORMAL,FIT
mcu-uuid-W-00794-2024,worker-uuid-00794,W-00794,2024,2024-04-25,166.6,72.5,26.1,86.7,137,88,78,88,7.4,207,134,50,97,1.13,75.8,7.2,NON_SMOKER,0.0,True,False,False,False,False,NORMAL,FIT
mcu-uuid-W-00794-2025,worker-uuid-00794,W-00794,2025,2025-03-20,166.6,72.8,26.2,86.0,127,75,62,102,7.6,206,133,50,185,0.9,80.5,6.0,NON_SMOKER,0.0,True,False,False,False,False,BORDERLINE,FIT
mcu-uuid-W-00794-2026,worker-uuid-00794,W-00794,2026,2026-09-28,166.6,74.9,27.0,89.8,131,78,75,97,7.5,193,110,48,105,1.05,75.8,6.2,NON_SMOKER,0.0,True,False,False,False,False,NORMAL,FIT
mcu-uuid-W-00795-2024,worker-uuid-00795,W-00795,2024,2024-07-17,160.4,72.4,28.1,95.4,105,70,92,92,7.6,236,171,39,153,0.63,91.2,6.3,NON_SMOKER,0.0,True,False,False,False,False,NORMAL,FIT
mcu-uuid-W-00795-2025,worker-uuid-00795,W-00795,2025,2025-05-17,160.4,72.9,28.3,94.3,133,83,67,104,8.0,215,123,56,149,0.96,82.0,7.4,NON_SMOKER,0.0,True,False,False,False,False,NORMAL,FIT
mcu-uuid-W-00795-2026,worker-uuid-00795,W-00795,2026,2026-07-14,160.4,74.0,28.8,95.1,124,74,86,114,8.3,207,133,48,103,0.87,83.2,3.7,NON_SMOKER,0.0,True,False,False,False,False,NORMAL,FIT
mcu-uuid-W-00796-2024,worker-uuid-00796,W-00796,2024,2024-06-26,169.8,65.0,22.5,74.2,126,82,80,71,7.0,175,103,40,119,0.86,95.5,7.1,ACTIVE_SMOKER,5.4,True,False,False,False,False,NORMAL,FIT
mcu-uuid-W-00796-2025,worker-uuid-00796,W-00796,2025,2025-06-10,169.8,66.2,23.0,77.2,130,84,75,72,6.9,200,129,45,144,1.27,84.2,7.8,ACTIVE_SMOKER,5.4,True,False,False,False,False,NORMAL,FIT
mcu-uuid-W-00796-2026,worker-uuid-00796,W-00796,2026,2026-09-04,169.8,66.1,22.9,78.8,130,71,87,107,7.7,247,160,53,139,1.33,81.8,6.0,ACTIVE_SMOKER,5.4,True,False,False,False,True,NORMAL,FIT
mcu-uuid-W-00797-2024,worker-uuid-00797,W-00797,2024,2024-05-06,172.4,88.8,29.9,98.5,124,72,63,96,7.6,212,152,33,148,0.84,77.0,8.2,FORMER_SMOKER,9.7,True,False,False,False,False,NORMAL,FIT
mcu-uuid-W-00797-2025,worker-uuid-00797,W-00797,2025,2025-09-08,172.4,89.6,30.1,100.4,129,86,57,124,8.6,170,105,35,177,1.25,65.8,5.4,FORMER_SMOKER,9.7,True,False,False,False,False,BORDERLINE,FIT_WITH_RESTRICTION
mcu-uuid-W-00797-2026,worker-uuid-00797,W-00797,2026,2026-03-17,172.4,90.9,30.6,102.1,132,84,84,93,7.5,225,134,46,148,0.75,77.2,6.9,FORMER_SMOKER,9.7,True,False,False,False,False,NORMAL,FIT_WITH_RESTRICTION
mcu-uuid-W-00798-2024,worker-uuid-00798,W-00798,2024,2024-06-03,174.6,86.9,28.5,94.1,126,85,65,104,7.8,198,130,41,132,1.19,74.2,5.9,ACTIVE_SMOKER,9.6,True,False,False,False,False,NORMAL,FIT
mcu-uuid-W-00798-2025,worker-uuid-00798,W-00798,2025,2025-09-19,174.6,87.8,28.8,97.8,120,72,73,97,7.5,211,136,43,190,0.79,83.2,5.9,ACTIVE_SMOKER,9.6,True,False,False,False,False,NORMAL,FIT
mcu-uuid-W-00798-2026,worker-uuid-00798,W-00798,2026,2026-05-25,174.6,87.1,28.6,96.1,140,92,79,107,7.8,178,107,42,211,0.98,77.5,5.6,ACTIVE_SMOKER,9.6,True,True,False,False,False,NORMAL,FIT_WITH_RESTRICTION
mcu-uuid-W-00799-2024,worker-uuid-00799,W-00799,2024,2024-07-08,173.0,77.4,25.9,86.6,123,74,73,73,7.1,177,87,47,98,1.29,58.8,8.0,NON_SMOKER,0.0,True,False,True,False,False,BORDERLINE,FIT
mcu-uuid-W-00799-2025,worker-uuid-00799,W-00799,2025,2025-07-23,173.0,77.4,25.9,86.0,133,80,68,73,6.8,247,162,45,132,0.92,67.0,4.6,NON_SMOKER,0.0,True,False,True,False,False,NORMAL,FIT
mcu-uuid-W-00799-2026,worker-uuid-00799,W-00799,2026,2026-05-26,173.0,78.2,26.1,86.7,151,95,79,81,7.1,222,148,49,134,1.15,60.2,5.5,NON_SMOKER,0.0,True,True,True,False,False,NORMAL,FIT_WITH_RESTRICTION
mcu-uuid-W-00800-2024,worker-uuid-00800,W-00800,2024,2024-06-27,163.6,77.0,28.8,94.8,150,91,69,141,8.7,147,72,42,145,0.54,86.5,7.0,ACTIVE_SMOKER,29.8,True,True,False,False,False,NORMAL,FIT_WITH_RESTRICTION
mcu-uuid-W-00800-2025,worker-uuid-00800,W-00800,2025,2025-05-07,163.6,78.0,29.1,95.8,173,108,69,98,7.6,196,121,45,116,1.21,68.8,5.1,ACTIVE_SMOKER,29.8,True,True,False,False,False,BORDERLINE,UNFIT
mcu-uuid-W-00800-2026,worker-uuid-00800,W-00800,2026,2026-09-16,163.6,77.2,28.8,96.1,134,79,88,97,7.8,211,136,49,194,0.96,74.0,4.9,ACTIVE_SMOKER,29.8,True,False,False,False,False,NORMAL,FIT
mcu-uuid-W-00801-2024,worker-uuid-00801,W-00801,2024,2024-08-15,158.3,74.8,29.8,101.1,136,88,64,122,8.5,195,131,38,135,1.1,78.5,8.2,NON_SMOKER,0.0,True,False,False,False,False,NORMAL,FIT
mcu-uuid-W-00801-2025,worker-uuid-00801,W-00801,2025,2025-10-27,158.3,75.1,30.0,98.9,119,66,70,94,7.7,188,110,46,169,1.17,75.8,7.3,NON_SMOKER,0.0,True,False,False,False,False,NORMAL,FIT_WITH_RESTRICTION
mcu-uuid-W-00801-2026,worker-uuid-00801,W-00801,2026,2026-08-20,158.3,75.0,29.9,98.8,131,86,67,111,8.0,214,126,53,169,0.98,79.5,4.8,NON_SMOKER,0.0,True,False,False,False,False,NORMAL,FIT
mcu-uuid-W-00802-2024,worker-uuid-00802,W-00802,2024,2024-06-01,168.7,72.3,25.4,86.8,134,84,71,131,8.4,237,156,50,106,0.97,71.8,5.1,ACTIVE_SMOKER,7.7,True,False,False,False,False,NORMAL,FIT
mcu-uuid-W-00802-2025,worker-uuid-00802,W-00802,2025,2025-03-07,168.7,71.8,25.2,86.5,138,79,74,108,8.0,230,147,51,172,1.15,66.2,4.6,ACTIVE_SMOKER,7.7,True,False,False,False,False,NORMAL,FIT
mcu-uuid-W-00802-2026,worker-uuid-00802,W-00802,2026,2026-07-05,168.7,75.1,26.4,88.3,134,83,80,91,7.7,198,129,45,109,0.78,74.5,6.7,ACTIVE_SMOKER,7.7,True,False,False,False,False,NORMAL,FIT
mcu-uuid-W-00803-2024,worker-uuid-00803,W-00803,2024,2024-11-02,158.1,58.9,23.6,78.3,109,65,62,93,7.4,218,119,58,169,1.35,72.2,6.2,NON_SMOKER,0.0,True,False,True,False,False,NORMAL,FIT
mcu-uuid-W-00803-2025,worker-uuid-00803,W-00803,2025,2025-08-07,158.1,60.1,24.0,79.2,131,70,61,97,7.8,196,113,43,197,1.16,76.0,5.7,NON_SMOKER,0.0,True,False,True,False,False,NORMAL,FIT
mcu-uuid-W-00803-2026,worker-uuid-00803,W-00803,2026,2026-11-03,158.1,59.9,24.0,80.3,146,86,77,104,8.1,223,130,51,156,1.12,76.0,5.4,NON_SMOKER,0.0,True,True,True,False,False,NORMAL,FIT_WITH_RESTRICTION
mcu-uuid-W-00804-2024,worker-uuid-00804,W-00804,2024,2024-11-04,170.0,76.5,26.5,87.9,119,78,74,109,7.8,166,64,62,117,0.91,67.2,5.8,NON_SMOKER,0.0,True,False,True,False,False,NORMAL,FIT
mcu-uuid-W-00804-2025,worker-uuid-00804,W-00804,2025,2025-04-10,170.0,76.2,26.4,90.0,125,78,69,90,7.2,230,146,49,90,1.06,62.5,5.7,NON_SMOKER,0.0,True,False,True,False,False,NORMAL,FIT
mcu-uuid-W-00804-2026,worker-uuid-00804,W-00804,2026,2026-10-04,170.0,79.2,27.4,90.3,150,94,66,119,8.5,233,154,39,147,0.95,64.2,6.5,NON_SMOKER,0.0,True,True,True,True,False,BORDERLINE,FIT_WITH_RESTRICTION
mcu-uuid-W-00805-2024,worker-uuid-00805,W-00805,2024,2024-09-03,167.0,75.6,27.1,91.5,132,82,77,104,7.7,212,103,66,146,1.27,59.2,4.2,FORMER_SMOKER,6.4,True,False,True,False,False,NORMAL,FIT
mcu-uuid-W-00805-2025,worker-uuid-00805,W-00805,2025,2025-03-04,167.0,76.0,27.3,90.5,145,88,68,89,7.3,249,172,43,187,1.18,60.5,5.0,FORMER_SMOKER,6.4,True,True,True,True,True,NORMAL,FIT_WITH_RESTRICTION
mcu-uuid-W-00805-2026,worker-uuid-00805,W-00805,2026,2026-08-24,167.0,75.7,27.1,92.0,147,98,67,113,8.3,256,165,55,174,0.94,65.5,7.7,FORMER_SMOKER,6.4,True,True,True,True,True,ABNORMAL,UNFIT
mcu-uuid-W-00806-2024,worker-uuid-00806,W-00806,2024,2024-07-02,163.5,64.2,24.0,81.6,124,80,69,104,7.9,181,97,55,126,0.95,89.2,6.5,NON_SMOKER,0.0,True,False,False,False,False,NORMAL,FIT
mcu-uuid-W-00806-2025,worker-uuid-00806,W-00806,2025,2025-03-20,163.5,63.9,23.9,81.2,118,77,75,79,7.3,168,100,46,178,0.97,87.8,7.0,NON_SMOKER,0.0,True,False,False,False,False,NORMAL,FIT
mcu-uuid-W-00806-2026,worker-uuid-00806,W-00806,2026,2026-07-08,163.5,64.8,24.2,80.4,121,80,59,102,7.7,203,113,62,194,1.04,85.0,5.1,NON_SMOKER,0.0,True,False,False,False,False,NORMAL,FIT
mcu-uuid-W-00807-2024,worker-uuid-00807,W-00807,2024,2024-08-04,169.0,79.2,27.7,93.5,141,79,57,113,8.2,220,141,48,145,0.96,62.0,7.2,NON_SMOKER,0.0,True,True,False,True,False,NORMAL,FIT_WITH_RESTRICTION
mcu-uuid-W-00807-2025,worker-uuid-00807,W-00807,2025,2025-11-03,169.0,80.0,28.0,95.4,136,86,75,121,8.4,245,176,45,178,0.83,64.2,5.4,NON_SMOKER,0.0,True,False,False,False,False,NORMAL,FIT
mcu-uuid-W-00807-2026,worker-uuid-00807,W-00807,2026,2026-10-15,169.0,79.4,27.8,92.7,138,83,63,117,8.1,229,146,53,161,1.01,58.8,5.0,NON_SMOKER,0.0,True,False,False,False,False,NORMAL,FIT
mcu-uuid-W-00808-2024,worker-uuid-00808,W-00808,2024,2024-03-18,169.3,74.4,26.0,85.4,130,84,56,115,8.1,223,148,43,177,1.05,88.8,6.4,FORMER_SMOKER,13.6,True,False,False,False,False,NORMAL,FIT
mcu-uuid-W-00808-2025,worker-uuid-00808,W-00808,2025,2025-04-26,169.3,75.7,26.4,86.9,140,86,65,94,7.4,229,144,48,114,0.98,89.5,5.5,FORMER_SMOKER,13.6,True,True,False,False,False,BORDERLINE,FIT_WITH_RESTRICTION
mcu-uuid-W-00808-2026,worker-uuid-00808,W-00808,2026,2026-03-25,169.3,75.9,26.5,88.5,130,81,73,110,8.2,187,125,40,142,1.15,84.2,7.6,FORMER_SMOKER,13.6,True,False,False,False,False,BORDERLINE,FIT
mcu-uuid-W-00809-2024,worker-uuid-00809,W-00809,2024,2024-03-26,165.7,78.5,28.6,96.6,139,82,81,92,7.3,226,138,46,157,1.26,74.5,4.0,NON_SMOKER,0.0,True,False,True,False,False,NORMAL,FIT
mcu-uuid-W-00809-2025,worker-uuid-00809,W-00809,2025,2025-03-26,165.7,78.2,28.5,93.9,116,77,68,93,7.5,196,120,40,208,1.15,76.2,4.4,NON_SMOKER,0.0,True,False,True,False,False,NORMAL,FIT
mcu-uuid-W-00809-2026,worker-uuid-00809,W-00809,2026,2026-08-07,165.7,78.7,28.7,94.9,127,78,68,98,7.6,238,154,52,93,0.92,81.0,4.9,NON_SMOKER,0.0,True,False,True,False,False,NORMAL,FIT
mcu-uuid-W-00810-2024,worker-uuid-00810,W-00810,2024,2024-03-13,172.4,81.2,27.3,91.3,146,90,68,118,8.1,224,149,45,216,0.68,78.0,5.8,NON_SMOKER,0.0,True,True,False,True,False,BORDERLINE,FIT_WITH_RESTRICTION
mcu-uuid-W-00810-2025,worker-uuid-00810,W-00810,2025,2025-05-24,172.4,80.9,27.2,90.7,119,71,61,114,8.2,246,170,52,170,0.92,71.0,5.9,NON_SMOKER,0.0,True,False,False,False,False,NORMAL,FIT
mcu-uuid-W-00810-2026,worker-uuid-00810,W-00810,2026,2026-06-13,172.4,80.5,27.1,92.1,134,86,65,91,7.5,157,71,59,183,0.79,73.2,5.6,NON_SMOKER,0.0,True,False,False,False,False,NORMAL,FIT
mcu-uuid-W-00811-2024,worker-uuid-00811,W-00811,2024,2024-04-24,172.0,70.4,23.8,78.3,136,90,73,94,7.5,140,72,46,88,0.94,87.5,2.7,ACTIVE_SMOKER,10.1,True,True,True,True,False,NORMAL,FIT_WITH_RESTRICTION
mcu-uuid-W-00811-2025,worker-uuid-00811,W-00811,2025,2025-11-21,172.0,70.6,23.9,81.4,117,69,76,84,7.3,181,114,41,126,1.21,79.8,6.3,ACTIVE_SMOKER,10.1,True,False,True,False,False,NORMAL,FIT
mcu-uuid-W-00811-2026,worker-uuid-00811,W-00811,2026,2026-10-20,172.0,70.1,23.7,81.5,140,81,78,104,7.9,235,171,41,127,0.92,86.0,2.7,ACTIVE_SMOKER,10.1,True,True,True,False,False,NORMAL,FIT_WITH_RESTRICTION
mcu-uuid-W-00812-2024,worker-uuid-00812,W-00812,2024,2024-09-10,169.3,63.1,22.0,74.6,141,90,73,93,7.4,187,110,50,209,0.73,67.8,6.4,ACTIVE_SMOKER,13.4,True,True,False,True,False,BORDERLINE,FIT_WITH_RESTRICTION
mcu-uuid-W-00812-2025,worker-uuid-00812,W-00812,2025,2025-04-08,169.3,63.3,22.1,73.3,128,84,74,81,7.3,165,88,41,136,0.94,61.5,5.6,ACTIVE_SMOKER,13.4,True,False,False,False,False,NORMAL,FIT
mcu-uuid-W-00812-2026,worker-uuid-00812,W-00812,2026,2026-06-04,169.3,64.3,22.4,76.7,147,92,82,122,8.5,193,130,30,141,0.96,60.0,5.4,ACTIVE_SMOKER,13.4,True,True,False,True,False,ABNORMAL,UNFIT
mcu-uuid-W-00813-2024,worker-uuid-00813,W-00813,2024,2024-03-17,160.5,61.7,24.0,82.8,146,98,73,95,7.4,198,106,49,91,1.4,66.0,8.9,ACTIVE_SMOKER,14.4,True,True,False,False,False,NORMAL,FIT_WITH_RESTRICTION
mcu-uuid-W-00813-2025,worker-uuid-00813,W-00813,2025,2025-03-24,160.5,62.8,24.4,81.7,143,88,85,90,7.7,172,96,39,169,0.9,77.5,6.8,ACTIVE_SMOKER,14.4,True,True,False,True,False,NORMAL,FIT_WITH_RESTRICTION
mcu-uuid-W-00813-2026,worker-uuid-00813,W-00813,2026,2026-10-05,160.5,62.7,24.3,83.6,152,95,84,100,7.8,187,121,44,169,1.01,73.8,6.3,ACTIVE_SMOKER,14.4,True,True,False,False,False,NORMAL,FIT_WITH_RESTRICTION
mcu-uuid-W-00814-2024,worker-uuid-00814,W-00814,2024,2024-04-09,168.7,62.7,22.0,75.2,124,76,75,98,7.7,238,151,42,107,0.85,84.8,6.6,ACTIVE_SMOKER,19.8,True,False,True,False,False,NORMAL,FIT
mcu-uuid-W-00814-2025,worker-uuid-00814,W-00814,2025,2025-05-19,168.7,62.7,22.0,74.4,138,82,84,98,7.8,222,144,51,225,1.4,70.0,4.7,ACTIVE_SMOKER,19.8,True,False,True,False,False,NORMAL,FIT
mcu-uuid-W-00814-2026,worker-uuid-00814,W-00814,2026,2026-11-18,168.7,63.2,22.2,74.5,139,81,74,99,7.5,209,139,40,120,1.07,77.2,7.4,ACTIVE_SMOKER,19.8,True,False,True,False,False,BORDERLINE,FIT
mcu-uuid-W-00815-2024,worker-uuid-00815,W-00815,2024,2024-10-24,172.7,75.3,25.2,86.0,133,89,60,104,7.7,204,121,42,199,0.87,81.2,6.6,ACTIVE_SMOKER,13.9,True,False,False,False,False,NORMAL,FIT
mcu-uuid-W-00815-2025,worker-uuid-00815,W-00815,2025,2025-10-26,172.7,75.9,25.4,85.5,128,82,70,88,7.5,206,133,40,115,1.12,74.0,5.5,ACTIVE_SMOKER,13.9,True,False,False,False,False,NORMAL,FIT
mcu-uuid-W-00815-2026,worker-uuid-00815,W-00815,2026,2026-10-14,172.7,74.5,25.0,85.9,150,95,75,113,8.1,201,107,55,145,0.92,78.0,5.5,ACTIVE_SMOKER,13.9,True,True,False,False,False,NORMAL,FIT_WITH_RESTRICTION
mcu-uuid-W-00816-2024,worker-uuid-00816,W-00816,2024,2024-05-19,157.7,56.7,22.8,77.7,107,67,64,89,7.5,226,149,56,55,0.72,80.0,5.2,ACTIVE_SMOKER,7.1,True,False,False,False,False,NORMAL,FIT
mcu-uuid-W-00816-2025,worker-uuid-00816,W-00816,2025,2025-07-02,157.7,57.6,23.2,78.2,143,92,83,108,7.9,179,116,43,98,0.97,72.8,3.8,ACTIVE_SMOKER,7.1,True,True,False,True,False,NORMAL,FIT_WITH_RESTRICTION
mcu-uuid-W-00816-2026,worker-uuid-00816,W-00816,2026,2026-07-01,157.7,55.7,22.4,77.6,136,81,61,100,7.6,192,123,45,98,1.16,67.0,5.5,ACTIVE_SMOKER,7.1,True,False,False,False,False,BORDERLINE,FIT
mcu-uuid-W-00817-2024,worker-uuid-00817,W-00817,2024,2024-03-07,166.2,60.2,21.8,72.5,142,88,68,103,7.9,242,173,47,152,0.83,92.2,6.3,ACTIVE_SMOKER,16.0,True,True,False,True,False,NORMAL,FIT_WITH_RESTRICTION
mcu-uuid-W-00817-2025,worker-uuid-00817,W-00817,2025,2025-06-03,166.2,59.9,21.7,72.5,141,91,76,95,7.4,183,92,48,185,1.16,83.0,5.3,ACTIVE_SMOKER,16.0,True,True,False,True,False,NORMAL,FIT_WITH_RESTRICTION
mcu-uuid-W-00817-2026,worker-uuid-00817,W-00817,2026,2026-09-05,166.2,62.1,22.5,76.4,110,68,82,92,7.5,161,83,50,133,1.12,83.0,7.1,ACTIVE_SMOKER,16.0,True,False,False,False,False,BORDERLINE,FIT
mcu-uuid-W-00818-2024,worker-uuid-00818,W-00818,2024,2024-10-02,169.4,66.4,23.1,78.5,118,75,87,86,7.2,218,142,51,126,0.66,87.5,5.8,FORMER_SMOKER,13.4,True,False,False,False,False,NORMAL,FIT
mcu-uuid-W-00818-2025,worker-uuid-00818,W-00818,2025,2025-05-13,169.4,66.9,23.3,79.8,130,71,60,79,6.9,139,55,53,133,0.69,85.8,6.0,FORMER_SMOKER,13.4,True,False,False,False,False,NORMAL,FIT
mcu-uuid-W-00818-2026,worker-uuid-00818,W-00818,2026,2026-05-15,169.4,67.6,23.6,81.2,132,84,76,94,7.6,199,113,52,98,0.82,81.5,6.3,FORMER_SMOKER,13.4,True,False,False,False,False,NORMAL,FIT
mcu-uuid-W-00819-2024,worker-uuid-00819,W-00819,2024,2024-09-24,150.7,58.0,25.5,85.9,138,85,72,110,7.9,208,127,48,134,1.08,69.0,6.4,ACTIVE_SMOKER,20.9,True,False,False,False,False,NORMAL,FIT
mcu-uuid-W-00819-2025,worker-uuid-00819,W-00819,2025,2025-10-17,150.7,57.8,25.5,83.7,148,98,81,103,7.6,192,92,55,104,0.62,79.5,5.8,ACTIVE_SMOKER,20.9,True,True,False,True,False,NORMAL,FIT_WITH_RESTRICTION
mcu-uuid-W-00819-2026,worker-uuid-00819,W-00819,2026,2026-10-10,150.7,60.4,26.6,90.8,149,82,66,92,7.7,180,92,47,97,1.12,66.0,6.8,ACTIVE_SMOKER,20.9,True,True,False,False,False,NORMAL,FIT_WITH_RESTRICTION
mcu-uuid-W-00820-2024,worker-uuid-00820,W-00820,2024,2024-04-25,169.9,69.7,24.1,82.2,142,84,67,121,8.4,190,106,47,97,1.01,77.8,6.7,ACTIVE_SMOKER,5.4,True,True,False,False,False,BORDERLINE,FIT_WITH_RESTRICTION
mcu-uuid-W-00820-2025,worker-uuid-00820,W-00820,2025,2025-06-28,169.9,69.7,24.1,82.4,133,83,68,72,6.7,199,121,56,147,0.99,77.2,6.6,ACTIVE_SMOKER,5.4,True,False,False,False,False,NORMAL,FIT
mcu-uuid-W-00820-2026,worker-uuid-00820,W-00820,2026,2026-11-21,169.9,72.3,25.0,83.3,132,84,73,114,7.9,224,135,49,123,1.2,71.0,5.0,ACTIVE_SMOKER,5.4,True,False,False,False,False,NORMAL,FIT
mcu-uuid-W-00821-2024,worker-uuid-00821,W-00821,2024,2024-04-27,160.1,60.4,23.6,78.6,129,80,67,102,7.5,164,91,44,169,0.93,68.8,5.7,FORMER_SMOKER,5.2,True,False,False,False,False,NORMAL,FIT
mcu-uuid-W-00821-2025,worker-uuid-00821,W-00821,2025,2025-10-27,160.1,60.6,23.6,81.0,132,84,73,105,7.8,190,101,54,103,1.03,65.2,6.2,FORMER_SMOKER,5.2,True,False,False,False,False,NORMAL,FIT
mcu-uuid-W-00821-2026,worker-uuid-00821,W-00821,2026,2026-10-14,160.1,61.3,23.9,82.1,139,81,78,101,7.6,255,166,51,170,0.92,67.0,5.9,FORMER_SMOKER,5.2,True,False,False,False,False,NORMAL,FIT
mcu-uuid-W-00822-2024,worker-uuid-00822,W-00822,2024,2024-10-23,167.6,60.7,21.6,72.7,122,79,67,88,7.3,179,92,47,200,1.12,86.0,6.5,ACTIVE_SMOKER,11.6,True,False,True,False,False,NORMAL,FIT
mcu-uuid-W-00822-2025,worker-uuid-00822,W-00822,2025,2025-09-26,167.6,61.0,21.7,74.0,117,72,67,103,7.7,221,155,32,55,1.02,87.5,6.1,ACTIVE_SMOKER,11.6,True,False,True,False,False,NORMAL,FIT
mcu-uuid-W-00822-2026,worker-uuid-00822,W-00822,2026,2026-04-09,167.6,59.8,21.3,74.0,141,90,76,87,7.5,180,114,45,106,0.74,93.5,6.1,ACTIVE_SMOKER,11.6,True,True,True,True,False,ABNORMAL,UNFIT
mcu-uuid-W-00823-2024,worker-uuid-00823,W-00823,2024,2024-07-24,162.0,68.1,25.9,86.9,150,94,89,100,7.7,196,115,49,118,0.97,61.8,5.2,ACTIVE_SMOKER,29.4,True,True,False,False,False,NORMAL,FIT_WITH_RESTRICTION
mcu-uuid-W-00823-2025,worker-uuid-00823,W-00823,2025,2025-04-11,162.0,67.8,25.8,86.2,160,105,79,126,8.2,233,143,48,173,0.9,62.5,6.2,ACTIVE_SMOKER,29.4,True,True,False,True,False,NORMAL,UNFIT
mcu-uuid-W-00823-2026,worker-uuid-00823,W-00823,2026,2026-03-16,162.0,68.0,25.9,86.6,132,79,57,118,8.3,169,79,62,156,1.15,55.2,7.0,ACTIVE_SMOKER,29.4,True,False,False,False,False,NORMAL,FIT
mcu-uuid-W-00824-2024,worker-uuid-00824,W-00824,2024,2024-06-22,176.3,84.6,27.2,93.0,127,86,86,98,7.4,191,111,57,157,1.21,76.8,6.0,ACTIVE_SMOKER,11.5,True,False,False,False,False,BORDERLINE,FIT
mcu-uuid-W-00824-2025,worker-uuid-00824,W-00824,2025,2025-06-17,176.3,84.8,27.3,90.7,133,81,71,99,7.5,177,95,51,139,1.18,76.5,5.9,ACTIVE_SMOKER,11.5,True,False,False,False,False,NORMAL,FIT
mcu-uuid-W-00824-2026,worker-uuid-00824,W-00824,2026,2026-09-20,176.3,85.5,27.5,91.3,119,78,71,96,7.5,217,159,36,195,0.86,83.5,6.2,ACTIVE_SMOKER,11.5,True,False,False,False,False,NORMAL,FIT
mcu-uuid-W-00825-2024,worker-uuid-00825,W-00825,2024,2024-09-13,154.5,76.6,32.1,107.0,149,90,62,114,8.2,220,152,35,97,1.05,63.8,4.6,NON_SMOKER,0.0,True,True,False,False,False,NORMAL,FIT_WITH_RESTRICTION
mcu-uuid-W-00825-2025,worker-uuid-00825,W-00825,2025,2025-10-02,154.5,78.0,32.7,110.2,113,80,71,95,7.3,222,162,34,160,1.08,62.0,7.0,NON_SMOKER,0.0,True,False,False,False,False,NORMAL,FIT_WITH_RESTRICTION
mcu-uuid-W-00825-2026,worker-uuid-00825,W-00825,2026,2026-05-14,154.5,76.1,31.9,106.7,136,86,50,88,7.2,172,95,38,136,1.05,61.8,5.1,NON_SMOKER,0.0,True,False,False,False,False,NORMAL,FIT_WITH_RESTRICTION
mcu-uuid-W-00826-2024,worker-uuid-00826,W-00826,2024,2024-10-04,172.0,57.6,19.5,65.6,117,73,71,109,7.7,221,127,50,151,0.98,78.5,5.1,NON_SMOKER,0.0,True,False,False,False,False,NORMAL,FIT
mcu-uuid-W-00826-2025,worker-uuid-00826,W-00826,2025,2025-07-15,172.0,58.9,19.9,69.2,125,72,56,106,7.8,203,145,37,129,1.07,75.2,4.9,NON_SMOKER,0.0,True,False,False,False,False,NORMAL,FIT
mcu-uuid-W-00826-2026,worker-uuid-00826,W-00826,2026,2026-11-24,172.0,57.0,19.3,66.0,95,62,77,71,7.0,182,78,59,128,1.01,75.8,6.5,NON_SMOKER,0.0,True,False,False,False,False,NORMAL,FIT
mcu-uuid-W-00827-2024,worker-uuid-00827,W-00827,2024,2024-09-14,167.2,62.7,22.4,73.9,105,65,74,102,7.9,183,107,40,160,0.97,95.8,6.6,NON_SMOKER,0.0,True,False,True,False,False,NORMAL,FIT
mcu-uuid-W-00827-2025,worker-uuid-00827,W-00827,2025,2025-11-15,167.2,63.2,22.6,74.6,108,75,77,83,7.1,218,134,45,201,1.35,85.2,6.4,NON_SMOKER,0.0,True,False,True,False,False,BORDERLINE,FIT
mcu-uuid-W-00827-2026,worker-uuid-00827,W-00827,2026,2026-05-10,167.2,63.9,22.9,78.6,108,61,65,78,7.2,223,143,50,96,0.9,95.5,5.6,NON_SMOKER,0.0,True,False,True,False,False,NORMAL,FIT
mcu-uuid-W-00828-2024,worker-uuid-00828,W-00828,2024,2024-09-13,150.1,57.4,25.5,85.0,139,87,77,119,8.5,205,142,42,137,0.63,74.2,4.9,NON_SMOKER,0.0,True,False,True,False,False,NORMAL,FIT
mcu-uuid-W-00828-2025,worker-uuid-00828,W-00828,2025,2025-07-18,150.1,57.7,25.6,84.7,112,66,61,92,7.3,222,134,65,93,1.03,63.2,5.4,NON_SMOKER,0.0,True,False,True,False,False,NORMAL,FIT
mcu-uuid-W-00828-2026,worker-uuid-00828,W-00828,2026,2026-08-26,150.1,57.7,25.6,86.8,140,83,71,85,7.3,226,139,47,246,0.93,64.8,4.5,NON_SMOKER,0.0,True,True,True,False,False,NORMAL,FIT_WITH_RESTRICTION
mcu-uuid-W-00829-2024,worker-uuid-00829,W-00829,2024,2024-10-17,163.0,66.7,25.1,82.8,137,86,77,98,7.8,176,100,46,135,1.36,67.0,6.0,FORMER_SMOKER,3.5,True,False,True,False,False,NORMAL,FIT
mcu-uuid-W-00829-2025,worker-uuid-00829,W-00829,2025,2025-05-10,163.0,66.4,25.0,82.6,121,73,87,114,8.1,178,87,53,151,0.89,77.8,6.6,FORMER_SMOKER,3.5,True,False,True,False,False,BORDERLINE,FIT
mcu-uuid-W-00829-2026,worker-uuid-00829,W-00829,2026,2026-04-05,163.0,67.1,25.3,86.2,135,83,73,92,7.6,202,116,56,127,1.01,73.8,6.2,FORMER_SMOKER,3.5,True,False,True,False,False,NORMAL,FIT
mcu-uuid-W-00830-2024,worker-uuid-00830,W-00830,2024,2024-10-22,160.7,66.5,25.8,86.9,129,82,64,103,7.7,171,105,39,202,0.92,74.0,4.8,FORMER_SMOKER,6.7,True,False,False,False,False,NORMAL,FIT
mcu-uuid-W-00830-2025,worker-uuid-00830,W-00830,2025,2025-08-13,160.7,66.6,25.8,85.6,135,80,63,76,7.2,192,94,56,136,1.1,68.5,6.4,FORMER_SMOKER,6.7,True,False,False,False,False,BORDERLINE,FIT
mcu-uuid-W-00830-2026,worker-uuid-00830,W-00830,2026,2026-11-10,160.7,68.5,26.5,88.9,162,107,70,92,7.5,232,154,44,132,0.72,77.0,6.7,FORMER_SMOKER,6.7,True,True,False,False,False,NORMAL,UNFIT
mcu-uuid-W-00831-2024,worker-uuid-00831,W-00831,2024,2024-11-11,176.8,67.4,21.6,72.0,121,77,84,86,7.1,232,153,39,140,0.5,98.5,6.1,ACTIVE_SMOKER,21.8,True,False,False,False,False,NORMAL,FIT
mcu-uuid-W-00831-2025,worker-uuid-00831,W-00831,2025,2025-08-17,176.8,67.0,21.4,71.2,129,81,55,81,7.1,173,91,43,55,1.35,76.2,5.7,ACTIVE_SMOKER,21.8,True,False,False,False,False,NORMAL,FIT
mcu-uuid-W-00831-2026,worker-uuid-00831,W-00831,2026,2026-10-11,176.8,68.7,22.0,73.5,116,68,88,101,7.6,196,131,38,152,1.35,75.2,5.9,ACTIVE_SMOKER,21.8,True,False,False,False,False,NORMAL,FIT
mcu-uuid-W-00832-2024,worker-uuid-00832,W-00832,2024,2024-05-06,154.6,64.3,26.9,88.8,130,83,84,94,7.5,204,117,52,55,0.65,97.8,3.8,ACTIVE_SMOKER,29.0,True,False,False,False,False,NORMAL,FIT
mcu-uuid-W-00832-2025,worker-uuid-00832,W-00832,2025,2025-03-17,154.6,64.5,27.0,89.2,131,90,80,94,7.6,227,148,45,109,0.75,94.2,4.7,ACTIVE_SMOKER,29.0,True,True,False,True,False,NORMAL,FIT_WITH_RESTRICTION
mcu-uuid-W-00832-2026,worker-uuid-00832,W-00832,2026,2026-09-12,154.6,65.3,27.3,89.6,163,101,70,96,7.6,171,107,44,212,0.75,93.2,6.6,ACTIVE_SMOKER,29.0,True,True,False,False,False,NORMAL,UNFIT
mcu-uuid-W-00833-2024,worker-uuid-00833,W-00833,2024,2024-04-02,164.1,72.7,27.0,89.5,119,76,72,97,7.8,215,139,45,157,1.17,77.8,5.5,NON_SMOKER,0.0,True,False,False,False,False,NORMAL,FIT
mcu-uuid-W-00833-2025,worker-uuid-00833,W-00833,2025,2025-05-10,164.1,73.7,27.4,92.2,137,88,71,130,8.8,201,117,43,119,0.91,83.2,6.2,NON_SMOKER,0.0,True,False,False,False,False,NORMAL,FIT
mcu-uuid-W-00833-2026,worker-uuid-00833,W-00833,2026,2026-03-04,164.1,72.9,27.1,89.7,121,78,61,84,7.2,256,185,48,165,1.1,77.5,7.8,NON_SMOKER,0.0,True,False,False,False,False,NORMAL,FIT
mcu-uuid-W-00834-2024,worker-uuid-00834,W-00834,2024,2024-08-24,156.2,73.5,30.1,101.2,124,78,74,98,7.5,177,101,37,177,0.83,98.2,4.7,FORMER_SMOKER,12.1,True,False,False,False,False,NORMAL,FIT_WITH_RESTRICTION
mcu-uuid-W-00834-2025,worker-uuid-00834,W-00834,2025,2025-05-11,156.2,74.6,30.6,102.4,108,63,57,93,7.6,271,203,41,174,0.95,94.2,5.3,FORMER_SMOKER,12.1,True,False,False,False,False,NORMAL,FIT_WITH_RESTRICTION
mcu-uuid-W-00834-2026,worker-uuid-00834,W-00834,2026,2026-07-22,156.2,75.2,30.8,103.4,123,77,68,101,7.7,212,127,49,253,1.13,88.8,3.7,FORMER_SMOKER,12.1,True,False,False,False,False,NORMAL,FIT_WITH_RESTRICTION
mcu-uuid-W-00835-2024,worker-uuid-00835,W-00835,2024,2024-07-04,169.1,75.2,26.3,88.2,131,87,76,88,7.4,204,123,40,129,1.11,83.2,6.6,ACTIVE_SMOKER,26.5,True,False,True,False,False,NORMAL,FIT
mcu-uuid-W-00835-2025,worker-uuid-00835,W-00835,2025,2025-07-23,169.1,74.7,26.1,89.4,127,79,84,92,7.4,186,119,44,119,1.17,80.8,6.6,ACTIVE_SMOKER,26.5,True,False,True,False,False,NORMAL,FIT
mcu-uuid-W-00835-2026,worker-uuid-00835,W-00835,2026,2026-04-16,169.1,77.4,27.1,91.4,145,91,89,100,7.5,203,132,42,115,1.01,83.8,5.8,ACTIVE_SMOKER,26.5,True,True,True,True,False,ABNORMAL,UNFIT
mcu-uuid-W-00836-2024,worker-uuid-00836,W-00836,2024,2024-08-06,164.5,75.9,28.0,95.0,130,81,77,102,7.5,205,138,40,112,1.28,65.0,5.2,NON_SMOKER,0.0,True,False,False,False,False,NORMAL,FIT
mcu-uuid-W-00836-2025,worker-uuid-00836,W-00836,2025,2025-04-06,164.5,75.6,27.9,91.4,123,77,65,114,8.2,215,138,43,160,1.11,68.2,7.5,NON_SMOKER,0.0,True,False,False,False,False,BORDERLINE,FIT
mcu-uuid-W-00836-2026,worker-uuid-00836,W-00836,2026,2026-05-08,164.5,77.5,28.6,97.5,149,88,72,96,7.4,185,98,46,204,0.97,70.8,5.1,NON_SMOKER,0.0,True,True,False,True,False,ABNORMAL,UNFIT
mcu-uuid-W-00837-2024,worker-uuid-00837,W-00837,2024,2024-04-04,171.7,88.0,29.8,98.2,156,92,53,122,8.3,232,162,44,231,1.02,63.5,6.7,ACTIVE_SMOKER,9.7,True,True,True,True,False,NORMAL,FIT_WITH_RESTRICTION
mcu-uuid-W-00837-2025,worker-uuid-00837,W-00837,2025,2025-11-18,171.7,88.3,30.0,99.9,137,88,73,121,8.5,226,157,37,94,0.89,65.8,6.2,ACTIVE_SMOKER,9.7,True,False,True,False,False,NORMAL,FIT_WITH_RESTRICTION
mcu-uuid-W-00837-2026,worker-uuid-00837,W-00837,2026,2026-03-15,171.7,89.6,30.4,99.9,167,101,79,115,8.0,275,205,41,229,1.08,60.0,7.8,ACTIVE_SMOKER,9.7,True,True,True,False,False,BORDERLINE,UNFIT
mcu-uuid-W-00838-2024,worker-uuid-00838,W-00838,2024,2024-05-04,161.1,67.3,25.9,85.6,126,81,69,111,7.9,244,158,54,123,0.91,63.2,5.3,NON_SMOKER,0.0,True,False,False,False,True,BORDERLINE,FIT
mcu-uuid-W-00838-2025,worker-uuid-00838,W-00838,2025,2025-06-16,161.1,68.5,26.4,89.6,141,92,67,96,7.5,212,138,53,164,0.67,68.2,3.9,NON_SMOKER,0.0,True,True,False,False,False,NORMAL,FIT_WITH_RESTRICTION
mcu-uuid-W-00838-2026,worker-uuid-00838,W-00838,2026,2026-09-10,161.1,67.4,26.0,88.1,137,78,61,96,7.6,260,187,42,111,0.89,61.8,3.8,NON_SMOKER,0.0,True,False,False,False,True,NORMAL,FIT
mcu-uuid-W-00839-2024,worker-uuid-00839,W-00839,2024,2024-03-15,167.1,68.2,24.4,82.8,136,80,74,86,7.3,223,142,58,98,0.96,85.0,6.1,NON_SMOKER,0.0,True,False,True,False,False,BORDERLINE,FIT
mcu-uuid-W-00839-2025,worker-uuid-00839,W-00839,2025,2025-03-11,167.1,68.1,24.4,80.9,115,74,64,123,8.3,222,138,53,192,0.9,85.5,5.9,NON_SMOKER,0.0,True,False,True,False,False,NORMAL,FIT
mcu-uuid-W-00839-2026,worker-uuid-00839,W-00839,2026,2026-11-14,167.1,68.9,24.7,81.6,121,75,75,89,7.6,215,153,41,72,1.24,76.0,6.5,NON_SMOKER,0.0,True,False,True,False,False,NORMAL,FIT
mcu-uuid-W-00840-2024,worker-uuid-00840,W-00840,2024,2024-11-19,165.0,76.0,27.9,93.5,149,89,68,114,8.1,205,157,27,127,0.75,76.2,5.2,ACTIVE_SMOKER,19.8,True,True,True,True,False,NORMAL,FIT_WITH_RESTRICTION
mcu-uuid-W-00840-2025,worker-uuid-00840,W-00840,2025,2025-05-02,165.0,75.9,27.9,91.5,153,99,81,122,8.3,276,194,45,182,1.21,63.8,6.4,ACTIVE_SMOKER,19.8,True,True,True,False,False,NORMAL,FIT_WITH_RESTRICTION
mcu-uuid-W-00840-2026,worker-uuid-00840,W-00840,2026,2026-05-25,165.0,76.6,28.1,93.3,146,83,84,103,7.6,226,149,46,194,0.78,73.5,6.7,ACTIVE_SMOKER,19.8,True,True,True,True,False,ABNORMAL,UNFIT
mcu-uuid-W-00841-2024,worker-uuid-00841,W-00841,2024,2024-05-08,164.4,46.6,17.2,58.9,106,70,74,88,7.3,162,87,44,98,0.82,91.5,5.3,NON_SMOKER,0.0,True,False,True,False,False,NORMAL,FIT
mcu-uuid-W-00841-2025,worker-uuid-00841,W-00841,2025,2025-11-05,164.4,46.5,17.2,58.7,122,71,63,72,7.0,203,98,63,87,0.72,93.0,5.5,NON_SMOKER,0.0,True,False,True,False,False,NORMAL,FIT
mcu-uuid-W-00841-2026,worker-uuid-00841,W-00841,2026,2026-08-07,164.4,48.1,17.8,60.7,131,87,63,94,7.6,216,134,50,132,1.27,78.2,6.0,NON_SMOKER,0.0,True,False,True,False,False,NORMAL,FIT
mcu-uuid-W-00842-2024,worker-uuid-00842,W-00842,2024,2024-06-21,170.9,80.2,27.5,93.8,126,78,72,116,8.4,201,126,43,199,0.91,87.2,6.6,ACTIVE_SMOKER,5.8,True,False,False,False,False,NORMAL,FIT
mcu-uuid-W-00842-2025,worker-uuid-00842,W-00842,2025,2025-10-04,170.9,81.1,27.8,91.7,137,96,77,109,7.8,267,203,39,199,1.41,73.8,6.2,ACTIVE_SMOKER,5.8,True,True,False,False,True,NORMAL,FIT_WITH_RESTRICTION
mcu-uuid-W-00842-2026,worker-uuid-00842,W-00842,2026,2026-09-23,170.9,81.5,27.9,91.7,141,94,81,98,7.7,253,189,31,171,0.87,86.2,5.1,ACTIVE_SMOKER,5.8,True,True,False,False,False,NORMAL,FIT_WITH_RESTRICTION
mcu-uuid-W-00843-2024,worker-uuid-00843,W-00843,2024,2024-11-08,155.9,79.4,32.7,108.3,105,60,59,103,7.7,245,156,45,154,1.24,80.0,5.3,FORMER_SMOKER,8.7,True,False,True,False,True,NORMAL,FIT_WITH_RESTRICTION
mcu-uuid-W-00843-2025,worker-uuid-00843,W-00843,2025,2025-03-21,155.9,79.5,32.7,107.5,141,84,68,96,7.7,226,162,37,146,0.62,94.5,4.9,FORMER_SMOKER,8.7,True,True,True,False,False,NORMAL,FIT_WITH_RESTRICTION
mcu-uuid-W-00843-2026,worker-uuid-00843,W-00843,2026,2026-06-28,155.9,80.2,33.0,108.2,133,83,54,110,8.1,189,93,55,210,0.76,90.0,6.4,FORMER_SMOKER,8.7,True,False,True,False,False,NORMAL,FIT_WITH_RESTRICTION
mcu-uuid-W-00844-2024,worker-uuid-00844,W-00844,2024,2024-06-11,175.8,77.5,25.1,84.4,116,70,78,100,7.6,214,120,59,120,1.02,70.5,5.1,FORMER_SMOKER,8.5,True,False,False,False,False,NORMAL,FIT
mcu-uuid-W-00844-2025,worker-uuid-00844,W-00844,2025,2025-06-13,175.8,77.8,25.2,84.0,124,77,63,94,7.6,165,77,54,140,1.27,63.2,5.4,FORMER_SMOKER,8.5,True,False,False,False,False,NORMAL,FIT
mcu-uuid-W-00844-2026,worker-uuid-00844,W-00844,2026,2026-07-05,175.8,80.2,25.9,87.3,130,86,60,104,8.1,162,64,54,146,0.89,71.8,5.5,FORMER_SMOKER,8.5,True,False,False,False,False,NORMAL,FIT
mcu-uuid-W-00845-2024,worker-uuid-00845,W-00845,2024,2024-03-24,178.6,82.0,25.7,86.9,141,84,91,108,7.8,189,108,54,171,0.98,72.5,7.5,ACTIVE_SMOKER,13.5,True,True,True,True,False,BORDERLINE,FIT_WITH_RESTRICTION
mcu-uuid-W-00845-2025,worker-uuid-00845,W-00845,2025,2025-04-09,178.6,82.0,25.7,84.8,117,82,63,106,8.0,201,116,44,66,1.46,59.5,5.5,ACTIVE_SMOKER,13.5,True,False,True,False,False,NORMAL,FIT
mcu-uuid-W-00845-2026,worker-uuid-00845,W-00845,2026,2026-04-23,178.6,84.1,26.4,89.6,148,91,63,98,7.8,195,124,41,153,1.24,64.0,6.1,ACTIVE_SMOKER,13.5,True,True,True,True,False,BORDERLINE,FIT_WITH_RESTRICTION
mcu-uuid-W-00846-2024,worker-uuid-00846,W-00846,2024,2024-07-15,172.0,66.0,22.3,76.7,126,77,72,88,7.5,214,136,52,149,0.72,69.0,6.8,NON_SMOKER,0.0,True,False,False,False,False,NORMAL,FIT
mcu-uuid-W-00846-2025,worker-uuid-00846,W-00846,2025,2025-08-21,172.0,65.9,22.3,73.6,121,76,65,90,7.5,211,117,54,83,1.07,59.2,5.4,NON_SMOKER,0.0,True,False,False,False,False,BORDERLINE,FIT
mcu-uuid-W-00846-2026,worker-uuid-00846,W-00846,2026,2026-07-10,172.0,66.3,22.4,75.4,123,76,75,92,7.7,204,104,58,121,0.86,63.5,7.0,NON_SMOKER,0.0,True,False,False,False,False,BORDERLINE,FIT
mcu-uuid-W-00847-2024,worker-uuid-00847,W-00847,2024,2024-11-19,167.1,70.4,25.2,83.9,137,85,65,108,8.2,171,71,56,133,1.43,60.2,4.5,NON_SMOKER,0.0,True,False,False,False,False,NORMAL,FIT
mcu-uuid-W-00847-2025,worker-uuid-00847,W-00847,2025,2025-03-21,167.1,70.7,25.3,84.2,121,74,92,84,7.2,177,103,51,207,1.16,66.0,3.9,NON_SMOKER,0.0,True,False,False,False,False,NORMAL,FIT
mcu-uuid-W-00847-2026,worker-uuid-00847,W-00847,2026,2026-03-22,167.1,72.6,26.0,86.2,145,99,59,88,7.6,202,118,48,169,1.35,60.2,7.1,NON_SMOKER,0.0,True,True,False,True,False,BORDERLINE,FIT_WITH_RESTRICTION
mcu-uuid-W-00848-2024,worker-uuid-00848,W-00848,2024,2024-10-06,171.1,80.5,27.5,92.9,126,76,63,116,8.0,196,110,47,126,0.69,79.8,4.1,FORMER_SMOKER,13.2,True,False,False,False,False,NORMAL,FIT
mcu-uuid-W-00848-2025,worker-uuid-00848,W-00848,2025,2025-06-18,171.1,80.9,27.6,92.9,141,92,62,110,7.7,163,84,52,223,1.41,60.8,7.7,FORMER_SMOKER,13.2,True,True,False,True,False,NORMAL,FIT_WITH_RESTRICTION
mcu-uuid-W-00848-2026,worker-uuid-00848,W-00848,2026,2026-08-02,171.1,79.9,27.3,93.1,119,74,83,89,7.3,178,94,39,140,1.1,67.5,8.5,FORMER_SMOKER,13.2,True,False,False,False,False,NORMAL,FIT
mcu-uuid-W-00849-2024,worker-uuid-00849,W-00849,2024,2024-05-20,187.0,81.6,23.3,80.4,147,89,81,105,7.9,204,123,47,147,1.21,54.8,5.0,ACTIVE_SMOKER,17.9,True,True,False,True,False,NORMAL,FIT_WITH_RESTRICTION
mcu-uuid-W-00849-2025,worker-uuid-00849,W-00849,2025,2025-06-22,187.0,81.2,23.2,77.5,153,98,91,101,7.6,232,147,46,218,1.26,52.5,5.8,ACTIVE_SMOKER,17.9,True,True,False,False,False,NORMAL,FIT_WITH_RESTRICTION
mcu-uuid-W-00849-2026,worker-uuid-00849,W-00849,2026,2026-09-10,187.0,82.3,23.5,78.7,148,94,74,108,8.1,198,103,56,154,1.11,55.2,5.8,ACTIVE_SMOKER,17.9,True,True,False,True,False,BORDERLINE,FIT_WITH_RESTRICTION
mcu-uuid-W-00850-2024,worker-uuid-00850,W-00850,2024,2024-05-09,167.5,77.1,27.5,91.5,136,85,64,121,8.4,192,104,55,137,1.2,61.0,5.6,NON_SMOKER,0.0,True,False,False,False,False,BORDERLINE,FIT
mcu-uuid-W-00850-2025,worker-uuid-00850,W-00850,2025,2025-05-19,167.5,78.0,27.8,91.8,131,84,80,111,8.0,231,145,42,193,0.82,69.5,7.9,NON_SMOKER,0.0,True,False,False,False,False,BORDERLINE,FIT
mcu-uuid-W-00850-2026,worker-uuid-00850,W-00850,2026,2026-11-27,167.5,76.2,27.2,90.2,151,98,79,133,8.8,263,183,43,171,0.99,64.2,7.6,NON_SMOKER,0.0,True,True,False,True,False,ABNORMAL,UNFIT
mcu-uuid-W-00851-2024,worker-uuid-00851,W-00851,2024,2024-03-15,165.7,77.9,28.4,96.1,137,86,76,110,8.1,233,137,55,179,1.12,76.0,5.6,ACTIVE_SMOKER,28.5,True,False,False,False,False,NORMAL,FIT
mcu-uuid-W-00851-2025,worker-uuid-00851,W-00851,2025,2025-06-27,165.7,79.1,28.8,96.5,141,91,75,108,8.1,204,127,48,121,1.04,77.0,7.4,ACTIVE_SMOKER,28.5,True,True,False,False,False,NORMAL,FIT_WITH_RESTRICTION
mcu-uuid-W-00851-2026,worker-uuid-00851,W-00851,2026,2026-05-26,165.7,78.6,28.6,94.9,140,87,64,65,6.5,200,127,39,188,0.98,77.5,6.1,ACTIVE_SMOKER,28.5,True,True,False,True,False,BORDERLINE,FIT_WITH_RESTRICTION
mcu-uuid-W-00852-2024,worker-uuid-00852,W-00852,2024,2024-08-23,172.4,75.0,25.2,83.4,123,76,87,109,7.7,224,139,40,141,1.03,70.2,6.1,ACTIVE_SMOKER,20.6,True,False,True,False,False,BORDERLINE,FIT
mcu-uuid-W-00852-2025,worker-uuid-00852,W-00852,2025,2025-08-27,172.4,76.3,25.7,85.7,144,93,75,98,7.5,213,133,45,202,0.85,73.8,6.7,ACTIVE_SMOKER,20.6,True,True,True,True,False,NORMAL,FIT_WITH_RESTRICTION
mcu-uuid-W-00852-2026,worker-uuid-00852,W-00852,2026,2026-09-28,172.4,74.3,25.0,84.1,140,86,71,72,6.8,206,132,37,112,1.32,61.0,6.7,ACTIVE_SMOKER,20.6,True,True,True,False,False,NORMAL,FIT_WITH_RESTRICTION
mcu-uuid-W-00853-2024,worker-uuid-00853,W-00853,2024,2024-03-04,168.9,85.3,29.9,98.6,113,68,69,113,8.2,225,132,54,211,0.75,74.2,6.3,NON_SMOKER,0.0,True,False,False,False,False,NORMAL,FIT
mcu-uuid-W-00853-2025,worker-uuid-00853,W-00853,2025,2025-06-19,168.9,85.1,29.8,100.6,120,72,78,133,8.9,176,90,49,92,0.93,68.8,8.9,NON_SMOKER,0.0,True,False,False,False,False,NORMAL,FIT
mcu-uuid-W-00853-2026,worker-uuid-00853,W-00853,2026,2026-11-21,168.9,85.9,30.1,98.7,141,91,62,113,8.0,263,189,47,132,1.16,62.0,7.1,NON_SMOKER,0.0,True,True,False,False,False,NORMAL,FIT_WITH_RESTRICTION
mcu-uuid-W-00854-2024,worker-uuid-00854,W-00854,2024,2024-06-07,170.1,73.4,25.4,85.9,115,78,76,94,7.7,227,153,52,121,1.15,77.2,6.1,ACTIVE_SMOKER,28.4,True,False,True,False,False,NORMAL,FIT
mcu-uuid-W-00854-2025,worker-uuid-00854,W-00854,2025,2025-07-26,170.1,74.8,25.9,88.1,135,91,82,116,8.4,216,131,46,131,1.1,77.5,5.1,ACTIVE_SMOKER,28.4,True,True,True,False,False,BORDERLINE,FIT_WITH_RESTRICTION
mcu-uuid-W-00854-2026,worker-uuid-00854,W-00854,2026,2026-06-26,170.1,75.9,26.2,87.6,145,88,87,107,8.1,209,132,50,83,1.04,78.0,6.0,ACTIVE_SMOKER,28.4,True,True,True,True,False,BORDERLINE,FIT_WITH_RESTRICTION
mcu-uuid-W-00855-2024,worker-uuid-00855,W-00855,2024,2024-03-06,169.1,68.4,23.9,81.1,107,69,66,106,7.8,212,126,57,96,1.07,85.2,5.4,FORMER_SMOKER,3.1,True,False,True,False,False,NORMAL,FIT
mcu-uuid-W-00855-2025,worker-uuid-00855,W-00855,2025,2025-08-05,169.1,68.4,23.9,79.9,135,82,61,97,7.9,161,69,48,146,0.84,90.0,6.0,FORMER_SMOKER,3.1,True,False,True,False,False,NORMAL,FIT
mcu-uuid-W-00855-2026,worker-uuid-00855,W-00855,2026,2026-07-11,169.1,68.7,24.0,79.8,114,72,75,116,8.1,196,123,48,165,0.81,89.8,4.7,FORMER_SMOKER,3.1,True,False,True,False,False,NORMAL,FIT
mcu-uuid-W-00856-2024,worker-uuid-00856,W-00856,2024,2024-09-26,152.3,53.0,22.8,76.6,105,60,72,101,7.6,202,120,52,100,0.6,102.0,3.9,FORMER_SMOKER,5.9,True,False,False,False,False,BORDERLINE,FIT
mcu-uuid-W-00856-2025,worker-uuid-00856,W-00856,2025,2025-03-05,152.3,54.4,23.5,79.5,123,77,73,130,8.4,220,148,48,136,1.12,88.0,5.3,FORMER_SMOKER,5.9,True,False,False,False,False,BORDERLINE,FIT
mcu-uuid-W-00856-2026,worker-uuid-00856,W-00856,2026,2026-07-08,152.3,53.0,22.8,77.0,122,78,51,82,7.3,209,122,48,146,1.18,85.5,5.3,FORMER_SMOKER,5.9,True,False,False,False,False,NORMAL,FIT
mcu-uuid-W-00857-2024,worker-uuid-00857,W-00857,2024,2024-09-10,172.1,77.0,26.0,88.2,121,79,56,107,8.1,201,124,34,102,0.85,92.8,5.1,NON_SMOKER,0.0,True,False,False,False,False,NORMAL,FIT
mcu-uuid-W-00857-2025,worker-uuid-00857,W-00857,2025,2025-05-23,172.1,77.2,26.1,88.7,119,78,68,101,7.6,155,90,29,228,0.8,93.0,4.7,NON_SMOKER,0.0,True,False,False,False,False,NORMAL,FIT
mcu-uuid-W-00857-2026,worker-uuid-00857,W-00857,2026,2026-06-12,172.1,78.3,26.4,89.4,125,77,57,88,7.4,201,110,47,96,0.99,87.2,6.4,NON_SMOKER,0.0,True,False,False,False,False,NORMAL,FIT
mcu-uuid-W-00858-2024,worker-uuid-00858,W-00858,2024,2024-09-08,182.5,68.0,20.4,68.9,130,80,82,81,7.0,212,140,42,204,1.17,78.8,8.3,NON_SMOKER,0.0,True,False,True,False,False,NORMAL,FIT
mcu-uuid-W-00858-2025,worker-uuid-00858,W-00858,2025,2025-09-07,182.5,68.4,20.5,67.8,130,82,77,94,7.7,214,134,56,122,0.84,86.0,5.7,NON_SMOKER,0.0,True,False,True,False,False,NORMAL,FIT
mcu-uuid-W-00858-2026,worker-uuid-00858,W-00858,2026,2026-06-17,182.5,67.9,20.4,68.0,136,85,74,106,7.9,210,131,52,135,1.07,79.2,7.7,NON_SMOKER,0.0,True,False,True,False,False,NORMAL,FIT
mcu-uuid-W-00859-2024,worker-uuid-00859,W-00859,2024,2024-07-28,173.0,71.2,23.8,82.2,138,87,72,68,6.6,152,64,44,133,0.94,88.5,4.5,ACTIVE_SMOKER,11.3,True,False,False,False,False,NORMAL,FIT
mcu-uuid-W-00859-2025,worker-uuid-00859,W-00859,2025,2025-04-09,173.0,70.9,23.7,78.0,135,78,68,96,7.7,252,168,52,116,0.81,90.8,7.2,ACTIVE_SMOKER,11.3,True,False,False,False,False,NORMAL,FIT
mcu-uuid-W-00859-2026,worker-uuid-00859,W-00859,2026,2026-03-04,173.0,70.5,23.6,79.7,131,75,81,101,7.8,172,98,42,146,1.15,81.2,7.9,ACTIVE_SMOKER,11.3,True,False,False,False,False,BORDERLINE,FIT
mcu-uuid-W-00860-2024,worker-uuid-00860,W-00860,2024,2024-04-12,182.0,87.8,26.5,86.9,144,93,74,108,7.8,212,131,51,161,1.43,56.2,7.2,FORMER_SMOKER,12.4,True,True,False,True,False,NORMAL,FIT_WITH_RESTRICTION
mcu-uuid-W-00860-2025,worker-uuid-00860,W-00860,2025,2025-10-28,182.0,87.4,26.4,86.9,148,89,75,101,7.8,244,165,53,160,0.77,71.8,8.2,FORMER_SMOKER,12.4,True,True,False,False,False,NORMAL,FIT_WITH_RESTRICTION
mcu-uuid-W-00860-2026,worker-uuid-00860,W-00860,2026,2026-07-09,182.0,87.0,26.3,88.5,146,87,78,86,7.5,196,121,47,166,0.84,69.0,5.9,FORMER_SMOKER,12.4,True,True,False,True,False,ABNORMAL,UNFIT
mcu-uuid-W-00861-2024,worker-uuid-00861,W-00861,2024,2024-08-13,152.8,67.3,28.8,98.0,143,87,91,91,7.4,166,74,53,120,0.73,82.8,4.9,NON_SMOKER,0.0,True,True,False,False,False,NORMAL,FIT_WITH_RESTRICTION
mcu-uuid-W-00861-2025,worker-uuid-00861,W-00861,2025,2025-04-17,152.8,67.4,28.9,96.1,137,79,62,104,7.7,218,134,47,184,1.0,75.0,6.2,NON_SMOKER,0.0,True,False,False,False,False,NORMAL,FIT
mcu-uuid-W-00861-2026,worker-uuid-00861,W-00861,2026,2026-07-01,152.8,67.0,28.7,95.7,138,85,59,118,8.2,217,141,43,159,1.06,72.5,3.5,NON_SMOKER,0.0,True,False,False,False,False,NORMAL,FIT
mcu-uuid-W-00862-2024,worker-uuid-00862,W-00862,2024,2024-11-01,166.5,82.2,29.7,97.3,123,75,78,101,7.6,193,129,38,175,0.97,78.8,5.1,FORMER_SMOKER,3.0,True,False,False,False,False,NORMAL,FIT
mcu-uuid-W-00862-2025,worker-uuid-00862,W-00862,2025,2025-04-28,166.5,83.1,30.0,100.5,139,83,73,119,8.3,171,97,41,136,0.69,84.8,7.3,FORMER_SMOKER,3.0,True,False,False,False,False,NORMAL,FIT_WITH_RESTRICTION
mcu-uuid-W-00862-2026,worker-uuid-00862,W-00862,2026,2026-05-19,166.5,82.4,29.7,97.5,146,90,76,117,8.0,219,149,45,74,0.89,78.8,5.5,FORMER_SMOKER,3.0,True,True,False,True,False,BORDERLINE,FIT_WITH_RESTRICTION
mcu-uuid-W-00863-2024,worker-uuid-00863,W-00863,2024,2024-07-02,173.0,73.0,24.4,83.2,126,76,69,99,7.7,157,68,51,111,1.05,80.8,6.0,ACTIVE_SMOKER,5.8,True,False,False,False,False,NORMAL,FIT
mcu-uuid-W-00863-2025,worker-uuid-00863,W-00863,2025,2025-06-10,173.0,74.0,24.7,84.9,125,79,79,122,8.4,156,90,44,170,0.91,83.2,7.0,ACTIVE_SMOKER,5.8,True,False,False,False,False,NORMAL,FIT
mcu-uuid-W-00863-2026,worker-uuid-00863,W-00863,2026,2026-10-26,173.0,72.5,24.2,81.2,128,85,82,90,7.5,176,103,41,126,1.15,76.2,3.7,ACTIVE_SMOKER,5.8,True,False,False,False,False,BORDERLINE,FIT
mcu-uuid-W-00864-2024,worker-uuid-00864,W-00864,2024,2024-07-02,172.9,76.3,25.5,84.5,132,86,62,109,8.0,208,130,54,142,1.03,65.2,6.2,NON_SMOKER,0.0,True,False,False,False,False,NORMAL,FIT
mcu-uuid-W-00864-2025,worker-uuid-00864,W-00864,2025,2025-03-28,172.9,77.3,25.9,85.7,145,90,73,124,8.3,233,150,53,110,0.77,70.8,6.5,NON_SMOKER,0.0,True,True,False,True,False,NORMAL,FIT_WITH_RESTRICTION
mcu-uuid-W-00864-2026,worker-uuid-00864,W-00864,2026,2026-04-27,172.9,75.5,25.3,84.2,143,94,79,97,7.4,200,126,44,211,0.85,67.8,6.5,NON_SMOKER,0.0,True,True,False,False,False,NORMAL,FIT_WITH_RESTRICTION
mcu-uuid-W-00865-2024,worker-uuid-00865,W-00865,2024,2024-05-08,171.9,94.5,32.0,107.5,122,76,71,106,7.8,230,153,41,256,0.86,86.5,5.6,FORMER_SMOKER,9.9,True,False,False,False,False,NORMAL,FIT_WITH_RESTRICTION
mcu-uuid-W-00865-2025,worker-uuid-00865,W-00865,2025,2025-07-18,171.9,94.9,32.1,107.9,137,80,72,110,8.0,245,171,48,136,1.03,81.2,6.0,FORMER_SMOKER,9.9,True,False,False,False,False,NORMAL,FIT_WITH_RESTRICTION
mcu-uuid-W-00865-2026,worker-uuid-00865,W-00865,2026,2026-09-12,171.9,93.7,31.7,104.5,143,90,78,134,8.7,215,129,49,116,0.9,83.5,7.9,FORMER_SMOKER,9.9,True,True,False,True,False,BORDERLINE,FIT_WITH_RESTRICTION
mcu-uuid-W-00866-2024,worker-uuid-00866,W-00866,2024,2024-05-18,173.3,79.4,26.4,88.2,115,70,85,93,7.5,184,108,51,119,0.82,90.5,6.4,NON_SMOKER,0.0,True,False,False,False,False,BORDERLINE,FIT
mcu-uuid-W-00866-2025,worker-uuid-00866,W-00866,2025,2025-11-03,173.3,79.1,26.3,89.0,124,78,72,92,7.7,246,172,47,155,1.06,83.5,5.8,NON_SMOKER,0.0,True,False,False,False,False,NORMAL,FIT
mcu-uuid-W-00866-2026,worker-uuid-00866,W-00866,2026,2026-05-02,173.3,78.8,26.2,89.3,128,81,81,91,7.3,152,62,60,135,1.26,77.5,3.8,NON_SMOKER,0.0,True,False,False,False,False,NORMAL,FIT
mcu-uuid-W-00867-2024,worker-uuid-00867,W-00867,2024,2024-05-08,162.7,60.2,22.7,75.6,121,70,65,93,7.5,192,92,60,141,1.01,72.8,5.1,NON_SMOKER,0.0,True,False,False,False,False,NORMAL,FIT
mcu-uuid-W-00867-2025,worker-uuid-00867,W-00867,2025,2025-08-04,162.7,59.9,22.6,77.9,116,68,73,96,7.8,168,76,52,178,1.31,64.2,7.8,NON_SMOKER,0.0,True,False,False,False,False,NORMAL,FIT
mcu-uuid-W-00867-2026,worker-uuid-00867,W-00867,2026,2026-11-02,162.7,61.6,23.3,77.1,131,81,68,89,7.5,174,81,54,143,1.06,69.5,4.8,NON_SMOKER,0.0,True,False,False,False,False,NORMAL,FIT
mcu-uuid-W-00868-2024,worker-uuid-00868,W-00868,2024,2024-08-28,173.2,67.1,22.4,73.9,117,83,84,93,7.5,194,116,51,134,1.1,75.5,4.0,FORMER_SMOKER,5.7,True,False,False,False,False,NORMAL,FIT
mcu-uuid-W-00868-2025,worker-uuid-00868,W-00868,2025,2025-11-17,173.2,66.8,22.3,75.6,128,77,58,115,8.3,189,111,48,117,1.19,72.2,5.8,FORMER_SMOKER,5.7,True,False,False,False,False,NORMAL,FIT
mcu-uuid-W-00868-2026,worker-uuid-00868,W-00868,2026,2026-08-06,173.2,67.2,22.4,76.0,116,76,80,86,7.5,210,148,42,95,1.01,75.8,6.4,FORMER_SMOKER,5.7,True,False,False,False,False,NORMAL,FIT
mcu-uuid-W-00869-2024,worker-uuid-00869,W-00869,2024,2024-03-02,176.0,77.7,25.1,83.6,142,98,92,99,7.8,219,118,60,140,0.87,78.2,5.1,ACTIVE_SMOKER,21.5,True,True,False,False,False,NORMAL,FIT_WITH_RESTRICTION
mcu-uuid-W-00869-2025,worker-uuid-00869,W-00869,2025,2025-09-14,176.0,78.6,25.4,84.9,135,81,69,106,8.1,193,117,34,106,1.2,69.0,8.1,ACTIVE_SMOKER,21.5,True,False,False,False,False,NORMAL,FIT
mcu-uuid-W-00869-2026,worker-uuid-00869,W-00869,2026,2026-08-25,176.0,78.9,25.5,86.3,129,68,74,91,7.3,245,175,46,209,0.69,80.8,9.1,ACTIVE_SMOKER,21.5,True,False,False,False,False,NORMAL,FIT
mcu-uuid-W-00870-2024,worker-uuid-00870,W-00870,2024,2024-09-09,171.3,58.8,20.0,67.6,114,72,87,84,7.2,225,125,55,158,1.09,88.8,4.0,ACTIVE_SMOKER,25.1,True,False,False,False,False,NORMAL,FIT
mcu-uuid-W-00870-2025,worker-uuid-00870,W-00870,2025,2025-06-10,171.3,59.0,20.1,66.5,133,88,87,104,7.9,179,83,55,139,0.96,91.0,7.0,ACTIVE_SMOKER,25.1,True,False,False,False,False,NORMAL,FIT
mcu-uuid-W-00870-2026,worker-uuid-00870,W-00870,2026,2026-04-01,171.3,59.9,20.4,69.0,115,78,78,85,7.2,144,56,55,99,1.25,82.8,6.4,ACTIVE_SMOKER,25.1,True,False,False,False,False,BORDERLINE,FIT
mcu-uuid-W-00871-2024,worker-uuid-00871,W-00871,2024,2024-04-09,172.7,65.2,21.9,73.8,140,93,79,113,7.9,210,138,51,55,1.23,82.2,8.0,ACTIVE_SMOKER,29.2,True,True,False,False,False,NORMAL,FIT_WITH_RESTRICTION
mcu-uuid-W-00871-2025,worker-uuid-00871,W-00871,2025,2025-04-02,172.7,66.0,22.1,74.5,128,85,85,86,7.1,195,100,50,171,1.22,81.5,7.2,ACTIVE_SMOKER,29.2,True,False,False,False,False,BORDERLINE,FIT
mcu-uuid-W-00871-2026,worker-uuid-00871,W-00871,2026,2026-06-06,172.7,66.1,22.2,75.0,138,85,65,105,7.9,207,124,48,92,0.99,86.2,7.2,ACTIVE_SMOKER,29.2,True,False,False,False,False,NORMAL,FIT
mcu-uuid-W-00872-2024,worker-uuid-00872,W-00872,2024,2024-03-20,164.0,56.7,21.1,73.0,125,80,70,93,7.3,186,101,59,57,1.17,69.8,5.9,NON_SMOKER,0.0,True,False,False,False,False,NORMAL,FIT
mcu-uuid-W-00872-2025,worker-uuid-00872,W-00872,2025,2025-08-04,164.0,56.4,21.0,72.7,103,64,72,95,7.7,218,124,57,162,1.17,68.8,7.2,NON_SMOKER,0.0,True,False,False,False,False,NORMAL,FIT
mcu-uuid-W-00872-2026,worker-uuid-00872,W-00872,2026,2026-08-14,164.0,56.6,21.0,72.6,145,93,70,82,7.0,209,119,45,187,0.71,79.2,7.6,NON_SMOKER,0.0,True,True,False,False,False,NORMAL,FIT_WITH_RESTRICTION
mcu-uuid-W-00873-2024,worker-uuid-00873,W-00873,2024,2024-05-17,172.6,63.0,21.1,72.5,120,77,65,92,7.4,253,165,52,100,0.8,88.0,3.7,NON_SMOKER,0.0,True,False,True,False,False,NORMAL,FIT
mcu-uuid-W-00873-2025,worker-uuid-00873,W-00873,2025,2025-11-16,172.6,63.8,21.4,72.8,113,82,75,110,8.0,204,121,45,90,0.98,82.5,5.8,NON_SMOKER,0.0,True,False,True,False,False,NORMAL,FIT
mcu-uuid-W-00873-2026,worker-uuid-00873,W-00873,2026,2026-11-10,172.6,64.7,21.7,74.4,123,82,68,86,7.5,196,125,44,98,1.22,75.5,5.8,NON_SMOKER,0.0,True,False,True,False,False,NORMAL,FIT
mcu-uuid-W-00874-2024,worker-uuid-00874,W-00874,2024,2024-05-20,168.9,83.8,29.4,99.3,142,97,76,117,8.0,200,118,38,214,1.27,78.2,6.0,ACTIVE_SMOKER,5.5,True,True,False,True,False,NORMAL,FIT_WITH_RESTRICTION
mcu-uuid-W-00874-2025,worker-uuid-00874,W-00874,2025,2025-07-20,168.9,85.2,29.9,101.2,156,97,82,89,7.4,233,154,42,164,1.05,82.8,5.6,ACTIVE_SMOKER,5.5,True,True,False,True,False,BORDERLINE,FIT_WITH_RESTRICTION
mcu-uuid-W-00874-2026,worker-uuid-00874,W-00874,2026,2026-10-15,168.9,82.8,29.0,95.7,141,91,74,116,8.1,159,69,47,102,0.9,85.5,7.3,ACTIVE_SMOKER,5.5,True,True,False,True,False,BORDERLINE,FIT_WITH_RESTRICTION
mcu-uuid-W-00875-2024,worker-uuid-00875,W-00875,2024,2024-11-20,155.3,62.1,25.7,84.7,131,82,67,89,7.5,222,144,45,132,1.09,65.8,6.1,FORMER_SMOKER,10.7,True,False,False,False,False,NORMAL,FIT
mcu-uuid-W-00875-2025,worker-uuid-00875,W-00875,2025,2025-08-14,155.3,62.9,26.1,88.8,126,76,51,119,8.2,232,148,51,157,0.84,71.0,4.7,FORMER_SMOKER,10.7,True,False,False,False,False,NORMAL,FIT
mcu-uuid-W-00875-2026,worker-uuid-00875,W-00875,2026,2026-03-28,155.3,63.3,26.2,88.7,130,81,64,89,7.5,209,133,55,223,0.68,74.0,6.8,FORMER_SMOKER,10.7,True,False,False,False,False,NORMAL,FIT
mcu-uuid-W-00876-2024,worker-uuid-00876,W-00876,2024,2024-04-13,177.4,77.1,24.5,83.2,126,77,67,113,8.0,198,141,35,169,1.13,82.8,6.5,ACTIVE_SMOKER,9.1,True,False,False,False,False,NORMAL,FIT
mcu-uuid-W-00876-2025,worker-uuid-00876,W-00876,2025,2025-11-20,177.4,76.8,24.4,82.8,120,76,74,87,7.3,236,150,43,101,1.17,80.8,5.1,ACTIVE_SMOKER,9.1,True,False,False,False,False,NORMAL,FIT
mcu-uuid-W-00876-2026,worker-uuid-00876,W-00876,2026,2026-08-26,177.4,76.4,24.3,82.5,130,82,82,109,7.9,209,128,44,199,0.99,84.2,6.5,ACTIVE_SMOKER,9.1,True,False,False,False,False,NORMAL,FIT
mcu-uuid-W-00877-2024,worker-uuid-00877,W-00877,2024,2024-07-22,163.6,74.3,27.8,92.7,150,94,69,98,7.5,223,134,44,148,1.27,61.2,6.6,FORMER_SMOKER,9.6,True,True,False,True,False,BORDERLINE,FIT_WITH_RESTRICTION
mcu-uuid-W-00877-2025,worker-uuid-00877,W-00877,2025,2025-07-20,163.6,75.6,28.2,92.3,133,79,74,117,8.0,248,151,54,190,0.94,68.5,5.5,FORMER_SMOKER,9.6,True,False,False,False,True,NORMAL,FIT
mcu-uuid-W-00877-2026,worker-uuid-00877,W-00877,2026,2026-04-11,163.6,75.8,28.3,96.2,132,85,78,123,8.4,208,139,48,128,0.96,67.0,5.6,FORMER_SMOKER,9.6,True,False,False,False,False,BORDERLINE,FIT
mcu-uuid-W-00878-2024,worker-uuid-00878,W-00878,2024,2024-11-04,169.5,72.7,25.3,86.0,118,85,68,97,7.5,195,118,53,156,1.24,82.0,7.6,NON_SMOKER,0.0,True,False,False,False,False,NORMAL,FIT
mcu-uuid-W-00878-2025,worker-uuid-00878,W-00878,2025,2025-03-09,169.5,72.7,25.3,83.6,108,66,72,92,7.4,177,95,39,95,1.12,84.0,6.9,NON_SMOKER,0.0,True,False,False,False,False,NORMAL,FIT
mcu-uuid-W-00878-2026,worker-uuid-00878,W-00878,2026,2026-09-01,169.5,72.5,25.2,84.5,155,93,69,129,8.3,240,150,55,156,1.16,82.0,6.2,NON_SMOKER,0.0,True,True,False,True,True,ABNORMAL,UNFIT
mcu-uuid-W-00879-2024,worker-uuid-00879,W-00879,2024,2024-11-22,173.2,67.5,22.5,76.0,121,69,56,73,6.8,222,128,56,143,0.69,72.8,6.2,NON_SMOKER,0.0,True,False,False,False,False,NORMAL,FIT
mcu-uuid-W-00879-2025,worker-uuid-00879,W-00879,2025,2025-08-17,173.2,68.8,22.9,75.9,134,79,82,72,7.0,206,132,52,113,1.05,62.8,6.1,NON_SMOKER,0.0,True,False,False,False,False,NORMAL,FIT
mcu-uuid-W-00879-2026,worker-uuid-00879,W-00879,2026,2026-05-15,173.2,69.2,23.1,77.5,125,83,72,113,8.1,261,164,62,120,1.19,58.2,3.9,NON_SMOKER,0.0,True,False,False,False,True,NORMAL,FIT
mcu-uuid-W-00880-2024,worker-uuid-00880,W-00880,2024,2024-08-22,175.1,77.4,25.2,86.1,130,82,66,109,7.8,149,70,55,177,1.18,80.5,5.9,FORMER_SMOKER,2.7,True,False,False,False,False,BORDERLINE,FIT
mcu-uuid-W-00880-2025,worker-uuid-00880,W-00880,2025,2025-05-05,175.1,77.1,25.1,85.6,130,86,75,71,7.1,213,134,41,89,0.9,86.5,4.7,FORMER_SMOKER,2.7,True,False,False,False,False,NORMAL,FIT
mcu-uuid-W-00880-2026,worker-uuid-00880,W-00880,2026,2026-10-09,175.1,76.5,25.0,85.3,135,81,75,85,7.2,166,103,43,133,1.19,78.2,5.2,FORMER_SMOKER,2.7,True,False,False,False,False,NORMAL,FIT
mcu-uuid-W-00881-2024,worker-uuid-00881,W-00881,2024,2024-04-08,158.6,61.2,24.3,82.8,135,86,78,99,7.5,189,112,52,76,0.49,79.8,4.8,NON_SMOKER,0.0,True,False,False,False,False,NORMAL,FIT
mcu-uuid-W-00881-2025,worker-uuid-00881,W-00881,2025,2025-08-26,158.6,61.6,24.5,82.4,138,88,66,123,8.5,206,125,59,157,1.18,61.5,3.9,NON_SMOKER,0.0,True,False,False,False,False,NORMAL,FIT
mcu-uuid-W-00881-2026,worker-uuid-00881,W-00881,2026,2026-08-22,158.6,63.4,25.2,85.1,132,87,64,100,7.9,193,99,52,203,0.64,74.0,6.4,NON_SMOKER,0.0,True,False,False,False,False,NORMAL,FIT
mcu-uuid-W-00882-2024,worker-uuid-00882,W-00882,2024,2024-08-06,166.5,79.5,28.7,95.8,139,96,78,118,8.1,181,131,30,161,1.18,79.5,6.1,ACTIVE_SMOKER,23.9,True,True,False,True,False,NORMAL,FIT_WITH_RESTRICTION
mcu-uuid-W-00882-2025,worker-uuid-00882,W-00882,2025,2025-03-08,166.5,80.8,29.1,98.1,152,97,70,111,8.2,208,121,47,136,0.88,86.0,7.1,ACTIVE_SMOKER,23.9,True,True,False,True,False,NORMAL,FIT_WITH_RESTRICTION
mcu-uuid-W-00882-2026,worker-uuid-00882,W-00882,2026,2026-10-22,166.5,81.7,29.5,96.7,140,83,72,120,8.4,239,183,34,94,0.97,82.8,5.3,ACTIVE_SMOKER,23.9,True,True,False,False,True,NORMAL,FIT_WITH_RESTRICTION
mcu-uuid-W-00883-2024,worker-uuid-00883,W-00883,2024,2024-09-09,173.2,82.9,27.6,92.1,136,81,79,111,8.0,193,116,45,152,0.91,66.2,4.5,NON_SMOKER,0.0,True,False,False,False,False,NORMAL,FIT
mcu-uuid-W-00883-2025,worker-uuid-00883,W-00883,2025,2025-11-12,173.2,83.4,27.8,92.4,121,70,62,90,7.7,228,141,51,135,0.77,68.8,6.1,NON_SMOKER,0.0,True,False,False,False,False,NORMAL,FIT
mcu-uuid-W-00883-2026,worker-uuid-00883,W-00883,2026,2026-08-13,173.2,83.5,27.8,94.5,133,79,80,99,7.8,227,137,57,197,1.21,56.8,6.4,NON_SMOKER,0.0,True,False,False,False,False,NORMAL,FIT
mcu-uuid-W-00884-2024,worker-uuid-00884,W-00884,2024,2024-03-05,178.3,61.8,19.4,67.1,131,73,84,104,7.9,203,114,52,55,1.11,73.2,7.1,ACTIVE_SMOKER,9.6,True,False,False,False,False,NORMAL,FIT
mcu-uuid-W-00884-2025,worker-uuid-00884,W-00884,2025,2025-10-18,178.3,62.5,19.7,66.6,115,79,73,82,7.0,236,165,49,55,1.26,68.5,8.5,ACTIVE_SMOKER,9.6,True,False,False,False,False,NORMAL,FIT
mcu-uuid-W-00884-2026,worker-uuid-00884,W-00884,2026,2026-03-15,178.3,64.1,20.2,67.8,129,77,78,110,8.1,240,145,55,102,0.91,76.2,6.5,ACTIVE_SMOKER,9.6,True,False,False,False,False,NORMAL,FIT
mcu-uuid-W-00885-2024,worker-uuid-00885,W-00885,2024,2024-11-11,159.1,62.1,24.5,81.9,123,74,60,83,7.2,226,136,53,138,0.78,89.5,6.4,NON_SMOKER,0.0,True,False,False,False,False,NORMAL,FIT
mcu-uuid-W-00885-2025,worker-uuid-00885,W-00885,2025,2025-08-24,159.1,62.5,24.7,81.3,133,88,63,99,7.6,205,110,54,102,1.31,75.2,6.5,NON_SMOKER,0.0,True,False,False,False,False,NORMAL,FIT
mcu-uuid-W-00885-2026,worker-uuid-00885,W-00885,2026,2026-08-18,159.1,64.1,25.3,85.2,105,68,64,98,7.4,210,128,38,133,1.04,81.0,6.4,NON_SMOKER,0.0,True,False,False,False,False,NORMAL,FIT
mcu-uuid-W-00886-2024,worker-uuid-00886,W-00886,2024,2024-06-17,154.3,56.6,23.8,78.9,129,80,64,101,7.9,202,129,44,178,0.88,91.0,5.2,NON_SMOKER,0.0,True,False,True,False,False,NORMAL,FIT
mcu-uuid-W-00886-2025,worker-uuid-00886,W-00886,2025,2025-07-01,154.3,57.1,24.0,81.3,103,68,90,97,7.4,165,73,57,179,1.01,86.8,4.2,NON_SMOKER,0.0,True,False,True,False,False,NORMAL,FIT
mcu-uuid-W-00886-2026,worker-uuid-00886,W-00886,2026,2026-03-12,154.3,57.2,24.0,80.3,121,75,76,116,8.2,207,126,50,160,1.23,80.2,4.4,NON_SMOKER,0.0,True,False,True,False,False,NORMAL,FIT
mcu-uuid-W-00887-2024,worker-uuid-00887,W-00887,2024,2024-11-19,160.4,78.0,30.3,102.8,133,82,82,119,8.2,241,162,49,201,0.8,77.0,6.1,FORMER_SMOKER,4.0,True,False,False,False,False,NORMAL,FIT_WITH_RESTRICTION
mcu-uuid-W-00887-2025,worker-uuid-00887,W-00887,2025,2025-05-28,160.4,78.1,30.4,102.9,114,80,58,123,8.6,222,150,39,164,1.17,66.8,5.2,FORMER_SMOKER,4.0,True,False,False,False,False,NORMAL,FIT_WITH_RESTRICTION
mcu-uuid-W-00887-2026,worker-uuid-00887,W-00887,2026,2026-09-10,160.4,79.6,30.9,101.5,146,97,66,114,8.1,237,174,39,176,1.12,67.0,7.9,FORMER_SMOKER,4.0,True,True,False,False,False,NORMAL,FIT_WITH_RESTRICTION
mcu-uuid-W-00888-2024,worker-uuid-00888,W-00888,2024,2024-03-05,164.8,65.3,24.0,81.3,123,72,69,101,7.9,211,136,52,87,1.01,69.8,6.6,FORMER_SMOKER,10.6,True,False,False,False,False,BORDERLINE,FIT
mcu-uuid-W-00888-2025,worker-uuid-00888,W-00888,2025,2025-04-08,164.8,65.6,24.2,81.9,129,76,77,110,7.9,237,156,39,181,0.94,70.5,6.5,FORMER_SMOKER,10.6,True,False,False,False,False,NORMAL,FIT
mcu-uuid-W-00888-2026,worker-uuid-00888,W-00888,2026,2026-07-28,164.8,65.4,24.1,80.7,132,82,66,112,8.1,255,189,43,95,0.84,72.0,6.8,FORMER_SMOKER,10.6,True,False,False,False,False,NORMAL,FIT
mcu-uuid-W-00889-2024,worker-uuid-00889,W-00889,2024,2024-08-26,180.7,80.8,24.7,81.4,131,83,71,92,7.3,235,154,47,87,1.04,72.0,5.7,FORMER_SMOKER,12.0,True,False,True,False,False,NORMAL,FIT
mcu-uuid-W-00889-2025,worker-uuid-00889,W-00889,2025,2025-06-05,180.7,80.6,24.7,84.2,113,75,66,99,7.6,170,83,50,127,1.14,68.5,6.2,FORMER_SMOKER,12.0,True,False,True,False,False,NORMAL,FIT
mcu-uuid-W-00889-2026,worker-uuid-00889,W-00889,2026,2026-11-27,180.7,82.6,25.3,84.3,147,92,83,98,7.4,220,146,44,67,0.94,72.5,6.3,FORMER_SMOKER,12.0,True,True,True,False,False,NORMAL,FIT_WITH_RESTRICTION
mcu-uuid-W-00890-2024,worker-uuid-00890,W-00890,2024,2024-10-02,161.2,73.0,28.1,94.6,155,99,71,103,7.6,269,196,52,187,1.46,52.5,6.3,NON_SMOKER,0.0,True,True,False,False,False,NORMAL,FIT_WITH_RESTRICTION
mcu-uuid-W-00890-2025,worker-uuid-00890,W-00890,2025,2025-03-11,161.2,73.9,28.4,95.4,140,83,58,114,8.2,235,166,44,99,0.92,65.0,6.8,NON_SMOKER,0.0,True,True,False,False,False,NORMAL,FIT_WITH_RESTRICTION
mcu-uuid-W-00890-2026,worker-uuid-00890,W-00890,2026,2026-04-10,161.2,74.2,28.6,95.0,154,101,81,105,8.1,259,192,39,168,0.6,72.0,6.1,NON_SMOKER,0.0,True,True,False,False,True,NORMAL,UNFIT
mcu-uuid-W-00891-2024,worker-uuid-00891,W-00891,2024,2024-10-10,170.0,73.2,25.3,83.2,124,79,76,90,7.2,217,156,39,142,1.01,74.8,8.3,FORMER_SMOKER,12.7,True,False,False,False,False,NORMAL,FIT
mcu-uuid-W-00891-2025,worker-uuid-00891,W-00891,2025,2025-07-12,170.0,72.9,25.2,84.4,136,85,74,104,8.0,223,138,44,161,0.92,76.0,5.1,FORMER_SMOKER,12.7,True,False,False,False,False,NORMAL,FIT
mcu-uuid-W-00891-2026,worker-uuid-00891,W-00891,2026,2026-03-23,170.0,73.1,25.3,86.9,122,72,75,80,7.1,203,127,53,166,0.92,75.0,5.7,FORMER_SMOKER,12.7,True,False,False,False,False,NORMAL,FIT
mcu-uuid-W-00892-2024,worker-uuid-00892,W-00892,2024,2024-09-25,167.6,61.1,21.8,72.2,132,77,77,91,7.2,178,104,37,136,0.99,78.2,6.4,ACTIVE_SMOKER,23.7,True,False,True,False,False,NORMAL,FIT
mcu-uuid-W-00892-2025,worker-uuid-00892,W-00892,2025,2025-07-11,167.6,60.6,21.6,72.7,135,81,71,102,7.6,229,145,48,98,1.17,72.8,5.7,ACTIVE_SMOKER,23.7,True,False,True,False,False,NORMAL,FIT
mcu-uuid-W-00892-2026,worker-uuid-00892,W-00892,2026,2026-04-10,167.6,61.6,21.9,72.7,132,92,61,109,7.9,236,169,47,189,1.2,71.0,6.2,ACTIVE_SMOKER,23.7,True,True,True,False,False,NORMAL,FIT_WITH_RESTRICTION
mcu-uuid-W-00893-2024,worker-uuid-00893,W-00893,2024,2024-09-06,167.1,75.6,27.1,89.3,131,78,74,109,7.7,201,100,56,150,1.05,71.8,5.0,NON_SMOKER,0.0,True,False,False,False,False,BORDERLINE,FIT
mcu-uuid-W-00893-2025,worker-uuid-00893,W-00893,2025,2025-07-24,167.1,76.4,27.4,91.4,125,69,67,114,8.3,199,110,48,162,1.07,70.2,4.7,NON_SMOKER,0.0,True,False,False,False,False,NORMAL,FIT
mcu-uuid-W-00893-2026,worker-uuid-00893,W-00893,2026,2026-08-06,167.1,74.9,26.8,91.2,142,95,80,118,8.3,219,139,44,181,0.88,74.0,4.6,NON_SMOKER,0.0,True,True,False,True,False,ABNORMAL,UNFIT
mcu-uuid-W-00894-2024,worker-uuid-00894,W-00894,2024,2024-10-02,170.0,70.4,24.4,81.0,145,88,68,103,7.9,235,169,44,173,0.8,78.0,7.7,ACTIVE_SMOKER,28.9,True,True,False,False,True,BORDERLINE,FIT_WITH_RESTRICTION
mcu-uuid-W-00894-2025,worker-uuid-00894,W-00894,2025,2025-07-03,170.0,71.2,24.6,81.0,128,81,72,68,6.6,199,129,48,155,1.0,72.0,7.6,ACTIVE_SMOKER,28.9,True,False,False,False,False,NORMAL,FIT
mcu-uuid-W-00894-2026,worker-uuid-00894,W-00894,2026,2026-09-17,170.0,72.6,25.1,83.7,143,90,70,124,8.6,229,138,46,116,0.77,76.8,5.4,ACTIVE_SMOKER,28.9,True,True,False,True,False,BORDERLINE,FIT_WITH_RESTRICTION
mcu-uuid-W-00895-2024,worker-uuid-00895,W-00895,2024,2024-07-12,181.2,90.2,27.5,94.0,117,79,68,121,8.2,183,95,43,178,1.09,72.8,6.6,NON_SMOKER,0.0,True,False,True,False,False,BORDERLINE,FIT
mcu-uuid-W-00895-2025,worker-uuid-00895,W-00895,2025,2025-05-20,181.2,91.2,27.8,94.6,136,82,74,133,8.7,239,159,48,70,1.15,70.2,5.7,NON_SMOKER,0.0,True,False,True,False,False,NORMAL,FIT
mcu-uuid-W-00895-2026,worker-uuid-00895,W-00895,2026,2026-05-09,181.2,92.5,28.2,95.5,130,78,60,110,8.2,217,150,37,107,1.01,72.8,5.0,NON_SMOKER,0.0,True,False,True,False,False,NORMAL,FIT
mcu-uuid-W-00896-2024,worker-uuid-00896,W-00896,2024,2024-08-15,168.2,67.1,23.7,78.0,134,84,75,111,8.2,212,105,63,154,0.95,72.2,7.0,FORMER_SMOKER,12.8,True,False,False,False,False,NORMAL,FIT
mcu-uuid-W-00896-2025,worker-uuid-00896,W-00896,2025,2025-05-16,168.2,67.5,23.9,82.0,132,74,77,86,7.5,240,156,52,162,0.81,74.8,6.3,FORMER_SMOKER,12.8,True,False,False,False,True,NORMAL,FIT
mcu-uuid-W-00896-2026,worker-uuid-00896,W-00896,2026,2026-05-20,168.2,66.6,23.5,79.1,129,78,63,107,8.0,202,116,50,157,0.97,69.8,5.8,FORMER_SMOKER,12.8,True,False,False,False,False,NORMAL,FIT
mcu-uuid-W-00897-2024,worker-uuid-00897,W-00897,2024,2024-08-20,169.0,73.2,25.6,85.5,124,74,78,98,7.5,180,90,46,159,0.88,89.0,4.4,NON_SMOKER,0.0,True,False,True,False,False,NORMAL,FIT
mcu-uuid-W-00897-2025,worker-uuid-00897,W-00897,2025,2025-08-27,169.0,73.8,25.8,87.2,126,82,67,78,7.3,162,85,39,161,1.2,80.0,7.5,NON_SMOKER,0.0,True,False,True,False,False,NORMAL,FIT
mcu-uuid-W-00897-2026,worker-uuid-00897,W-00897,2026,2026-05-19,169.0,72.5,25.4,87.2,105,72,77,106,8.0,231,154,48,97,1.15,80.2,5.0,NON_SMOKER,0.0,True,False,True,False,False,NORMAL,FIT
mcu-uuid-W-00898-2024,worker-uuid-00898,W-00898,2024,2024-06-22,161.7,66.6,25.5,83.8,118,70,75,128,8.7,199,127,48,129,0.92,69.0,4.6,FORMER_SMOKER,2.9,True,False,False,False,False,NORMAL,FIT
mcu-uuid-W-00898-2025,worker-uuid-00898,W-00898,2025,2025-11-02,161.7,66.9,25.6,84.3,137,84,64,103,8.0,195,137,37,117,1.04,65.0,5.3,FORMER_SMOKER,2.9,True,False,False,False,False,NORMAL,FIT
mcu-uuid-W-00898-2026,worker-uuid-00898,W-00898,2026,2026-07-19,161.7,67.3,25.7,85.2,129,77,70,109,7.9,185,98,44,122,1.25,58.8,6.8,FORMER_SMOKER,2.9,True,False,False,False,False,NORMAL,FIT
mcu-uuid-W-00899-2024,worker-uuid-00899,W-00899,2024,2024-06-15,168.8,79.4,27.9,94.5,151,96,75,136,8.5,212,131,45,124,1.13,61.8,5.5,ACTIVE_SMOKER,19.2,True,True,True,False,False,NORMAL,FIT_WITH_RESTRICTION
mcu-uuid-W-00899-2025,worker-uuid-00899,W-00899,2025,2025-10-02,168.8,79.0,27.7,93.7,145,83,80,96,7.8,217,131,44,124,0.72,71.0,5.0,ACTIVE_SMOKER,19.2,True,True,True,True,False,NORMAL,FIT_WITH_RESTRICTION
mcu-uuid-W-00899-2026,worker-uuid-00899,W-00899,2026,2026-09-04,168.8,79.9,28.0,94.5,145,86,88,97,7.6,215,139,39,199,0.85,66.8,3.9,ACTIVE_SMOKER,19.2,True,True,True,False,False,NORMAL,FIT_WITH_RESTRICTION
mcu-uuid-W-00900-2024,worker-uuid-00900,W-00900,2024,2024-11-11,157.9,57.2,22.9,77.3,110,66,71,100,7.5,185,109,48,69,0.73,92.8,4.1,NON_SMOKER,0.0,True,False,False,False,False,BORDERLINE,FIT
mcu-uuid-W-00900-2025,worker-uuid-00900,W-00900,2025,2025-10-13,157.9,56.8,22.8,78.5,117,78,76,111,7.8,231,161,50,141,0.93,86.8,4.9,NON_SMOKER,0.0,True,False,False,False,False,NORMAL,FIT
mcu-uuid-W-00900-2026,worker-uuid-00900,W-00900,2026,2026-09-13,157.9,59.6,23.9,82.4,127,71,76,106,7.7,202,119,59,97,0.68,92.0,5.0,NON_SMOKER,0.0,True,False,False,False,False,NORMAL,FIT
mcu-uuid-W-00901-2024,worker-uuid-00901,W-00901,2024,2024-03-21,166.3,69.2,25.0,84.2,119,70,67,110,8.2,211,125,41,192,0.92,66.0,2.5,ACTIVE_SMOKER,14.7,True,False,False,False,False,NORMAL,FIT
mcu-uuid-W-00901-2025,worker-uuid-00901,W-00901,2025,2025-10-25,166.3,70.6,25.5,86.1,138,84,75,96,7.5,211,129,40,99,0.74,69.5,4.3,ACTIVE_SMOKER,14.7,True,False,False,False,False,NORMAL,FIT
mcu-uuid-W-00901-2026,worker-uuid-00901,W-00901,2026,2026-04-12,166.3,70.5,25.5,85.6,155,99,67,114,8.2,198,113,44,143,1.48,50.0,5.5,ACTIVE_SMOKER,14.7,True,True,False,True,False,BORDERLINE,FIT_WITH_RESTRICTION
mcu-uuid-W-00902-2024,worker-uuid-00902,W-00902,2024,2024-11-21,172.4,74.2,25.0,83.6,124,82,83,110,7.9,214,141,42,205,0.96,79.0,7.7,NON_SMOKER,0.0,True,False,False,False,False,NORMAL,FIT
mcu-uuid-W-00902-2025,worker-uuid-00902,W-00902,2025,2025-05-08,172.4,75.3,25.3,86.6,129,87,73,69,6.8,241,168,47,101,1.43,66.2,5.2,NON_SMOKER,0.0,True,False,False,False,True,NORMAL,FIT
mcu-uuid-W-00902-2026,worker-uuid-00902,W-00902,2026,2026-07-20,172.4,75.6,25.4,86.2,131,88,69,86,7.1,258,194,41,109,0.99,76.2,7.3,NON_SMOKER,0.0,True,False,False,False,False,NORMAL,FIT
mcu-uuid-W-00903-2024,worker-uuid-00903,W-00903,2024,2024-11-27,158.0,62.3,25.0,83.4,106,72,85,93,7.5,142,71,43,111,0.81,89.8,6.2,NON_SMOKER,0.0,True,False,False,False,False,NORMAL,FIT
mcu-uuid-W-00903-2025,worker-uuid-00903,W-00903,2025,2025-08-17,158.0,61.8,24.8,83.2,133,84,57,106,7.7,209,133,54,181,1.4,74.0,5.7,NON_SMOKER,0.0,True,False,False,False,False,NORMAL,FIT
mcu-uuid-W-00903-2026,worker-uuid-00903,W-00903,2026,2026-04-11,158.0,61.4,24.6,82.7,123,80,75,117,8.4,212,137,51,137,0.74,89.5,7.7,NON_SMOKER,0.0,True,False,False,False,False,NORMAL,FIT
mcu-uuid-W-00904-2024,worker-uuid-00904,W-00904,2024,2024-05-07,166.9,87.3,31.3,105.1,148,91,81,123,8.6,220,141,43,135,1.06,63.5,5.7,ACTIVE_SMOKER,22.0,True,True,False,True,False,NORMAL,FIT_WITH_RESTRICTION
mcu-uuid-W-00904-2025,worker-uuid-00904,W-00904,2025,2025-04-09,166.9,87.6,31.4,103.0,146,96,77,121,8.4,248,167,41,120,1.08,62.0,7.3,ACTIVE_SMOKER,22.0,True,True,False,True,False,NORMAL,FIT_WITH_RESTRICTION
mcu-uuid-W-00904-2026,worker-uuid-00904,W-00904,2026,2026-10-10,166.9,90.0,32.3,107.6,162,98,75,124,8.5,247,184,35,115,1.09,60.8,4.4,ACTIVE_SMOKER,22.0,True,True,False,False,False,NORMAL,UNFIT
mcu-uuid-W-00905-2024,worker-uuid-00905,W-00905,2024,2024-11-03,163.7,68.4,25.5,84.1,124,83,77,97,7.5,213,144,49,115,0.67,69.2,2.7,FORMER_SMOKER,12.6,True,False,True,False,False,NORMAL,FIT
mcu-uuid-W-00905-2025,worker-uuid-00905,W-00905,2025,2025-03-07,163.7,68.6,25.6,87.8,146,96,59,99,7.9,222,140,45,98,0.91,62.2,5.7,FORMER_SMOKER,12.6,True,True,True,False,False,NORMAL,FIT_WITH_RESTRICTION
mcu-uuid-W-00905-2026,worker-uuid-00905,W-00905,2026,2026-11-24,163.7,71.0,26.5,89.8,132,79,83,95,7.4,213,121,50,132,0.95,60.2,5.4,FORMER_SMOKER,12.6,True,False,True,False,False,BORDERLINE,FIT
mcu-uuid-W-00906-2024,worker-uuid-00906,W-00906,2024,2024-09-01,168.9,68.6,24.0,81.7,101,61,87,96,7.7,181,85,55,160,1.12,85.0,5.1,FORMER_SMOKER,12.7,True,False,False,False,False,BORDERLINE,FIT
mcu-uuid-W-00906-2025,worker-uuid-00906,W-00906,2025,2025-07-13,168.9,68.9,24.2,80.8,128,76,76,97,7.4,179,89,56,208,0.93,88.8,6.2,FORMER_SMOKER,12.7,True,False,False,False,False,NORMAL,FIT
mcu-uuid-W-00906-2026,worker-uuid-00906,W-00906,2026,2026-09-05,168.9,68.9,24.2,81.5,133,81,74,71,6.8,233,147,50,68,1.35,77.2,7.1,FORMER_SMOKER,12.7,True,False,False,False,False,NORMAL,FIT
mcu-uuid-W-00907-2024,worker-uuid-00907,W-00907,2024,2024-11-10,167.8,83.8,29.8,97.8,148,99,68,117,8.0,249,173,54,180,1.16,57.0,6.7,FORMER_SMOKER,7.3,True,True,False,False,False,NORMAL,FIT_WITH_RESTRICTION
mcu-uuid-W-00907-2025,worker-uuid-00907,W-00907,2025,2025-09-25,167.8,83.6,29.7,100.0,136,76,58,103,8.0,233,146,56,158,0.47,73.2,6.2,FORMER_SMOKER,7.3,True,False,False,False,False,NORMAL,FIT
mcu-uuid-W-00907-2026,worker-uuid-00907,W-00907,2026,2026-11-09,167.8,86.3,30.6,102.1,157,91,77,102,7.7,240,180,39,194,1.15,55.2,5.0,FORMER_SMOKER,7.3,True,True,False,True,False,BORDERLINE,FIT_WITH_RESTRICTION
mcu-uuid-W-00908-2024,worker-uuid-00908,W-00908,2024,2024-10-11,159.1,72.1,28.5,95.6,144,95,71,90,7.6,206,135,48,142,0.9,62.5,5.4,NON_SMOKER,0.0,True,True,True,False,False,NORMAL,FIT_WITH_RESTRICTION
mcu-uuid-W-00908-2025,worker-uuid-00908,W-00908,2025,2025-05-03,159.1,71.7,28.3,95.2,124,80,81,92,7.2,245,168,45,204,0.67,67.2,4.9,NON_SMOKER,0.0,True,False,True,False,False,NORMAL,FIT
mcu-uuid-W-00908-2026,worker-uuid-00908,W-00908,2026,2026-10-27,159.1,74.0,29.2,99.0,134,88,68,106,8.0,264,194,47,120,0.71,65.2,6.2,NON_SMOKER,0.0,True,False,True,False,False,NORMAL,FIT
mcu-uuid-W-00909-2024,worker-uuid-00909,W-00909,2024,2024-07-19,174.4,93.6,30.8,101.4,142,91,87,121,8.5,246,155,50,166,1.41,53.8,5.6,ACTIVE_SMOKER,8.0,True,True,False,True,False,NORMAL,FIT_WITH_RESTRICTION
mcu-uuid-W-00909-2025,worker-uuid-00909,W-00909,2025,2025-07-25,174.4,94.9,31.2,102.8,142,86,93,108,8.1,220,136,54,112,1.13,59.8,4.4,ACTIVE_SMOKER,8.0,True,True,False,False,False,NORMAL,FIT_WITH_RESTRICTION
mcu-uuid-W-00909-2026,worker-uuid-00909,W-00909,2026,2026-11-06,174.4,93.8,30.8,104.2,131,76,79,92,7.5,194,115,44,163,1.02,61.5,5.9,ACTIVE_SMOKER,8.0,True,False,False,False,False,NORMAL,FIT_WITH_RESTRICTION
mcu-uuid-W-00910-2024,worker-uuid-00910,W-00910,2024,2024-05-24,159.1,64.4,25.4,84.2,120,76,67,119,8.2,202,122,44,146,0.66,95.5,6.9,NON_SMOKER,0.0,True,False,False,False,False,NORMAL,FIT
mcu-uuid-W-00910-2025,worker-uuid-00910,W-00910,2025,2025-04-11,159.1,65.3,25.8,88.3,134,74,84,93,7.3,217,132,50,125,0.96,87.0,8.5,NON_SMOKER,0.0,True,False,False,False,False,BORDERLINE,FIT
mcu-uuid-W-00910-2026,worker-uuid-00910,W-00910,2026,2026-11-10,159.1,64.3,25.4,86.0,129,81,64,106,7.9,216,138,56,196,1.07,83.2,7.1,NON_SMOKER,0.0,True,False,False,False,False,NORMAL,FIT
mcu-uuid-W-00911-2024,worker-uuid-00911,W-00911,2024,2024-10-09,169.2,60.3,21.1,71.0,120,77,68,89,7.4,167,69,55,108,1.03,70.2,5.7,NON_SMOKER,0.0,True,False,False,False,False,NORMAL,FIT
mcu-uuid-W-00911-2025,worker-uuid-00911,W-00911,2025,2025-10-02,169.2,59.9,20.9,71.0,109,70,66,93,7.6,166,97,46,78,1.09,67.8,7.5,NON_SMOKER,0.0,True,False,False,False,False,BORDERLINE,FIT
mcu-uuid-W-00911-2026,worker-uuid-00911,W-00911,2026,2026-07-03,169.2,63.1,22.0,74.3,156,99,66,100,7.9,167,83,52,123,0.55,80.2,6.4,NON_SMOKER,0.0,True,True,False,False,False,NORMAL,FIT_WITH_RESTRICTION
mcu-uuid-W-00912-2024,worker-uuid-00912,W-00912,2024,2024-03-14,171.9,75.1,25.4,86.2,136,86,63,92,7.4,221,147,42,93,1.29,68.8,6.3,NON_SMOKER,0.0,True,False,False,False,False,NORMAL,FIT
mcu-uuid-W-00912-2025,worker-uuid-00912,W-00912,2025,2025-07-22,171.9,76.1,25.8,84.7,136,83,80,77,6.9,195,113,52,175,1.15,71.2,7.5,NON_SMOKER,0.0,True,False,False,False,False,NORMAL,FIT
mcu-uuid-W-00912-2026,worker-uuid-00912,W-00912,2026,2026-09-20,171.9,74.4,25.2,83.4,126,78,70,82,7.2,190,111,49,151,1.26,67.5,7.0,NON_SMOKER,0.0,True,False,False,False,False,NORMAL,FIT
mcu-uuid-W-00913-2024,worker-uuid-00913,W-00913,2024,2024-10-27,175.7,56.5,18.3,62.7,125,77,80,77,6.8,194,111,54,55,0.72,85.0,6.3,ACTIVE_SMOKER,5.6,True,False,True,False,False,NORMAL,FIT
mcu-uuid-W-00913-2025,worker-uuid-00913,W-00913,2025,2025-11-15,175.7,57.5,18.6,62.9,120,74,73,79,6.9,139,68,46,100,0.68,85.0,5.5,ACTIVE_SMOKER,5.6,True,False,True,False,False,BORDERLINE,FIT
mcu-uuid-W-00913-2026,worker-uuid-00913,W-00913,2026,2026-11-22,175.7,58.9,19.1,65.1,128,81,70,83,7.3,172,92,51,116,0.96,77.0,6.5,ACTIVE_SMOKER,5.6,True,False,True,False,False,BORDERLINE,FIT
mcu-uuid-W-00914-2024,worker-uuid-00914,W-00914,2024,2024-11-14,156.9,63.9,26.0,87.7,141,86,77,79,7.0,165,89,34,111,0.95,82.2,5.3,ACTIVE_SMOKER,24.4,True,True,False,False,False,NORMAL,FIT_WITH_RESTRICTION
mcu-uuid-W-00914-2025,worker-uuid-00914,W-00914,2025,2025-10-17,156.9,65.2,26.5,89.7,151,94,66,96,7.8,208,144,38,223,1.13,76.8,5.9,ACTIVE_SMOKER,24.4,True,True,False,True,False,BORDERLINE,FIT_WITH_RESTRICTION
mcu-uuid-W-00914-2026,worker-uuid-00914,W-00914,2026,2026-10-15,156.9,63.9,26.0,89.2,154,102,84,104,7.7,235,153,45,126,1.31,71.2,5.1,ACTIVE_SMOKER,24.4,True,True,False,True,False,ABNORMAL,UNFIT
mcu-uuid-W-00915-2024,worker-uuid-00915,W-00915,2024,2024-09-23,149.2,66.2,29.7,100.2,130,86,68,117,8.1,244,172,51,77,0.74,91.5,3.9,FORMER_SMOKER,4.0,True,False,False,False,False,NORMAL,FIT
mcu-uuid-W-00915-2025,worker-uuid-00915,W-00915,2025,2025-06-26,149.2,66.6,29.9,98.0,147,89,65,121,8.2,212,139,47,182,0.97,84.8,4.9,FORMER_SMOKER,4.0,True,True,False,False,False,NORMAL,FIT_WITH_RESTRICTION
mcu-uuid-W-00915-2026,worker-uuid-00915,W-00915,2026,2026-04-01,149.2,65.6,29.5,97.3,125,76,78,77,7.0,220,127,60,168,0.51,95.2,3.7,FORMER_SMOKER,4.0,True,False,False,False,False,NORMAL,FIT
mcu-uuid-W-00916-2024,worker-uuid-00916,W-00916,2024,2024-04-02,167.4,76.2,27.2,90.5,132,92,80,121,8.5,161,78,44,110,1.18,52.5,8.1,FORMER_SMOKER,2.5,True,True,False,True,False,NORMAL,FIT_WITH_RESTRICTION
mcu-uuid-W-00916-2025,worker-uuid-00916,W-00916,2025,2025-04-28,167.4,75.9,27.1,92.2,148,97,74,103,7.6,228,149,53,98,0.95,57.2,6.1,FORMER_SMOKER,2.5,True,True,False,False,False,NORMAL,FIT_WITH_RESTRICTION
mcu-uuid-W-00916-2026,worker-uuid-00916,W-00916,2026,2026-03-18,167.4,75.5,26.9,91.5,147,97,81,108,8.0,225,150,50,102,1.2,50.0,5.5,FORMER_SMOKER,2.5,True,True,False,False,False,NORMAL,FIT_WITH_RESTRICTION
mcu-uuid-W-00917-2024,worker-uuid-00917,W-00917,2024,2024-11-25,176.2,66.8,21.5,71.6,129,77,83,84,7.3,246,191,32,158,1.12,70.0,5.8,ACTIVE_SMOKER,13.2,True,False,False,False,True,NORMAL,FIT
mcu-uuid-W-00917-2025,worker-uuid-00917,W-00917,2025,2025-07-01,176.2,67.3,21.7,72.0,138,85,75,104,7.6,173,82,57,80,1.2,67.0,6.2,ACTIVE_SMOKER,13.2,True,False,False,False,False,BORDERLINE,FIT
mcu-uuid-W-00917-2026,worker-uuid-00917,W-00917,2026,2026-04-08,176.2,65.9,21.2,70.7,124,81,87,95,7.5,218,138,49,176,0.79,76.2,6.0,ACTIVE_SMOKER,13.2,True,False,False,False,False,NORMAL,FIT
mcu-uuid-W-00918-2024,worker-uuid-00918,W-00918,2024,2024-04-24,158.8,39.7,15.7,54.0,128,79,83,82,7.0,218,134,39,129,1.05,86.8,4.2,ACTIVE_SMOKER,27.1,True,False,False,False,False,NORMAL,FIT
mcu-uuid-W-00918-2025,worker-uuid-00918,W-00918,2025,2025-05-14,158.8,40.0,15.9,53.9,111,68,73,78,7.1,202,121,48,91,0.6,97.0,3.2,ACTIVE_SMOKER,27.1,True,False,False,False,False,NORMAL,FIT
mcu-uuid-W-00918-2026,worker-uuid-00918,W-00918,2026,2026-05-20,158.8,41.5,16.5,56.6,136,83,82,65,6.8,128,55,51,70,0.64,95.0,5.4,ACTIVE_SMOKER,27.1,True,False,False,False,False,BORDERLINE,FIT
mcu-uuid-W-00919-2024,worker-uuid-00919,W-00919,2024,2024-07-05,166.8,78.9,28.4,96.3,126,77,68,123,8.2,226,152,42,155,0.8,67.0,5.6,FORMER_SMOKER,13.8,True,False,False,False,False,NORMAL,FIT
mcu-uuid-W-00919-2025,worker-uuid-00919,W-00919,2025,2025-05-26,166.8,78.7,28.3,94.9,148,86,64,113,8.0,248,165,52,97,1.02,60.5,6.0,FORMER_SMOKER,13.8,True,True,False,False,True,NORMAL,FIT_WITH_RESTRICTION
mcu-uuid-W-00919-2026,worker-uuid-00919,W-00919,2026,2026-07-23,166.8,78.5,28.2,94.8,140,83,81,94,7.6,188,105,44,132,0.87,63.2,5.3,FORMER_SMOKER,13.8,True,True,False,False,False,NORMAL,FIT_WITH_RESTRICTION
mcu-uuid-W-00920-2024,worker-uuid-00920,W-00920,2024,2024-09-03,164.3,71.4,26.4,90.0,136,91,83,141,8.8,195,99,57,106,0.72,63.0,4.9,ACTIVE_SMOKER,28.9,True,True,False,False,False,NORMAL,FIT_WITH_RESTRICTION
mcu-uuid-W-00920-2025,worker-uuid-00920,W-00920,2025,2025-11-21,164.3,72.0,26.7,88.4,156,98,74,122,8.5,237,156,39,127,1.08,53.0,7.6,ACTIVE_SMOKER,28.9,True,True,False,False,False,NORMAL,FIT_WITH_RESTRICTION
mcu-uuid-W-00920-2026,worker-uuid-00920,W-00920,2026,2026-09-07,164.3,70.8,26.2,85.9,142,102,76,142,9.1,255,175,48,98,0.99,54.2,5.7,ACTIVE_SMOKER,28.9,True,True,False,False,False,BORDERLINE,UNFIT
mcu-uuid-W-00921-2024,worker-uuid-00921,W-00921,2024,2024-03-05,164.4,77.3,28.6,94.6,134,87,82,96,7.7,196,110,45,107,1.09,68.8,6.1,NON_SMOKER,0.0,True,False,False,False,False,NORMAL,FIT
mcu-uuid-W-00921-2025,worker-uuid-00921,W-00921,2025,2025-10-26,164.4,77.4,28.6,95.5,120,75,51,125,8.5,232,165,44,135,0.66,78.5,6.2,NON_SMOKER,0.0,True,False,False,False,True,NORMAL,FIT
mcu-uuid-W-00921-2026,worker-uuid-00921,W-00921,2026,2026-10-06,164.4,76.8,28.4,94.7,133,82,91,110,8.0,227,122,62,168,0.99,69.2,6.0,NON_SMOKER,0.0,True,False,False,False,False,NORMAL,FIT
mcu-uuid-W-00922-2024,worker-uuid-00922,W-00922,2024,2024-04-26,172.2,69.9,23.6,80.9,120,81,71,85,7.3,182,110,39,111,1.01,88.8,4.1,ACTIVE_SMOKER,29.0,True,False,True,False,False,NORMAL,FIT
mcu-uuid-W-00922-2025,worker-uuid-00922,W-00922,2025,2025-08-24,172.2,71.2,24.0,80.5,137,87,88,90,7.2,218,147,40,157,0.89,90.8,7.3,ACTIVE_SMOKER,29.0,True,False,True,False,False,NORMAL,FIT
mcu-uuid-W-00922-2026,worker-uuid-00922,W-00922,2026,2026-06-01,172.2,72.4,24.4,81.5,116,65,68,109,7.9,242,171,47,102,0.96,88.0,5.6,ACTIVE_SMOKER,29.0,True,False,True,False,False,NORMAL,FIT
mcu-uuid-W-00923-2024,worker-uuid-00923,W-00923,2024,2024-09-18,170.7,77.5,26.6,87.7,141,100,69,123,8.3,214,125,44,66,1.07,80.2,3.8,ACTIVE_SMOKER,18.5,True,True,False,False,False,NORMAL,UNFIT
mcu-uuid-W-00923-2025,worker-uuid-00923,W-00923,2025,2025-05-08,170.7,77.8,26.7,89.7,141,83,85,104,7.8,237,163,39,114,1.14,77.5,5.1,ACTIVE_SMOKER,18.5,True,True,False,True,False,NORMAL,FIT_WITH_RESTRICTION
mcu-uuid-W-00923-2026,worker-uuid-00923,W-00923,2026,2026-11-23,170.7,79.4,27.2,90.1,147,92,66,106,8.1,169,99,34,80,1.02,79.5,4.7,ACTIVE_SMOKER,18.5,True,True,False,True,False,ABNORMAL,UNFIT
mcu-uuid-W-00924-2024,worker-uuid-00924,W-00924,2024,2024-03-22,167.5,56.2,20.0,69.3,122,81,63,95,7.4,197,104,54,90,0.91,90.2,4.5,NON_SMOKER,0.0,True,False,False,False,False,NORMAL,FIT
mcu-uuid-W-00924-2025,worker-uuid-00924,W-00924,2025,2025-10-19,167.5,55.8,19.9,67.2,95,60,67,69,6.6,161,67,64,143,1.16,83.0,5.6,NON_SMOKER,0.0,True,False,False,False,False,NORMAL,FIT
mcu-uuid-W-00924-2026,worker-uuid-00924,W-00924,2026,2026-10-18,167.5,57.3,20.4,69.0,122,78,66,68,6.7,154,61,55,100,0.97,86.8,6.0,NON_SMOKER,0.0,True,False,False,False,False,NORMAL,FIT
mcu-uuid-W-00925-2024,worker-uuid-00925,W-00925,2024,2024-06-22,165.2,65.5,24.0,79.5,113,72,83,75,7.1,169,87,39,116,0.89,81.8,4.1,ACTIVE_SMOKER,22.8,True,False,False,False,False,NORMAL,FIT
mcu-uuid-W-00925-2025,worker-uuid-00925,W-00925,2025,2025-06-15,165.2,66.6,24.4,81.8,134,85,75,92,7.3,228,146,55,81,1.22,72.5,7.7,ACTIVE_SMOKER,22.8,True,False,False,False,False,NORMAL,FIT
mcu-uuid-W-00925-2026,worker-uuid-00925,W-00925,2026,2026-06-02,165.2,67.7,24.8,85.2,136,78,78,108,8.2,226,153,41,86,0.87,80.2,5.4,ACTIVE_SMOKER,22.8,True,False,False,False,False,NORMAL,FIT
mcu-uuid-W-00926-2024,worker-uuid-00926,W-00926,2024,2024-05-14,179.0,72.8,22.7,75.1,101,69,69,97,7.5,187,103,47,83,0.75,87.2,6.5,NON_SMOKER,0.0,True,False,False,False,False,NORMAL,FIT
mcu-uuid-W-00926-2025,worker-uuid-00926,W-00926,2025,2025-09-16,179.0,73.9,23.1,78.1,127,77,62,80,6.9,212,129,54,101,0.88,83.0,6.9,NON_SMOKER,0.0,True,False,False,False,False,BORDERLINE,FIT
mcu-uuid-W-00926-2026,worker-uuid-00926,W-00926,2026,2026-03-08,179.0,75.1,23.4,77.5,106,60,72,108,8.1,169,97,50,76,1.01,78.8,4.3,NON_SMOKER,0.0,True,False,False,False,False,NORMAL,FIT
mcu-uuid-W-00927-2024,worker-uuid-00927,W-00927,2024,2024-03-04,176.2,83.2,26.8,91.0,139,88,67,94,7.7,162,94,35,115,0.92,91.0,6.3,NON_SMOKER,0.0,True,False,True,False,False,NORMAL,FIT
mcu-uuid-W-00927-2025,worker-uuid-00927,W-00927,2025,2025-11-16,176.2,83.2,26.8,87.8,116,69,73,109,8.1,201,119,57,235,1.23,82.2,5.9,NON_SMOKER,0.0,True,False,True,False,False,NORMAL,FIT
mcu-uuid-W-00927-2026,worker-uuid-00927,W-00927,2026,2026-08-14,176.2,84.0,27.1,89.7,119,80,65,129,8.6,183,96,57,145,1.23,81.2,4.6,NON_SMOKER,0.0,True,False,True,False,False,BORDERLINE,FIT
mcu-uuid-W-00928-2024,worker-uuid-00928,W-00928,2024,2024-08-19,169.0,74.4,26.0,85.6,137,85,74,85,7.3,231,147,43,162,0.6,78.0,5.3,ACTIVE_SMOKER,12.0,True,False,False,False,False,NORMAL,FIT
mcu-uuid-W-00928-2025,worker-uuid-00928,W-00928,2025,2025-05-27,169.0,75.0,26.3,87.7,127,79,81,111,7.8,198,121,45,101,1.24,61.0,4.6,ACTIVE_SMOKER,12.0,True,False,False,False,False,NORMAL,FIT
mcu-uuid-W-00928-2026,worker-uuid-00928,W-00928,2026,2026-04-18,169.0,75.5,26.4,87.7,140,86,77,113,8.2,208,138,37,89,1.09,63.8,6.9,ACTIVE_SMOKER,12.0,True,True,False,True,False,BORDERLINE,FIT_WITH_RESTRICTION
mcu-uuid-W-00929-2024,worker-uuid-00929,W-00929,2024,2024-09-01,169.3,71.8,25.1,82.5,131,83,83,107,7.8,235,161,39,171,1.16,73.0,9.2,ACTIVE_SMOKER,11.7,True,False,False,False,False,BORDERLINE,FIT
mcu-uuid-W-00929-2025,worker-uuid-00929,W-00929,2025,2025-06-12,169.3,71.7,25.0,83.2,120,85,71,108,8.0,226,137,49,133,0.65,84.8,6.2,ACTIVE_SMOKER,11.7,True,False,False,False,False,NORMAL,FIT
mcu-uuid-W-00929-2026,worker-uuid-00929,W-00929,2026,2026-06-06,169.3,74.3,25.9,85.7,120,78,83,110,7.9,237,157,41,230,1.03,74.2,6.6,ACTIVE_SMOKER,11.7,True,False,False,False,False,BORDERLINE,FIT
mcu-uuid-W-00930-2024,worker-uuid-00930,W-00930,2024,2024-05-07,168.3,63.3,22.3,77.3,121,83,74,86,7.4,241,173,46,151,1.26,86.5,5.4,ACTIVE_SMOKER,12.5,True,False,False,False,False,NORMAL,FIT
mcu-uuid-W-00930-2025,worker-uuid-00930,W-00930,2025,2025-07-18,168.3,63.2,22.3,73.5,115,60,80,95,7.4,175,101,42,136,1.02,91.5,5.8,ACTIVE_SMOKER,12.5,True,False,False,False,False,NORMAL,FIT
mcu-uuid-W-00930-2026,worker-uuid-00930,W-00930,2026,2026-10-16,168.3,65.5,23.1,79.3,128,81,71,97,7.8,222,141,45,123,1.0,91.0,5.4,ACTIVE_SMOKER,12.5,True,False,False,False,False,NORMAL,FIT
mcu-uuid-W-00931-2024,worker-uuid-00931,W-00931,2024,2024-04-16,172.5,67.9,22.8,75.5,122,73,73,101,7.5,236,165,47,175,0.95,74.2,6.2,ACTIVE_SMOKER,5.8,True,False,True,False,False,NORMAL,FIT
mcu-uuid-W-00931-2025,worker-uuid-00931,W-00931,2025,2025-08-24,172.5,68.4,23.0,76.5,147,89,73,110,7.8,196,119,52,60,1.16,68.0,6.2,ACTIVE_SMOKER,5.8,True,True,True,True,False,NORMAL,FIT_WITH_RESTRICTION
mcu-uuid-W-00931-2026,worker-uuid-00931,W-00931,2026,2026-05-13,172.5,69.0,23.2,78.0,144,96,87,108,8.0,201,119,44,120,1.1,68.5,3.1,ACTIVE_SMOKER,5.8,True,True,True,False,False,NORMAL,FIT_WITH_RESTRICTION
mcu-uuid-W-00932-2024,worker-uuid-00932,W-00932,2024,2024-10-12,174.7,52.0,17.0,58.2,129,81,74,82,7.1,202,122,43,105,0.92,69.0,6.9,NON_SMOKER,0.0,True,False,False,False,False,NORMAL,FIT
mcu-uuid-W-00932-2025,worker-uuid-00932,W-00932,2025,2025-07-15,174.7,52.6,17.2,60.8,117,80,71,99,7.8,161,61,63,59,0.99,66.2,4.5,NON_SMOKER,0.0,True,False,False,False,False,NORMAL,FIT
mcu-uuid-W-00932-2026,worker-uuid-00932,W-00932,2026,2026-08-04,174.7,54.1,17.7,58.8,117,68,69,91,7.7,202,107,68,97,0.95,66.2,4.8,NON_SMOKER,0.0,True,False,False,False,False,NORMAL,FIT
mcu-uuid-W-00933-2024,worker-uuid-00933,W-00933,2024,2024-09-20,164.4,61.7,22.8,78.1,127,75,71,102,7.7,144,61,40,122,1.16,73.0,5.5,NON_SMOKER,0.0,True,False,False,False,False,NORMAL,FIT
mcu-uuid-W-00933-2025,worker-uuid-00933,W-00933,2025,2025-09-25,164.4,61.8,22.9,78.4,117,74,77,85,7.3,220,142,55,123,1.04,75.0,5.9,NON_SMOKER,0.0,True,False,False,False,False,BORDERLINE,FIT
mcu-uuid-W-00933-2026,worker-uuid-00933,W-00933,2026,2026-03-09,164.4,62.7,23.2,77.7,118,71,72,101,7.6,191,97,56,135,1.02,74.5,4.9,NON_SMOKER,0.0,True,False,False,False,False,BORDERLINE,FIT
mcu-uuid-W-00934-2024,worker-uuid-00934,W-00934,2024,2024-11-17,170.3,88.0,30.3,99.9,140,86,68,101,7.7,267,181,53,260,0.94,75.5,5.9,NON_SMOKER,0.0,True,True,True,True,True,NORMAL,FIT_WITH_RESTRICTION
mcu-uuid-W-00934-2025,worker-uuid-00934,W-00934,2025,2025-07-06,170.3,89.1,30.7,101.6,137,87,84,91,7.5,215,142,46,185,1.25,66.8,5.1,NON_SMOKER,0.0,True,False,True,False,False,NORMAL,FIT_WITH_RESTRICTION
mcu-uuid-W-00934-2026,worker-uuid-00934,W-00934,2026,2026-10-14,170.3,89.2,30.8,104.1,131,79,73,110,7.9,224,146,46,156,1.3,64.5,5.7,NON_SMOKER,0.0,True,False,True,False,False,NORMAL,FIT_WITH_RESTRICTION
mcu-uuid-W-00935-2024,worker-uuid-00935,W-00935,2024,2024-11-10,162.1,78.5,29.9,100.9,136,82,64,107,8.1,228,147,52,184,0.76,68.0,7.5,FORMER_SMOKER,2.7,True,False,False,False,False,BORDERLINE,FIT
mcu-uuid-W-00935-2025,worker-uuid-00935,W-00935,2025,2025-09-14,162.1,78.3,29.8,99.9,131,87,64,112,8.0,301,223,43,103,1.1,58.5,7.0,FORMER_SMOKER,2.7,True,False,False,False,True,NORMAL,FIT
mcu-uuid-W-00935-2026,worker-uuid-00935,W-00935,2026,2026-07-27,162.1,80.4,30.6,101.3,142,95,85,93,7.6,243,178,42,178,0.88,63.0,5.3,FORMER_SMOKER,2.7,True,True,False,False,False,NORMAL,FIT_WITH_RESTRICTION
mcu-uuid-W-00936-2024,worker-uuid-00936,W-00936,2024,2024-10-17,154.0,62.7,26.4,88.3,142,82,73,100,7.8,193,116,43,159,1.04,92.0,3.0,ACTIVE_SMOKER,15.3,True,True,False,True,False,BORDERLINE,FIT_WITH_RESTRICTION
mcu-uuid-W-00936-2025,worker-uuid-00936,W-00936,2025,2025-08-02,154.0,62.4,26.3,89.5,130,84,85,84,7.1,169,91,43,82,0.84,96.0,5.9,ACTIVE_SMOKER,15.3,True,False,False,False,False,NORMAL,FIT
mcu-uuid-W-00936-2026,worker-uuid-00936,W-00936,2026,2026-09-05,154.0,62.0,26.1,87.6,128,82,93,88,7.2,190,120,45,186,1.39,81.2,5.0,ACTIVE_SMOKER,15.3,True,False,False,False,False,BORDERLINE,FIT
mcu-uuid-W-00937-2024,worker-uuid-00937,W-00937,2024,2024-07-02,165.1,67.3,24.7,83.3,134,83,55,98,7.9,200,120,36,119,1.09,72.8,7.0,NON_SMOKER,0.0,True,False,False,False,False,NORMAL,FIT
mcu-uuid-W-00937-2025,worker-uuid-00937,W-00937,2025,2025-05-16,165.1,68.3,25.1,83.2,152,98,62,115,8.0,221,141,48,112,0.9,76.5,4.7,NON_SMOKER,0.0,True,True,False,True,False,NORMAL,FIT_WITH_RESTRICTION
mcu-uuid-W-00937-2026,worker-uuid-00937,W-00937,2026,2026-04-07,165.1,66.9,24.5,81.5,134,91,65,108,8.1,218,139,51,166,1.14,69.5,5.9,NON_SMOKER,0.0,True,True,False,True,False,ABNORMAL,UNFIT
mcu-uuid-W-00938-2024,worker-uuid-00938,W-00938,2024,2024-11-18,170.4,76.3,26.3,89.9,140,89,69,106,7.9,189,119,39,210,0.99,65.2,4.2,NON_SMOKER,0.0,True,True,False,True,False,BORDERLINE,FIT_WITH_RESTRICTION
mcu-uuid-W-00938-2025,worker-uuid-00938,W-00938,2025,2025-04-10,170.4,77.6,26.7,88.2,141,85,67,85,7.4,204,123,43,105,0.97,64.8,5.8,NON_SMOKER,0.0,True,True,False,False,False,NORMAL,FIT_WITH_RESTRICTION
mcu-uuid-W-00938-2026,worker-uuid-00938,W-00938,2026,2026-04-17,170.4,78.0,26.9,88.9,142,88,79,107,8.0,221,144,51,127,1.36,54.0,6.9,NON_SMOKER,0.0,True,True,False,False,False,NORMAL,FIT_WITH_RESTRICTION
mcu-uuid-W-00939-2024,worker-uuid-00939,W-00939,2024,2024-03-27,181.8,74.3,22.5,76.6,116,79,72,83,7.0,211,123,48,121,1.14,81.5,7.8,NON_SMOKER,0.0,True,False,False,False,False,NORMAL,FIT
mcu-uuid-W-00939-2025,worker-uuid-00939,W-00939,2025,2025-05-27,181.8,75.1,22.7,77.8,123,80,76,98,7.5,235,146,58,125,1.23,78.2,5.5,NON_SMOKER,0.0,True,False,False,False,False,NORMAL,FIT
mcu-uuid-W-00939-2026,worker-uuid-00939,W-00939,2026,2026-04-01,181.8,74.9,22.7,77.4,111,77,69,89,7.2,216,152,44,81,1.07,81.2,4.8,NON_SMOKER,0.0,True,False,False,False,False,NORMAL,FIT
mcu-uuid-W-00940-2024,worker-uuid-00940,W-00940,2024,2024-04-27,171.8,71.0,24.1,79.8,133,83,74,87,7.2,170,102,45,130,1.12,76.0,6.1,NON_SMOKER,0.0,True,False,True,False,False,NORMAL,FIT
mcu-uuid-W-00940-2025,worker-uuid-00940,W-00940,2025,2025-09-07,171.8,70.8,24.0,79.2,116,77,67,93,7.3,172,81,56,110,0.7,85.5,7.2,NON_SMOKER,0.0,True,False,True,False,False,NORMAL,FIT
mcu-uuid-W-00940-2026,worker-uuid-00940,W-00940,2026,2026-07-27,171.8,70.9,24.0,80.0,124,78,65,115,8.1,208,132,49,255,0.98,77.5,5.4,NON_SMOKER,0.0,True,False,True,False,False,NORMAL,FIT
mcu-uuid-W-00941-2024,worker-uuid-00941,W-00941,2024,2024-10-16,163.6,70.0,26.2,87.2,116,72,71,97,7.6,197,125,49,76,0.97,80.8,7.2,FORMER_SMOKER,10.1,True,False,False,False,False,NORMAL,FIT
mcu-uuid-W-00941-2025,worker-uuid-00941,W-00941,2025,2025-03-03,163.6,70.2,26.2,89.1,130,74,83,112,8.1,193,103,62,168,1.2,74.0,5.2,FORMER_SMOKER,10.1,True,False,False,False,False,NORMAL,FIT
mcu-uuid-W-00941-2026,worker-uuid-00941,W-00941,2026,2026-07-04,163.6,71.2,26.6,90.0,116,69,65,86,7.4,161,85,40,127,0.8,83.0,5.6,FORMER_SMOKER,10.1,True,False,False,False,False,NORMAL,FIT
mcu-uuid-W-00942-2024,worker-uuid-00942,W-00942,2024,2024-09-21,157.4,56.4,22.8,77.7,112,69,62,110,8.1,171,104,31,159,0.95,77.2,7.2,NON_SMOKER,0.0,True,False,False,False,False,NORMAL,FIT
mcu-uuid-W-00942-2025,worker-uuid-00942,W-00942,2025,2025-05-14,157.4,57.4,23.2,76.9,122,71,64,90,7.4,208,123,47,123,1.22,69.5,5.1,NON_SMOKER,0.0,True,False,False,False,False,BORDERLINE,FIT
mcu-uuid-W-00942-2026,worker-uuid-00942,W-00942,2026,2026-05-23,157.4,56.7,22.9,78.0,133,92,59,91,7.5,147,71,55,185,1.34,65.5,5.0,NON_SMOKER,0.0,True,True,False,False,False,NORMAL,FIT_WITH_RESTRICTION
mcu-uuid-W-00943-2024,worker-uuid-00943,W-00943,2024,2024-03-01,166.2,62.4,22.6,77.8,138,91,73,88,7.4,204,109,55,139,1.11,71.2,5.5,ACTIVE_SMOKER,12.1,True,True,False,False,False,NORMAL,FIT_WITH_RESTRICTION
mcu-uuid-W-00943-2025,worker-uuid-00943,W-00943,2025,2025-05-23,166.2,62.4,22.6,78.1,125,74,72,99,7.6,227,150,47,171,1.01,72.8,6.8,ACTIVE_SMOKER,12.1,True,False,False,False,False,NORMAL,FIT
mcu-uuid-W-00943-2026,worker-uuid-00943,W-00943,2026,2026-05-09,166.2,62.6,22.7,77.9,121,73,80,97,7.6,143,83,35,105,0.9,74.5,6.0,ACTIVE_SMOKER,12.1,True,False,False,False,False,NORMAL,FIT
mcu-uuid-W-00944-2024,worker-uuid-00944,W-00944,2024,2024-05-21,163.0,52.8,19.9,69.4,117,73,64,108,8.1,205,122,43,109,0.72,91.0,5.2,FORMER_SMOKER,8.7,True,False,False,False,False,BORDERLINE,FIT
mcu-uuid-W-00944-2025,worker-uuid-00944,W-00944,2025,2025-04-16,163.0,54.0,20.3,69.6,124,74,71,65,6.6,179,115,39,140,1.07,81.2,6.1,FORMER_SMOKER,8.7,True,False,False,False,False,NORMAL,FIT
mcu-uuid-W-00944-2026,worker-uuid-00944,W-00944,2026,2026-06-05,163.0,55.1,20.7,70.7,112,71,75,94,7.4,147,68,47,102,0.73,88.8,7.3,FORMER_SMOKER,8.7,True,False,False,False,False,NORMAL,FIT
mcu-uuid-W-00945-2024,worker-uuid-00945,W-00945,2024,2024-07-24,168.3,62.3,22.0,75.4,144,89,79,102,7.8,224,146,51,61,0.96,88.0,6.3,ACTIVE_SMOKER,16.5,True,True,False,True,False,BORDERLINE,FIT_WITH_RESTRICTION
mcu-uuid-W-00945-2025,worker-uuid-00945,W-00945,2025,2025-04-02,168.3,62.5,22.1,76.6,134,83,80,80,7.2,186,92,50,104,1.03,85.2,5.3,ACTIVE_SMOKER,16.5,True,False,False,False,False,NORMAL,FIT
mcu-uuid-W-00945-2026,worker-uuid-00945,W-00945,2026,2026-06-19,168.3,64.0,22.6,76.8,136,95,80,93,7.5,158,78,52,113,0.79,90.2,8.5,ACTIVE_SMOKER,16.5,True,True,False,False,False,NORMAL,FIT_WITH_RESTRICTION
mcu-uuid-W-00946-2024,worker-uuid-00946,W-00946,2024,2024-09-19,172.1,75.9,25.6,84.1,144,98,65,88,7.3,203,107,51,114,1.13,66.8,5.9,NON_SMOKER,0.0,True,True,False,True,False,NORMAL,FIT_WITH_RESTRICTION
mcu-uuid-W-00946-2025,worker-uuid-00946,W-00946,2025,2025-04-11,172.1,77.2,26.1,86.1,132,78,81,120,8.1,205,130,54,91,0.98,69.5,7.4,NON_SMOKER,0.0,True,False,False,False,False,NORMAL,FIT
mcu-uuid-W-00946-2026,worker-uuid-00946,W-00946,2026,2026-05-22,172.1,77.0,26.0,86.4,118,74,69,111,7.8,151,68,46,100,1.07,66.2,5.3,NON_SMOKER,0.0,True,False,False,False,False,NORMAL,FIT
mcu-uuid-W-00947-2024,worker-uuid-00947,W-00947,2024,2024-05-09,170.9,72.8,24.9,83.9,124,85,80,93,7.7,194,93,67,96,0.78,90.5,4.7,NON_SMOKER,0.0,True,False,False,False,False,NORMAL,FIT
mcu-uuid-W-00947-2025,worker-uuid-00947,W-00947,2025,2025-08-20,170.9,73.0,25.0,83.4,117,76,75,83,7.3,182,97,50,76,0.84,88.0,5.6,NON_SMOKER,0.0,True,False,False,False,False,NORMAL,FIT
mcu-uuid-W-00947-2026,worker-uuid-00947,W-00947,2026,2026-11-03,170.9,75.3,25.8,85.1,132,84,71,87,7.2,177,84,58,226,0.83,87.2,5.7,NON_SMOKER,0.0,True,False,False,False,False,NORMAL,FIT
mcu-uuid-W-00948-2024,worker-uuid-00948,W-00948,2024,2024-08-11,179.3,79.6,24.8,82.0,117,66,85,96,7.8,155,71,41,161,0.89,78.8,7.0,ACTIVE_SMOKER,11.4,True,False,False,False,False,BORDERLINE,FIT
mcu-uuid-W-00948-2025,worker-uuid-00948,W-00948,2025,2025-05-14,179.3,79.6,24.8,81.9,141,88,70,106,7.7,230,164,45,154,0.89,77.8,7.9,ACTIVE_SMOKER,11.4,True,True,False,False,False,NORMAL,FIT_WITH_RESTRICTION
mcu-uuid-W-00948-2026,worker-uuid-00948,W-00948,2026,2026-04-20,179.3,80.9,25.2,85.1,145,90,92,109,7.8,160,106,33,155,0.98,74.5,8.4,ACTIVE_SMOKER,11.4,True,True,False,False,False,NORMAL,FIT_WITH_RESTRICTION
mcu-uuid-W-00949-2024,worker-uuid-00949,W-00949,2024,2024-09-09,178.9,68.2,21.3,70.4,139,88,75,78,6.9,216,133,61,112,1.12,87.0,6.7,NON_SMOKER,0.0,True,False,True,False,False,NORMAL,FIT
mcu-uuid-W-00949-2025,worker-uuid-00949,W-00949,2025,2025-08-25,178.9,67.9,21.2,73.5,111,65,66,72,7.1,213,132,50,141,0.96,90.0,7.3,NON_SMOKER,0.0,True,False,True,False,False,NORMAL,FIT
mcu-uuid-W-00949-2026,worker-uuid-00949,W-00949,2026,2026-09-22,178.9,70.2,21.9,75.8,121,84,65,79,7.2,211,133,50,100,1.0,88.0,4.4,NON_SMOKER,0.0,True,False,True,False,False,NORMAL,FIT
mcu-uuid-W-00950-2024,worker-uuid-00950,W-00950,2024,2024-03-25,182.2,60.6,18.3,63.2,129,77,68,102,7.9,209,117,54,113,0.9,72.5,6.8,NON_SMOKER,0.0,True,False,False,False,False,NORMAL,FIT
mcu-uuid-W-00950-2025,worker-uuid-00950,W-00950,2025,2025-04-10,182.2,60.2,18.1,63.9,114,68,76,113,8.2,186,93,55,108,1.22,63.5,5.6,NON_SMOKER,0.0,True,False,False,False,False,NORMAL,FIT
mcu-uuid-W-00950-2026,worker-uuid-00950,W-00950,2026,2026-04-16,182.2,63.1,19.0,66.7,132,86,59,104,7.7,242,143,56,80,1.13,64.8,5.7,NON_SMOKER,0.0,True,False,False,False,True,NORMAL,FIT
mcu-uuid-W-00951-2024,worker-uuid-00951,W-00951,2024,2024-09-06,163.7,73.9,27.6,91.1,128,79,72,116,8.1,199,111,45,139,0.91,77.2,5.5,ACTIVE_SMOKER,29.7,True,False,True,False,False,NORMAL,FIT
mcu-uuid-W-00951-2025,worker-uuid-00951,W-00951,2025,2025-04-26,163.7,75.0,28.0,95.5,149,92,77,111,7.9,213,121,51,218,0.77,79.8,6.3,ACTIVE_SMOKER,29.7,True,True,True,True,False,NORMAL,FIT_WITH_RESTRICTION
mcu-uuid-W-00951-2026,worker-uuid-00951,W-00951,2026,2026-05-15,163.7,75.7,28.2,93.2,126,80,80,108,8.1,214,141,45,164,1.02,72.5,5.1,ACTIVE_SMOKER,29.7,True,False,True,False,False,NORMAL,FIT
mcu-uuid-W-00952-2024,worker-uuid-00952,W-00952,2024,2024-08-07,162.4,63.0,23.9,81.4,123,74,68,88,7.5,201,112,53,130,1.42,77.5,6.7,NON_SMOKER,0.0,True,False,False,False,False,NORMAL,FIT
mcu-uuid-W-00952-2025,worker-uuid-00952,W-00952,2025,2025-04-01,162.4,64.0,24.3,83.0,138,86,65,96,7.8,221,130,46,136,0.69,94.8,4.8,NON_SMOKER,0.0,True,False,False,False,False,BORDERLINE,FIT
mcu-uuid-W-00952-2026,worker-uuid-00952,W-00952,2026,2026-08-03,162.4,63.2,24.0,79.1,130,80,74,98,7.6,219,148,49,176,0.95,87.2,6.2,NON_SMOKER,0.0,True,False,False,False,False,NORMAL,FIT
mcu-uuid-W-00953-2024,worker-uuid-00953,W-00953,2024,2024-03-19,165.6,64.9,23.7,77.9,142,85,86,112,7.9,227,151,56,123,1.02,74.5,4.7,ACTIVE_SMOKER,21.4,True,True,False,False,False,NORMAL,FIT_WITH_RESTRICTION
mcu-uuid-W-00953-2025,worker-uuid-00953,W-00953,2025,2025-06-25,165.6,65.3,23.8,81.8,104,73,72,111,8.2,204,126,35,135,0.79,79.2,5.9,ACTIVE_SMOKER,21.4,True,False,False,False,False,NORMAL,FIT
mcu-uuid-W-00953-2026,worker-uuid-00953,W-00953,2026,2026-07-08,165.6,66.1,24.1,81.6,134,80,81,91,7.4,193,112,52,116,1.02,72.5,7.6,ACTIVE_SMOKER,21.4,True,False,False,False,False,NORMAL,FIT
mcu-uuid-W-00954-2024,worker-uuid-00954,W-00954,2024,2024-11-08,165.3,67.3,24.6,83.2,121,79,65,109,7.9,212,128,47,111,1.0,67.0,6.1,NON_SMOKER,0.0,True,False,True,False,False,NORMAL,FIT
mcu-uuid-W-00954-2025,worker-uuid-00954,W-00954,2025,2025-03-16,165.3,67.1,24.6,81.6,151,96,90,122,8.5,230,151,41,174,1.13,62.8,6.5,NON_SMOKER,0.0,True,True,True,False,False,BORDERLINE,FIT_WITH_RESTRICTION
mcu-uuid-W-00954-2026,worker-uuid-00954,W-00954,2026,2026-09-07,165.3,68.1,24.9,81.9,127,83,71,100,7.8,184,99,52,111,0.92,67.0,5.3,NON_SMOKER,0.0,True,False,True,False,False,NORMAL,FIT
mcu-uuid-W-00955-2024,worker-uuid-00955,W-00955,2024,2024-05-13,156.3,71.1,29.1,95.2,122,71,82,97,7.4,229,158,40,121,0.76,77.0,5.9,NON_SMOKER,0.0,True,False,True,False,False,NORMAL,FIT
mcu-uuid-W-00955-2025,worker-uuid-00955,W-00955,2025,2025-05-26,156.3,70.9,29.0,97.3,131,86,88,101,7.6,195,120,50,125,1.03,69.2,3.0,NON_SMOKER,0.0,True,False,True,False,False,NORMAL,FIT
mcu-uuid-W-00955-2026,worker-uuid-00955,W-00955,2026,2026-06-17,156.3,71.1,29.1,96.5,122,74,72,122,8.4,212,143,42,133,0.91,71.2,3.0,NON_SMOKER,0.0,True,False,True,False,False,NORMAL,FIT
mcu-uuid-W-00956-2024,worker-uuid-00956,W-00956,2024,2024-06-02,174.7,76.4,25.0,83.1,145,88,75,108,8.0,191,111,60,68,0.71,87.2,5.1,ACTIVE_SMOKER,26.5,True,True,True,False,False,BORDERLINE,FIT_WITH_RESTRICTION
mcu-uuid-W-00956-2025,worker-uuid-00956,W-00956,2025,2025-04-22,174.7,77.5,25.4,83.4,146,93,80,65,6.9,247,162,45,202,0.99,79.2,7.9,ACTIVE_SMOKER,26.5,True,True,True,False,False,NORMAL,FIT_WITH_RESTRICTION
mcu-uuid-W-00956-2026,worker-uuid-00956,W-00956,2026,2026-04-04,174.7,78.4,25.7,87.6,127,76,78,100,7.6,236,147,46,209,1.02,77.5,5.5,ACTIVE_SMOKER,26.5,True,False,True,False,False,NORMAL,FIT
mcu-uuid-W-00957-2024,worker-uuid-00957,W-00957,2024,2024-10-17,172.8,63.3,21.2,71.0,126,77,74,108,7.7,204,124,49,109,1.0,84.0,6.0,ACTIVE_SMOKER,26.7,True,False,False,False,False,NORMAL,FIT
mcu-uuid-W-00957-2025,worker-uuid-00957,W-00957,2025,2025-05-08,172.8,63.3,21.2,71.0,125,79,81,112,7.9,162,84,44,93,1.22,77.5,6.5,ACTIVE_SMOKER,26.7,True,False,False,False,False,BORDERLINE,FIT
mcu-uuid-W-00957-2026,worker-uuid-00957,W-00957,2026,2026-07-13,172.8,63.1,21.1,71.3,141,79,85,67,6.9,220,142,47,172,0.7,89.5,5.0,ACTIVE_SMOKER,26.7,True,True,False,False,False,BORDERLINE,FIT_WITH_RESTRICTION
mcu-uuid-W-00958-2024,worker-uuid-00958,W-00958,2024,2024-06-26,169.7,69.5,24.1,81.0,136,88,80,94,7.6,202,131,50,123,0.94,93.5,5.6,ACTIVE_SMOKER,22.8,True,False,False,False,False,NORMAL,FIT
mcu-uuid-W-00958-2025,worker-uuid-00958,W-00958,2025,2025-08-20,169.7,70.5,24.5,84.3,145,89,81,78,7.2,188,104,44,114,0.95,92.2,4.7,ACTIVE_SMOKER,22.8,True,True,False,False,False,NORMAL,FIT_WITH_RESTRICTION
mcu-uuid-W-00958-2026,worker-uuid-00958,W-00958,2026,2026-07-03,169.7,71.4,24.8,83.4,115,73,86,85,7.4,199,103,53,143,0.98,90.5,6.7,ACTIVE_SMOKER,22.8,True,False,False,False,False,NORMAL,FIT
mcu-uuid-W-00959-2024,worker-uuid-00959,W-00959,2024,2024-04-07,162.3,66.3,25.2,85.1,133,84,81,76,7.2,206,117,48,256,0.87,89.2,5.7,NON_SMOKER,0.0,True,False,False,False,False,NORMAL,FIT
mcu-uuid-W-00959-2025,worker-uuid-00959,W-00959,2025,2025-07-06,162.3,66.9,25.4,87.1,130,82,69,98,7.7,221,140,43,144,1.0,85.0,4.8,NON_SMOKER,0.0,True,False,False,False,False,NORMAL,FIT
mcu-uuid-W-00959-2026,worker-uuid-00959,W-00959,2026,2026-04-05,162.3,67.9,25.8,85.9,120,73,57,108,7.9,176,105,43,163,0.68,92.0,5.9,NON_SMOKER,0.0,True,False,False,False,False,NORMAL,FIT
mcu-uuid-W-00960-2024,worker-uuid-00960,W-00960,2024,2024-04-03,167.8,62.4,22.2,73.6,124,77,81,77,6.9,204,127,55,90,1.14,71.5,7.5,ACTIVE_SMOKER,29.3,True,False,False,False,False,BORDERLINE,FIT
mcu-uuid-W-00960-2025,worker-uuid-00960,W-00960,2025,2025-06-22,167.8,62.3,22.1,75.6,137,79,88,130,8.7,233,177,34,104,1.24,68.0,7.3,ACTIVE_SMOKER,29.3,True,False,False,False,False,NORMAL,FIT
mcu-uuid-W-00960-2026,worker-uuid-00960,W-00960,2026,2026-05-21,167.8,61.4,21.8,71.8,153,104,69,98,7.4,157,71,46,79,1.13,69.8,3.9,ACTIVE_SMOKER,29.3,True,True,False,False,False,NORMAL,UNFIT
mcu-uuid-W-00961-2024,worker-uuid-00961,W-00961,2024,2024-03-02,156.1,63.5,26.1,85.7,132,82,71,123,8.3,179,92,43,55,0.95,74.2,4.2,ACTIVE_SMOKER,23.3,True,False,False,False,False,NORMAL,FIT
mcu-uuid-W-00961-2025,worker-uuid-00961,W-00961,2025,2025-10-10,156.1,64.4,26.4,90.0,143,87,77,121,8.1,205,137,41,174,0.84,76.0,6.5,ACTIVE_SMOKER,23.3,True,True,False,False,False,BORDERLINE,FIT_WITH_RESTRICTION
mcu-uuid-W-00961-2026,worker-uuid-00961,W-00961,2026,2026-04-10,156.1,64.2,26.3,89.4,143,88,70,126,8.5,255,189,42,124,1.06,69.5,6.2,ACTIVE_SMOKER,23.3,True,True,False,True,False,ABNORMAL,UNFIT
mcu-uuid-W-00962-2024,worker-uuid-00962,W-00962,2024,2024-06-25,167.4,72.7,25.9,88.0,124,80,86,104,7.6,198,129,47,91,0.96,87.0,5.6,ACTIVE_SMOKER,18.4,True,False,True,False,False,BORDERLINE,FIT
mcu-uuid-W-00962-2025,worker-uuid-00962,W-00962,2025,2025-10-23,167.4,73.8,26.3,87.9,131,90,75,136,8.6,177,96,40,167,1.37,75.8,3.8,ACTIVE_SMOKER,18.4,True,True,True,True,False,NORMAL,FIT_WITH_RESTRICTION
mcu-uuid-W-00962-2026,worker-uuid-00962,W-00962,2026,2026-04-26,167.4,73.0,26.1,86.0,124,86,89,91,7.4,271,183,43,108,0.62,93.5,6.5,ACTIVE_SMOKER,18.4,True,False,True,False,False,NORMAL,FIT
mcu-uuid-W-00963-2024,worker-uuid-00963,W-00963,2024,2024-03-28,163.4,63.5,23.8,80.0,132,88,74,102,7.9,202,142,37,110,1.22,75.5,7.1,ACTIVE_SMOKER,28.5,True,False,True,False,False,NORMAL,FIT
mcu-uuid-W-00963-2025,worker-uuid-00963,W-00963,2025,2025-09-07,163.4,63.6,23.8,81.6,140,92,83,123,8.4,213,129,44,127,0.85,83.8,4.4,ACTIVE_SMOKER,28.5,True,True,True,True,False,NORMAL,FIT_WITH_RESTRICTION
mcu-uuid-W-00963-2026,worker-uuid-00963,W-00963,2026,2026-10-14,163.4,63.3,23.7,80.8,137,89,76,102,7.6,205,144,39,80,1.08,77.0,6.9,ACTIVE_SMOKER,28.5,True,False,True,False,False,NORMAL,FIT
mcu-uuid-W-00964-2024,worker-uuid-00964,W-00964,2024,2024-03-16,167.1,64.4,23.1,78.0,116,83,80,68,6.8,189,114,41,200,0.87,75.2,5.1,ACTIVE_SMOKER,19.3,True,False,False,False,False,NORMAL,FIT
mcu-uuid-W-00964-2025,worker-uuid-00964,W-00964,2025,2025-04-23,167.1,64.9,23.2,76.9,120,77,83,109,8.0,263,190,48,75,0.63,80.2,3.9,ACTIVE_SMOKER,19.3,True,False,False,False,False,NORMAL,FIT
mcu-uuid-W-00964-2026,worker-uuid-00964,W-00964,2026,2026-09-03,167.1,66.0,23.6,78.6,131,78,82,108,7.9,237,164,43,185,0.87,73.2,3.2,ACTIVE_SMOKER,19.3,True,False,False,False,False,BORDERLINE,FIT
mcu-uuid-W-00965-2024,worker-uuid-00965,W-00965,2024,2024-04-11,179.2,85.6,26.7,90.7,130,81,78,101,7.7,193,104,56,219,0.8,86.0,5.0,NON_SMOKER,0.0,True,False,True,False,False,NORMAL,FIT
mcu-uuid-W-00965-2025,worker-uuid-00965,W-00965,2025,2025-07-27,179.2,86.2,26.8,88.9,121,71,75,93,7.3,195,122,47,156,0.89,82.8,6.7,NON_SMOKER,0.0,True,False,True,False,False,NORMAL,FIT
mcu-uuid-W-00965-2026,worker-uuid-00965,W-00965,2026,2026-03-01,179.2,84.6,26.3,86.9,147,88,66,110,8.2,231,155,47,202,0.79,84.2,6.1,NON_SMOKER,0.0,True,True,True,True,False,BORDERLINE,FIT_WITH_RESTRICTION
mcu-uuid-W-00966-2024,worker-uuid-00966,W-00966,2024,2024-07-11,178.1,75.1,23.7,80.6,131,87,86,105,7.8,228,152,54,76,1.14,55.5,6.5,NON_SMOKER,0.0,True,False,False,False,False,NORMAL,FIT
mcu-uuid-W-00966-2025,worker-uuid-00966,W-00966,2025,2025-05-28,178.1,76.0,24.0,82.4,147,90,78,91,7.2,220,143,47,176,0.96,59.0,4.7,NON_SMOKER,0.0,True,True,False,False,False,NORMAL,FIT_WITH_RESTRICTION
mcu-uuid-W-00966-2026,worker-uuid-00966,W-00966,2026,2026-03-02,178.1,77.2,24.3,79.9,136,83,79,107,8.1,204,122,41,122,1.06,55.5,6.4,NON_SMOKER,0.0,True,False,False,False,False,NORMAL,FIT
mcu-uuid-W-00967-2024,worker-uuid-00967,W-00967,2024,2024-11-28,166.9,79.6,28.6,97.2,134,76,67,106,8.1,268,188,46,175,1.04,70.0,7.7,NON_SMOKER,0.0,True,False,True,False,True,NORMAL,FIT
mcu-uuid-W-00967-2025,worker-uuid-00967,W-00967,2025,2025-10-06,166.9,79.4,28.5,94.3,133,86,79,105,7.7,197,138,36,192,1.04,69.0,6.1,NON_SMOKER,0.0,True,False,True,False,False,NORMAL,FIT
mcu-uuid-W-00967-2026,worker-uuid-00967,W-00967,2026,2026-08-10,166.9,79.5,28.5,94.3,130,83,67,117,8.4,189,113,35,64,0.89,71.8,5.5,NON_SMOKER,0.0,True,False,True,False,False,NORMAL,FIT
mcu-uuid-W-00968-2024,worker-uuid-00968,W-00968,2024,2024-10-24,171.4,65.7,22.4,73.9,114,68,79,112,8.2,225,153,41,114,0.89,78.8,5.2,NON_SMOKER,0.0,True,False,False,False,False,NORMAL,FIT
mcu-uuid-W-00968-2025,worker-uuid-00968,W-00968,2025,2025-11-17,171.4,66.4,22.6,74.9,116,74,61,84,7.2,226,133,55,165,0.91,77.2,6.1,NON_SMOKER,0.0,True,False,False,False,False,NORMAL,FIT
mcu-uuid-W-00968-2026,worker-uuid-00968,W-00968,2026,2026-07-09,171.4,66.2,22.5,76.0,117,77,70,79,7.1,191,112,56,114,1.16,70.0,4.1,NON_SMOKER,0.0,True,False,False,False,False,NORMAL,FIT
mcu-uuid-W-00969-2024,worker-uuid-00969,W-00969,2024,2024-05-21,175.1,83.6,27.3,91.9,129,78,86,93,7.3,182,124,36,122,1.16,65.0,6.5,ACTIVE_SMOKER,20.3,True,False,False,False,False,BORDERLINE,FIT
mcu-uuid-W-00969-2025,worker-uuid-00969,W-00969,2025,2025-03-01,175.1,84.6,27.6,91.4,169,107,90,91,7.5,208,142,40,114,0.87,71.2,7.6,ACTIVE_SMOKER,20.3,True,True,False,False,False,BORDERLINE,UNFIT
mcu-uuid-W-00969-2026,worker-uuid-00969,W-00969,2026,2026-07-19,175.1,85.4,27.9,93.6,130,86,70,109,7.8,243,167,47,134,1.14,63.5,7.1,ACTIVE_SMOKER,20.3,True,False,False,False,False,NORMAL,FIT
mcu-uuid-W-00970-2024,worker-uuid-00970,W-00970,2024,2024-07-03,168.5,80.4,28.3,93.3,138,86,63,91,7.3,210,135,44,211,1.02,75.5,6.0,FORMER_SMOKER,6.1,True,False,True,False,False,NORMAL,FIT
mcu-uuid-W-00970-2025,worker-uuid-00970,W-00970,2025,2025-08-05,168.5,81.6,28.7,93.8,100,60,58,80,7.2,183,101,50,210,0.76,81.0,6.3,FORMER_SMOKER,6.1,True,False,True,False,False,NORMAL,FIT
mcu-uuid-W-00970-2026,worker-uuid-00970,W-00970,2026,2026-10-15,168.5,82.2,29.0,96.5,151,97,69,125,8.2,208,148,36,86,0.81,78.8,6.1,FORMER_SMOKER,6.1,True,True,True,True,False,BORDERLINE,FIT_WITH_RESTRICTION
mcu-uuid-W-00971-2024,worker-uuid-00971,W-00971,2024,2024-03-18,166.8,93.3,33.5,113.2,150,88,70,125,8.3,218,131,42,118,0.62,75.5,5.4,ACTIVE_SMOKER,11.3,True,True,True,True,False,NORMAL,FIT_WITH_RESTRICTION
mcu-uuid-W-00971-2025,worker-uuid-00971,W-00971,2025,2025-04-07,166.8,94.2,33.9,113.4,146,88,75,102,8.0,258,200,26,134,0.86,68.5,6.0,ACTIVE_SMOKER,11.3,True,True,True,False,False,NORMAL,FIT_WITH_RESTRICTION
mcu-uuid-W-00971-2026,worker-uuid-00971,W-00971,2026,2026-06-08,166.8,95.2,34.2,113.9,166,104,78,125,8.5,231,145,49,191,1.11,61.2,5.9,ACTIVE_SMOKER,11.3,True,True,True,False,False,BORDERLINE,UNFIT
mcu-uuid-W-00972-2024,worker-uuid-00972,W-00972,2024,2024-07-04,155.6,65.0,26.8,90.3,144,95,85,98,7.8,252,176,49,133,1.11,67.2,4.0,FORMER_SMOKER,10.7,True,True,False,False,False,NORMAL,FIT_WITH_RESTRICTION
mcu-uuid-W-00972-2025,worker-uuid-00972,W-00972,2025,2025-09-22,155.6,64.6,26.7,89.6,136,83,75,110,8.2,230,142,46,169,0.72,76.0,8.7,FORMER_SMOKER,10.7,True,False,False,False,False,NORMAL,FIT
mcu-uuid-W-00972-2026,worker-uuid-00972,W-00972,2026,2026-09-13,155.6,67.8,28.0,93.6,144,89,84,104,7.6,216,151,43,98,0.98,68.5,2.9,FORMER_SMOKER,10.7,True,True,False,True,False,BORDERLINE,FIT_WITH_RESTRICTION
mcu-uuid-W-00973-2024,worker-uuid-00973,W-00973,2024,2024-08-25,168.0,66.4,23.5,79.4,105,72,83,104,7.8,207,133,54,176,0.81,83.8,5.5,FORMER_SMOKER,12.8,True,False,False,False,False,NORMAL,FIT
mcu-uuid-W-00973-2025,worker-uuid-00973,W-00973,2025,2025-07-23,168.0,67.4,23.9,78.8,125,82,81,90,7.6,224,145,53,126,1.18,73.5,6.2,FORMER_SMOKER,12.8,True,False,False,False,False,NORMAL,FIT
mcu-uuid-W-00973-2026,worker-uuid-00973,W-00973,2026,2026-11-12,168.0,66.3,23.5,80.9,124,79,78,84,7.2,225,132,50,157,1.09,74.8,5.6,FORMER_SMOKER,12.8,True,False,False,False,False,NORMAL,FIT
mcu-uuid-W-00974-2024,worker-uuid-00974,W-00974,2024,2024-03-12,170.9,72.7,24.9,81.7,127,94,83,107,7.9,193,120,41,101,0.88,80.0,4.7,ACTIVE_SMOKER,11.8,True,True,False,False,False,BORDERLINE,FIT_WITH_RESTRICTION
mcu-uuid-W-00974-2025,worker-uuid-00974,W-00974,2025,2025-05-17,170.9,72.8,24.9,85.4,122,79,73,114,8.0,177,82,54,106,1.18,71.5,7.9,ACTIVE_SMOKER,11.8,True,False,False,False,False,NORMAL,FIT
mcu-uuid-W-00974-2026,worker-uuid-00974,W-00974,2026,2026-05-07,170.9,74.1,25.4,87.1,149,93,94,111,7.9,232,163,40,149,1.08,73.0,5.2,ACTIVE_SMOKER,11.8,True,True,False,False,True,NORMAL,FIT_WITH_RESTRICTION
mcu-uuid-W-00975-2024,worker-uuid-00975,W-00975,2024,2024-05-26,163.7,57.8,21.6,74.2,110,71,59,88,7.3,193,105,44,104,1.08,85.0,3.1,FORMER_SMOKER,8.5,True,False,False,False,False,NORMAL,FIT
mcu-uuid-W-00975-2025,worker-uuid-00975,W-00975,2025,2025-03-23,163.7,59.1,22.1,74.2,118,74,82,107,8.1,192,124,44,184,0.94,87.5,6.9,FORMER_SMOKER,8.5,True,False,False,False,False,BORDERLINE,FIT
mcu-uuid-W-00975-2026,worker-uuid-00975,W-00975,2026,2026-08-03,163.7,56.8,21.2,70.0,119,74,55,87,7.3,209,138,43,87,1.05,83.8,7.2,FORMER_SMOKER,8.5,True,False,False,False,False,BORDERLINE,FIT
mcu-uuid-W-00976-2024,worker-uuid-00976,W-00976,2024,2024-06-21,171.0,50.4,17.2,58.8,117,72,63,97,7.7,192,118,46,80,0.95,83.2,5.8,NON_SMOKER,0.0,True,False,True,False,False,NORMAL,FIT
mcu-uuid-W-00976-2025,worker-uuid-00976,W-00976,2025,2025-05-22,171.0,50.3,17.2,58.1,121,80,74,92,7.7,205,121,44,65,1.08,79.0,6.1,NON_SMOKER,0.0,True,False,True,False,False,NORMAL,FIT
mcu-uuid-W-00976-2026,worker-uuid-00976,W-00976,2026,2026-06-25,171.0,50.5,17.3,59.0,105,72,76,100,7.6,201,111,63,162,0.89,82.8,5.1,NON_SMOKER,0.0,True,False,True,False,False,NORMAL,FIT
mcu-uuid-W-00977-2024,worker-uuid-00977,W-00977,2024,2024-04-27,166.4,75.5,27.3,89.5,152,100,66,96,7.6,246,170,48,93,0.85,66.8,6.0,NON_SMOKER,0.0,True,True,False,True,False,NORMAL,UNFIT
mcu-uuid-W-00977-2025,worker-uuid-00977,W-00977,2025,2025-03-07,166.4,75.1,27.1,92.0,142,85,57,113,8.0,195,120,48,72,1.01,61.8,6.4,NON_SMOKER,0.0,True,True,False,True,False,NORMAL,FIT_WITH_RESTRICTION
mcu-uuid-W-00977-2026,worker-uuid-00977,W-00977,2026,2026-07-10,166.4,77.7,28.1,94.8,132,82,73,77,7.0,252,191,38,231,0.95,62.2,4.9,NON_SMOKER,0.0,True,False,False,False,False,NORMAL,FIT
mcu-uuid-W-00978-2024,worker-uuid-00978,W-00978,2024,2024-06-04,160.8,73.9,28.6,97.4,141,92,83,115,8.3,245,167,50,153,0.74,97.5,5.5,ACTIVE_SMOKER,8.3,True,True,True,False,True,NORMAL,FIT_WITH_RESTRICTION
mcu-uuid-W-00978-2025,worker-uuid-00978,W-00978,2025,2025-11-21,160.8,74.3,28.7,94.7,158,98,73,80,7.4,229,151,42,148,0.54,101.5,4.3,ACTIVE_SMOKER,8.3,True,True,True,True,False,NORMAL,FIT_WITH_RESTRICTION
mcu-uuid-W-00978-2026,worker-uuid-00978,W-00978,2026,2026-07-03,160.8,74.9,29.0,96.2,120,68,76,102,7.7,185,100,47,138,0.46,102.5,5.4,ACTIVE_SMOKER,8.3,True,False,True,False,False,NORMAL,FIT
mcu-uuid-W-00979-2024,worker-uuid-00979,W-00979,2024,2024-06-08,165.6,58.2,21.2,72.4,141,91,76,104,7.8,204,121,49,119,0.86,75.5,6.2,ACTIVE_SMOKER,23.1,True,True,False,False,False,NORMAL,FIT_WITH_RESTRICTION
mcu-uuid-W-00979-2025,worker-uuid-00979,W-00979,2025,2025-06-01,165.6,58.7,21.4,73.9,140,92,90,123,8.5,217,146,50,186,1.11,68.2,5.8,ACTIVE_SMOKER,23.1,True,True,False,False,False,NORMAL,FIT_WITH_RESTRICTION
mcu-uuid-W-00979-2026,worker-uuid-00979,W-00979,2026,2026-05-09,165.6,59.8,21.8,74.5,130,85,90,91,7.5,168,96,35,115,0.69,77.8,4.9,ACTIVE_SMOKER,23.1,True,False,False,False,False,BORDERLINE,FIT
mcu-uuid-W-00980-2024,worker-uuid-00980,W-00980,2024,2024-03-13,163.7,77.0,28.7,97.1,134,76,67,104,7.9,254,175,36,89,1.05,70.8,6.1,FORMER_SMOKER,9.8,True,False,True,False,False,BORDERLINE,FIT
mcu-uuid-W-00980-2025,worker-uuid-00980,W-00980,2025,2025-05-24,163.7,76.8,28.7,95.2,151,91,78,130,8.7,239,161,48,167,0.79,76.2,7.2,FORMER_SMOKER,9.8,True,True,True,True,False,NORMAL,FIT_WITH_RESTRICTION
mcu-uuid-W-00980-2026,worker-uuid-00980,W-00980,2026,2026-09-21,163.7,76.4,28.5,93.9,135,81,78,122,8.1,221,131,56,152,0.95,71.2,6.0,FORMER_SMOKER,9.8,True,False,True,False,False,NORMAL,FIT
mcu-uuid-W-00981-2024,worker-uuid-00981,W-00981,2024,2024-04-25,164.2,75.6,28.0,95.4,128,93,82,117,8.1,228,137,49,103,1.12,88.0,5.6,ACTIVE_SMOKER,12.6,True,True,False,False,False,NORMAL,FIT_WITH_RESTRICTION
mcu-uuid-W-00981-2025,worker-uuid-00981,W-00981,2025,2025-09-04,164.2,75.9,28.2,93.5,126,76,70,102,7.5,209,129,48,169,0.9,92.5,4.8,ACTIVE_SMOKER,12.6,True,False,False,False,False,NORMAL,FIT
mcu-uuid-W-00981-2026,worker-uuid-00981,W-00981,2026,2026-06-28,164.2,76.2,28.3,92.9,144,95,65,122,8.5,134,64,39,202,1.11,86.2,4.0,ACTIVE_SMOKER,12.6,True,True,False,False,False,NORMAL,FIT_WITH_RESTRICTION
mcu-uuid-W-00982-2024,worker-uuid-00982,W-00982,2024,2024-05-21,164.6,71.2,26.3,86.5,120,77,71,106,8.0,193,122,46,129,1.02,69.5,6.2,NON_SMOKER,0.0,True,False,False,False,False,NORMAL,FIT
mcu-uuid-W-00982-2025,worker-uuid-00982,W-00982,2025,2025-05-20,164.6,72.1,26.6,88.0,140,82,75,129,8.4,189,130,34,157,0.84,73.0,6.2,NON_SMOKER,0.0,True,True,False,True,False,NORMAL,FIT_WITH_RESTRICTION
mcu-uuid-W-00982-2026,worker-uuid-00982,W-00982,2026,2026-09-08,164.6,72.0,26.6,88.4,138,88,83,109,7.9,247,165,54,141,0.63,77.2,6.1,NON_SMOKER,0.0,True,False,False,False,False,NORMAL,FIT
mcu-uuid-W-00983-2024,worker-uuid-00983,W-00983,2024,2024-05-05,172.5,79.4,26.7,91.0,123,81,79,88,7.5,159,83,56,123,0.56,88.0,7.9,FORMER_SMOKER,9.1,True,False,False,False,False,NORMAL,FIT
mcu-uuid-W-00983-2025,worker-uuid-00983,W-00983,2025,2025-10-26,172.5,80.1,26.9,90.7,115,77,57,93,7.6,179,112,35,131,1.31,68.2,5.7,FORMER_SMOKER,9.1,True,False,False,False,False,NORMAL,FIT
mcu-uuid-W-00983-2026,worker-uuid-00983,W-00983,2026,2026-11-17,172.5,79.4,26.7,88.9,135,78,63,100,7.6,221,137,43,211,1.12,72.0,7.4,FORMER_SMOKER,9.1,True,False,False,False,False,NORMAL,FIT
mcu-uuid-W-00984-2024,worker-uuid-00984,W-00984,2024,2024-07-20,153.0,49.2,21.0,72.7,144,87,69,93,7.4,207,130,37,111,0.75,83.2,5.7,ACTIVE_SMOKER,14.5,True,True,False,True,False,NORMAL,FIT_WITH_RESTRICTION
mcu-uuid-W-00984-2025,worker-uuid-00984,W-00984,2025,2025-09-08,153.0,50.4,21.5,73.9,132,83,74,76,7.2,203,135,47,123,0.88,79.0,5.1,ACTIVE_SMOKER,14.5,True,False,False,False,False,BORDERLINE,FIT
mcu-uuid-W-00984-2026,worker-uuid-00984,W-00984,2026,2026-06-20,153.0,50.1,21.4,72.7,126,80,62,115,8.1,173,96,46,139,1.31,67.2,4.7,ACTIVE_SMOKER,14.5,True,False,False,False,False,NORMAL,FIT
mcu-uuid-W-00985-2024,worker-uuid-00985,W-00985,2024,2024-05-15,170.4,72.2,24.9,84.7,128,79,71,117,8.0,248,163,47,194,0.94,70.5,5.4,NON_SMOKER,0.0,True,False,False,False,False,NORMAL,FIT
mcu-uuid-W-00985-2025,worker-uuid-00985,W-00985,2025,2025-09-28,170.4,73.2,25.2,85.5,129,79,60,91,7.5,204,141,39,79,1.15,64.2,6.8,NON_SMOKER,0.0,True,False,False,False,False,NORMAL,FIT
mcu-uuid-W-00985-2026,worker-uuid-00985,W-00985,2026,2026-03-14,170.4,72.3,24.9,82.9,125,88,84,115,8.0,201,118,49,208,1.03,66.2,7.0,NON_SMOKER,0.0,True,False,False,False,False,NORMAL,FIT
mcu-uuid-W-00986-2024,worker-uuid-00986,W-00986,2024,2024-11-18,160.7,76.0,29.4,99.0,142,93,81,113,8.3,188,115,38,239,1.39,75.2,4.6,FORMER_SMOKER,11.4,True,True,False,True,False,NORMAL,FIT_WITH_RESTRICTION
mcu-uuid-W-00986-2025,worker-uuid-00986,W-00986,2025,2025-07-27,160.7,77.0,29.8,98.1,124,73,81,129,8.6,202,111,56,202,1.12,81.0,5.5,FORMER_SMOKER,11.4,True,False,False,False,False,BORDERLINE,FIT
mcu-uuid-W-00986-2026,worker-uuid-00986,W-00986,2026,2026-10-05,160.7,76.0,29.4,96.9,124,75,79,87,7.5,211,117,56,165,1.0,83.0,4.5,FORMER_SMOKER,11.4,True,False,False,False,False,NORMAL,FIT
mcu-uuid-W-00987-2024,worker-uuid-00987,W-00987,2024,2024-09-05,169.9,65.0,22.5,74.6,129,81,67,130,8.4,219,153,40,132,1.15,78.2,4.3,ACTIVE_SMOKER,7.7,True,False,False,False,False,BORDERLINE,FIT
mcu-uuid-W-00987-2025,worker-uuid-00987,W-00987,2025,2025-06-02,169.9,65.1,22.6,76.0,118,75,75,88,7.5,211,138,46,124,1.29,73.8,7.5,ACTIVE_SMOKER,7.7,True,False,False,False,False,NORMAL,FIT
mcu-uuid-W-00987-2026,worker-uuid-00987,W-00987,2026,2026-11-21,169.9,66.1,22.9,77.2,112,72,84,117,8.2,191,105,43,119,0.75,86.2,5.8,ACTIVE_SMOKER,7.7,True,False,False,False,False,NORMAL,FIT
mcu-uuid-W-00988-2024,worker-uuid-00988,W-00988,2024,2024-11-26,163.7,76.8,28.7,94.9,126,74,69,110,8.0,250,183,44,91,1.2,70.0,6.9,NON_SMOKER,0.0,True,False,True,False,False,NORMAL,FIT
mcu-uuid-W-00988-2025,worker-uuid-00988,W-00988,2025,2025-10-08,163.7,77.3,28.8,95.3,126,76,78,125,8.3,212,119,52,165,1.03,73.2,4.0,NON_SMOKER,0.0,True,False,True,False,False,NORMAL,FIT
mcu-uuid-W-00988-2026,worker-uuid-00988,W-00988,2026,2026-06-15,163.7,76.0,28.4,95.0,130,84,66,105,8.1,179,106,48,184,1.1,70.5,5.5,NON_SMOKER,0.0,True,False,True,False,False,NORMAL,FIT
mcu-uuid-W-00989-2024,worker-uuid-00989,W-00989,2024,2024-09-05,176.0,91.6,29.6,100.7,141,93,86,143,9.1,243,167,51,180,1.05,64.8,6.7,ACTIVE_SMOKER,22.2,True,True,False,True,False,NORMAL,FIT_WITH_RESTRICTION
mcu-uuid-W-00989-2025,worker-uuid-00989,W-00989,2025,2025-05-01,176.0,92.1,29.7,99.8,150,92,68,102,7.5,254,178,41,131,1.09,62.8,6.4,ACTIVE_SMOKER,22.2,True,True,False,False,True,NORMAL,FIT_WITH_RESTRICTION
mcu-uuid-W-00989-2026,worker-uuid-00989,W-00989,2026,2026-09-24,176.0,92.6,29.9,101.6,147,90,78,124,8.4,217,151,41,199,0.66,72.5,4.5,ACTIVE_SMOKER,22.2,True,True,False,False,False,NORMAL,FIT_WITH_RESTRICTION
mcu-uuid-W-00990-2024,worker-uuid-00990,W-00990,2024,2024-06-07,153.9,62.6,26.4,88.0,118,78,66,117,8.3,221,134,61,114,0.98,84.5,5.2,NON_SMOKER,0.0,True,False,False,False,False,BORDERLINE,FIT
mcu-uuid-W-00990-2025,worker-uuid-00990,W-00990,2025,2025-03-13,153.9,63.0,26.6,87.9,128,82,84,76,7.2,235,143,50,151,0.98,83.5,4.2,NON_SMOKER,0.0,True,False,False,False,False,NORMAL,FIT
mcu-uuid-W-00990-2026,worker-uuid-00990,W-00990,2026,2026-05-14,153.9,63.2,26.7,89.8,122,74,80,87,7.2,225,127,55,116,0.97,82.8,4.5,NON_SMOKER,0.0,True,False,False,False,False,NORMAL,FIT
mcu-uuid-W-00991-2024,worker-uuid-00991,W-00991,2024,2024-11-02,164.5,64.3,23.8,82.1,116,72,77,93,7.3,190,100,58,144,1.05,88.8,7.6,FORMER_SMOKER,5.8,True,False,False,False,False,NORMAL,FIT
mcu-uuid-W-00991-2025,worker-uuid-00991,W-00991,2025,2025-09-17,164.5,64.2,23.7,81.8,129,77,78,122,8.4,208,138,50,80,0.96,90.0,4.0,FORMER_SMOKER,5.8,True,False,False,False,False,NORMAL,FIT
mcu-uuid-W-00991-2026,worker-uuid-00991,W-00991,2026,2026-07-14,164.5,65.6,24.2,81.9,129,74,76,104,7.6,169,105,37,139,1.15,84.2,6.2,FORMER_SMOKER,5.8,True,False,False,False,False,NORMAL,FIT
mcu-uuid-W-00992-2024,worker-uuid-00992,W-00992,2024,2024-07-03,167.4,89.1,31.8,106.2,143,91,64,155,9.1,249,171,40,153,1.29,63.8,6.6,ACTIVE_SMOKER,29.2,True,True,False,True,False,NORMAL,FIT_WITH_RESTRICTION
mcu-uuid-W-00992-2025,worker-uuid-00992,W-00992,2025,2025-10-15,167.4,89.3,31.9,106.2,155,99,76,124,8.4,273,188,46,136,0.69,77.8,7.4,ACTIVE_SMOKER,29.2,True,True,False,False,False,NORMAL,FIT_WITH_RESTRICTION
mcu-uuid-W-00992-2026,worker-uuid-00992,W-00992,2026,2026-08-27,167.4,91.7,32.7,109.0,171,102,85,138,8.9,236,156,40,132,1.35,60.2,6.4,ACTIVE_SMOKER,29.2,True,True,False,True,False,ABNORMAL,UNFIT
mcu-uuid-W-00993-2024,worker-uuid-00993,W-00993,2024,2024-11-06,162.1,72.8,27.7,94.0,145,91,79,95,7.7,237,144,54,157,1.01,69.8,6.9,NON_SMOKER,0.0,True,True,True,False,False,NORMAL,FIT_WITH_RESTRICTION
mcu-uuid-W-00993-2025,worker-uuid-00993,W-00993,2025,2025-10-04,162.1,73.4,27.9,93.8,127,79,64,104,7.8,232,141,61,169,0.84,73.0,7.2,NON_SMOKER,0.0,True,False,True,False,False,NORMAL,FIT
mcu-uuid-W-00993-2026,worker-uuid-00993,W-00993,2026,2026-06-24,162.1,73.3,27.9,93.2,152,96,78,79,7.3,204,126,48,141,1.14,64.5,4.6,NON_SMOKER,0.0,True,True,True,True,False,ABNORMAL,UNFIT
mcu-uuid-W-00994-2024,worker-uuid-00994,W-00994,2024,2024-10-27,168.3,64.8,22.9,78.0,143,90,84,69,6.6,222,143,44,119,0.82,80.5,4.3,ACTIVE_SMOKER,24.3,True,True,False,True,False,NORMAL,FIT_WITH_RESTRICTION
mcu-uuid-W-00994-2025,worker-uuid-00994,W-00994,2025,2025-10-02,168.3,65.6,23.2,80.0,139,89,71,73,6.9,156,70,44,176,1.3,67.5,4.6,ACTIVE_SMOKER,24.3,True,False,False,False,False,NORMAL,FIT
mcu-uuid-W-00994-2026,worker-uuid-00994,W-00994,2026,2026-07-12,168.3,64.0,22.6,76.8,144,86,78,98,7.8,198,116,51,126,1.1,71.5,8.5,ACTIVE_SMOKER,24.3,True,True,False,True,False,ABNORMAL,UNFIT
mcu-uuid-W-00995-2024,worker-uuid-00995,W-00995,2024,2024-04-24,170.2,71.5,24.7,82.5,142,80,84,114,8.2,215,127,53,135,0.82,68.5,8.2,ACTIVE_SMOKER,5.7,True,True,False,True,False,NORMAL,FIT_WITH_RESTRICTION
mcu-uuid-W-00995-2025,worker-uuid-00995,W-00995,2025,2025-03-15,170.2,72.3,25.0,85.7,150,89,80,85,7.3,246,169,37,148,1.15,59.2,7.3,ACTIVE_SMOKER,5.7,True,True,False,True,True,BORDERLINE,FIT_WITH_RESTRICTION
mcu-uuid-W-00995-2026,worker-uuid-00995,W-00995,2026,2026-11-16,170.2,72.1,24.9,83.5,127,82,89,124,8.5,154,80,42,211,0.98,62.5,6.4,ACTIVE_SMOKER,5.7,True,False,False,False,False,NORMAL,FIT
mcu-uuid-W-00996-2024,worker-uuid-00996,W-00996,2024,2024-09-09,163.0,79.1,29.8,100.7,128,74,57,145,8.7,210,138,40,133,0.63,77.2,3.9,FORMER_SMOKER,10.4,True,False,False,False,False,BORDERLINE,FIT
mcu-uuid-W-00996-2025,worker-uuid-00996,W-00996,2025,2025-07-07,163.0,80.2,30.2,100.9,139,81,66,117,8.1,233,136,57,124,0.86,70.5,7.4,FORMER_SMOKER,10.4,True,False,False,False,False,NORMAL,FIT_WITH_RESTRICTION
mcu-uuid-W-00996-2026,worker-uuid-00996,W-00996,2026,2026-08-05,163.0,79.7,30.0,98.3,123,73,69,101,7.5,229,135,59,105,1.34,57.5,3.9,FORMER_SMOKER,10.4,True,False,False,False,False,NORMAL,FIT_WITH_RESTRICTION
mcu-uuid-W-00997-2024,worker-uuid-00997,W-00997,2024,2024-08-09,159.3,53.5,21.1,71.2,119,77,89,90,7.4,179,103,49,218,0.97,87.8,6.0,ACTIVE_SMOKER,26.4,True,False,False,False,False,NORMAL,FIT
mcu-uuid-W-00997-2025,worker-uuid-00997,W-00997,2025,2025-05-15,159.3,54.1,21.3,70.4,140,84,77,94,7.4,173,91,39,144,1.23,80.2,7.3,ACTIVE_SMOKER,26.4,True,True,False,False,False,NORMAL,FIT_WITH_RESTRICTION
mcu-uuid-W-00997-2026,worker-uuid-00997,W-00997,2026,2026-09-19,159.3,55.7,21.9,75.2,136,90,73,67,6.6,160,103,37,179,0.97,85.8,4.5,ACTIVE_SMOKER,26.4,True,True,False,False,False,NORMAL,FIT_WITH_RESTRICTION
mcu-uuid-W-00998-2024,worker-uuid-00998,W-00998,2024,2024-07-13,171.1,76.1,26.0,87.7,147,97,73,81,7.0,210,144,42,150,0.63,78.2,5.0,ACTIVE_SMOKER,17.9,True,True,False,False,False,NORMAL,FIT_WITH_RESTRICTION
mcu-uuid-W-00998-2025,worker-uuid-00998,W-00998,2025,2025-06-24,171.1,77.1,26.3,87.8,124,65,79,99,7.7,238,162,44,104,0.91,70.2,5.6,ACTIVE_SMOKER,17.9,True,False,False,False,True,BORDERLINE,FIT
mcu-uuid-W-00998-2026,worker-uuid-00998,W-00998,2026,2026-07-14,171.1,77.0,26.3,88.6,144,95,87,129,8.4,201,129,34,178,1.12,64.0,5.8,ACTIVE_SMOKER,17.9,True,True,False,True,False,ABNORMAL,UNFIT
mcu-uuid-W-00999-2024,worker-uuid-00999,W-00999,2024,2024-11-03,164.2,76.9,28.5,94.5,128,82,65,92,7.7,235,177,34,104,0.56,90.0,5.7,NON_SMOKER,0.0,True,False,False,False,False,NORMAL,FIT
mcu-uuid-W-00999-2025,worker-uuid-00999,W-00999,2025,2025-09-11,164.2,77.3,28.7,95.9,123,77,85,99,7.5,164,73,46,171,1.03,77.2,5.7,NON_SMOKER,0.0,True,False,False,False,False,NORMAL,FIT
mcu-uuid-W-00999-2026,worker-uuid-00999,W-00999,2026,2026-10-07,164.2,76.3,28.3,96.3,133,90,68,100,7.8,207,142,32,171,1.27,70.2,7.4,NON_SMOKER,0.0,True,True,False,True,False,ABNORMAL,UNFIT
mcu-uuid-W-01000-2024,worker-uuid-01000,W-01000,2024,2024-04-26,158.0,60.1,24.1,82.3,127,70,80,95,7.6,232,144,51,107,0.98,65.5,4.8,ACTIVE_SMOKER,16.8,True,False,True,False,False,NORMAL,FIT
mcu-uuid-W-01000-2025,worker-uuid-01000,W-01000,2025,2025-08-23,158.0,59.7,23.9,78.5,144,91,80,100,7.8,183,84,55,162,1.22,58.5,7.6,ACTIVE_SMOKER,16.8,True,True,True,True,False,NORMAL,FIT_WITH_RESTRICTION
mcu-uuid-W-01000-2026,worker-uuid-01000,W-01000,2026,2026-04-21,158.0,59.4,23.8,81.3,152,85,70,115,8.4,234,147,51,121,1.1,60.5,4.9,ACTIVE_SMOKER,16.8,True,True,True,True,False,BORDERLINE,FIT_WITH_RESTRICTION
