id,worker_id,worker_pseudonym,recorded_at,shift_type,systolic_bp,diastolic_bp,resting_heart_rate,spo2_percent,body_temperature_c,sleep_hours_last_24h,caffeine_intake_cups,cigarettes_today_count,reaction_time_ms,chest_pain_flag,shortness_of_breath_flag,dizziness_flag,palpitations_flag,daily_fitness_verdict,entry_mode,recorded_by_user_id
dcu-W-00184-20260501,worker-uuid-00184,W-00184,2026-05-01T06:30:00Z,DAY_SHIFT,139,83,91,98,36.3,7.4,1,20,248,False,False,False,False,FIT,SELF_SERVICE_KIOSK,
dcu-W-00184-20260502,worker-uuid-00184,W-00184,2026-05-02T06:30:00Z,DAY_SHIFT,139,84,89,98,36.8,6.5,2,19,238,False,False,False,False,FIT,SELF_SERVICE_KIOSK,
dcu-W-00184-20260503,worker-uuid-00184,W-00184,2026-05-03T06:30:00Z,DAY_SHIFT,147,91,83,99,36.4,7.1,1,17,249,False,False,False,False,FIT,PARAMEDIC_ASSISTED,user-paramedic-01
dcu-W-00184-20260504,worker-uuid-00184,W-00184,2026-05-04T06:30:00Z,DAY_SHIFT,137,86,87,97,36.5,5.1,1,11,222,False,False,False,False,FIT,SELF_SERVICE_KIOSK,
dcu-W-00184-20260505,worker-uuid-00184,W-00184,2026-05-05T06:30:00Z,DAY_SHIFT,134,87,90,98,36.4,7.0,2,6,222,False,False,False,False,FIT,PARAMEDIC_ASSISTED,user-paramedic-01
dcu-W-00184-20260506,worker-uuid-00184,W-00184,2026-05-06T06:30:00Z,DAY_SHIFT,145,88,96,100,36.9,5.0,1,11,259,False,False,False,False,FIT,SELF_SERVICE_KIOSK,
dcu-W-00184-20260507,worker-uuid-00184,W-00184,2026-05-07T18:30:00Z,NIGHT_SHIFT,147,98,98,99,35.9,6.4,2,15,332,False,False,False,False,RESTRICTED,PARAMEDIC_ASSISTED,user-paramedic-01
dcu-W-00184-20260508,worker-uuid-00184,W-00184,2026-05-08T18:30:00Z,NIGHT_SHIFT,151,95,88,98,36.7,3.0,1,19,263,False,False,False,False,RESTRICTED,SELF_SERVICE_KIOSK,
dcu-W-00184-20260509,worker-uuid-00184,W-00184,2026-05-09T18:30:00Z,NIGHT_SHIFT,144,87,97,98,36.7,6.9,4,20,287,False,False,False,False,FIT,SELF_SERVICE_KIOSK,
dcu-W-00184-20260510,worker-uuid-00184,W-00184,2026-05-10T18:30:00Z,NIGHT_SHIFT,141,90,103,97,35.6,5.3,3,13,331,False,False,False,False,FIT,PARAMEDIC_ASSISTED,user-paramedic-01
dcu-W-00184-20260511,worker-uuid-00184,W-00184,2026-05-11T18:30:00Z,NIGHT_SHIFT,154,95,105,98,36.6,4.5,3,17,316,False,False,False,False,RESTRICTED,SELF_SERVICE_KIOSK,
dcu-W-00184-20260512,worker-uuid-00184,W-00184,2026-05-12T18:30:00Z,NIGHT_SHIFT,152,98,95,96,36.4,4.9,2,12,292,False,False,False,False,RESTRICTED,PARAMEDIC_ASSISTED,user-paramedic-01
dcu-W-00184-20260513,worker-uuid-00184,W-00184,2026-05-13T18:30:00Z,NIGHT_SHIFT,153,97,106,98,35.7,5.7,2,14,342,False,False,False,False,RESTRICTED,SELF_SERVICE_KIOSK,
dcu-W-00184-20260515,worker-uuid-00184,W-00184,2026-05-15T18:30:00Z,NIGHT_SHIFT,160,97,102,98,36.5,6.2,2,19,325,False,False,False,False,RESTRICTED,SELF_SERVICE_KIOSK,
dcu-W-00184-20260516,worker-uuid-00184,W-00184,2026-05-16T18:30:00Z,NIGHT_SHIFT,145,92,95,98,36.6,5.2,3,15,332,False,False,False,False,FIT,PARAMEDIC_ASSISTED,user-paramedic-01
dcu-W-00184-20260517,worker-uuid-00184,W-00184,2026-05-17T18:30:00Z,NIGHT_SHIFT,138,87,94,98,36.8,5.5,2,20,348,False,False,False,False,FIT,SELF_SERVICE_KIOSK,
dcu-W-00184-20260518,worker-uuid-00184,W-00184,2026-05-18T18:30:00Z,NIGHT_SHIFT,142,94,92,98,36.7,6.0,3,17,374,False,False,False,False,FIT,PARAMEDIC_ASSISTED,user-paramedic-01
dcu-W-00184-20260519,worker-uuid-00184,W-00184,2026-05-19T18:30:00Z,NIGHT_SHIFT,161,106,103,97,36.4,2.9,3,12,349,False,False,False,False,RESTRICTED,SELF_SERVICE_KIOSK,
dcu-W-00184-20260520,worker-uuid-00184,W-00184,2026-05-20T18:30:00Z,NIGHT_SHIFT,154,93,94,99,36.6,5.7,2,14,297,False,False,False,False,RESTRICTED,SELF_SERVICE_KIOSK,
dcu-W-00184-20260521,worker-uuid-00184,W-00184,2026-05-21T06:30:00Z,DAY_SHIFT,143,91,88,97,36.4,7.5,1,11,256,False,False,False,False,FIT,SELF_SERVICE_KIOSK,
dcu-W-00184-20260523,worker-uuid-00184,W-00184,2026-05-23T06:30:00Z,DAY_SHIFT,143,82,85,98,36.6,6.5,2,10,250,False,False,False,False,FIT,SELF_SERVICE_KIOSK,
dcu-W-00184-20260524,worker-uuid-00184,W-00184,2026-05-24T06:30:00Z,DAY_SHIFT,148,88,95,96,36.3,5.4,1,16,256,False,False,False,False,FIT,SELF_SERVICE_KIOSK,
dcu-W-00184-20260525,worker-uuid-00184,W-00184,2026-05-25T06:30:00Z,DAY_SHIFT,134,88,101,96,36.2,6.3,1,13,213,False,False,False,False,FIT,PARAMEDIC_ASSISTED,user-paramedic-01
dcu-W-00184-20260526,worker-uuid-00184,W-00184,2026-05-26T06:30:00Z,DAY_SHIFT,136,88,91,97,36.7,8.0,1,17,231,False,False,False,False,FIT,PARAMEDIC_ASSISTED,user-paramedic-01
dcu-W-00184-20260527,worker-uuid-00184,W-00184,2026-05-27T06:30:00Z,DAY_SHIFT,145,88,95,96,36.2,6.6,0,10,209,False,False,False,False,FIT,SELF_SERVICE_KIOSK,
dcu-W-00184-20260528,worker-uuid-00184,W-00184,2026-05-28T06:30:00Z,DAY_SHIFT,134,84,91,97,36.2,6.6,1,6,229,False,False,False,False,FIT,SELF_SERVICE_KIOSK,
dcu-W-00184-20260529,worker-uuid-00184,W-00184,2026-05-29T06:30:00Z,DAY_SHIFT,146,93,88,97,36.4,7.0,2,6,253,False,False,False,False,FIT,SELF_SERVICE_KIOSK,
dcu-W-00184-20260530,worker-uuid-00184,W-00184,2026-05-30T06:30:00Z,DAY_SHIFT,144,93,85,98,36.3,6.4,0,14,259,False,False,False,False,FIT,SELF_SERVICE_KIOSK,
dcu-W-00184-20260531,worker-uuid-00184,W-00184,2026-05-31T06:30:00Z,DAY_SHIFT,139,90,80,98,36.1,6.5,2,12,179,False,False,False,False,FIT,SELF_SERVICE_KIOSK,
dcu-W-00184-20260601,worker-uuid-00184,W-00184,2026-06-01T06:30:00Z,DAY_SHIFT,144,89,101,98,36.0,6.0,1,6,241,False,False,False,False,FIT,PARAMEDIC_ASSISTED,user-paramedic-01
dcu-W-00184-20260602,worker-uuid-00184,W-00184,2026-06-02T06:30:00Z,DAY_SHIFT,141,94,82,97,36.1,7.5,2,17,236,False,False,False,False,FIT,PARAMEDIC_ASSISTED,user-paramedic-01
dcu-W-00184-20260603,worker-uuid-00184,W-00184,2026-06-03T06:30:00Z,DAY_SHIFT,150,96,91,98,36.6,9.0,1,20,270,False,False,False,False,RESTRICTED,PARAMEDIC_ASSISTED,user-paramedic-01
dcu-W-00184-20260604,worker-uuid-00184,W-00184,2026-06-04T18:30:00Z,NIGHT_SHIFT,150,96,106,99,36.8,5.3,2,6,297,False,False,False,False,RESTRICTED,PARAMEDIC_ASSISTED,user-paramedic-01
dcu-W-00184-20260605,worker-uuid-00184,W-00184,2026-06-05T18:30:00Z,NIGHT_SHIFT,144,92,103,98,36.4,7.0,1,19,360,False,False,False,False,FIT,PARAMEDIC_ASSISTED,user-paramedic-01
dcu-W-00184-20260606,worker-uuid-00184,W-00184,2026-06-06T18:30:00Z,NIGHT_SHIFT,148,100,96,100,36.5,5.5,3,10,325,False,False,False,False,RESTRICTED,SELF_SERVICE_KIOSK,
dcu-W-00184-20260607,worker-uuid-00184,W-00184,2026-06-07T18:30:00Z,NIGHT_SHIFT,159,100,89,97,36.5,4.0,4,18,264,False,False,True,False,RESTRICTED,SELF_SERVICE_KIOSK,
dcu-W-00184-20260608,worker-uuid-00184,W-00184,2026-06-08T18:30:00Z,NIGHT_SHIFT,153,95,99,98,36.1,4.0,1,10,329,False,False,False,False,RESTRICTED,SELF_SERVICE_KIOSK,
dcu-W-00184-20260610,worker-uuid-00184,W-00184,2026-06-10T18:30:00Z,NIGHT_SHIFT,148,97,91,97,36.5,6.3,1,12,316,False,False,False,False,RESTRICTED,PARAMEDIC_ASSISTED,user-paramedic-01
dcu-W-00184-20260611,worker-uuid-00184,W-00184,2026-06-11T18:30:00Z,NIGHT_SHIFT,160,104,95,98,36.2,4.5,4,20,298,False,False,False,False,RESTRICTED,PARAMEDIC_ASSISTED,user-paramedic-01
dcu-W-00184-20260612,worker-uuid-00184,W-00184,2026-06-12T18:30:00Z,NIGHT_SHIFT,151,95,93,98,36.4,5.1,1,19,255,False,False,False,False,RESTRICTED,SELF_SERVICE_KIOSK,
dcu-W-00184-20260614,worker-uuid-00184,W-00184,2026-06-14T18:30:00Z,NIGHT_SHIFT,148,94,104,98,36.6,6.1,3,17,264,False,False,False,False,FIT,SELF_SERVICE_KIOSK,
dcu-W-00184-20260615,worker-uuid-00184,W-00184,2026-06-15T18:30:00Z,NIGHT_SHIFT,140,89,104,99,36.5,5.0,1,11,291,False,False,False,False,FIT,SELF_SERVICE_KIOSK,
dcu-W-00184-20260616,worker-uuid-00184,W-00184,2026-06-16T18:30:00Z,NIGHT_SHIFT,154,95,98,98,36.8,3.5,3,8,380,False,False,False,False,RESTRICTED,PARAMEDIC_ASSISTED,user-paramedic-01
dcu-W-00184-20260618,worker-uuid-00184,W-00184,2026-06-18T06:30:00Z,DAY_SHIFT,153,102,85,100,36.7,7.4,2,9,278,False,False,False,False,RESTRICTED,PARAMEDIC_ASSISTED,user-paramedic-01
dcu-W-00184-20260619,worker-uuid-00184,W-00184,2026-06-19T06:30:00Z,DAY_SHIFT,148,93,90,99,36.1,6.9,2,18,246,False,False,False,False,FIT,SELF_SERVICE_KIOSK,
dcu-W-00184-20260620,worker-uuid-00184,W-00184,2026-06-20T06:30:00Z,DAY_SHIFT,140,82,86,97,36.3,6.2,1,20,216,False,False,False,False,FIT,PARAMEDIC_ASSISTED,user-paramedic-01
dcu-W-00184-20260621,worker-uuid-00184,W-00184,2026-06-21T06:30:00Z,DAY_SHIFT,143,89,83,97,36.6,6.4,1,17,204,False,False,False,False,FIT,SELF_SERVICE_KIOSK,
dcu-W-00184-20260622,worker-uuid-00184,W-00184,2026-06-22T06:30:00Z,DAY_SHIFT,143,87,94,97,36.8,6.8,1,14,153,False,False,False,False,FIT,SELF_SERVICE_KIOSK,
dcu-W-00184-20260623,worker-uuid-00184,W-00184,2026-06-23T06:30:00Z,DAY_SHIFT,143,92,94,97,36.6,9.0,2,8,224,False,False,False,False,FIT,SELF_SERVICE_KIOSK,
dcu-W-00184-20260624,worker-uuid-00184,W-00184,2026-06-24T06:30:00Z,DAY_SHIFT,140,88,89,97,36.3,7.0,1,14,197,False,False,False,False,FIT,PARAMEDIC_ASSISTED,user-paramedic-01
dcu-W-00184-20260625,worker-uuid-00184,W-00184,2026-06-25T06:30:00Z,DAY_SHIFT,141,87,92,98,36.6,7.0,2,8,210,False,False,False,False,FIT,PARAMEDIC_ASSISTED,user-paramedic-01
dcu-W-00184-20260626,worker-uuid-00184,W-00184,2026-06-26T06:30:00Z,DAY_SHIFT,148,100,90,97,36.4,6.5,2,15,176,False,False,False,False,RESTRICTED,PARAMEDIC_ASSISTED,user-paramedic-01
dcu-W-00184-20260627,worker-uuid-00184,W-00184,2026-06-27T06:30:00Z,DAY_SHIFT,151,92,95,98,36.5,7.1,1,6,264,False,False,False,False,RESTRICTED,SELF_SERVICE_KIOSK,
dcu-W-00184-20260628,worker-uuid-00184,W-00184,2026-06-28T06:30:00Z,DAY_SHIFT,144,94,90,97,36.3,8.1,1,20,223,False,False,False,False,FIT,SELF_SERVICE_KIOSK,
dcu-W-00184-20260629,worker-uuid-00184,W-00184,2026-06-29T06:30:00Z,DAY_SHIFT,141,95,94,97,36.7,7.3,2,13,203,False,False,True,False,RESTRICTED,PARAMEDIC_ASSISTED,user-paramedic-01
dcu-W-00184-20260703,worker-uuid-00184,W-00184,2026-07-03T18:30:00Z,NIGHT_SHIFT,143,80,99,98,36.8,5.2,1,7,326,False,False,False,False,FIT,SELF_SERVICE_KIOSK,
dcu-W-00184-20260704,worker-uuid-00184,W-00184,2026-07-04T18:30:00Z,NIGHT_SHIFT,147,92,93,98,36.0,5.2,3,20,309,False,False,False,False,FIT,SELF_SERVICE_KIOSK,
dcu-W-00184-20260705,worker-uuid-00184,W-00184,2026-07-05T18:30:00Z,NIGHT_SHIFT,148,96,96,97,36.5,7.3,2,9,330,False,False,False,False,RESTRICTED,SELF_SERVICE_KIOSK,
dcu-W-00184-20260707,worker-uuid-00184,W-00184,2026-07-07T18:30:00Z,NIGHT_SHIFT,153,96,96,97,37.0,5.1,1,19,270,False,False,False,False,RESTRICTED,SELF_SERVICE_KIOSK,
dcu-W-00184-20260709,worker-uuid-00184,W-00184,2026-07-09T18:30:00Z,NIGHT_SHIFT,146,84,102,98,36.4,4.9,2,8,341,False,False,False,False,FIT,SELF_SERVICE_KIOSK,
dcu-W-00184-20260710,worker-uuid-00184,W-00184,2026-07-10T18:30:00Z,NIGHT_SHIFT,163,104,101,98,36.6,4.8,3,7,273,False,False,False,False,RESTRICTED,PARAMEDIC_ASSISTED,user-paramedic-01
dcu-W-00184-20260711,worker-uuid-00184,W-00184,2026-07-11T18:30:00Z,NIGHT_SHIFT,147,83,94,97,36.0,6.1,4,16,265,False,False,False,False,FIT,PARAMEDIC_ASSISTED,user-paramedic-01
dcu-W-00184-20260712,worker-uuid-00184,W-00184,2026-07-12T18:30:00Z,NIGHT_SHIFT,149,96,89,97,36.9,5.0,4,16,319,False,False,False,False,RESTRICTED,PARAMEDIC_ASSISTED,user-paramedic-01
dcu-W-00184-20260714,worker-uuid-00184,W-00184,2026-07-14T18:30:00Z,NIGHT_SHIFT,147,86,97,98,36.7,6.3,2,15,326,False,False,False,False,FIT,PARAMEDIC_ASSISTED,user-paramedic-01
dcu-W-00184-20260715,worker-uuid-00184,W-00184,2026-07-15T18:30:00Z,NIGHT_SHIFT,152,96,85,98,36.8,6.8,4,17,267,False,False,False,False,RESTRICTED,PARAMEDIC_ASSISTED,user-paramedic-01
dcu-W-00184-20260716,worker-uuid-00184,W-00184,2026-07-16T06:30:00Z,DAY_SHIFT,140,86,87,98,36.7,7.5,1,16,225,False,False,False,False,FIT,PARAMEDIC_ASSISTED,user-paramedic-01
dcu-W-00184-20260717,worker-uuid-00184,W-00184,2026-07-17T06:30:00Z,DAY_SHIFT,132,79,96,97,35.8,7.4,1,12,266,False,False,False,False,FIT,PARAMEDIC_ASSISTED,user-paramedic-01
dcu-W-00184-20260718,worker-uuid-00184,W-00184,2026-07-18T06:30:00Z,DAY_SHIFT,147,84,92,97,36.8,6.1,2,16,257,False,False,False,False,FIT,PARAMEDIC_ASSISTED,user-paramedic-01
dcu-W-00184-20260719,worker-uuid-00184,W-00184,2026-07-19T06:30:00Z,DAY_SHIFT,154,95,88,98,36.2,5.8,2,17,237,False,False,False,False,RESTRICTED,PARAMEDIC_ASSISTED,user-paramedic-01
dcu-W-00184-20260720,worker-uuid-00184,W-00184,2026-07-20T06:30:00Z,DAY_SHIFT,142,90,94,99,36.6,7.3,1,15,227,False,False,False,False,FIT,SELF_SERVICE_KIOSK,
dcu-W-00184-20260721,worker-uuid-00184,W-00184,2026-07-21T06:30:00Z,DAY_SHIFT,148,86,91,99,36.5,6.0,1,17,235,False,False,False,False,FIT,SELF_SERVICE_KIOSK,
dcu-W-00184-20260722,worker-uuid-00184,W-00184,2026-07-22T06:30:00Z,DAY_SHIFT,141,84,96,98,36.8,8.1,1,9,267,False,False,False,False,FIT,PARAMEDIC_ASSISTED,user-paramedic-01
dcu-W-00184-20260723,worker-uuid-00184,W-00184,2026-07-23T06:30:00Z,DAY_SHIFT,137,87,88,96,36.7,6.4,2,9,237,False,False,False,False,FIT,PARAMEDIC_ASSISTED,user-paramedic-01
dcu-W-00184-20260726,worker-uuid-00184,W-00184,2026-07-26T06:30:00Z,DAY_SHIFT,149,96,94,98,36.5,7.6,2,16,239,False,False,False,False,RESTRICTED,PARAMEDIC_ASSISTED,user-paramedic-01
dcu-W-00184-20260727,worker-uuid-00184,W-00184,2026-07-27T06:30:00Z,DAY_SHIFT,133,85,84,97,36.5,9.0,1,10,273,False,False,False,False,FIT,SELF_SERVICE_KIOSK,
dcu-W-00184-20260729,worker-uuid-00184,W-00184,2026-07-29T06:30:00Z,DAY_SHIFT,146,92,90,100,36.5,7.4,2,16,232,False,False,False,False,FIT,PARAMEDIC_ASSISTED,user-paramedic-01
dcu-W-00184-20260730,worker-uuid-00184,W-00184,2026-07-30T18:30:00Z,NIGHT_SHIFT,150,89,100,99,36.6,5.7,4,19,333,False,False,False,False,RESTRICTED,SELF_SERVICE_KIOSK,
dcu-W-00184-20260731,worker-uuid-00184,W-00184,2026-07-31T18:30:00Z,NIGHT_SHIFT,155,98,91,100,36.3,6.7,3,8,308,False,False,False,False,RESTRICTED,SELF_SERVICE_KIOSK,
dcu-W-00184-20260801,worker-uuid-00184,W-00184,2026-08-01T18:30:00Z,NIGHT_SHIFT,144,90,100,99,36.0,7.7,3,8,296,False,False,False,False,FIT,SELF_SERVICE_KIOSK,
dcu-W-00184-20260802,worker-uuid-00184,W-00184,2026-08-02T18:30:00Z,NIGHT_SHIFT,148,90,103,96,36.3,6.4,3,9,348,False,False,False,False,FIT,SELF_SERVICE_KIOSK,
dcu-W-00184-20260803,worker-uuid-00184,W-00184,2026-08-03T18:30:00Z,NIGHT_SHIFT,143,89,97,96,37.0,7.3,3,11,304,False,False,False,False,FIT,SELF_SERVICE_KIOSK,
dcu-W-00184-20260804,worker-uuid-00184,W-00184,2026-08-04T18:30:00Z,NIGHT_SHIFT,151,93,100,97,36.4,4.9,4,20,340,False,False,False,False,RESTRICTED,SELF_SERVICE_KIOSK,
dcu-W-00184-20260808,worker-uuid-00184,W-00184,2026-08-08T18:30:00Z,NIGHT_SHIFT,153,92,97,98,36.3,7.2,2,19,307,False,False,False,False,RESTRICTED,SELF_SERVICE_KIOSK,
dcu-W-00184-20260809,worker-uuid-00184,W-00184,2026-08-09T18:30:00Z,NIGHT_SHIFT,145,88,97,99,36.8,6.5,3,8,285,False,False,False,False,FIT,SELF_SERVICE_KIOSK,
dcu-W-00184-20260813,worker-uuid-00184,W-00184,2026-08-13T06:30:00Z,DAY_SHIFT,140,85,100,98,36.7,6.9,1,16,276,False,False,False,False,FIT,SELF_SERVICE_KIOSK,
dcu-W-00184-20260814,worker-uuid-00184,W-00184,2026-08-14T06:30:00Z,DAY_SHIFT,140,86,92,97,36.6,9.1,0,13,215,False,False,False,False,FIT,SELF_SERVICE_KIOSK,
dcu-W-00184-20260815,worker-uuid-00184,W-00184,2026-08-15T06:30:00Z,DAY_SHIFT,144,89,103,99,36.5,8.1,0,9,247,False,False,False,False,FIT,SELF_SERVICE_KIOSK,
dcu-W-00184-20260817,worker-uuid-00184,W-00184,2026-08-17T06:30:00Z,DAY_SHIFT,140,86,90,99,36.3,7.5,0,6,226,False,False,False,False,FIT,SELF_SERVICE_KIOSK,
dcu-W-00184-20260818,worker-uuid-00184,W-00184,2026-08-18T06:30:00Z,DAY_SHIFT,145,85,86,97,36.6,7.5,0,11,248,False,False,False,False,FIT,SELF_SERVICE_KIOSK,
dcu-W-00184-20260821,worker-uuid-00184,W-00184,2026-08-21T06:30:00Z,DAY_SHIFT,144,92,97,97,36.6,6.2,1,16,232,False,False,False,False,FIT,SELF_SERVICE_KIOSK,
dcu-W-00184-20260822,worker-uuid-00184,W-00184,2026-08-22T06:30:00Z,DAY_SHIFT,141,92,93,98,35.9,7.9,2,19,252,False,False,False,False,FIT,PARAMEDIC_ASSISTED,user-paramedic-01
dcu-W-00184-20260824,worker-uuid-00184,W-00184,2026-08-24T06:30:00Z,DAY_SHIFT,155,97,87,97,37.0,7.2,0,19,220,False,False,True,False,RESTRICTED,SELF_SERVICE_KIOSK,
dcu-W-00184-20260825,worker-uuid-00184,W-00184,2026-08-25T06:30:00Z,DAY_SHIFT,139,82,86,98,36.1,6.3,0,8,227,False,False,False,False,FIT,PARAMEDIC_ASSISTED,user-paramedic-01
dcu-W-00184-20260827,worker-uuid-00184,W-00184,2026-08-27T18:30:00Z,NIGHT_SHIFT,150,99,101,99,36.3,5.4,3,18,295,False,False,False,False,RESTRICTED,PARAMEDIC_ASSISTED,user-paramedic-01
dcu-W-00184-20260829,worker-uuid-00184,W-00184,2026-08-29T18:30:00Z,NIGHT_SHIFT,147,93,92,97,36.8,3.3,3,8,320,False,False,False,False,RESTRICTED,SELF_SERVICE_KIOSK,
dcu-W-00184-20260830,worker-uuid-00184,W-00184,2026-08-30T18:30:00Z,NIGHT_SHIFT,154,96,100,98,36.6,4.5,4,15,306,False,False,False,False,RESTRICTED,PARAMEDIC_ASSISTED,user-paramedic-01
dcu-W-00184-20260831,worker-uuid-00184,W-00184,2026-08-31T18:30:00Z,NIGHT_SHIFT,159,99,94,97,36.7,4.6,3,19,268,False,False,False,False,RESTRICTED,PARAMEDIC_ASSISTED,user-paramedic-01
dcu-W-00184-20260901,worker-uuid-00184,W-00184,2026-09-01T18:30:00Z,NIGHT_SHIFT,150,93,100,97,36.7,6.1,2,8,296,False,False,True,False,RESTRICTED,SELF_SERVICE_KIOSK,
dcu-W-00184-20260902,worker-uuid-00184,W-00184,2026-09-02T18:30:00Z,NIGHT_SHIFT,163,103,94,97,35.8,4.2,2,11,270,False,False,False,False,RESTRICTED,SELF_SERVICE_KIOSK,
dcu-W-00184-20260903,worker-uuid-00184,W-00184,2026-09-03T18:30:00Z,NIGHT_SHIFT,146,86,103,100,36.6,6.3,4,15,351,False,False,False,False,FIT,SELF_SERVICE_KIOSK,
dcu-W-00184-20260904,worker-uuid-00184,W-00184,2026-09-04T18:30:00Z,NIGHT_SHIFT,142,87,98,98,36.6,4.9,3,15,319,False,False,False,False,FIT,SELF_SERVICE_KIOSK,
dcu-W-00184-20260905,worker-uuid-00184,W-00184,2026-09-05T18:30:00Z,NIGHT_SHIFT,159,100,96,98,36.7,4.7,1,15,300,False,False,True,False,RESTRICTED,SELF_SERVICE_KIOSK,
dcu-W-00184-20260906,worker-uuid-00184,W-00184,2026-09-06T18:30:00Z,NIGHT_SHIFT,148,97,92,98,35.9,4.9,1,13,284,False,False,False,False,RESTRICTED,SELF_SERVICE_KIOSK,
dcu-W-00184-20260907,worker-uuid-00184,W-00184,2026-09-07T18:30:00Z,NIGHT_SHIFT,153,101,86,97,36.5,5.1,3,10,267,False,False,False,False,RESTRICTED,PARAMEDIC_ASSISTED,user-paramedic-01
dcu-W-00184-20260908,worker-uuid-00184,W-00184,2026-09-08T18:30:00Z,NIGHT_SHIFT,149,86,100,97,36.2,3.9,4,12,297,False,False,True,False,RESTRICTED,SELF_SERVICE_KIOSK,
dcu-W-00184-20260912,worker-uuid-00184,W-00184,2026-09-12T06:30:00Z,DAY_SHIFT,139,87,90,97,36.9,8.1,0,9,258,False,False,False,False,FIT,PARAMEDIC_ASSISTED,user-paramedic-01
dcu-W-00184-20260914,worker-uuid-00184,W-00184,2026-09-14T06:30:00Z,DAY_SHIFT,140,88,86,96,36.6,6.5,2,6,233,False,False,False,False,FIT,PARAMEDIC_ASSISTED,user-paramedic-01
dcu-W-00184-20260915,worker-uuid-00184,W-00184,2026-09-15T06:30:00Z,DAY_SHIFT,144,92,96,98,36.4,7.1,0,13,235,False,False,False,False,FIT,PARAMEDIC_ASSISTED,user-paramedic-01
dcu-W-00184-20260916,worker-uuid-00184,W-00184,2026-09-16T06:30:00Z,DAY_SHIFT,134,84,85,97,36.5,6.5,1,11,265,False,False,False,False,FIT,SELF_SERVICE_KIOSK,
dcu-W-00184-20260917,worker-uuid-00184,W-00184,2026-09-17T06:30:00Z,DAY_SHIFT,143,94,95,98,36.1,6.7,2,14,215,False,False,False,False,FIT,PARAMEDIC_ASSISTED,user-paramedic-01
dcu-W-00184-20260918,worker-uuid-00184,W-00184,2026-09-18T06:30:00Z,DAY_SHIFT,140,87,88,97,36.4,6.2,2,8,198,False,False,False,False,FIT,PARAMEDIC_ASSISTED,user-paramedic-01
dcu-W-00184-20260919,worker-uuid-00184,W-00184,2026-09-19T06:30:00Z,DAY_SHIFT,142,94,89,96,36.4,7.8,2,14,264,False,False,False,False,FIT,PARAMEDIC_ASSISTED,user-paramedic-01
dcu-W-00184-20260920,worker-uuid-00184,W-00184,2026-09-20T06:30:00Z,DAY_SHIFT,140,84,85,98,37.2,7.7,1,12,255,False,False,False,False,FIT,SELF_SERVICE_KIOSK,
dcu-W-00184-20260921,worker-uuid-00184,W-00184,2026-09-21T06:30:00Z,DAY_SHIFT,143,92,88,99,36.6,8.5,2,18,256,False,False,False,False,FIT,PARAMEDIC_ASSISTED,user-paramedic-01
dcu-W-00184-20260923,worker-uuid-00184,W-00184,2026-09-23T06:30:00Z,DAY_SHIFT,141,88,94,97,36.5,6.4,1,7,225,False,False,False,False,FIT,SELF_SERVICE_KIOSK,
dcu-W-00184-20260925,worker-uuid-00184,W-00184,2026-09-25T18:30:00Z,NIGHT_SHIFT,150,90,96,97,36.7,5.2,2,14,280,False,False,False,False,RESTRICTED,SELF_SERVICE_KIOSK,
dcu-W-00184-20260926,worker-uuid-00184,W-00184,2026-09-26T18:30:00Z,NIGHT_SHIFT,150,104,91,98,36.2,5.1,4,15,276,False,False,True,False,RESTRICTED,SELF_SERVICE_KIOSK,
dcu-W-00184-20260927,worker-uuid-00184,W-00184,2026-09-27T18:30:00Z,NIGHT_SHIFT,150,93,103,98,36.8,3.5,1,7,279,False,False,False,False,RESTRICTED,SELF_SERVICE_KIOSK,
dcu-W-00184-20260928,worker-uuid-00184,W-00184,2026-09-28T18:30:00Z,NIGHT_SHIFT,149,94,101,97,36.7,7.7,3,12,227,False,False,False,False,FIT,SELF_SERVICE_KIOSK,
dcu-W-00184-20260929,worker-uuid-00184,W-00184,2026-09-29T18:30:00Z,NIGHT_SHIFT,154,99,109,97,36.0,4.4,3,8,294,False,False,False,False,RESTRICTED,PARAMEDIC_ASSISTED,user-paramedic-01
dcu-W-00184-20260930,worker-uuid-00184,W-00184,2026-09-30T18:30:00Z,NIGHT_SHIFT,153,98,93,96,35.7,5.0,2,10,371,False,False,False,False,RESTRICTED,SELF_SERVICE_KIOSK,
dcu-W-00184-20261001,worker-uuid-00184,W-00184,2026-10-01T18:30:00Z,NIGHT_SHIFT,161,102,96,99,36.1,4.8,1,16,285,False,False,False,False,RESTRICTED,SELF_SERVICE_KIOSK,
dcu-W-00184-20261002,worker-uuid-00184,W-00184,2026-10-02T18:30:00Z,NIGHT_SHIFT,154,97,96,98,36.0,4.7,1,10,343,False,False,False,False,RESTRICTED,SELF_SERVICE_KIOSK,
dcu-W-00184-20261003,worker-uuid-00184,W-00184,2026-10-03T18:30:00Z,NIGHT_SHIFT,149,90,94,98,35.8,7.4,1,6,311,False,False,False,False,FIT,SELF_SERVICE_KIOSK,
dcu-W-00184-20261004,worker-uuid-00184,W-00184,2026-10-04T18:30:00Z,NIGHT_SHIFT,142,94,97,96,36.5,5.4,2,20,278,False,False,False,False,FIT,SELF_SERVICE_KIOSK,
dcu-W-00184-20261005,worker-uuid-00184,W-00184,2026-10-05T18:30:00Z,NIGHT_SHIFT,141,95,101,98,36.3,6.1,2,6,316,False,False,False,False,RESTRICTED,SELF_SERVICE_KIOSK,
dcu-W-00184-20261006,worker-uuid-00184,W-00184,2026-10-06T18:30:00Z,NIGHT_SHIFT,149,91,97,98,36.2,5.3,2,20,340,False,False,False,False,FIT,SELF_SERVICE_KIOSK,
dcu-W-00184-20261007,worker-uuid-00184,W-00184,2026-10-07T18:30:00Z,NIGHT_SHIFT,163,106,100,98,35.9,5.8,2,18,340,False,False,False,False,RESTRICTED,SELF_SERVICE_KIOSK,
dcu-W-00184-20261008,worker-uuid-00184,W-00184,2026-10-08T06:30:00Z,DAY_SHIFT,149,96,88,98,36.5,7.2,1,8,237,False,False,True,False,RESTRICTED,PARAMEDIC_ASSISTED,user-paramedic-01
dcu-W-00184-20261009,worker-uuid-00184,W-00184,2026-10-09T06:30:00Z,DAY_SHIFT,146,94,91,98,35.8,6.8,0,20,246,False,False,False,False,FIT,PARAMEDIC_ASSISTED,user-paramedic-01
dcu-W-00184-20261011,worker-uuid-00184,W-00184,2026-10-11T06:30:00Z,DAY_SHIFT,142,92,87,98,36.4,7.3,1,16,233,False,False,False,False,FIT,PARAMEDIC_ASSISTED,user-paramedic-01
dcu-W-00184-20261012,worker-uuid-00184,W-00184,2026-10-12T06:30:00Z,DAY_SHIFT,142,88,88,98,36.2,7.6,0,19,241,False,False,False,False,FIT,SELF_SERVICE_KIOSK,
dcu-W-00184-20261013,worker-uuid-00184,W-00184,2026-10-13T06:30:00Z,DAY_SHIFT,150,92,91,99,36.6,6.3,2,10,232,False,False,True,False,RESTRICTED,SELF_SERVICE_KIOSK,
dcu-W-00184-20261015,worker-uuid-00184,W-00184,2026-10-15T06:30:00Z,DAY_SHIFT,146,94,89,97,36.4,6.6,1,11,286,False,False,False,False,FIT,SELF_SERVICE_KIOSK,
dcu-W-00184-20261016,worker-uuid-00184,W-00184,2026-10-16T06:30:00Z,DAY_SHIFT,141,82,91,97,36.7,7.5,0,12,228,False,False,False,False,FIT,SELF_SERVICE_KIOSK,
dcu-W-00184-20261017,worker-uuid-00184,W-00184,2026-10-17T06:30:00Z,DAY_SHIFT,140,83,89,98,36.5,7.1,1,7,229,False,False,False,False,FIT,PARAMEDIC_ASSISTED,user-paramedic-01
dcu-W-00184-20261019,worker-uuid-00184,W-00184,2026-10-19T06:30:00Z,DAY_SHIFT,138,93,93,97,36.3,7.6,1,7,260,False,False,False,False,FIT,PARAMEDIC_ASSISTED,user-paramedic-01
dcu-W-00184-20261020,worker-uuid-00184,W-00184,2026-10-20T06:30:00Z,DAY_SHIFT,145,93,90,97,36.7,5.7,2,18,231,False,False,False,False,FIT,SELF_SERVICE_KIOSK,
dcu-W-00184-20261021,worker-uuid-00184,W-00184,2026-10-21T06:30:00Z,DAY_SHIFT,149,94,89,96,37.1,6.9,1,20,224,False,False,False,False,FIT,PARAMEDIC_ASSISTED,user-paramedic-01
dcu-W-00184-20261022,worker-uuid-00184,W-00184,2026-10-22T18:30:00Z,NIGHT_SHIFT,155,99,100,97,36.5,7.2,1,13,288,False,False,True,False,RESTRICTED,SELF_SERVICE_KIOSK,
dcu-W-00184-20261024,worker-uuid-00184,W-00184,2026-10-24T18:30:00Z,NIGHT_SHIFT,155,94,89,99,36.5,5.7,3,18,246,False,False,False,False,RESTRICTED,SELF_SERVICE_KIOSK,
dcu-W-00184-20261025,worker-uuid-00184,W-00184,2026-10-25T18:30:00Z,NIGHT_SHIFT,142,93,94,99,36.5,2.9,2,13,322,False,False,False,False,RESTRICTED,SELF_SERVICE_KIOSK,
dcu-W-00184-20261026,worker-uuid-00184,W-00184,2026-10-26T18:30:00Z,NIGHT_SHIFT,146,89,95,97,36.2,5.9,4,15,366,False,False,False,False,FIT,SELF_SERVICE_KIOSK,
dcu-W-00184-20261027,worker-uuid-00184,W-00184,2026-10-27T18:30:00Z,NIGHT_SHIFT,141,86,94,98,37.1,5.2,2,18,298,False,False,False,False,FIT,SELF_SERVICE_KIOSK,
dcu-W-00184-20261028,worker-uuid-00184,W-00184,2026-10-28T18:30:00Z,NIGHT_SHIFT,151,89,94,97,36.6,3.6,3,10,334,False,False,False,False,RESTRICTED,PARAMEDIC_ASSISTED,user-paramedic-01
dcu-W-00184-20261029,worker-uuid-00184,W-00184,2026-10-29T18:30:00Z,NIGHT_SHIFT,151,94,98,98,36.3,4.9,4,18,350,False,False,False,False,RESTRICTED,SELF_SERVICE_KIOSK,
dcu-W-00184-20261030,worker-uuid-00184,W-00184,2026-10-30T18:30:00Z,NIGHT_SHIFT,154,97,97,98,36.6,6.5,3,20,311,False,False,False,False,RESTRICTED,SELF_SERVICE_KIOSK,
dcu-W-00184-20261031,worker-uuid-00184,W-00184,2026-10-31T18:30:00Z,NIGHT_SHIFT,147,94,98,96,36.7,5.3,4,6,335,False,False,False,False,FIT,PARAMEDIC_ASSISTED,user-paramedic-01
dcu-W-00184-20261101,worker-uuid-00184,W-00184,2026-11-01T18:30:00Z,NIGHT_SHIFT,149,89,105,99,36.7,6.6,4,19,336,False,False,False,False,FIT,PARAMEDIC_ASSISTED,user-paramedic-01
dcu-W-00184-20261102,worker-uuid-00184,W-00184,2026-11-02T18:30:00Z,NIGHT_SHIFT,149,97,100,99,36.2,4.9,4,18,282,False,False,False,False,RESTRICTED,SELF_SERVICE_KIOSK,
dcu-W-00184-20261103,worker-uuid-00184,W-00184,2026-11-03T18:30:00Z,NIGHT_SHIFT,167,109,93,98,36.6,6.6,1,15,330,False,False,False,False,RESTRICTED,SELF_SERVICE_KIOSK,
dcu-W-00184-20261104,worker-uuid-00184,W-00184,2026-11-04T18:30:00Z,NIGHT_SHIFT,148,88,102,98,36.3,6.4,4,6,297,False,False,False,False,FIT,SELF_SERVICE_KIOSK,
dcu-W-00184-20261105,worker-uuid-00184,W-00184,2026-11-05T06:30:00Z,DAY_SHIFT,146,88,93,98,36.5,4.7,1,20,255,False,False,False,False,FIT,SELF_SERVICE_KIOSK,
dcu-W-00184-20261106,worker-uuid-00184,W-00184,2026-11-06T06:30:00Z,DAY_SHIFT,140,94,91,97,36.8,8.4,1,19,231,False,False,False,False,FIT,PARAMEDIC_ASSISTED,user-paramedic-01
dcu-W-00184-20261108,worker-uuid-00184,W-00184,2026-11-08T06:30:00Z,DAY_SHIFT,139,89,86,98,35.6,7.3,2,14,215,False,False,False,False,FIT,SELF_SERVICE_KIOSK,
dcu-W-00184-20261109,worker-uuid-00184,W-00184,2026-11-09T06:30:00Z,DAY_SHIFT,144,92,89,98,36.0,7.8,2,7,293,False,False,False,False,FIT,PARAMEDIC_ASSISTED,user-paramedic-01
dcu-W-00184-20261111,worker-uuid-00184,W-00184,2026-11-11T06:30:00Z,DAY_SHIFT,153,97,86,98,36.6,6.5,2,12,187,False,False,True,False,RESTRICTED,PARAMEDIC_ASSISTED,user-paramedic-01
dcu-W-00184-20261112,worker-uuid-00184,W-00184,2026-11-12T06:30:00Z,DAY_SHIFT,146,100,93,99,36.3,7.9,2,18,208,False,False,False,False,RESTRICTED,PARAMEDIC_ASSISTED,user-paramedic-01
dcu-W-00184-20261113,worker-uuid-00184,W-00184,2026-11-13T06:30:00Z,DAY_SHIFT,150,99,87,100,36.0,7.4,1,8,232,False,False,False,False,RESTRICTED,PARAMEDIC_ASSISTED,user-paramedic-01
dcu-W-00184-20261114,worker-uuid-00184,W-00184,2026-11-14T06:30:00Z,DAY_SHIFT,141,84,87,99,36.6,5.8,1,14,230,False,False,False,False,FIT,SELF_SERVICE_KIOSK,
dcu-W-00184-20261115,worker-uuid-00184,W-00184,2026-11-15T06:30:00Z,DAY_SHIFT,150,97,86,97,36.9,7.9,0,16,252,False,False,True,False,RESTRICTED,PARAMEDIC_ASSISTED,user-paramedic-01
dcu-W-00184-20261116,worker-uuid-00184,W-00184,2026-11-16T06:30:00Z,DAY_SHIFT,142,89,90,98,37.3,5.8,0,6,239,False,False,False,False,FIT,SELF_SERVICE_KIOSK,
dcu-W-00184-20261117,worker-uuid-00184,W-00184,2026-11-17T06:30:00Z,DAY_SHIFT,143,91,97,97,36.9,6.9,2,17,202,False,False,False,False,FIT,PARAMEDIC_ASSISTED,user-paramedic-01
dcu-W-00184-20261118,worker-uuid-00184,W-00184,2026-11-18T06:30:00Z,DAY_SHIFT,145,87,86,96,36.1,7.3,0,20,234,False,False,False,False,FIT,SELF_SERVICE_KIOSK,
dcu-W-00184-20261119,worker-uuid-00184,W-00184,2026-11-19T18:30:00Z,NIGHT_SHIFT,156,99,99,97,36.0,4.2,1,20,321,False,False,False,False,RESTRICTED,SELF_SERVICE_KIOSK,
dcu-W-00184-20261120,worker-uuid-00184,W-00184,2026-11-20T18:30:00Z,NIGHT_SHIFT,152,99,95,96,36.5,5.8,3,19,369,False,False,False,False,RESTRICTED,SELF_SERVICE_KIOSK,
dcu-W-00184-20261121,worker-uuid-00184,W-00184,2026-11-21T18:30:00Z,NIGHT_SHIFT,153,88,98,97,36.5,6.0,3,15,279,False,False,False,False,RESTRICTED,SELF_SERVICE_KIOSK,
dcu-W-00184-20261122,worker-uuid-00184,W-00184,2026-11-22T18:30:00Z,NIGHT_SHIFT,149,90,95,97,36.1,4.9,3,11,276,False,False,False,False,FIT,SELF_SERVICE_KIOSK,
dcu-W-00184-20261123,worker-uuid-00184,W-00184,2026-11-23T18:30:00Z,NIGHT_SHIFT,151,99,107,99,36.5,5.4,4,15,327,False,False,False,False,RESTRICTED,PARAMEDIC_ASSISTED,user-paramedic-01
dcu-W-00184-20261124,worker-uuid-00184,W-00184,2026-11-24T18:30:00Z,NIGHT_SHIFT,159,94,105,98,36.5,5.4,2,17,260,False,False,True,False,RESTRICTED,SELF_SERVICE_KIOSK,
dcu-W-00184-20261125,worker-uuid-00184,W-00184,2026-11-25T18:30:00Z,NIGHT_SHIFT,152,92,92,98,37.0,5.7,1,13,373,False,False,False,False,RESTRICTED,PARAMEDIC_ASSISTED,user-paramedic-01
dcu-W-00184-20261126,worker-uuid-00184,W-00184,2026-11-26T18:30:00Z,NIGHT_SHIFT,158,97,93,96,36.4,4.2,1,15,281,False,False,False,False,RESTRICTED,SELF_SERVICE_KIOSK,
dcu-W-00184-20261127,worker-uuid-00184,W-00184,2026-11-27T18:30:00Z,NIGHT_SHIFT,153,93,103,96,36.7,7.0,1,18,294,False,False,True,False,RESTRICTED,PARAMEDIC_ASSISTED,user-paramedic-01
dcu-W-00184-20261128,worker-uuid-00184,W-00184,2026-11-28T18:30:00Z,NIGHT_SHIFT,146,89,103,98,36.2,5.8,1,19,356,False,False,False,False,FIT,SELF_SERVICE_KIOSK,
dcu-W-00184-20261129,worker-uuid-00184,W-00184,2026-11-29T18:30:00Z,NIGHT_SHIFT,161,103,95,98,36.2,4.1,3,15,292,False,False,False,False,RESTRICTED,PARAMEDIC_ASSISTED,user-paramedic-01
dcu-W-00184-20261201,worker-uuid-00184,W-00184,2026-12-01T18:30:00Z,NIGHT_SHIFT,158,98,95,99,36.8,4.3,2,13,307,False,False,True,False,RESTRICTED,SELF_SERVICE_KIOSK,
dcu-W-00184-20261202,worker-uuid-00184,W-00184,2026-12-02T18:30:00Z,NIGHT_SHIFT,153,98,101,98,35.9,5.0,2,11,292,False,False,True,False,RESTRICTED,PARAMEDIC_ASSISTED,user-paramedic-01
dcu-W-00184-20261203,worker-uuid-00184,W-00184,2026-12-03T06:30:00Z,DAY_SHIFT,141,85,85,98,36.7,7.1,0,7,215,False,False,False,False,FIT,PARAMEDIC_ASSISTED,user-paramedic-01
dcu-W-00184-20261204,worker-uuid-00184,W-00184,2026-12-04T06:30:00Z,DAY_SHIFT,143,84,94,97,36.4,7.1,0,6,235,False,False,False,False,FIT,SELF_SERVICE_KIOSK,
dcu-W-00184-20261206,worker-uuid-00184,W-00184,2026-12-06T06:30:00Z,DAY_SHIFT,154,97,84,96,36.2,7.6,0,19,210,False,False,False,False,RESTRICTED,SELF_SERVICE_KIOSK,
dcu-W-00184-20261207,worker-uuid-00184,W-00184,2026-12-07T06:30:00Z,DAY_SHIFT,145,87,102,98,36.4,7.6,0,6,259,False,False,False,False,FIT,PARAMEDIC_ASSISTED,user-paramedic-01
dcu-W-00184-20261208,worker-uuid-00184,W-00184,2026-12-08T06:30:00Z,DAY_SHIFT,145,89,93,95,36.5,8.0,1,13,214,False,False,False,False,FIT,SELF_SERVICE_KIOSK,
dcu-W-00184-20261210,worker-uuid-00184,W-00184,2026-12-10T06:30:00Z,DAY_SHIFT,139,87,92,97,36.3,6.2,0,12,227,False,False,False,False,FIT,SELF_SERVICE_KIOSK,
dcu-W-00184-20261211,worker-uuid-00184,W-00184,2026-12-11T06:30:00Z,DAY_SHIFT,142,93,98,100,36.1,6.8,1,6,261,False,False,False,False,FIT,PARAMEDIC_ASSISTED,user-paramedic-01
dcu-W-00184-20261212,worker-uuid-00184,W-00184,2026-12-12T06:30:00Z,DAY_SHIFT,133,85,86,99,36.4,7.1,1,15,231,False,False,False,False,FIT,SELF_SERVICE_KIOSK,
dcu-W-00184-20261213,worker-uuid-00184,W-00184,2026-12-13T06:30:00Z,DAY_SHIFT,157,97,87,98,36.8,6.7,0,9,247,False,False,True,False,RESTRICTED,PARAMEDIC_ASSISTED,user-paramedic-01
dcu-W-00184-20261214,worker-uuid-00184,W-00184,2026-12-14T06:30:00Z,DAY_SHIFT,155,95,83,99,36.4,5.2,2,16,187,False,False,False,False,RESTRICTED,SELF_SERVICE_KIOSK,
dcu-W-00184-20261215,worker-uuid-00184,W-00184,2026-12-15T06:30:00Z,DAY_SHIFT,142,94,86,97,36.5,6.7,2,19,270,False,False,False,False,FIT,SELF_SERVICE_KIOSK,
dcu-W-00184-20261216,worker-uuid-00184,W-00184,2026-12-16T06:30:00Z,DAY_SHIFT,151,92,84,97,36.6,6.0,1,10,231,False,False,True,False,RESTRICTED,SELF_SERVICE_KIOSK,
dcu-W-00184-20261217,worker-uuid-00184,W-00184,2026-12-17T18:30:00Z,NIGHT_SHIFT,154,97,89,100,36.6,5.7,4,18,294,False,False,True,False,RESTRICTED,PARAMEDIC_ASSISTED,user-paramedic-01
dcu-W-00184-20261218,worker-uuid-00184,W-00184,2026-12-18T18:30:00Z,NIGHT_SHIFT,145,89,90,98,36.5,5.3,3,7,267,False,False,False,False,FIT,PARAMEDIC_ASSISTED,user-paramedic-01
dcu-W-00184-20261219,worker-uuid-00184,W-00184,2026-12-19T18:30:00Z,NIGHT_SHIFT,144,85,107,100,36.9,5.4,4,19,277,False,False,False,False,FIT,SELF_SERVICE_KIOSK,
dcu-W-00184-20261220,worker-uuid-00184,W-00184,2026-12-20T18:30:00Z,NIGHT_SHIFT,153,89,97,96,36.7,6.0,4,6,308,False,False,False,False,RESTRICTED,SELF_SERVICE_KIOSK,
dcu-W-00184-20261221,worker-uuid-00184,W-00184,2026-12-21T18:30:00Z,NIGHT_SHIFT,149,92,108,98,36.3,6.8,3,6,267,False,False,False,False,FIT,SELF_SERVICE_KIOSK,
dcu-W-00184-20261222,worker-uuid-00184,W-00184,2026-12-22T18:30:00Z,NIGHT_SHIFT,150,95,97,99,36.5,5.4,3,15,350,False,False,False,False,RESTRICTED,SELF_SERVICE_KIOSK,
dcu-W-00184-20261223,worker-uuid-00184,W-00184,2026-12-23T18:30:00Z,NIGHT_SHIFT,153,98,94,97,35.7,6.0,3,20,310,False,False,True,False,RESTRICTED,SELF_SERVICE_KIOSK,
dcu-W-00184-20261224,worker-uuid-00184,W-00184,2026-12-24T18:30:00Z,NIGHT_SHIFT,156,101,96,98,36.1,4.1,3,15,329,False,False,False,False,RESTRICTED,SELF_SERVICE_KIOSK,
dcu-W-00184-20261225,worker-uuid-00184,W-00184,2026-12-25T18:30:00Z,NIGHT_SHIFT,149,97,106,98,36.4,5.2,2,16,299,False,False,False,False,RESTRICTED,SELF_SERVICE_KIOSK,
dcu-W-00184-20261226,worker-uuid-00184,W-00184,2026-12-26T18:30:00Z,NIGHT_SHIFT,150,98,93,98,36.9,4.6,1,7,336,False,False,False,False,RESTRICTED,SELF_SERVICE_KIOSK,
dcu-W-00184-20261227,worker-uuid-00184,W-00184,2026-12-27T18:30:00Z,NIGHT_SHIFT,142,90,94,98,37.1,5.4,3,16,335,False,False,False,False,FIT,SELF_SERVICE_KIOSK,
dcu-W-00184-20261228,worker-uuid-00184,W-00184,2026-12-28T18:30:00Z,NIGHT_SHIFT,142,89,102,97,36.9,5.2,1,11,379,False,False,False,False,FIT,SELF_SERVICE_KIOSK,
dcu-W-00184-20261229,worker-uuid-00184,W-00184,2026-12-29T18:30:00Z,NIGHT_SHIFT,159,103,95,97,36.6,3.5,4,11,246,False,False,False,False,RESTRICTED,SELF_SERVICE_KIOSK,
dcu-W-00184-20261230,worker-uuid-00184,W-00184,2026-12-30T18:30:00Z,NIGHT_SHIFT,151,98,100,97,36.0,4.7,2,18,297,False,False,True,False,RESTRICTED,SELF_SERVICE_KIOSK,
dcu-W-00184-20261231,worker-uuid-00184,W-00184,2026-12-31T06:30:00Z,DAY_SHIFT,136,88,86,96,36.7,6.0,2,9,298,False,False,False,False,FIT,PARAMEDIC_ASSISTED,user-paramedic-01
dcu-W-00185-20260101,worker-uuid-00185,W-00185,2026-01-01T06:30:00Z,DAY_SHIFT,159,103,93,97,36.5,7.0,2,18,232,False,False,False,False,RESTRICTED,SELF_SERVICE_KIOSK,
dcu-W-00185-20260102,worker-uuid-00185,W-00185,2026-01-02T06:30:00Z,DAY_SHIFT,157,103,91,98,36.3,8.7,2,9,228,False,False,False,False,RESTRICTED,PARAMEDIC_ASSISTED,user-paramedic-01
dcu-W-00185-20260103,worker-uuid-00185,W-00185,2026-01-03T06:30:00Z,DAY_SHIFT,160,96,99,96,36.9,6.1,0,18,180,False,False,False,False,RESTRICTED,SELF_SERVICE_KIOSK,
dcu-W-00185-20260104,worker-uuid-00185,W-00185,2026-01-04T06:30:00Z,DAY_SHIFT,155,95,84,98,36.6,5.8,1,11,253,False,False,True,False,RESTRICTED,SELF_SERVICE_KIOSK,
dcu-W-00185-20260105,worker-uuid-00185,W-00185,2026-01-05T06:30:00Z,DAY_SHIFT,162,98,92,99,36.5,6.2,2,19,204,False,False,False,False,RESTRICTED,SELF_SERVICE_KIOSK,
dcu-W-00185-20260106,worker-uuid-00185,W-00185,2026-01-06T06:30:00Z,DAY_SHIFT,159,99,93,98,36.4,5.8,2,7,239,False,False,False,False,RESTRICTED,SELF_SERVICE_KIOSK,
dcu-W-00185-20260107,worker-uuid-00185,W-00185,2026-01-07T06:30:00Z,DAY_SHIFT,157,102,95,98,36.2,7.7,2,8,245,False,False,False,False,RESTRICTED,SELF_SERVICE_KIOSK,
dcu-W-00185-20260108,worker-uuid-00185,W-00185,2026-01-08T06:30:00Z,DAY_SHIFT,155,102,88,98,36.2,7.3,2,17,221,False,False,False,False,RESTRICTED,SELF_SERVICE_KIOSK,
dcu-W-00185-20260110,worker-uuid-00185,W-00185,2026-01-10T06:30:00Z,DAY_SHIFT,164,101,90,97,36.7,7.4,0,10,235,False,False,False,False,RESTRICTED,PARAMEDIC_ASSISTED,user-paramedic-01
dcu-W-00185-20260111,worker-uuid-00185,W-00185,2026-01-11T06:30:00Z,DAY_SHIFT,158,91,86,98,35.9,8.9,0,13,291,False,False,True,False,RESTRICTED,PARAMEDIC_ASSISTED,user-paramedic-01
dcu-W-00185-20260112,worker-uuid-00185,W-00185,2026-01-12T06:30:00Z,DAY_SHIFT,157,97,97,97,37.4,7.7,2,6,239,False,False,False,False,RESTRICTED,PARAMEDIC_ASSISTED,user-paramedic-01
dcu-W-00185-20260113,worker-uuid-00185,W-00185,2026-01-13T06:30:00Z,DAY_SHIFT,164,110,93,96,36.4,7.8,2,15,279,False,False,False,False,RESTRICTED,SELF_SERVICE_KIOSK,
dcu-W-00185-20260114,worker-uuid-00185,W-00185,2026-01-14T06:30:00Z,DAY_SHIFT,167,104,102,98,36.6,6.7,0,15,239,True,False,True,False,UNFIT,SELF_SERVICE_KIOSK,
dcu-W-00185-20260115,worker-uuid-00185,W-00185,2026-01-15T18:30:00Z,NIGHT_SHIFT,166,100,104,98,36.1,5.0,3,10,332,False,False,False,False,RESTRICTED,PARAMEDIC_ASSISTED,user-paramedic-01
dcu-W-00185-20260117,worker-uuid-00185,W-00185,2026-01-17T18:30:00Z,NIGHT_SHIFT,180,115,111,97,36.5,4.6,2,6,221,True,False,True,False,UNFIT,PARAMEDIC_ASSISTED,user-paramedic-01
dcu-W-00185-20260119,worker-uuid-00185,W-00185,2026-01-19T18:30:00Z,NIGHT_SHIFT,172,111,105,98,36.9,4.5,1,15,368,False,False,False,False,RESTRICTED,SELF_SERVICE_KIOSK,
dcu-W-00185-20260120,worker-uuid-00185,W-00185,2026-01-20T18:30:00Z,NIGHT_SHIFT,171,104,108,98,36.7,4.0,3,19,305,False,False,False,False,RESTRICTED,SELF_SERVICE_KIOSK,
dcu-W-00185-20260121,worker-uuid-00185,W-00185,2026-01-21T18:30:00Z,NIGHT_SHIFT,165,105,101,97,36.8,4.3,1,13,298,False,False,True,False,RESTRICTED,SELF_SERVICE_KIOSK,
dcu-W-00185-20260122,worker-uuid-00185,W-00185,2026-01-22T18:30:00Z,NIGHT_SHIFT,168,105,100,97,36.1,4.4,3,19,359,False,False,False,False,RESTRICTED,SELF_SERVICE_KIOSK,
dcu-W-00185-20260124,worker-uuid-00185,W-00185,2026-01-24T18:30:00Z,NIGHT_SHIFT,173,104,99,98,37.0,4.3,1,13,365,False,False,False,False,RESTRICTED,SELF_SERVICE_KIOSK,
dcu-W-00185-20260125,worker-uuid-00185,W-00185,2026-01-25T18:30:00Z,NIGHT_SHIFT,155,100,95,97,37.4,6.3,3,10,369,False,False,False,False,RESTRICTED,SELF_SERVICE_KIOSK,
dcu-W-00185-20260126,worker-uuid-00185,W-00185,2026-01-26T18:30:00Z,NIGHT_SHIFT,169,105,110,97,36.3,5.8,4,12,311,False,False,False,False,RESTRICTED,SELF_SERVICE_KIOSK,
dcu-W-00185-20260127,worker-uuid-00185,W-00185,2026-01-27T18:30:00Z,NIGHT_SHIFT,168,99,101,97,36.3,6.1,1,13,277,False,False,True,False,UNFIT,SELF_SERVICE_KIOSK,
dcu-W-00185-20260128,worker-uuid-00185,W-00185,2026-01-28T18:30:00Z,NIGHT_SHIFT,164,99,105,96,36.4,5.4,4,6,286,False,False,False,False,RESTRICTED,SELF_SERVICE_KIOSK,
dcu-W-00185-20260129,worker-uuid-00185,W-00185,2026-01-29T06:30:00Z,DAY_SHIFT,163,106,92,96,36.6,7.4,2,19,227,False,False,True,False,RESTRICTED,PARAMEDIC_ASSISTED,user-paramedic-01
dcu-W-00185-20260130,worker-uuid-00185,W-00185,2026-01-30T06:30:00Z,DAY_SHIFT,154,97,89,97,36.7,8.9,0,10,230,False,False,False,False,RESTRICTED,SELF_SERVICE_KIOSK,
dcu-W-00185-20260131,worker-uuid-00185,W-00185,2026-01-31T06:30:00Z,DAY_SHIFT,157,93,94,97,36.7,5.4,1,17,233,False,False,False,False,RESTRICTED,SELF_SERVICE_KIOSK,
dcu-W-00185-20260201,worker-uuid-00185,W-00185,2026-02-01T06:30:00Z,DAY_SHIFT,164,102,91,97,36.6,7.8,1,12,224,False,False,False,False,RESTRICTED,PARAMEDIC_ASSISTED,user-paramedic-01
dcu-W-00185-20260203,worker-uuid-00185,W-00185,2026-02-03T06:30:00Z,DAY_SHIFT,153,96,96,97,36.3,6.5,2,6,177,False,False,False,False,RESTRICTED,SELF_SERVICE_KIOSK,
dcu-W-00185-20260204,worker-uuid-00185,W-00185,2026-02-04T06:30:00Z,DAY_SHIFT,159,103,91,97,36.1,9.3,2,17,242,False,False,False,False,RESTRICTED,SELF_SERVICE_KIOSK,
dcu-W-00185-20260206,worker-uuid-00185,W-00185,2026-02-06T06:30:00Z,DAY_SHIFT,154,98,97,97,36.6,8.0,0,8,219,False,False,False,False,RESTRICTED,PARAMEDIC_ASSISTED,user-paramedic-01
dcu-W-00185-20260207,worker-uuid-00185,W-00185,2026-02-07T06:30:00Z,DAY_SHIFT,157,102,87,99,36.7,7.8,1,12,236,False,False,False,False,RESTRICTED,SELF_SERVICE_KIOSK,
dcu-W-00185-20260208,worker-uuid-00185,W-00185,2026-02-08T06:30:00Z,DAY_SHIFT,160,100,84,99,36.9,6.7,1,12,252,False,False,False,False,RESTRICTED,PARAMEDIC_ASSISTED,user-paramedic-01
dcu-W-00185-20260209,worker-uuid-00185,W-00185,2026-02-09T06:30:00Z,DAY_SHIFT,167,103,94,98,36.6,7.7,1,12,247,False,False,False,False,RESTRICTED,SELF_SERVICE_KIOSK,
dcu-W-00185-20260210,worker-uuid-00185,W-00185,2026-02-10T06:30:00Z,DAY_SHIFT,161,95,94,97,36.2,6.6,2,7,259,False,False,False,False,RESTRICTED,SELF_SERVICE_KIOSK,
dcu-W-00185-20260211,worker-uuid-00185,W-00185,2026-02-11T06:30:00Z,DAY_SHIFT,164,100,89,98,36.4,7.2,1,18,232,False,False,False,False,RESTRICTED,SELF_SERVICE_KIOSK,
dcu-W-00185-20260212,worker-uuid-00185,W-00185,2026-02-12T18:30:00Z,NIGHT_SHIFT,164,98,98,97,36.6,5.1,1,14,307,False,False,False,False,RESTRICTED,SELF_SERVICE_KIOSK,
dcu-W-00185-20260214,worker-uuid-00185,W-00185,2026-02-14T18:30:00Z,NIGHT_SHIFT,159,102,103,97,36.7,3.8,1,10,339,False,False,False,False,RESTRICTED,SELF_SERVICE_KIOSK,
dcu-W-00185-20260216,worker-uuid-00185,W-00185,2026-02-16T18:30:00Z,NIGHT_SHIFT,166,94,110,95,36.2,5.1,3,13,295,False,False,False,False,RESTRICTED,SELF_SERVICE_KIOSK,
dcu-W-00185-20260217,worker-uuid-00185,W-00185,2026-02-17T18:30:00Z,NIGHT_SHIFT,183,114,100,98,35.9,4.7,3,16,331,False,False,True,False,UNFIT,SELF_SERVICE_KIOSK,
dcu-W-00185-20260218,worker-uuid-00185,W-00185,2026-02-18T18:30:00Z,NIGHT_SHIFT,160,106,102,100,36.2,5.4,3,6,334,False,False,False,False,RESTRICTED,SELF_SERVICE_KIOSK,
dcu-W-00185-20260219,worker-uuid-00185,W-00185,2026-02-19T18:30:00Z,NIGHT_SHIFT,157,99,99,99,36.8,5.2,4,12,317,False,False,True,False,RESTRICTED,SELF_SERVICE_KIOSK,
dcu-W-00185-20260220,worker-uuid-00185,W-00185,2026-02-20T18:30:00Z,NIGHT_SHIFT,165,108,97,97,36.6,6.0,1,7,311,False,False,True,False,RESTRICTED,SELF_SERVICE_KIOSK,
dcu-W-00185-20260221,worker-uuid-00185,W-00185,2026-02-21T18:30:00Z,NIGHT_SHIFT,161,95,103,97,36.6,5.3,2,11,296,False,False,True,False,RESTRICTED,SELF_SERVICE_KIOSK,
dcu-W-00185-20260222,worker-uuid-00185,W-00185,2026-02-22T18:30:00Z,NIGHT_SHIFT,166,101,97,98,36.5,5.3,2,16,305,False,False,False,False,RESTRICTED,SELF_SERVICE_KIOSK,
dcu-W-00185-20260223,worker-uuid-00185,W-00185,2026-02-23T18:30:00Z,NIGHT_SHIFT,166,103,105,98,36.2,4.9,2,7,326,False,False,False,False,RESTRICTED,SELF_SERVICE_KIOSK,
dcu-W-00185-20260224,worker-uuid-00185,W-00185,2026-02-24T18:30:00Z,NIGHT_SHIFT,161,107,104,97,36.6,5.0,2,15,335,False,False,False,False,RESTRICTED,SELF_SERVICE_KIOSK,
dcu-W-00185-20260225,worker-uuid-00185,W-00185,2026-02-25T18:30:00Z,NIGHT_SHIFT,159,101,103,98,36.5,6.4,1,13,311,False,False,True,False,RESTRICTED,PARAMEDIC_ASSISTED,user-paramedic-01
dcu-W-00185-20260226,worker-uuid-00185,W-00185,2026-02-26T06:30:00Z,DAY_SHIFT,164,105,92,97,36.4,7.0,1,15,247,False,False,False,False,RESTRICTED,PARAMEDIC_ASSISTED,user-paramedic-01
dcu-W-00185-20260227,worker-uuid-00185,W-00185,2026-02-27T06:30:00Z,DAY_SHIFT,155,93,92,98,36.6,6.2,1,8,238,False,False,True,False,RESTRICTED,PARAMEDIC_ASSISTED,user-paramedic-01
dcu-W-00185-20260228,worker-uuid-00185,W-00185,2026-02-28T06:30:00Z,DAY_SHIFT,151,98,89,99,36.9,7.1,1,11,216,False,False,False,False,RESTRICTED,PARAMEDIC_ASSISTED,user-paramedic-01
dcu-W-00185-20260301,worker-uuid-00185,W-00185,2026-03-01T06:30:00Z,DAY_SHIFT,160,95,89,97,37.0,7.1,0,19,218,False,False,False,False,RESTRICTED,SELF_SERVICE_KIOSK,
dcu-W-00185-20260302,worker-uuid-00185,W-00185,2026-03-02T06:30:00Z,DAY_SHIFT,171,102,98,98,36.6,8.1,1,15,262,False,False,False,False,RESTRICTED,PARAMEDIC_ASSISTED,user-paramedic-01
dcu-W-00185-20260304,worker-uuid-00185,W-00185,2026-03-04T06:30:00Z,DAY_SHIFT,165,107,96,99,36.0,5.6,2,17,267,False,False,False,False,RESTRICTED,SELF_SERVICE_KIOSK,
dcu-W-00185-20260305,worker-uuid-00185,W-00185,2026-03-05T06:30:00Z,DAY_SHIFT,163,100,89,98,36.8,7.9,2,9,259,False,False,True,False,RESTRICTED,SELF_SERVICE_KIOSK,
dcu-W-00185-20260308,worker-uuid-00185,W-00185,2026-03-08T06:30:00Z,DAY_SHIFT,164,102,96,99,36.8,6.6,2,6,232,False,False,False,False,RESTRICTED,SELF_SERVICE_KIOSK,
dcu-W-00185-20260309,worker-uuid-00185,W-00185,2026-03-09T06:30:00Z,DAY_SHIFT,168,109,95,98,36.3,6.9,0,14,227,False,False,False,False,RESTRICTED,SELF_SERVICE_KIOSK,
dcu-W-00185-20260310,worker-uuid-00185,W-00185,2026-03-10T06:30:00Z,DAY_SHIFT,154,101,93,97,36.8,7.7,1,9,222,False,False,True,False,RESTRICTED,SELF_SERVICE_KIOSK,
dcu-W-00185-20260311,worker-uuid-00185,W-00185,2026-03-11T06:30:00Z,DAY_SHIFT,157,103,92,96,36.8,6.2,1,19,239,False,False,False,False,RESTRICTED,PARAMEDIC_ASSISTED,user-paramedic-01
dcu-W-00185-20260312,worker-uuid-00185,W-00185,2026-03-12T18:30:00Z,NIGHT_SHIFT,159,94,97,97,36.4,4.5,2,11,369,False,False,False,False,RESTRICTED,SELF_SERVICE_KIOSK,
dcu-W-00185-20260313,worker-uuid-00185,W-00185,2026-03-13T18:30:00Z,NIGHT_SHIFT,167,102,91,98,36.6,5.0,4,20,285,False,False,False,False,RESTRICTED,SELF_SERVICE_KIOSK,
dcu-W-00185-20260314,worker-uuid-00185,W-00185,2026-03-14T18:30:00Z,NIGHT_SHIFT,167,105,98,97,36.4,3.1,1,17,329,True,False,True,False,UNFIT,PARAMEDIC_ASSISTED,user-paramedic-01
dcu-W-00185-20260315,worker-uuid-00185,W-00185,2026-03-15T18:30:00Z,NIGHT_SHIFT,177,112,95,97,37.0,4.8,1,20,309,False,False,False,False,RESTRICTED,SELF_SERVICE_KIOSK,
dcu-W-00185-20260316,worker-uuid-00185,W-00185,2026-03-16T18:30:00Z,NIGHT_SHIFT,173,114,96,99,36.5,4.7,4,13,368,False,False,False,False,RESTRICTED,SELF_SERVICE_KIOSK,
dcu-W-00185-20260317,worker-uuid-00185,W-00185,2026-03-17T18:30:00Z,NIGHT_SHIFT,172,104,99,96,36.9,4.5,2,9,319,False,False,True,False,RESTRICTED,SELF_SERVICE_KIOSK,
dcu-W-00185-20260318,worker-uuid-00185,W-00185,2026-03-18T18:30:00Z,NIGHT_SHIFT,165,107,102,97,36.9,4.6,2,9,312,False,False,False,False,RESTRICTED,SELF_SERVICE_KIOSK,
dcu-W-00185-20260319,worker-uuid-00185,W-00185,2026-03-19T18:30:00Z,NIGHT_SHIFT,165,98,98,99,36.3,7.2,2,11,266,False,False,False,False,RESTRICTED,SELF_SERVICE_KIOSK,
dcu-W-00185-20260320,worker-uuid-00185,W-00185,2026-03-20T18:30:00Z,NIGHT_SHIFT,164,105,105,96,36.6,5.8,4,13,303,False,False,False,False,RESTRICTED,PARAMEDIC_ASSISTED,user-paramedic-01
dcu-W-00185-20260322,worker-uuid-00185,W-00185,2026-03-22T18:30:00Z,NIGHT_SHIFT,170,105,99,98,36.9,4.7,4,20,343,False,False,False,False,RESTRICTED,SELF_SERVICE_KIOSK,
dcu-W-00185-20260323,worker-uuid-00185,W-00185,2026-03-23T18:30:00Z,NIGHT_SHIFT,174,111,101,98,36.7,3.4,3,12,327,False,False,True,False,UNFIT,SELF_SERVICE_KIOSK,
dcu-W-00185-20260325,worker-uuid-00185,W-00185,2026-03-25T18:30:00Z,NIGHT_SHIFT,159,96,106,96,36.5,6.1,4,7,294,False,False,False,False,RESTRICTED,PARAMEDIC_ASSISTED,user-paramedic-01
dcu-W-00185-20260326,worker-uuid-00185,W-00185,2026-03-26T06:30:00Z,DAY_SHIFT,152,97,98,98,36.8,7.6,0,9,191,False,False,False,False,RESTRICTED,SELF_SERVICE_KIOSK,
dcu-W-00185-20260327,worker-uuid-00185,W-00185,2026-03-27T06:30:00Z,DAY_SHIFT,152,102,94,97,37.3,8.2,2,19,237,False,False,False,False,RESTRICTED,SELF_SERVICE_KIOSK,
dcu-W-00185-20260328,worker-uuid-00185,W-00185,2026-03-28T06:30:00Z,DAY_SHIFT,154,100,92,98,36.2,8.8,0,8,214,False,False,True,False,RESTRICTED,PARAMEDIC_ASSISTED,user-paramedic-01
dcu-W-00185-20260402,worker-uuid-00185,W-00185,2026-04-02T06:30:00Z,DAY_SHIFT,167,104,96,97,36.0,6.7,2,13,289,False,False,False,False,RESTRICTED,SELF_SERVICE_KIOSK,
dcu-W-00185-20260403,worker-uuid-00185,W-00185,2026-04-03T06:30:00Z,DAY_SHIFT,167,105,95,98,36.5,8.1,0,8,221,False,False,False,False,RESTRICTED,SELF_SERVICE_KIOSK,
dcu-W-00185-20260404,worker-uuid-00185,W-00185,2026-04-04T06:30:00Z,DAY_SHIFT,155,92,90,99,36.4,5.9,1,19,225,False,False,False,False,RESTRICTED,PARAMEDIC_ASSISTED,user-paramedic-01
dcu-W-00185-20260405,worker-uuid-00185,W-00185,2026-04-05T06:30:00Z,DAY_SHIFT,169,109,92,98,36.6,6.8,2,20,202,False,False,True,False,UNFIT,SELF_SERVICE_KIOSK,
dcu-W-00185-20260407,worker-uuid-00185,W-00185,2026-04-07T06:30:00Z,DAY_SHIFT,164,106,90,96,37.0,6.9,0,19,198,False,False,False,False,RESTRICTED,PARAMEDIC_ASSISTED,user-paramedic-01
dcu-W-00185-20260408,worker-uuid-00185,W-00185,2026-04-08T06:30:00Z,DAY_SHIFT,161,98,98,98,36.1,8.3,1,16,244,False,False,False,False,RESTRICTED,PARAMEDIC_ASSISTED,user-paramedic-01
dcu-W-00185-20260409,worker-uuid-00185,W-00185,2026-04-09T18:30:00Z,NIGHT_SHIFT,177,112,99,95,36.8,2.8,2,7,325,False,False,False,False,RESTRICTED,SELF_SERVICE_KIOSK,
dcu-W-00185-20260411,worker-uuid-00185,W-00185,2026-04-11T18:30:00Z,NIGHT_SHIFT,162,111,100,98,36.2,5.1,4,6,346,False,False,False,False,RESTRICTED,SELF_SERVICE_KIOSK,
dcu-W-00185-20260412,worker-uuid-00185,W-00185,2026-04-12T18:30:00Z,NIGHT_SHIFT,174,106,98,98,36.5,4.0,4,16,264,False,False,False,False,RESTRICTED,SELF_SERVICE_KIOSK,
dcu-W-00185-20260413,worker-uuid-00185,W-00185,2026-04-13T18:30:00Z,NIGHT_SHIFT,172,101,101,99,36.8,5.2,4,11,266,False,False,True,False,RESTRICTED,PARAMEDIC_ASSISTED,user-paramedic-01
dcu-W-00185-20260414,worker-uuid-00185,W-00185,2026-04-14T18:30:00Z,NIGHT_SHIFT,173,110,105,98,36.8,7.3,1,15,365,False,False,False,False,RESTRICTED,SELF_SERVICE_KIOSK,
dcu-W-00185-20260415,worker-uuid-00185,W-00185,2026-04-15T18:30:00Z,NIGHT_SHIFT,166,102,100,95,35.9,5.6,3,17,228,False,False,False,False,RESTRICTED,PARAMEDIC_ASSISTED,user-paramedic-01
dcu-W-00185-20260419,worker-uuid-00185,W-00185,2026-04-19T18:30:00Z,NIGHT_SHIFT,152,96,108,97,36.5,6.2,1,15,377,False,False,False,False,RESTRICTED,SELF_SERVICE_KIOSK,
dcu-W-00185-20260420,worker-uuid-00185,W-00185,2026-04-20T18:30:00Z,NIGHT_SHIFT,169,100,92,97,35.9,6.4,2,11,276,False,False,True,False,UNFIT,PARAMEDIC_ASSISTED,user-paramedic-01
dcu-W-00185-20260421,worker-uuid-00185,W-00185,2026-04-21T18:30:00Z,NIGHT_SHIFT,175,102,105,96,36.6,3.6,4,11,327,False,False,True,False,RESTRICTED,SELF_SERVICE_KIOSK,
dcu-W-00185-20260422,worker-uuid-00185,W-00185,2026-04-22T18:30:00Z,NIGHT_SHIFT,168,111,97,99,35.7,5.8,1,9,296,False,False,False,False,RESTRICTED,SELF_SERVICE_KIOSK,
dcu-W-00185-20260423,worker-uuid-00185,W-00185,2026-04-23T06:30:00Z,DAY_SHIFT,169,106,97,99,36.9,7.4,1,6,247,False,False,True,False,UNFIT,SELF_SERVICE_KIOSK,
dcu-W-00185-20260424,worker-uuid-00185,W-00185,2026-04-24T06:30:00Z,DAY_SHIFT,163,112,99,98,36.5,6.4,1,6,258,False,False,False,False,RESTRICTED,SELF_SERVICE_KIOSK,
dcu-W-00185-20260425,worker-uuid-00185,W-00185,2026-04-25T06:30:00Z,DAY_SHIFT,156,98,98,98,36.8,6.6,0,11,237,False,False,True,False,RESTRICTED,SELF_SERVICE_KIOSK,
dcu-W-00185-20260426,worker-uuid-00185,W-00185,2026-04-26T06:30:00Z,DAY_SHIFT,161,99,92,97,36.8,7.3,2,18,249,False,False,False,False,RESTRICTED,SELF_SERVICE_KIOSK,
dcu-W-00185-20260428,worker-uuid-00185,W-00185,2026-04-28T06:30:00Z,DAY_SHIFT,158,100,97,99,36.8,6.7,1,10,216,False,False,False,False,RESTRICTED,SELF_SERVICE_KIOSK,
dcu-W-00185-20260429,worker-uuid-00185,W-00185,2026-04-29T06:30:00Z,DAY_SHIFT,170,106,92,97,36.7,6.7,0,15,211,False,False,True,False,RESTRICTED,SELF_SERVICE_KIOSK,
dcu-W-00185-20260430,worker-uuid-00185,W-00185,2026-04-30T06:30:00Z,DAY_SHIFT,157,100,93,100,36.6,6.5,0,10,203,False,False,True,False,RESTRICTED,SELF_SERVICE_KIOSK,
dcu-W-00185-20260501,worker-uuid-00185,W-00185,2026-05-01T06:30:00Z,DAY_SHIFT,159,93,95,97,36.4,7.2,1,14,241,False,False,False,False,RESTRICTED,SELF_SERVICE_KIOSK,
dcu-W-00185-20260502,worker-uuid-00185,W-00185,2026-05-02T06:30:00Z,DAY_SHIFT,157,94,94,99,36.0,7.8,1,19,261,False,False,False,False,RESTRICTED,PARAMEDIC_ASSISTED,user-paramedic-01
dcu-W-00185-20260503,worker-uuid-00185,W-00185,2026-05-03T06:30:00Z,DAY_SHIFT,159,94,95,97,36.8,7.5,2,6,270,False,False,False,False,RESTRICTED,SELF_SERVICE_KIOSK,
dcu-W-00185-20260504,worker-uuid-00185,W-00185,2026-05-04T06:30:00Z,DAY_SHIFT,151,98,92,98,36.2,7.4,0,6,212,False,False,True,False,RESTRICTED,SELF_SERVICE_KIOSK,
dcu-W-00185-20260505,worker-uuid-00185,W-00185,2026-05-05T06:30:00Z,DAY_SHIFT,161,108,91,97,36.5,5.0,0,19,267,False,False,False,False,RESTRICTED,PARAMEDIC_ASSISTED,user-paramedic-01
dcu-W-00185-20260506,worker-uuid-00185,W-00185,2026-05-06T06:30:00Z,DAY_SHIFT,162,100,93,97,36.9,6.3,1,20,225,False,False,True,False,RESTRICTED,PARAMEDIC_ASSISTED,user-paramedic-01
dcu-W-00185-20260509,worker-uuid-00185,W-00185,2026-05-09T18:30:00Z,NIGHT_SHIFT,181,118,106,98,36.7,4.4,1,14,275,False,False,True,False,UNFIT,PARAMEDIC_ASSISTED,user-paramedic-01
dcu-W-00185-20260510,worker-uuid-00185,W-00185,2026-05-10T18:30:00Z,NIGHT_SHIFT,160,98,104,99,36.4,5.0,1,6,407,False,False,False,False,RESTRICTED,SELF_SERVICE_KIOSK,
dcu-W-00185-20260511,worker-uuid-00185,W-00185,2026-05-11T18:30:00Z,NIGHT_SHIFT,172,114,109,96,36.6,3.2,4,10,339,False,False,True,False,RESTRICTED,SELF_SERVICE_KIOSK,
dcu-W-00185-20260512,worker-uuid-00185,W-00185,2026-05-12T18:30:00Z,NIGHT_SHIFT,175,113,100,98,36.4,4.5,2,11,278,False,False,False,False,RESTRICTED,SELF_SERVICE_KIOSK,
dcu-W-00185-20260514,worker-uuid-00185,W-00185,2026-05-14T18:30:00Z,NIGHT_SHIFT,168,101,95,98,35.9,5.3,3,17,243,False,False,True,False,RESTRICTED,SELF_SERVICE_KIOSK,
dcu-W-00185-20260515,worker-uuid-00185,W-00185,2026-05-15T18:30:00Z,NIGHT_SHIFT,165,111,106,97,36.1,5.4,3,7,280,False,False,True,False,UNFIT,PARAMEDIC_ASSISTED,user-paramedic-01
dcu-W-00185-20260516,worker-uuid-00185,W-00185,2026-05-16T18:30:00Z,NIGHT_SHIFT,171,111,105,97,36.8,4.8,3,12,354,False,False,False,False,RESTRICTED,SELF_SERVICE_KIOSK,
dcu-W-00185-20260517,worker-uuid-00185,W-00185,2026-05-17T18:30:00Z,NIGHT_SHIFT,156,90,100,100,36.9,5.4,4,15,283,False,False,False,False,RESTRICTED,SELF_SERVICE_KIOSK,
dcu-W-00185-20260518,worker-uuid-00185,W-00185,2026-05-18T18:30:00Z,NIGHT_SHIFT,173,102,102,98,35.9,5.2,3,13,307,False,False,True,False,RESTRICTED,PARAMEDIC_ASSISTED,user-paramedic-01
dcu-W-00185-20260519,worker-uuid-00185,W-00185,2026-05-19T18:30:00Z,NIGHT_SHIFT,164,107,92,98,37.0,4.5,3,13,375,False,False,False,False,RESTRICTED,PARAMEDIC_ASSISTED,user-paramedic-01
dcu-W-00185-20260520,worker-uuid-00185,W-00185,2026-05-20T18:30:00Z,NIGHT_SHIFT,165,102,103,96,37.1,5.2,2,16,343,False,False,True,False,RESTRICTED,SELF_SERVICE_KIOSK,
dcu-W-00185-20260523,worker-uuid-00185,W-00185,2026-05-23T06:30:00Z,DAY_SHIFT,167,103,100,99,36.9,7.8,1,17,249,False,False,False,False,RESTRICTED,PARAMEDIC_ASSISTED,user-paramedic-01
dcu-W-00185-20260524,worker-uuid-00185,W-00185,2026-05-24T06:30:00Z,DAY_SHIFT,152,98,88,100,36.3,5.8,2,6,229,False,False,False,False,RESTRICTED,SELF_SERVICE_KIOSK,
dcu-W-00185-20260526,worker-uuid-00185,W-00185,2026-05-26T06:30:00Z,DAY_SHIFT,154,91,90,99,36.5,6.8,0,19,184,False,False,True,False,RESTRICTED,PARAMEDIC_ASSISTED,user-paramedic-01
dcu-W-00185-20260527,worker-uuid-00185,W-00185,2026-05-27T06:30:00Z,DAY_SHIFT,157,96,100,98,36.7,7.0,1,6,228,False,False,True,False,RESTRICTED,PARAMEDIC_ASSISTED,user-paramedic-01
dcu-W-00185-20260528,worker-uuid-00185,W-00185,2026-05-28T06:30:00Z,DAY_SHIFT,162,105,90,99,36.5,7.3,0,12,229,False,False,True,False,RESTRICTED,PARAMEDIC_ASSISTED,user-paramedic-01
dcu-W-00185-20260529,worker-uuid-00185,W-00185,2026-05-29T06:30:00Z,DAY_SHIFT,161,105,96,97,36.5,7.6,0,20,251,False,False,False,False,RESTRICTED,SELF_SERVICE_KIOSK,
dcu-W-00185-20260530,worker-uuid-00185,W-00185,2026-05-30T06:30:00Z,DAY_SHIFT,164,101,96,98,36.8,7.6,1,15,224,False,False,False,False,RESTRICTED,SELF_SERVICE_KIOSK,
dcu-W-00185-20260531,worker-uuid-00185,W-00185,2026-05-31T06:30:00Z,DAY_SHIFT,156,97,96,100,36.7,7.1,0,10,211,False,False,True,False,RESTRICTED,PARAMEDIC_ASSISTED,user-paramedic-01
dcu-W-00185-20260602,worker-uuid-00185,W-00185,2026-06-02T06:30:00Z,DAY_SHIFT,171,103,96,98,36.0,7.7,2,9,229,False,False,False,False,RESTRICTED,SELF_SERVICE_KIOSK,
dcu-W-00185-20260603,worker-uuid-00185,W-00185,2026-06-03T06:30:00Z,DAY_SHIFT,155,95,90,98,36.6,6.2,1,7,226,False,False,False,False,RESTRICTED,SELF_SERVICE_KIOSK,
dcu-W-00185-20260605,worker-uuid-00185,W-00185,2026-06-05T18:30:00Z,NIGHT_SHIFT,162,98,96,96,36.6,5.0,2,10,245,False,False,True,False,RESTRICTED,SELF_SERVICE_KIOSK,
dcu-W-00185-20260606,worker-uuid-00185,W-00185,2026-06-06T18:30:00Z,NIGHT_SHIFT,164,107,104,98,36.2,6.7,2,13,278,False,False,False,False,RESTRICTED,PARAMEDIC_ASSISTED,user-paramedic-01
dcu-W-00185-20260607,worker-uuid-00185,W-00185,2026-06-07T18:30:00Z,NIGHT_SHIFT,165,106,98,97,37.1,4.5,3,8,321,False,False,False,False,RESTRICTED,SELF_SERVICE_KIOSK,
dcu-W-00185-20260610,worker-uuid-00185,W-00185,2026-06-10T18:30:00Z,NIGHT_SHIFT,171,102,100,98,36.7,3.8,2,18,265,False,False,False,False,RESTRICTED,SELF_SERVICE_KIOSK,
dcu-W-00185-20260612,worker-uuid-00185,W-00185,2026-06-12T18:30:00Z,NIGHT_SHIFT,164,107,103,98,36.8,5.4,2,19,266,False,False,False,False,RESTRICTED,SELF_SERVICE_KIOSK,
dcu-W-00185-20260613,worker-uuid-00185,W-00185,2026-06-13T18:30:00Z,NIGHT_SHIFT,165,104,104,98,36.3,5.6,1,11,328,False,False,True,False,RESTRICTED,SELF_SERVICE_KIOSK,
dcu-W-00185-20260615,worker-uuid-00185,W-00185,2026-06-15T18:30:00Z,NIGHT_SHIFT,170,105,99,99,36.4,6.0,1,17,334,False,False,False,False,RESTRICTED,SELF_SERVICE_KIOSK,
dcu-W-00185-20260616,worker-uuid-00185,W-00185,2026-06-16T18:30:00Z,NIGHT_SHIFT,164,107,103,98,36.8,5.3,1,6,335,False,False,False,False,RESTRICTED,PARAMEDIC_ASSISTED,user-paramedic-01
dcu-W-00185-20260617,worker-uuid-00185,W-00185,2026-06-17T18:30:00Z,NIGHT_SHIFT,168,108,92,98,36.7,6.2,2,14,308,False,False,True,False,RESTRICTED,SELF_SERVICE_KIOSK,
dcu-W-00185-20260618,worker-uuid-00185,W-00185,2026-06-18T06:30:00Z,DAY_SHIFT,161,96,80,96,36.8,6.8,0,14,234,False,False,False,False,RESTRICTED,SELF_SERVICE_KIOSK,
dcu-W-00185-20260619,worker-uuid-00185,W-00185,2026-06-19T06:30:00Z,DAY_SHIFT,164,96,93,97,36.1,7.0,1,7,247,False,False,False,False,RESTRICTED,SELF_SERVICE_KIOSK,
dcu-W-00185-20260620,worker-uuid-00185,W-00185,2026-06-20T06:30:00Z,DAY_SHIFT,160,99,95,98,36.2,6.2,1,12,251,False,False,False,False,RESTRICTED,SELF_SERVICE_KIOSK,
dcu-W-00185-20260621,worker-uuid-00185,W-00185,2026-06-21T06:30:00Z,DAY_SHIFT,154,91,85,98,36.1,6.3,1,12,222,False,False,False,False,RESTRICTED,SELF_SERVICE_KIOSK,
dcu-W-00185-20260622,worker-uuid-00185,W-00185,2026-06-22T06:30:00Z,DAY_SHIFT,162,96,91,97,37.0,7.0,0,12,253,False,False,False,False,RESTRICTED,SELF_SERVICE_KIOSK,
dcu-W-00185-20260623,worker-uuid-00185,W-00185,2026-06-23T06:30:00Z,DAY_SHIFT,167,111,88,97,36.4,4.8,1,8,272,False,False,False,False,RESTRICTED,SELF_SERVICE_KIOSK,
dcu-W-00185-20260625,worker-uuid-00185,W-00185,2026-06-25T06:30:00Z,DAY_SHIFT,157,101,91,97,36.4,7.0,1,19,225,False,False,False,False,RESTRICTED,SELF_SERVICE_KIOSK,
dcu-W-00185-20260626,worker-uuid-00185,W-00185,2026-06-26T06:30:00Z,DAY_SHIFT,156,99,94,98,36.3,7.0,1,11,209,False,False,False,False,RESTRICTED,SELF_SERVICE_KIOSK,
dcu-W-00185-20260628,worker-uuid-00185,W-00185,2026-06-28T06:30:00Z,DAY_SHIFT,162,98,93,99,36.7,8.2,1,7,173,False,False,True,False,RESTRICTED,PARAMEDIC_ASSISTED,user-paramedic-01
dcu-W-00185-20260629,worker-uuid-00185,W-00185,2026-06-29T06:30:00Z,DAY_SHIFT,165,99,102,97,35.9,5.6,0,17,230,False,False,False,False,RESTRICTED,SELF_SERVICE_KIOSK,
dcu-W-00185-20260630,worker-uuid-00185,W-00185,2026-06-30T06:30:00Z,DAY_SHIFT,157,96,105,97,36.5,8.2,2,17,246,False,False,True,False,RESTRICTED,SELF_SERVICE_KIOSK,
dcu-W-00185-20260701,worker-uuid-00185,W-00185,2026-07-01T06:30:00Z,DAY_SHIFT,160,96,90,98,36.4,6.7,2,11,249,False,False,False,False,RESTRICTED,PARAMEDIC_ASSISTED,user-paramedic-01
dcu-W-00185-20260702,worker-uuid-00185,W-00185,2026-07-02T18:30:00Z,NIGHT_SHIFT,170,108,97,100,36.5,4.5,2,7,333,False,False,False,False,RESTRICTED,SELF_SERVICE_KIOSK,
dcu-W-00185-20260703,worker-uuid-00185,W-00185,2026-07-03T18:30:00Z,NIGHT_SHIFT,163,102,109,97,36.0,5.3,4,14,327,False,False,False,False,RESTRICTED,PARAMEDIC_ASSISTED,user-paramedic-01
dcu-W-00185-20260704,worker-uuid-00185,W-00185,2026-07-04T18:30:00Z,NIGHT_SHIFT,162,102,96,97,36.2,7.0,1,15,331,False,False,False,False,RESTRICTED,SELF_SERVICE_KIOSK,
dcu-W-00185-20260705,worker-uuid-00185,W-00185,2026-07-05T18:30:00Z,NIGHT_SHIFT,169,108,104,99,36.4,5.4,1,7,253,False,False,True,False,RESTRICTED,SELF_SERVICE_KIOSK,
dcu-W-00185-20260706,worker-uuid-00185,W-00185,2026-07-06T18:30:00Z,NIGHT_SHIFT,164,105,95,99,36.5,4.2,3,19,274,False,False,False,False,RESTRICTED,SELF_SERVICE_KIOSK,
dcu-W-00185-20260707,worker-uuid-00185,W-00185,2026-07-07T18:30:00Z,NIGHT_SHIFT,156,95,105,96,36.2,6.3,4,18,391,False,False,True,False,RESTRICTED,SELF_SERVICE_KIOSK,
dcu-W-00185-20260708,worker-uuid-00185,W-00185,2026-07-08T18:30:00Z,NIGHT_SHIFT,173,111,102,99,35.9,6.0,1,11,354,True,False,True,False,UNFIT,SELF_SERVICE_KIOSK,
dcu-W-00185-20260709,worker-uuid-00185,W-00185,2026-07-09T18:30:00Z,NIGHT_SHIFT,166,102,102,97,36.5,3.2,1,8,280,False,False,True,False,UNFIT,SELF_SERVICE_KIOSK,
dcu-W-00185-20260710,worker-uuid-00185,W-00185,2026-07-10T18:30:00Z,NIGHT_SHIFT,173,109,94,99,37.0,3.0,1,9,308,True,False,True,False,UNFIT,PARAMEDIC_ASSISTED,user-paramedic-01
dcu-W-00185-20260711,worker-uuid-00185,W-00185,2026-07-11T18:30:00Z,NIGHT_SHIFT,159,96,103,97,36.4,6.3,2,8,281,False,False,True,False,RESTRICTED,SELF_SERVICE_KIOSK,
dcu-W-00185-20260712,worker-uuid-00185,W-00185,2026-07-12T18:30:00Z,NIGHT_SHIFT,163,103,100,98,36.7,5.3,3,12,319,False,False,False,False,RESTRICTED,SELF_SERVICE_KIOSK,
dcu-W-00185-20260713,worker-uuid-00185,W-00185,2026-07-13T18:30:00Z,NIGHT_SHIFT,169,108,93,99,36.9,5.5,4,16,333,False,False,True,False,RESTRICTED,SELF_SERVICE_KIOSK,
dcu-W-00185-20260714,worker-uuid-00185,W-00185,2026-07-14T18:30:00Z,NIGHT_SHIFT,181,123,101,97,36.5,4.9,3,17,320,False,False,True,False,UNFIT,SELF_SERVICE_KIOSK,
dcu-W-00185-20260716,worker-uuid-00185,W-00185,2026-07-16T06:30:00Z,DAY_SHIFT,158,104,93,97,36.6,5.9,2,11,258,False,False,False,False,RESTRICTED,SELF_SERVICE_KIOSK,
dcu-W-00185-20260717,worker-uuid-00185,W-00185,2026-07-17T06:30:00Z,DAY_SHIFT,151,93,90,99,36.2,7.5,2,16,267,False,False,False,False,RESTRICTED,SELF_SERVICE_KIOSK,
dcu-W-00185-20260719,worker-uuid-00185,W-00185,2026-07-19T06:30:00Z,DAY_SHIFT,160,93,101,97,36.2,5.8,0,17,249,False,False,False,False,RESTRICTED,PARAMEDIC_ASSISTED,user-paramedic-01
dcu-W-00185-20260721,worker-uuid-00185,W-00185,2026-07-21T06:30:00Z,DAY_SHIFT,163,108,93,98,36.6,8.2,2,18,215,False,False,False,False,RESTRICTED,SELF_SERVICE_KIOSK,
dcu-W-00185-20260722,worker-uuid-00185,W-00185,2026-07-22T06:30:00Z,DAY_SHIFT,156,100,94,96,36.2,6.9,1,15,230,False,False,False,False,RESTRICTED,SELF_SERVICE_KIOSK,
dcu-W-00185-20260723,worker-uuid-00185,W-00185,2026-07-23T06:30:00Z,DAY_SHIFT,154,97,92,99,37.0,6.9,0,7,255,False,False,False,False,RESTRICTED,PARAMEDIC_ASSISTED,user-paramedic-01
dcu-W-00185-20260726,worker-uuid-00185,W-00185,2026-07-26T06:30:00Z,DAY_SHIFT,163,99,93,99,36.6,8.9,0,20,261,False,False,True,False,RESTRICTED,SELF_SERVICE_KIOSK,
dcu-W-00185-20260727,worker-uuid-00185,W-00185,2026-07-27T06:30:00Z,DAY_SHIFT,165,98,96,99,36.7,7.5,1,19,232,False,False,True,False,RESTRICTED,SELF_SERVICE_KIOSK,
dcu-W-00185-20260729,worker-uuid-00185,W-00185,2026-07-29T06:30:00Z,DAY_SHIFT,160,99,99,98,36.4,3.9,1,6,235,False,False,True,False,RESTRICTED,SELF_SERVICE_KIOSK,
dcu-W-00185-20260730,worker-uuid-00185,W-00185,2026-07-30T18:30:00Z,NIGHT_SHIFT,165,106,96,98,36.4,4.1,3,9,298,False,False,False,False,RESTRICTED,SELF_SERVICE_KIOSK,
dcu-W-00185-20260801,worker-uuid-00185,W-00185,2026-08-01T18:30:00Z,NIGHT_SHIFT,177,108,97,99,36.7,4.9,2,6,331,False,False,True,False,RESTRICTED,SELF_SERVICE_KIOSK,
dcu-W-00185-20260802,worker-uuid-00185,W-00185,2026-08-02T18:30:00Z,NIGHT_SHIFT,161,95,107,100,36.3,4.7,4,17,281,False,False,False,False,RESTRICTED,SELF_SERVICE_KIOSK,
dcu-W-00185-20260804,worker-uuid-00185,W-00185,2026-08-04T18:30:00Z,NIGHT_SHIFT,164,106,92,98,36.5,5.9,4,12,331,False,False,True,False,RESTRICTED,SELF_SERVICE_KIOSK,
dcu-W-00185-20260805,worker-uuid-00185,W-00185,2026-08-05T18:30:00Z,NIGHT_SHIFT,162,96,99,98,36.4,5.8,4,7,346,False,False,False,False,RESTRICTED,SELF_SERVICE_KIOSK,
dcu-W-00185-20260807,worker-uuid-00185,W-00185,2026-08-07T18:30:00Z,NIGHT_SHIFT,170,110,96,98,36.1,4.4,2,18,342,False,False,False,False,RESTRICTED,SELF_SERVICE_KIOSK,
dcu-W-00185-20260808,worker-uuid-00185,W-00185,2026-08-08T18:30:00Z,NIGHT_SHIFT,161,102,112,99,36.1,4.9,4,8,363,False,False,False,False,RESTRICTED,PARAMEDIC_ASSISTED,user-paramedic-01
dcu-W-00185-20260809,worker-uuid-00185,W-00185,2026-08-09T18:30:00Z,NIGHT_SHIFT,161,101,98,96,36.3,5.4,2,9,393,False,False,False,False,RESTRICTED,PARAMEDIC_ASSISTED,user-paramedic-01
dcu-W-00185-20260810,worker-uuid-00185,W-00185,2026-08-10T18:30:00Z,NIGHT_SHIFT,174,115,100,98,36.4,5.9,3,16,291,False,False,True,False,UNFIT,SELF_SERVICE_KIOSK,
dcu-W-00185-20260811,worker-uuid-00185,W-00185,2026-08-11T18:30:00Z,NIGHT_SHIFT,169,106,88,97,36.6,6.8,3,19,272,False,False,False,False,RESTRICTED,SELF_SERVICE_KIOSK,
dcu-W-00185-20260812,worker-uuid-00185,W-00185,2026-08-12T18:30:00Z,NIGHT_SHIFT,163,102,101,97,36.8,5.2,4,13,344,False,False,False,False,RESTRICTED,SELF_SERVICE_KIOSK,
dcu-W-00185-20260813,worker-uuid-00185,W-00185,2026-08-13T06:30:00Z,DAY_SHIFT,152,102,99,98,36.0,6.7,1,7,231,False,False,False,False,RESTRICTED,SELF_SERVICE_KIOSK,
dcu-W-00185-20260814,worker-uuid-00185,W-00185,2026-08-14T06:30:00Z,DAY_SHIFT,159,93,96,98,36.3,6.8,0,20,247,False,False,False,False,RESTRICTED,SELF_SERVICE_KIOSK,
dcu-W-00185-20260815,worker-uuid-00185,W-00185,2026-08-15T06:30:00Z,DAY_SHIFT,163,104,91,98,37.0,7.8,1,10,236,False,False,False,False,RESTRICTED,PARAMEDIC_ASSISTED,user-paramedic-01
dcu-W-00185-20260816,worker-uuid-00185,W-00185,2026-08-16T06:30:00Z,DAY_SHIFT,152,101,89,98,36.4,6.5,2,17,197,False,False,False,False,RESTRICTED,SELF_SERVICE_KIOSK,
dcu-W-00185-20260817,worker-uuid-00185,W-00185,2026-08-17T06:30:00Z,DAY_SHIFT,153,97,93,99,36.9,7.2,1,7,280,False,False,False,False,RESTRICTED,SELF_SERVICE_KIOSK,
dcu-W-00185-20260818,worker-uuid-00185,W-00185,2026-08-18T06:30:00Z,DAY_SHIFT,156,99,92,98,36.8,8.1,0,9,287,False,False,False,False,RESTRICTED,PARAMEDIC_ASSISTED,user-paramedic-01
dcu-W-00185-20260819,worker-uuid-00185,W-00185,2026-08-19T06:30:00Z,DAY_SHIFT,158,98,92,98,36.5,4.6,2,17,229,False,False,False,False,RESTRICTED,PARAMEDIC_ASSISTED,user-paramedic-01
dcu-W-00185-20260821,worker-uuid-00185,W-00185,2026-08-21T06:30:00Z,DAY_SHIFT,158,105,96,97,36.1,7.3,2,6,247,False,False,False,False,RESTRICTED,PARAMEDIC_ASSISTED,user-paramedic-01
dcu-W-00185-20260822,worker-uuid-00185,W-00185,2026-08-22T06:30:00Z,DAY_SHIFT,162,105,94,97,36.2,7.2,1,9,225,False,False,False,False,RESTRICTED,SELF_SERVICE_KIOSK,
dcu-W-00185-20260823,worker-uuid-00185,W-00185,2026-08-23T06:30:00Z,DAY_SHIFT,158,93,90,97,36.5,6.9,2,20,204,False,False,True,False,RESTRICTED,SELF_SERVICE_KIOSK,
dcu-W-00185-20260824,worker-uuid-00185,W-00185,2026-08-24T06:30:00Z,DAY_SHIFT,159,98,86,99,36.7,6.6,2,7,244,False,False,True,False,RESTRICTED,SELF_SERVICE_KIOSK,
dcu-W-00185-20260825,worker-uuid-00185,W-00185,2026-08-25T06:30:00Z,DAY_SHIFT,160,101,99,99,36.5,6.3,2,15,174,False,False,False,False,RESTRICTED,SELF_SERVICE_KIOSK,
dcu-W-00185-20260826,worker-uuid-00185,W-00185,2026-08-26T06:30:00Z,DAY_SHIFT,155,100,87,96,36.8,7.0,0,11,188,False,False,True,False,RESTRICTED,SELF_SERVICE_KIOSK,
dcu-W-00185-20260827,worker-uuid-00185,W-00185,2026-08-27T18:30:00Z,NIGHT_SHIFT,174,114,107,98,36.3,3.8,3,12,327,False,False,True,False,RESTRICTED,PARAMEDIC_ASSISTED,user-paramedic-01
dcu-W-00185-20260828,worker-uuid-00185,W-00185,2026-08-28T18:30:00Z,NIGHT_SHIFT,168,103,96,99,36.4,3.9,1,12,351,False,False,True,False,RESTRICTED,SELF_SERVICE_KIOSK,
dcu-W-00185-20260829,worker-uuid-00185,W-00185,2026-08-29T18:30:00Z,NIGHT_SHIFT,164,99,100,98,36.3,5.5,4,11,298,False,False,False,False,RESTRICTED,SELF_SERVICE_KIOSK,
dcu-W-00185-20260830,worker-uuid-00185,W-00185,2026-08-30T18:30:00Z,NIGHT_SHIFT,161,95,99,97,36.1,4.6,1,13,296,False,False,False,False,RESTRICTED,SELF_SERVICE_KIOSK,
dcu-W-00185-20260902,worker-uuid-00185,W-00185,2026-09-02T18:30:00Z,NIGHT_SHIFT,170,105,97,98,36.4,4.5,3,14,269,False,False,False,False,RESTRICTED,SELF_SERVICE_KIOSK,
dcu-W-00185-20260904,worker-uuid-00185,W-00185,2026-09-04T18:30:00Z,NIGHT_SHIFT,163,98,98,96,36.5,3.9,2,11,324,False,False,False,False,RESTRICTED,PARAMEDIC_ASSISTED,user-paramedic-01
dcu-W-00185-20260905,worker-uuid-00185,W-00185,2026-09-05T18:30:00Z,NIGHT_SHIFT,163,98,95,96,36.5,6.1,2,14,297,False,False,True,False,RESTRICTED,SELF_SERVICE_KIOSK,
dcu-W-00185-20260906,worker-uuid-00185,W-00185,2026-09-06T18:30:00Z,NIGHT_SHIFT,171,111,105,95,36.3,6.3,4,6,276,False,False,False,False,RESTRICTED,SELF_SERVICE_KIOSK,
dcu-W-00185-20260907,worker-uuid-00185,W-00185,2026-09-07T18:30:00Z,NIGHT_SHIFT,171,107,104,98,36.4,5.2,2,12,345,False,False,False,False,RESTRICTED,SELF_SERVICE_KIOSK,
dcu-W-00185-20260908,worker-uuid-00185,W-00185,2026-09-08T18:30:00Z,NIGHT_SHIFT,172,110,104,97,37.1,4.6,3,12,277,False,False,True,False,RESTRICTED,SELF_SERVICE_KIOSK,
dcu-W-00185-20260909,worker-uuid-00185,W-00185,2026-09-09T18:30:00Z,NIGHT_SHIFT,158,102,98,96,36.0,6.9,1,6,353,False,False,False,False,RESTRICTED,SELF_SERVICE_KIOSK,
dcu-W-00185-20260911,worker-uuid-00185,W-00185,2026-09-11T06:30:00Z,DAY_SHIFT,160,99,101,98,36.7,6.7,0,16,256,False,False,True,False,RESTRICTED,PARAMEDIC_ASSISTED,user-paramedic-01
dcu-W-00185-20260912,worker-uuid-00185,W-00185,2026-09-12T06:30:00Z,DAY_SHIFT,158,93,80,97,37.2,5.9,2,14,263,False,False,False,False,RESTRICTED,SELF_SERVICE_KIOSK,
dcu-W-00185-20260914,worker-uuid-00185,W-00185,2026-09-14T06:30:00Z,DAY_SHIFT,164,96,92,99,36.5,5.8,1,16,217,False,False,False,False,RESTRICTED,PARAMEDIC_ASSISTED,user-paramedic-01
dcu-W-00185-20260915,worker-uuid-00185,W-00185,2026-09-15T06:30:00Z,DAY_SHIFT,151,102,93,98,36.5,6.9,2,16,238,False,False,True,False,RESTRICTED,PARAMEDIC_ASSISTED,user-paramedic-01
dcu-W-00185-20260916,worker-uuid-00185,W-00185,2026-09-16T06:30:00Z,DAY_SHIFT,172,107,95,98,36.8,7.2,1,14,233,False,False,False,False,RESTRICTED,SELF_SERVICE_KIOSK,
dcu-W-00185-20260917,worker-uuid-00185,W-00185,2026-09-17T06:30:00Z,DAY_SHIFT,151,100,91,98,36.3,5.9,0,14,289,False,False,False,False,RESTRICTED,SELF_SERVICE_KIOSK,
dcu-W-00185-20260919,worker-uuid-00185,W-00185,2026-09-19T06:30:00Z,DAY_SHIFT,163,105,96,98,36.8,7.1,1,8,235,False,False,False,False,RESTRICTED,SELF_SERVICE_KIOSK,
dcu-W-00185-20260921,worker-uuid-00185,W-00185,2026-09-21T06:30:00Z,DAY_SHIFT,162,104,93,98,36.4,8.7,2,16,225,False,False,False,False,RESTRICTED,PARAMEDIC_ASSISTED,user-paramedic-01
dcu-W-00185-20260922,worker-uuid-00185,W-00185,2026-09-22T06:30:00Z,DAY_SHIFT,162,95,91,98,36.5,5.7,2,16,235,False,False,False,False,RESTRICTED,SELF_SERVICE_KIOSK,
dcu-W-00185-20260923,worker-uuid-00185,W-00185,2026-09-23T06:30:00Z,DAY_SHIFT,154,96,87,98,37.1,5.5,2,15,277,False,False,True,False,RESTRICTED,PARAMEDIC_ASSISTED,user-paramedic-01
dcu-W-00185-20260924,worker-uuid-00185,W-00185,2026-09-24T18:30:00Z,NIGHT_SHIFT,172,110,99,99,36.2,8.8,1,13,325,False,False,False,False,RESTRICTED,SELF_SERVICE_KIOSK,
dcu-W-00185-20260925,worker-uuid-00185,W-00185,2026-09-25T18:30:00Z,NIGHT_SHIFT,170,108,100,98,36.5,5.5,3,19,295,False,False,False,False,RESTRICTED,SELF_SERVICE_KIOSK,
dcu-W-00185-20260926,worker-uuid-00185,W-00185,2026-09-26T18:30:00Z,NIGHT_SHIFT,170,108,96,99,36.2,6.2,4,18,342,False,False,True,False,RESTRICTED,SELF_SERVICE_KIOSK,
dcu-W-00185-20260927,worker-uuid-00185,W-00185,2026-09-27T18:30:00Z,NIGHT_SHIFT,182,111,107,99,36.3,3.6,2,18,346,False,False,True,False,UNFIT,SELF_SERVICE_KIOSK,
dcu-W-00185-20260928,worker-uuid-00185,W-00185,2026-09-28T18:30:00Z,NIGHT_SHIFT,159,96,99,98,36.0,5.6,3,14,337,False,False,True,False,RESTRICTED,SELF_SERVICE_KIOSK,
dcu-W-00185-20260930,worker-uuid-00185,W-00185,2026-09-30T18:30:00Z,NIGHT_SHIFT,166,105,99,98,37.1,6.5,4,10,295,False,False,True,False,RESTRICTED,SELF_SERVICE_KIOSK,
dcu-W-00185-20261001,worker-uuid-00185,W-00185,2026-10-01T18:30:00Z,NIGHT_SHIFT,167,105,97,99,36.5,6.1,3,10,303,False,False,False,False,RESTRICTED,SELF_SERVICE_KIOSK,
dcu-W-00185-20261003,worker-uuid-00185,W-00185,2026-10-03T18:30:00Z,NIGHT_SHIFT,166,111,105,99,36.5,5.3,2,14,346,False,False,False,False,RESTRICTED,SELF_SERVICE_KIOSK,
dcu-W-00185-20261004,worker-uuid-00185,W-00185,2026-10-04T18:30:00Z,NIGHT_SHIFT,169,110,91,99,36.5,4.6,2,9,353,False,False,False,False,RESTRICTED,SELF_SERVICE_KIOSK,
dcu-W-00185-20261005,worker-uuid-00185,W-00185,2026-10-05T18:30:00Z,NIGHT_SHIFT,161,99,94,97,36.6,6.9,1,13,288,False,False,True,False,RESTRICTED,PARAMEDIC_ASSISTED,user-paramedic-01
dcu-W-00185-20261006,worker-uuid-00185,W-00185,2026-10-06T18:30:00Z,NIGHT_SHIFT,167,105,105,98,36.6,5.9,2,6,300,False,False,True,False,RESTRICTED,PARAMEDIC_ASSISTED,user-paramedic-01
dcu-W-00185-20261007,worker-uuid-00185,W-00185,2026-10-07T18:30:00Z,NIGHT_SHIFT,165,105,101,96,36.8,6.5,2,14,335,False,False,True,False,UNFIT,SELF_SERVICE_KIOSK,
dcu-W-00185-20261008,worker-uuid-00185,W-00185,2026-10-08T06:30:00Z,DAY_SHIFT,146,94,90,97,36.7,7.3,1,11,212,False,False,False,False,FIT,PARAMEDIC_ASSISTED,user-paramedic-01
dcu-W-00185-20261009,worker-uuid-00185,W-00185,2026-10-09T06:30:00Z,DAY_SHIFT,168,107,99,98,36.6,6.6,2,17,248,True,False,True,False,UNFIT,PARAMEDIC_ASSISTED,user-paramedic-01
dcu-W-00185-20261010,worker-uuid-00185,W-00185,2026-10-10T06:30:00Z,DAY_SHIFT,164,103,89,98,36.6,6.8,0,11,242,False,False,True,False,RESTRICTED,SELF_SERVICE_KIOSK,
dcu-W-00185-20261011,worker-uuid-00185,W-00185,2026-10-11T06:30:00Z,DAY_SHIFT,158,94,99,96,36.5,7.6,0,19,212,False,False,False,False,RESTRICTED,PARAMEDIC_ASSISTED,user-paramedic-01
dcu-W-00185-20261012,worker-uuid-00185,W-00185,2026-10-12T06:30:00Z,DAY_SHIFT,159,100,91,99,36.4,7.8,1,8,215,False,False,False,False,RESTRICTED,SELF_SERVICE_KIOSK,
dcu-W-00185-20261013,worker-uuid-00185,W-00185,2026-10-13T06:30:00Z,DAY_SHIFT,155,100,91,99,36.1,7.0,2,11,239,False,False,False,False,RESTRICTED,SELF_SERVICE_KIOSK,
dcu-W-00185-20261014,worker-uuid-00185,W-00185,2026-10-14T06:30:00Z,DAY_SHIFT,154,104,86,98,36.6,7.1,1,13,210,False,False,False,False,RESTRICTED,SELF_SERVICE_KIOSK,
dcu-W-00185-20261015,worker-uuid-00185,W-00185,2026-10-15T06:30:00Z,DAY_SHIFT,158,95,95,97,36.5,8.7,1,13,226,False,False,True,False,RESTRICTED,SELF_SERVICE_KIOSK,
dcu-W-00185-20261016,worker-uuid-00185,W-00185,2026-10-16T06:30:00Z,DAY_SHIFT,163,102,91,99,36.3,9.2,0,17,213,False,False,False,False,RESTRICTED,PARAMEDIC_ASSISTED,user-paramedic-01
dcu-W-00185-20261017,worker-uuid-00185,W-00185,2026-10-17T06:30:00Z,DAY_SHIFT,161,100,88,96,36.9,6.7,1,6,230,False,False,False,False,RESTRICTED,SELF_SERVICE_KIOSK,
dcu-W-00185-20261019,worker-uuid-00185,W-00185,2026-10-19T06:30:00Z,DAY_SHIFT,155,100,93,97,36.5,5.1,0,6,236,False,False,True,False,RESTRICTED,SELF_SERVICE_KIOSK,
dcu-W-00185-20261020,worker-uuid-00185,W-00185,2026-10-20T06:30:00Z,DAY_SHIFT,161,106,94,98,36.1,7.1,1,17,228,False,False,True,False,RESTRICTED,SELF_SERVICE_KIOSK,
dcu-W-00185-20261021,worker-uuid-00185,W-00185,2026-10-21T06:30:00Z,DAY_SHIFT,160,105,103,97,36.3,7.5,1,9,222,False,False,False,False,RESTRICTED,SELF_SERVICE_KIOSK,
dcu-W-00185-20261022,worker-uuid-00185,W-00185,2026-10-22T18:30:00Z,NIGHT_SHIFT,177,109,97,96,36.2,6.7,2,8,284,False,False,True,False,UNFIT,SELF_SERVICE_KIOSK,
dcu-W-00185-20261024,worker-uuid-00185,W-00185,2026-10-24T18:30:00Z,NIGHT_SHIFT,171,105,104,98,36.5,6.1,3,8,324,False,False,False,False,RESTRICTED,SELF_SERVICE_KIOSK,
dcu-W-00185-20261026,worker-uuid-00185,W-00185,2026-10-26T18:30:00Z,NIGHT_SHIFT,165,100,99,97,36.5,2.2,3,16,323,False,False,True,False,RESTRICTED,SELF_SERVICE_KIOSK,
dcu-W-00185-20261027,worker-uuid-00185,W-00185,2026-10-27T18:30:00Z,NIGHT_SHIFT,181,116,96,98,36.5,4.9,1,15,289,True,False,True,False,UNFIT,SELF_SERVICE_KIOSK,
dcu-W-00185-20261028,worker-uuid-00185,W-00185,2026-10-28T18:30:00Z,NIGHT_SHIFT,171,100,100,96,36.6,4.7,1,13,258,False,False,False,False,RESTRICTED,SELF_SERVICE_KIOSK,
dcu-W-00185-20261029,worker-uuid-00185,W-00185,2026-10-29T18:30:00Z,NIGHT_SHIFT,157,96,100,97,37.2,4.8,2,14,325,False,False,True,False,RESTRICTED,SELF_SERVICE_KIOSK,
dcu-W-00185-20261030,worker-uuid-00185,W-00185,2026-10-30T18:30:00Z,NIGHT_SHIFT,174,118,107,98,36.8,3.4,4,17,355,False,False,True,False,UNFIT,SELF_SERVICE_KIOSK,
dcu-W-00185-20261031,worker-uuid-00185,W-00185,2026-10-31T18:30:00Z,NIGHT_SHIFT,168,106,102,97,36.5,5.7,4,15,358,True,False,True,False,UNFIT,SELF_SERVICE_KIOSK,
dcu-W-00185-20261101,worker-uuid-00185,W-00185,2026-11-01T18:30:00Z,NIGHT_SHIFT,162,106,93,97,36.9,5.1,2,15,292,False,False,True,False,RESTRICTED,SELF_SERVICE_KIOSK,
dcu-W-00185-20261102,worker-uuid-00185,W-00185,2026-11-02T18:30:00Z,NIGHT_SHIFT,183,115,99,98,36.6,4.4,4,20,324,False,False,True,False,UNFIT,SELF_SERVICE_KIOSK,
dcu-W-00185-20261103,worker-uuid-00185,W-00185,2026-11-03T18:30:00Z,NIGHT_SHIFT,169,105,91,96,36.8,5.1,1,13,312,False,False,False,False,RESTRICTED,SELF_SERVICE_KIOSK,
dcu-W-00185-20261104,worker-uuid-00185,W-00185,2026-11-04T18:30:00Z,NIGHT_SHIFT,165,106,99,99,36.5,5.9,1,11,321,False,False,False,False,RESTRICTED,SELF_SERVICE_KIOSK,
dcu-W-00185-20261105,worker-uuid-00185,W-00185,2026-11-05T06:30:00Z,DAY_SHIFT,157,101,104,96,37.2,7.3,0,9,276,False,False,False,False,RESTRICTED,SELF_SERVICE_KIOSK,
dcu-W-00185-20261106,worker-uuid-00185,W-00185,2026-11-06T06:30:00Z,DAY_SHIFT,158,96,91,97,36.1,4.6,0,13,239,False,False,True,False,RESTRICTED,PARAMEDIC_ASSISTED,user-paramedic-01
dcu-W-00185-20261107,worker-uuid-00185,W-00185,2026-11-07T06:30:00Z,DAY_SHIFT,151,96,92,99,36.5,6.4,1,8,273,False,False,False,False,RESTRICTED,SELF_SERVICE_KIOSK,
dcu-W-00185-20261108,worker-uuid-00185,W-00185,2026-11-08T06:30:00Z,DAY_SHIFT,167,101,98,98,36.7,6.4,0,9,215,False,False,False,False,RESTRICTED,SELF_SERVICE_KIOSK,
dcu-W-00185-20261109,worker-uuid-00185,W-00185,2026-11-09T06:30:00Z,DAY_SHIFT,149,95,100,98,36.0,6.4,2,20,231,False,False,True,False,RESTRICTED,SELF_SERVICE_KIOSK,
dcu-W-00185-20261110,worker-uuid-00185,W-00185,2026-11-10T06:30:00Z,DAY_SHIFT,166,103,93,98,36.6,6.8,1,19,207,False,False,True,False,UNFIT,PARAMEDIC_ASSISTED,user-paramedic-01
dcu-W-00185-20261111,worker-uuid-00185,W-00185,2026-11-11T06:30:00Z,DAY_SHIFT,161,98,85,99,36.6,8.0,0,14,300,False,False,False,False,RESTRICTED,SELF_SERVICE_KIOSK,
dcu-W-00185-20261115,worker-uuid-00185,W-00185,2026-11-15T06:30:00Z,DAY_SHIFT,157,104,95,97,37.2,8.1,2,13,161,False,False,True,False,RESTRICTED,SELF_SERVICE_KIOSK,
dcu-W-00185-20261116,worker-uuid-00185,W-00185,2026-11-16T06:30:00Z,DAY_SHIFT,165,103,91,97,36.4,7.6,0,6,213,False,False,True,False,UNFIT,PARAMEDIC_ASSISTED,user-paramedic-01
dcu-W-00185-20261117,worker-uuid-00185,W-00185,2026-11-17T06:30:00Z,DAY_SHIFT,167,103,95,98,36.1,8.4,2,16,231,False,False,True,False,UNFIT,SELF_SERVICE_KIOSK,
dcu-W-00185-20261118,worker-uuid-00185,W-00185,2026-11-18T06:30:00Z,DAY_SHIFT,167,100,100,97,36.9,7.7,1,10,237,False,False,False,False,RESTRICTED,PARAMEDIC_ASSISTED,user-paramedic-01
dcu-W-00185-20261120,worker-uuid-00185,W-00185,2026-11-20T18:30:00Z,NIGHT_SHIFT,159,92,98,98,36.6,6.6,1,15,293,False,False,True,False,RESTRICTED,SELF_SERVICE_KIOSK,
dcu-W-00185-20261121,worker-uuid-00185,W-00185,2026-11-21T18:30:00Z,NIGHT_SHIFT,180,112,100,97,37.0,3.4,4,18,338,False,False,True,False,UNFIT,SELF_SERVICE_KIOSK,
dcu-W-00185-20261123,worker-uuid-00185,W-00185,2026-11-23T18:30:00Z,NIGHT_SHIFT,168,103,96,99,36.6,5.3,1,8,345,False,False,True,False,RESTRICTED,PARAMEDIC_ASSISTED,user-paramedic-01
dcu-W-00185-20261124,worker-uuid-00185,W-00185,2026-11-24T18:30:00Z,NIGHT_SHIFT,171,105,105,99,36.2,4.0,2,19,264,False,False,True,False,RESTRICTED,SELF_SERVICE_KIOSK,
dcu-W-00185-20261125,worker-uuid-00185,W-00185,2026-11-25T18:30:00Z,NIGHT_SHIFT,164,101,103,97,36.8,6.6,2,10,298,False,False,True,False,RESTRICTED,PARAMEDIC_ASSISTED,user-paramedic-01
dcu-W-00185-20261126,worker-uuid-00185,W-00185,2026-11-26T18:30:00Z,NIGHT_SHIFT,156,100,99,98,36.5,5.5,4,11,328,False,False,False,False,RESTRICTED,PARAMEDIC_ASSISTED,user-paramedic-01
dcu-W-00185-20261127,worker-uuid-00185,W-00185,2026-11-27T18:30:00Z,NIGHT_SHIFT,174,105,96,96,36.4,3.6,2,9,320,False,False,False,False,RESTRICTED,PARAMEDIC_ASSISTED,user-paramedic-01
dcu-W-00185-20261129,worker-uuid-00185,W-00185,2026-11-29T18:30:00Z,NIGHT_SHIFT,158,99,96,96,36.7,5.6,3,20,314,False,False,False,False,RESTRICTED,PARAMEDIC_ASSISTED,user-paramedic-01
dcu-W-00185-20261130,worker-uuid-00185,W-00185,2026-11-30T18:30:00Z,NIGHT_SHIFT,165,105,92,97,36.6,5.2,2,7,289,False,False,False,False,RESTRICTED,SELF_SERVICE_KIOSK,
dcu-W-00185-20261201,worker-uuid-00185,W-00185,2026-12-01T18:30:00Z,NIGHT_SHIFT,163,103,106,96,36.5,4.5,4,12,327,False,False,False,False,RESTRICTED,SELF_SERVICE_KIOSK,
dcu-W-00185-20261202,worker-uuid-00185,W-00185,2026-12-02T18:30:00Z,NIGHT_SHIFT,167,111,92,97,36.4,4.3,3,15,382,False,False,False,False,RESTRICTED,PARAMEDIC_ASSISTED,user-paramedic-01
dcu-W-00185-20261203,worker-uuid-00185,W-00185,2026-12-03T06:30:00Z,DAY_SHIFT,157,99,95,100,36.3,4.3,2,6,237,False,False,True,False,RESTRICTED,PARAMEDIC_ASSISTED,user-paramedic-01
dcu-W-00185-20261204,worker-uuid-00185,W-00185,2026-12-04T06:30:00Z,DAY_SHIFT,160,98,87,97,36.8,7.1,2,6,224,False,False,True,False,RESTRICTED,SELF_SERVICE_KIOSK,
dcu-W-00185-20261205,worker-uuid-00185,W-00185,2026-12-05T06:30:00Z,DAY_SHIFT,157,103,94,96,36.2,6.3,0,17,267,False,False,False,False,RESTRICTED,SELF_SERVICE_KIOSK,
dcu-W-00185-20261206,worker-uuid-00185,W-00185,2026-12-06T06:30:00Z,DAY_SHIFT,146,89,90,95,36.4,7.7,0,12,197,False,False,False,False,FIT,SELF_SERVICE_KIOSK,
dcu-W-00185-20261207,worker-uuid-00185,W-00185,2026-12-07T06:30:00Z,DAY_SHIFT,170,106,92,98,36.9,7.7,2,20,206,False,False,False,False,RESTRICTED,PARAMEDIC_ASSISTED,user-paramedic-01
dcu-W-00185-20261208,worker-uuid-00185,W-00185,2026-12-08T06:30:00Z,DAY_SHIFT,162,94,93,100,35.8,7.5,0,12,217,False,False,False,False,RESTRICTED,SELF_SERVICE_KIOSK,
dcu-W-00185-20261209,worker-uuid-00185,W-00185,2026-12-09T06:30:00Z,DAY_SHIFT,152,91,93,97,36.4,7.9,0,12,237,False,False,True,False,RESTRICTED,SELF_SERVICE_KIOSK,
dcu-W-00185-20261210,worker-uuid-00185,W-00185,2026-12-10T06:30:00Z,DAY_SHIFT,155,93,89,99,36.6,6.3,1,9,228,False,False,False,False,RESTRICTED,SELF_SERVICE_KIOSK,
dcu-W-00185-20261211,worker-uuid-00185,W-00185,2026-12-11T06:30:00Z,DAY_SHIFT,161,98,95,98,35.8,7.5,2,9,211,False,False,True,False,RESTRICTED,SELF_SERVICE_KIOSK,
dcu-W-00185-20261214,worker-uuid-00185,W-00185,2026-12-14T06:30:00Z,DAY_SHIFT,162,97,89,99,36.4,7.1,0,13,225,False,False,False,False,RESTRICTED,SELF_SERVICE_KIOSK,
dcu-W-00185-20261215,worker-uuid-00185,W-00185,2026-12-15T06:30:00Z,DAY_SHIFT,158,97,96,96,36.7,6.6,2,10,204,False,False,False,False,RESTRICTED,SELF_SERVICE_KIOSK,
dcu-W-00185-20261216,worker-uuid-00185,W-00185,2026-12-16T06:30:00Z,DAY_SHIFT,171,111,100,97,36.4,7.8,2,17,248,False,False,True,False,RESTRICTED,SELF_SERVICE_KIOSK,
dcu-W-00185-20261217,worker-uuid-00185,W-00185,2026-12-17T18:30:00Z,NIGHT_SHIFT,164,101,105,97,36.1,5.2,1,17,288,False,False,False,False,RESTRICTED,SELF_SERVICE_KIOSK,
dcu-W-00185-20261218,worker-uuid-00185,W-00185,2026-12-18T18:30:00Z,NIGHT_SHIFT,171,106,103,98,35.6,4.7,2,14,320,False,False,True,False,UNFIT,SELF_SERVICE_KIOSK,
dcu-W-00185-20261219,worker-uuid-00185,W-00185,2026-12-19T18:30:00Z,NIGHT_SHIFT,168,103,101,96,36.6,5.7,4,16,335,False,False,True,False,UNFIT,PARAMEDIC_ASSISTED,user-paramedic-01
dcu-W-00185-20261220,worker-uuid-00185,W-00185,2026-12-20T18:30:00Z,NIGHT_SHIFT,169,108,106,99,36.7,7.0,3,7,327,False,False,False,False,RESTRICTED,SELF_SERVICE_KIOSK,
dcu-W-00185-20261221,worker-uuid-00185,W-00185,2026-12-21T18:30:00Z,NIGHT_SHIFT,169,111,103,98,36.9,4.5,2,10,312,False,False,True,False,RESTRICTED,SELF_SERVICE_KIOSK,
dcu-W-00185-20261222,worker-uuid-00185,W-00185,2026-12-22T18:30:00Z,NIGHT_SHIFT,169,108,99,98,36.4,5.8,2,6,303,False,False,False,False,RESTRICTED,SELF_SERVICE_KIOSK,
dcu-W-00185-20261224,worker-uuid-00185,W-00185,2026-12-24T18:30:00Z,NIGHT_SHIFT,173,107,98,98,36.2,4.9,4,17,268,False,False,True,False,RESTRICTED,SELF_SERVICE_KIOSK,
dcu-W-00185-20261227,worker-uuid-00185,W-00185,2026-12-27T18:30:00Z,NIGHT_SHIFT,175,107,99,98,37.0,4.0,3,7,325,False,False,True,False,RESTRICTED,PARAMEDIC_ASSISTED,user-paramedic-01
dcu-W-00185-20261228,worker-uuid-00185,W-00185,2026-12-28T18:30:00Z,NIGHT_SHIFT,156,96,102,96,36.4,4.8,2,15,347,False,False,False,False,RESTRICTED,SELF_SERVICE_KIOSK,
dcu-W-00185-20261229,worker-uuid-00185,W-00185,2026-12-29T18:30:00Z,NIGHT_SHIFT,162,110,100,99,35.9,4.6,1,7,294,False,False,True,False,RESTRICTED,SELF_SERVICE_KIOSK,
dcu-W-00185-20261231,worker-uuid-00185,W-00185,2026-12-31T06:30:00Z,DAY_SHIFT,152,101,89,99,36.6,8.1,1,13,237,False,False,False,False,RESTRICTED,PARAMEDIC_ASSISTED,user-paramedic-01
dcu-W-00186-20260103,worker-uuid-00186,W-00186,2026-01-03T06:30:00Z,DAY_SHIFT,136,87,83,99,36.5,7.1,1,13,255,False,False,False,False,FIT,SELF_SERVICE_KIOSK,
dcu-W-00186-20260104,worker-uuid-00186,W-00186,2026-01-04T06:30:00Z,DAY_SHIFT,139,86,81,99,36.4,8.2,1,12,273,False,False,False,False,FIT,SELF_SERVICE_KIOSK,
dcu-W-00186-20260105,worker-uuid-00186,W-00186,2026-01-05T06:30:00Z,DAY_SHIFT,133,86,78,97,36.0,6.8,0,14,272,False,False,False,False,FIT,SELF_SERVICE_KIOSK,
dcu-W-00186-20260106,worker-uuid-00186,W-00186,2026-01-06T06:30:00Z,DAY_SHIFT,140,82,78,96,36.4,7.0,0,12,221,False,False,False,False,FIT,SELF_SERVICE_KIOSK,
dcu-W-00186-20260107,worker-uuid-00186,W-00186,2026-01-07T06:30:00Z,DAY_SHIFT,148,85,76,97,36.9,8.4,1,16,242,False,False,False,False,FIT,SELF_SERVICE_KIOSK,
dcu-W-00186-20260108,worker-uuid-00186,W-00186,2026-01-08T06:30:00Z,DAY_SHIFT,142,85,81,97,36.8,8.2,0,11,198,False,False,False,False,FIT,PARAMEDIC_ASSISTED,user-paramedic-01
dcu-W-00186-20260109,worker-uuid-00186,W-00186,2026-01-09T06:30:00Z,DAY_SHIFT,141,82,81,95,36.8,6.8,0,6,215,False,False,False,False,FIT,SELF_SERVICE_KIOSK,
dcu-W-00186-20260110,worker-uuid-00186,W-00186,2026-01-10T06:30:00Z,DAY_SHIFT,125,81,86,98,36.6,6.6,0,18,253,False,False,False,False,FIT,PARAMEDIC_ASSISTED,user-paramedic-01
dcu-W-00186-20260111,worker-uuid-00186,W-00186,2026-01-11T06:30:00Z,DAY_SHIFT,145,89,87,98,36.3,5.3,1,6,201,False,False,False,False,FIT,PARAMEDIC_ASSISTED,user-paramedic-01
dcu-W-00186-20260112,worker-uuid-00186,W-00186,2026-01-12T06:30:00Z,DAY_SHIFT,151,100,79,99,36.5,5.9,1,9,216,False,False,False,False,RESTRICTED,SELF_SERVICE_KIOSK,
dcu-W-00186-20260113,worker-uuid-00186,W-00186,2026-01-13T06:30:00Z,DAY_SHIFT,141,91,79,97,36.3,7.0,2,14,255,False,False,False,False,FIT,SELF_SERVICE_KIOSK,
dcu-W-00186-20260114,worker-uuid-00186,W-00186,2026-01-14T06:30:00Z,DAY_SHIFT,145,97,88,98,36.5,6.4,2,14,193,False,False,True,False,RESTRICTED,PARAMEDIC_ASSISTED,user-paramedic-01
dcu-W-00186-20260115,worker-uuid-00186,W-00186,2026-01-15T06:30:00Z,DAY_SHIFT,141,84,89,97,36.4,8.0,1,13,188,False,False,False,False,FIT,PARAMEDIC_ASSISTED,user-paramedic-01
dcu-W-00186-20260116,worker-uuid-00186,W-00186,2026-01-16T06:30:00Z,DAY_SHIFT,137,85,79,97,36.8,7.1,2,14,215,False,False,False,False,FIT,SELF_SERVICE_KIOSK,
dcu-W-00186-20260117,worker-uuid-00186,W-00186,2026-01-17T06:30:00Z,DAY_SHIFT,144,89,88,97,36.8,8.7,0,19,241,False,False,False,False,FIT,PARAMEDIC_ASSISTED,user-paramedic-01
dcu-W-00186-20260118,worker-uuid-00186,W-00186,2026-01-18T06:30:00Z,DAY_SHIFT,145,90,82,97,36.8,7.6,2,13,261,False,False,False,False,FIT,SELF_SERVICE_KIOSK,
dcu-W-00186-20260119,worker-uuid-00186,W-00186,2026-01-19T06:30:00Z,DAY_SHIFT,148,98,74,98,36.4,7.8,1,9,246,False,False,False,False,RESTRICTED,SELF_SERVICE_KIOSK,
dcu-W-00186-20260120,worker-uuid-00186,W-00186,2026-01-20T06:30:00Z,DAY_SHIFT,153,98,85,99,36.2,6.0,0,14,233,False,False,True,False,RESTRICTED,SELF_SERVICE_KIOSK,
dcu-W-00186-20260121,worker-uuid-00186,W-00186,2026-01-21T06:30:00Z,DAY_SHIFT,137,88,83,97,36.9,5.2,1,20,221,False,False,False,False,FIT,SELF_SERVICE_KIOSK,
dcu-W-00186-20260122,worker-uuid-00186,W-00186,2026-01-22T06:30:00Z,DAY_SHIFT,143,94,82,98,35.9,6.0,0,15,242,False,False,False,False,FIT,SELF_SERVICE_KIOSK,
dcu-W-00186-20260123,worker-uuid-00186,W-00186,2026-01-23T06:30:00Z,DAY_SHIFT,147,91,87,100,36.4,5.8,2,17,242,False,False,False,False,FIT,PARAMEDIC_ASSISTED,user-paramedic-01
dcu-W-00186-20260124,worker-uuid-00186,W-00186,2026-01-24T06:30:00Z,DAY_SHIFT,145,92,86,97,36.7,9.4,1,9,232,False,False,False,False,FIT,PARAMEDIC_ASSISTED,user-paramedic-01
dcu-W-00186-20260126,worker-uuid-00186,W-00186,2026-01-26T06:30:00Z,DAY_SHIFT,151,95,83,99,36.5,7.3,2,16,245,False,False,False,False,RESTRICTED,SELF_SERVICE_KIOSK,
dcu-W-00186-20260128,worker-uuid-00186,W-00186,2026-01-28T06:30:00Z,DAY_SHIFT,135,79,81,99,36.5,7.7,2,6,252,False,False,False,False,FIT,SELF_SERVICE_KIOSK,
dcu-W-00186-20260129,worker-uuid-00186,W-00186,2026-01-29T06:30:00Z,DAY_SHIFT,144,89,80,98,36.3,6.7,1,7,231,False,False,False,False,FIT,SELF_SERVICE_KIOSK,
dcu-W-00186-20260130,worker-uuid-00186,W-00186,2026-01-30T06:30:00Z,DAY_SHIFT,140,90,85,100,36.4,6.3,1,8,228,False,False,False,False,FIT,PARAMEDIC_ASSISTED,user-paramedic-01
dcu-W-00186-20260131,worker-uuid-00186,W-00186,2026-01-31T06:30:00Z,DAY_SHIFT,138,88,88,98,36.5,9.0,2,20,272,False,False,False,False,FIT,SELF_SERVICE_KIOSK,
dcu-W-00186-20260201,worker-uuid-00186,W-00186,2026-02-01T06:30:00Z,DAY_SHIFT,137,80,80,98,36.5,6.3,2,17,232,False,False,False,False,FIT,PARAMEDIC_ASSISTED,user-paramedic-01
dcu-W-00186-20260202,worker-uuid-00186,W-00186,2026-02-02T06:30:00Z,DAY_SHIFT,138,87,86,97,36.4,8.0,2,8,196,False,False,False,False,FIT,SELF_SERVICE_KIOSK,
dcu-W-00186-20260203,worker-uuid-00186,W-00186,2026-02-03T06:30:00Z,DAY_SHIFT,140,82,84,99,36.9,7.9,2,17,245,False,False,False,False,FIT,SELF_SERVICE_KIOSK,
dcu-W-00186-20260207,worker-uuid-00186,W-00186,2026-02-07T06:30:00Z,DAY_SHIFT,141,82,81,96,37.0,6.6,0,19,228,False,False,False,False,FIT,PARAMEDIC_ASSISTED,user-paramedic-01
dcu-W-00186-20260208,worker-uuid-00186,W-00186,2026-02-08T06:30:00Z,DAY_SHIFT,137,86,85,97,36.3,6.6,2,14,259,False,False,False,False,FIT,PARAMEDIC_ASSISTED,user-paramedic-01
dcu-W-00186-20260210,worker-uuid-00186,W-00186,2026-02-10T06:30:00Z,DAY_SHIFT,145,83,82,99,36.8,7.3,2,6,236,False,False,False,False,FIT,PARAMEDIC_ASSISTED,user-paramedic-01
dcu-W-00186-20260211,worker-uuid-00186,W-00186,2026-02-11T06:30:00Z,DAY_SHIFT,146,91,85,96,36.5,7.3,0,6,260,False,False,False,False,FIT,SELF_SERVICE_KIOSK,
dcu-W-00186-20260213,worker-uuid-00186,W-00186,2026-02-13T06:30:00Z,DAY_SHIFT,140,88,81,97,36.7,7.0,2,10,263,False,False,False,False,FIT,SELF_SERVICE_KIOSK,
dcu-W-00186-20260214,worker-uuid-00186,W-00186,2026-02-14T06:30:00Z,DAY_SHIFT,144,95,84,97,36.7,7.7,1,14,199,False,False,False,False,RESTRICTED,SELF_SERVICE_KIOSK,
dcu-W-00186-20260215,worker-uuid-00186,W-00186,2026-02-15T06:30:00Z,DAY_SHIFT,143,87,73,98,36.5,6.5,1,14,185,False,False,False,False,FIT,SELF_SERVICE_KIOSK,
dcu-W-00186-20260216,worker-uuid-00186,W-00186,2026-02-16T06:30:00Z,DAY_SHIFT,139,87,83,98,36.6,6.6,0,17,267,False,False,False,False,FIT,SELF_SERVICE_KIOSK,
dcu-W-00186-20260217,worker-uuid-00186,W-00186,2026-02-17T06:30:00Z,DAY_SHIFT,149,93,84,97,36.4,7.6,2,8,273,False,False,False,False,FIT,SELF_SERVICE_KIOSK,
dcu-W-00186-20260218,worker-uuid-00186,W-00186,2026-02-18T06:30:00Z,DAY_SHIFT,151,89,90,97,36.4,6.3,1,17,220,False,False,False,False,RESTRICTED,PARAMEDIC_ASSISTED,user-paramedic-01
dcu-W-00186-20260219,worker-uuid-00186,W-00186,2026-02-19T06:30:00Z,DAY_SHIFT,144,97,77,98,36.7,7.2,0,12,275,False,False,False,False,RESTRICTED,SELF_SERVICE_KIOSK,
dcu-W-00186-20260220,worker-uuid-00186,W-00186,2026-02-20T06:30:00Z,DAY_SHIFT,153,94,89,96,36.9,5.9,0,18,244,False,False,False,False,RESTRICTED,SELF_SERVICE_KIOSK,
dcu-W-00186-20260222,worker-uuid-00186,W-00186,2026-02-22T06:30:00Z,DAY_SHIFT,136,90,86,97,36.4,8.4,1,8,258,False,False,False,False,FIT,SELF_SERVICE_KIOSK,
dcu-W-00186-20260223,worker-uuid-00186,W-00186,2026-02-23T06:30:00Z,DAY_SHIFT,142,88,80,97,37.0,6.3,2,12,222,False,False,False,False,FIT,SELF_SERVICE_KIOSK,
dcu-W-00186-20260224,worker-uuid-00186,W-00186,2026-02-24T06:30:00Z,DAY_SHIFT,146,93,81,99,36.6,7.9,1,9,197,False,False,False,False,FIT,SELF_SERVICE_KIOSK,
dcu-W-00186-20260225,worker-uuid-00186,W-00186,2026-02-25T06:30:00Z,DAY_SHIFT,142,87,90,97,37.3,7.7,2,17,215,False,False,False,False,FIT,SELF_SERVICE_KIOSK,
dcu-W-00186-20260226,worker-uuid-00186,W-00186,2026-02-26T06:30:00Z,DAY_SHIFT,144,84,90,99,36.5,7.0,0,15,247,False,False,False,False,FIT,PARAMEDIC_ASSISTED,user-paramedic-01
dcu-W-00186-20260227,worker-uuid-00186,W-00186,2026-02-27T06:30:00Z,DAY_SHIFT,141,91,86,97,36.8,6.9,1,8,290,False,False,False,False,FIT,PARAMEDIC_ASSISTED,user-paramedic-01
dcu-W-00186-20260228,worker-uuid-00186,W-00186,2026-02-28T06:30:00Z,DAY_SHIFT,133,88,80,98,36.4,8.7,2,8,178,False,False,False,False,FIT,SELF_SERVICE_KIOSK,
dcu-W-00186-20260301,worker-uuid-00186,W-00186,2026-03-01T06:30:00Z,DAY_SHIFT,135,86,81,97,36.6,8.3,1,7,223,False,False,False,False,FIT,PARAMEDIC_ASSISTED,user-paramedic-01
dcu-W-00186-20260302,worker-uuid-00186,W-00186,2026-03-02T06:30:00Z,DAY_SHIFT,133,82,73,100,36.9,6.5,1,15,272,False,False,False,False,FIT,SELF_SERVICE_KIOSK,
dcu-W-00186-20260303,worker-uuid-00186,W-00186,2026-03-03T06:30:00Z,DAY_SHIFT,143,89,78,97,36.8,7.3,0,6,231,False,False,False,False,FIT,SELF_SERVICE_KIOSK,
dcu-W-00186-20260304,worker-uuid-00186,W-00186,2026-03-04T06:30:00Z,DAY_SHIFT,144,94,85,97,36.2,7.4,1,16,255,False,False,False,False,FIT,PARAMEDIC_ASSISTED,user-paramedic-01
dcu-W-00186-20260305,worker-uuid-00186,W-00186,2026-03-05T06:30:00Z,DAY_SHIFT,140,93,75,95,36.5,7.6,2,14,243,False,False,False,False,FIT,SELF_SERVICE_KIOSK,
dcu-W-00186-20260306,worker-uuid-00186,W-00186,2026-03-06T06:30:00Z,DAY_SHIFT,142,95,84,100,36.4,7.7,2,10,236,False,False,False,False,RESTRICTED,SELF_SERVICE_KIOSK,
dcu-W-00186-20260307,worker-uuid-00186,W-00186,2026-03-07T06:30:00Z,DAY_SHIFT,137,87,86,98,36.2,7.5,1,19,279,False,False,False,False,FIT,SELF_SERVICE_KIOSK,
dcu-W-00186-20260308,worker-uuid-00186,W-00186,2026-03-08T06:30:00Z,DAY_SHIFT,147,93,84,98,36.7,6.8,0,7,209,False,False,False,False,FIT,SELF_SERVICE_KIOSK,
dcu-W-00186-20260309,worker-uuid-00186,W-00186,2026-03-09T06:30:00Z,DAY_SHIFT,140,81,78,98,36.9,6.9,2,17,228,False,False,False,False,FIT,PARAMEDIC_ASSISTED,user-paramedic-01
dcu-W-00186-20260310,worker-uuid-00186,W-00186,2026-03-10T06:30:00Z,DAY_SHIFT,132,77,79,100,36.6,8.7,2,14,235,False,False,False,False,FIT,PARAMEDIC_ASSISTED,user-paramedic-01
dcu-W-00186-20260311,worker-uuid-00186,W-00186,2026-03-11T06:30:00Z,DAY_SHIFT,151,98,90,96,36.2,5.7,0,10,266,False,False,False,False,RESTRICTED,SELF_SERVICE_KIOSK,
dcu-W-00186-20260315,worker-uuid-00186,W-00186,2026-03-15T06:30:00Z,DAY_SHIFT,139,81,86,98,36.6,8.0,2,15,258,False,False,False,False,FIT,PARAMEDIC_ASSISTED,user-paramedic-01
dcu-W-00186-20260316,worker-uuid-00186,W-00186,2026-03-16T06:30:00Z,DAY_SHIFT,133,80,87,98,36.0,7.6,1,14,229,False,False,False,False,FIT,PARAMEDIC_ASSISTED,user-paramedic-01
dcu-W-00186-20260318,worker-uuid-00186,W-00186,2026-03-18T06:30:00Z,DAY_SHIFT,135,86,75,98,36.6,6.5,1,19,218,False,False,False,False,FIT,PARAMEDIC_ASSISTED,user-paramedic-01
dcu-W-00186-20260319,worker-uuid-00186,W-00186,2026-03-19T06:30:00Z,DAY_SHIFT,145,98,80,98,36.4,5.6,1,15,235,False,False,False,False,RESTRICTED,SELF_SERVICE_KIOSK,
dcu-W-00186-20260321,worker-uuid-00186,W-00186,2026-03-21T06:30:00Z,DAY_SHIFT,146,90,89,98,36.6,7.1,2,15,232,False,False,False,False,FIT,SELF_SERVICE_KIOSK,
dcu-W-00186-20260323,worker-uuid-00186,W-00186,2026-03-23T06:30:00Z,DAY_SHIFT,136,85,89,98,36.6,7.4,0,19,244,False,False,False,False,FIT,PARAMEDIC_ASSISTED,user-paramedic-01
dcu-W-00186-20260325,worker-uuid-00186,W-00186,2026-03-25T06:30:00Z,DAY_SHIFT,141,94,82,97,37.2,7.6,1,7,246,False,False,False,False,FIT,PARAMEDIC_ASSISTED,user-paramedic-01
dcu-W-00186-20260326,worker-uuid-00186,W-00186,2026-03-26T06:30:00Z,DAY_SHIFT,144,92,83,97,36.2,8.1,2,19,275,False,False,False,False,FIT,SELF_SERVICE_KIOSK,
dcu-W-00186-20260327,worker-uuid-00186,W-00186,2026-03-27T06:30:00Z,DAY_SHIFT,138,81,81,96,35.9,7.1,0,15,201,False,False,False,False,FIT,SELF_SERVICE_KIOSK,
dcu-W-00186-20260328,worker-uuid-00186,W-00186,2026-03-28T06:30:00Z,DAY_SHIFT,138,89,86,97,36.3,7.0,2,10,180,False,False,False,False,FIT,SELF_SERVICE_KIOSK,
dcu-W-00186-20260330,worker-uuid-00186,W-00186,2026-03-30T06:30:00Z,DAY_SHIFT,143,94,87,98,36.0,7.6,2,20,274,False,False,False,False,FIT,PARAMEDIC_ASSISTED,user-paramedic-01
dcu-W-00186-20260331,worker-uuid-00186,W-00186,2026-03-31T06:30:00Z,DAY_SHIFT,140,84,84,98,36.3,7.0,0,8,232,False,False,False,False,FIT,SELF_SERVICE_KIOSK,
dcu-W-00186-20260402,worker-uuid-00186,W-00186,2026-04-02T06:30:00Z,DAY_SHIFT,141,93,84,97,36.2,6.9,2,10,215,False,False,False,False,FIT,SELF_SERVICE_KIOSK,
dcu-W-00186-20260404,worker-uuid-00186,W-00186,2026-04-04T06:30:00Z,DAY_SHIFT,138,83,75,98,36.8,7.1,1,9,212,False,False,False,False,FIT,PARAMEDIC_ASSISTED,user-paramedic-01
dcu-W-00186-20260405,worker-uuid-00186,W-00186,2026-04-05T06:30:00Z,DAY_SHIFT,144,89,80,98,36.8,6.9,1,19,207,False,False,False,False,FIT,SELF_SERVICE_KIOSK,
dcu-W-00186-20260406,worker-uuid-00186,W-00186,2026-04-06T06:30:00Z,DAY_SHIFT,141,92,79,97,35.9,8.4,2,16,271,False,False,False,False,FIT,SELF_SERVICE_KIOSK,
dcu-W-00186-20260407,worker-uuid-00186,W-00186,2026-04-07T06:30:00Z,DAY_SHIFT,127,83,88,95,36.0,5.9,0,10,180,False,False,False,False,FIT,PARAMEDIC_ASSISTED,user-paramedic-01
dcu-W-00186-20260409,worker-uuid-00186,W-00186,2026-04-09T06:30:00Z,DAY_SHIFT,139,87,83,96,36.3,8.0,2,17,232,False,False,False,False,FIT,PARAMEDIC_ASSISTED,user-paramedic-01
dcu-W-00186-20260410,worker-uuid-00186,W-00186,2026-04-10T06:30:00Z,DAY_SHIFT,132,81,80,97,36.9,6.5,2,20,233,False,False,False,False,FIT,PARAMEDIC_ASSISTED,user-paramedic-01
dcu-W-00186-20260411,worker-uuid-00186,W-00186,2026-04-11T06:30:00Z,DAY_SHIFT,142,92,82,98,36.3,7.0,2,7,220,False,False,False,False,FIT,SELF_SERVICE_KIOSK,
dcu-W-00186-20260412,worker-uuid-00186,W-00186,2026-04-12T06:30:00Z,DAY_SHIFT,142,91,83,99,36.5,6.1,1,18,234,False,False,False,False,FIT,SELF_SERVICE_KIOSK,
dcu-W-00186-20260413,worker-uuid-00186,W-00186,2026-04-13T06:30:00Z,DAY_SHIFT,141,93,88,97,36.8,6.5,0,19,254,False,False,False,False,FIT,SELF_SERVICE_KIOSK,
dcu-W-00186-20260415,worker-uuid-00186,W-00186,2026-04-15T06:30:00Z,DAY_SHIFT,151,94,87,98,36.9,7.2,2,16,259,False,False,False,False,RESTRICTED,SELF_SERVICE_KIOSK,
dcu-W-00186-20260416,worker-uuid-00186,W-00186,2026-04-16T06:30:00Z,DAY_SHIFT,154,98,73,98,36.7,7.0,1,9,206,False,False,True,False,RESTRICTED,PARAMEDIC_ASSISTED,user-paramedic-01
dcu-W-00186-20260417,worker-uuid-00186,W-00186,2026-04-17T06:30:00Z,DAY_SHIFT,133,81,82,97,36.3,8.1,1,20,269,False,False,False,False,FIT,SELF_SERVICE_KIOSK,
dcu-W-00186-20260421,worker-uuid-00186,W-00186,2026-04-21T06:30:00Z,DAY_SHIFT,143,93,82,99,36.8,7.6,2,19,193,False,False,False,False,FIT,PARAMEDIC_ASSISTED,user-paramedic-01
dcu-W-00186-20260422,worker-uuid-00186,W-00186,2026-04-22T06:30:00Z,DAY_SHIFT,143,89,82,100,36.3,8.1,1,14,272,False,False,False,False,FIT,PARAMEDIC_ASSISTED,user-paramedic-01
dcu-W-00186-20260423,worker-uuid-00186,W-00186,2026-04-23T06:30:00Z,DAY_SHIFT,144,92,79,97,36.5,7.4,1,15,195,False,False,False,False,FIT,SELF_SERVICE_KIOSK,
dcu-W-00186-20260425,worker-uuid-00186,W-00186,2026-04-25T06:30:00Z,DAY_SHIFT,143,89,80,97,36.4,5.6,1,14,275,False,False,False,False,FIT,SELF_SERVICE_KIOSK,
dcu-W-00186-20260426,worker-uuid-00186,W-00186,2026-04-26T06:30:00Z,DAY_SHIFT,138,87,84,100,36.7,7.3,1,15,247,False,False,False,False,FIT,SELF_SERVICE_KIOSK,
dcu-W-00186-20260427,worker-uuid-00186,W-00186,2026-04-27T06:30:00Z,DAY_SHIFT,141,84,81,98,36.5,6.7,0,9,232,False,False,False,False,FIT,PARAMEDIC_ASSISTED,user-paramedic-01
dcu-W-00186-20260428,worker-uuid-00186,W-00186,2026-04-28T06:30:00Z,DAY_SHIFT,145,91,82,98,37.2,6.3,2,6,209,False,False,False,False,FIT,SELF_SERVICE_KIOSK,
dcu-W-00186-20260429,worker-uuid-00186,W-00186,2026-04-29T06:30:00Z,DAY_SHIFT,130,89,76,99,36.4,8.0,0,9,199,False,False,False,False,FIT,PARAMEDIC_ASSISTED,user-paramedic-01
dcu-W-00186-20260430,worker-uuid-00186,W-00186,2026-04-30T06:30:00Z,DAY_SHIFT,135,85,85,97,36.8,7.5,0,6,215,False,False,False,False,FIT,PARAMEDIC_ASSISTED,user-paramedic-01
dcu-W-00186-20260502,worker-uuid-00186,W-00186,2026-05-02T06:30:00Z,DAY_SHIFT,136,89,78,99,36.4,6.2,0,16,210,False,False,False,False,FIT,PARAMEDIC_ASSISTED,user-paramedic-01
dcu-W-00186-20260503,worker-uuid-00186,W-00186,2026-05-03T06:30:00Z,DAY_SHIFT,153,90,85,100,36.5,8.1,0,14,259,False,False,True,False,RESTRICTED,PARAMEDIC_ASSISTED,user-paramedic-01
dcu-W-00186-20260504,worker-uuid-00186,W-00186,2026-05-04T06:30:00Z,DAY_SHIFT,139,86,73,98,36.7,6.9,0,20,222,False,False,False,False,FIT,PARAMEDIC_ASSISTED,user-paramedic-01
dcu-W-00186-20260505,worker-uuid-00186,W-00186,2026-05-05T06:30:00Z,DAY_SHIFT,143,96,82,99,36.6,8.2,1,18,285,False,False,False,False,RESTRICTED,SELF_SERVICE_KIOSK,
dcu-W-00186-20260506,worker-uuid-00186,W-00186,2026-05-06T06:30:00Z,DAY_SHIFT,139,85,81,98,36.5,6.4,2,14,216,False,False,False,False,FIT,SELF_SERVICE_KIOSK,
dcu-W-00186-20260507,worker-uuid-00186,W-00186,2026-05-07T06:30:00Z,DAY_SHIFT,132,77,87,97,36.6,7.8,2,8,207,False,False,False,False,FIT,SELF_SERVICE_KIOSK,
dcu-W-00186-20260508,worker-uuid-00186,W-00186,2026-05-08T06:30:00Z,DAY_SHIFT,144,89,81,97,36.0,8.1,1,14,227,False,False,False,False,FIT,SELF_SERVICE_KIOSK,
dcu-W-00186-20260511,worker-uuid-00186,W-00186,2026-05-11T06:30:00Z,DAY_SHIFT,142,85,87,99,36.3,9.7,2,14,182,False,False,False,False,FIT,PARAMEDIC_ASSISTED,user-paramedic-01
dcu-W-00186-20260512,worker-uuid-00186,W-00186,2026-05-12T06:30:00Z,DAY_SHIFT,147,93,80,99,36.4,5.6,2,11,257,False,False,False,False,FIT,PARAMEDIC_ASSISTED,user-paramedic-01
dcu-W-00186-20260513,worker-uuid-00186,W-00186,2026-05-13T06:30:00Z,DAY_SHIFT,140,89,86,98,36.0,7.0,1,16,266,False,False,False,False,FIT,PARAMEDIC_ASSISTED,user-paramedic-01
dcu-W-00186-20260515,worker-uuid-00186,W-00186,2026-05-15T06:30:00Z,DAY_SHIFT,138,88,78,98,36.3,6.6,2,20,244,False,False,False,False,FIT,PARAMEDIC_ASSISTED,user-paramedic-01
dcu-W-00186-20260516,worker-uuid-00186,W-00186,2026-05-16T06:30:00Z,DAY_SHIFT,148,97,89,99,36.5,5.9,0,8,219,False,False,True,False,RESTRICTED,SELF_SERVICE_KIOSK,
dcu-W-00186-20260518,worker-uuid-00186,W-00186,2026-05-18T06:30:00Z,DAY_SHIFT,144,97,80,98,37.0,8.3,2,9,235,False,False,False,False,RESTRICTED,PARAMEDIC_ASSISTED,user-paramedic-01
dcu-W-00186-20260519,worker-uuid-00186,W-00186,2026-05-19T06:30:00Z,DAY_SHIFT,144,90,89,97,36.5,6.2,1,12,233,False,False,False,False,FIT,SELF_SERVICE_KIOSK,
dcu-W-00186-20260522,worker-uuid-00186,W-00186,2026-05-22T06:30:00Z,DAY_SHIFT,144,85,85,99,37.0,6.0,2,18,255,False,False,False,False,FIT,PARAMEDIC_ASSISTED,user-paramedic-01
dcu-W-00186-20260523,worker-uuid-00186,W-00186,2026-05-23T06:30:00Z,DAY_SHIFT,137,84,85,98,36.9,6.8,1,18,271,False,False,False,False,FIT,SELF_SERVICE_KIOSK,
dcu-W-00186-20260524,worker-uuid-00186,W-00186,2026-05-24T06:30:00Z,DAY_SHIFT,140,95,88,97,36.5,7.1,0,14,199,False,False,True,False,RESTRICTED,PARAMEDIC_ASSISTED,user-paramedic-01
dcu-W-00186-20260525,worker-uuid-00186,W-00186,2026-05-25T06:30:00Z,DAY_SHIFT,139,88,88,95,37.2,6.3,2,16,217,False,False,False,False,FIT,PARAMEDIC_ASSISTED,user-paramedic-01
dcu-W-00186-20260526,worker-uuid-00186,W-00186,2026-05-26T06:30:00Z,DAY_SHIFT,141,89,81,97,36.8,9.1,1,17,254,False,False,False,False,FIT,SELF_SERVICE_KIOSK,
dcu-W-00186-20260527,worker-uuid-00186,W-00186,2026-05-27T06:30:00Z,DAY_SHIFT,136,89,83,97,36.5,6.4,2,8,220,False,False,False,False,FIT,PARAMEDIC_ASSISTED,user-paramedic-01
dcu-W-00186-20260528,worker-uuid-00186,W-00186,2026-05-28T06:30:00Z,DAY_SHIFT,137,87,87,99,36.3,7.6,0,12,285,False,False,False,False,FIT,SELF_SERVICE_KIOSK,
dcu-W-00186-20260529,worker-uuid-00186,W-00186,2026-05-29T06:30:00Z,DAY_SHIFT,134,84,95,98,36.1,6.5,0,13,238,False,False,False,False,FIT,SELF_SERVICE_KIOSK,
dcu-W-00186-20260530,worker-uuid-00186,W-00186,2026-05-30T06:30:00Z,DAY_SHIFT,139,86,88,97,36.5,7.0,1,14,225,False,False,False,False,FIT,SELF_SERVICE_KIOSK,
dcu-W-00186-20260531,worker-uuid-00186,W-00186,2026-05-31T06:30:00Z,DAY_SHIFT,138,88,92,98,36.4,7.8,2,11,220,False,False,False,False,FIT,SELF_SERVICE_KIOSK,
dcu-W-00186-20260601,worker-uuid-00186,W-00186,2026-06-01T06:30:00Z,DAY_SHIFT,150,97,83,97,36.1,6.1,1,17,214,False,False,False,False,RESTRICTED,SELF_SERVICE_KIOSK,
dcu-W-00186-20260602,worker-uuid-00186,W-00186,2026-06-02T06:30:00Z,DAY_SHIFT,141,88,86,99,35.9,7.0,0,14,239,False,False,False,False,FIT,PARAMEDIC_ASSISTED,user-paramedic-01
dcu-W-00186-20260603,worker-uuid-00186,W-00186,2026-06-03T06:30:00Z,DAY_SHIFT,136,83,84,99,36.6,7.6,1,17,254,False,False,False,False,FIT,SELF_SERVICE_KIOSK,
dcu-W-00186-20260604,worker-uuid-00186,W-00186,2026-06-04T06:30:00Z,DAY_SHIFT,145,90,83,99,36.3,5.2,0,19,232,False,False,False,False,FIT,SELF_SERVICE_KIOSK,
dcu-W-00186-20260605,worker-uuid-00186,W-00186,2026-06-05T06:30:00Z,DAY_SHIFT,142,88,84,97,36.3,6.4,0,14,246,False,False,False,False,FIT,PARAMEDIC_ASSISTED,user-paramedic-01
dcu-W-00186-20260607,worker-uuid-00186,W-00186,2026-06-07T06:30:00Z,DAY_SHIFT,140,83,94,98,36.7,7.5,1,19,216,False,False,False,False,FIT,SELF_SERVICE_KIOSK,
dcu-W-00186-20260608,worker-uuid-00186,W-00186,2026-06-08T06:30:00Z,DAY_SHIFT,146,96,85,98,36.4,5.8,2,17,191,False,False,True,False,RESTRICTED,PARAMEDIC_ASSISTED,user-paramedic-01
dcu-W-00186-20260610,worker-uuid-00186,W-00186,2026-06-10T06:30:00Z,DAY_SHIFT,141,86,74,98,37.0,6.1,1,15,228,False,False,False,False,FIT,SELF_SERVICE_KIOSK,
dcu-W-00186-20260611,worker-uuid-00186,W-00186,2026-06-11T06:30:00Z,DAY_SHIFT,139,85,83,98,36.6,7.6,2,8,210,False,False,False,False,FIT,SELF_SERVICE_KIOSK,
dcu-W-00186-20260612,worker-uuid-00186,W-00186,2026-06-12T06:30:00Z,DAY_SHIFT,138,81,88,97,36.4,7.2,0,18,205,False,False,False,False,FIT,SELF_SERVICE_KIOSK,
dcu-W-00186-20260613,worker-uuid-00186,W-00186,2026-06-13T06:30:00Z,DAY_SHIFT,133,87,80,99,36.4,8.1,0,16,182,False,False,False,False,FIT,SELF_SERVICE_KIOSK,
dcu-W-00186-20260617,worker-uuid-00186,W-00186,2026-06-17T06:30:00Z,DAY_SHIFT,146,90,83,98,36.4,7.0,2,15,247,False,False,False,False,FIT,SELF_SERVICE_KIOSK,
dcu-W-00186-20260618,worker-uuid-00186,W-00186,2026-06-18T06:30:00Z,DAY_SHIFT,141,87,76,98,37.2,5.0,1,20,245,False,False,False,False,FIT,SELF_SERVICE_KIOSK,
dcu-W-00186-20260619,worker-uuid-00186,W-00186,2026-06-19T06:30:00Z,DAY_SHIFT,146,97,81,96,36.4,7.7,1,8,241,False,False,False,False,RESTRICTED,PARAMEDIC_ASSISTED,user-paramedic-01
dcu-W-00186-20260621,worker-uuid-00186,W-00186,2026-06-21T06:30:00Z,DAY_SHIFT,142,88,79,98,36.4,7.0,1,8,265,False,False,False,False,FIT,SELF_SERVICE_KIOSK,
dcu-W-00186-20260622,worker-uuid-00186,W-00186,2026-06-22T06:30:00Z,DAY_SHIFT,145,91,83,97,36.8,6.0,1,20,265,False,False,False,False,FIT,SELF_SERVICE_KIOSK,
dcu-W-00186-20260623,worker-uuid-00186,W-00186,2026-06-23T06:30:00Z,DAY_SHIFT,144,91,85,97,36.7,7.1,1,16,219,False,False,False,False,FIT,SELF_SERVICE_KIOSK,
dcu-W-00186-20260624,worker-uuid-00186,W-00186,2026-06-24T06:30:00Z,DAY_SHIFT,142,91,88,98,36.4,8.7,2,15,238,False,False,False,False,FIT,PARAMEDIC_ASSISTED,user-paramedic-01
dcu-W-00186-20260625,worker-uuid-00186,W-00186,2026-06-25T06:30:00Z,DAY_SHIFT,142,90,84,97,36.6,7.5,2,12,206,False,False,False,False,FIT,PARAMEDIC_ASSISTED,user-paramedic-01
dcu-W-00186-20260626,worker-uuid-00186,W-00186,2026-06-26T06:30:00Z,DAY_SHIFT,142,93,79,96,36.1,8.6,1,12,195,False,False,False,False,FIT,PARAMEDIC_ASSISTED,user-paramedic-01
dcu-W-00186-20260627,worker-uuid-00186,W-00186,2026-06-27T06:30:00Z,DAY_SHIFT,138,83,82,98,36.2,7.1,1,6,230,False,False,False,False,FIT,PARAMEDIC_ASSISTED,user-paramedic-01
dcu-W-00186-20260628,worker-uuid-00186,W-00186,2026-06-28T06:30:00Z,DAY_SHIFT,141,85,74,100,36.6,7.9,1,15,180,False,False,False,False,FIT,PARAMEDIC_ASSISTED,user-paramedic-01
dcu-W-00186-20260630,worker-uuid-00186,W-00186,2026-06-30T06:30:00Z,DAY_SHIFT,143,92,81,97,37.0,7.1,0,9,227,False,False,False,False,FIT,SELF_SERVICE_KIOSK,
dcu-W-00186-20260701,worker-uuid-00186,W-00186,2026-07-01T06:30:00Z,DAY_SHIFT,142,97,88,98,35.8,7.5,0,11,224,False,False,False,False,RESTRICTED,SELF_SERVICE_KIOSK,
dcu-W-00186-20260702,worker-uuid-00186,W-00186,2026-07-02T06:30:00Z,DAY_SHIFT,148,89,82,98,36.3,6.5,0,15,251,False,False,False,False,FIT,PARAMEDIC_ASSISTED,user-paramedic-01
dcu-W-00186-20260703,worker-uuid-00186,W-00186,2026-07-03T06:30:00Z,DAY_SHIFT,153,98,85,98,36.7,8.8,0,8,255,False,False,False,False,RESTRICTED,SELF_SERVICE_KIOSK,
dcu-W-00186-20260704,worker-uuid-00186,W-00186,2026-07-04T06:30:00Z,DAY_SHIFT,148,97,79,97,37.0,7.7,2,20,214,False,False,False,False,RESTRICTED,SELF_SERVICE_KIOSK,
dcu-W-00186-20260705,worker-uuid-00186,W-00186,2026-07-05T06:30:00Z,DAY_SHIFT,148,92,82,98,36.8,7.1,0,17,215,False,False,False,False,FIT,SELF_SERVICE_KIOSK,
dcu-W-00186-20260707,worker-uuid-00186,W-00186,2026-07-07T06:30:00Z,DAY_SHIFT,143,94,83,98,36.2,5.8,0,20,234,False,False,False,False,FIT,SELF_SERVICE_KIOSK,
dcu-W-00186-20260708,worker-uuid-00186,W-00186,2026-07-08T06:30:00Z,DAY_SHIFT,140,94,84,98,36.6,5.4,0,7,199,False,False,False,False,FIT,SELF_SERVICE_KIOSK,
dcu-W-00186-20260709,worker-uuid-00186,W-00186,2026-07-09T06:30:00Z,DAY_SHIFT,137,88,76,98,36.5,5.1,2,6,253,False,False,False,False,FIT,PARAMEDIC_ASSISTED,user-paramedic-01
dcu-W-00186-20260710,worker-uuid-00186,W-00186,2026-07-10T06:30:00Z,DAY_SHIFT,152,91,79,96,36.4,8.5,1,19,224,False,False,True,False,RESTRICTED,PARAMEDIC_ASSISTED,user-paramedic-01
dcu-W-00186-20260711,worker-uuid-00186,W-00186,2026-07-11T06:30:00Z,DAY_SHIFT,144,95,83,98,36.4,5.7,2,17,186,False,False,False,False,RESTRICTED,SELF_SERVICE_KIOSK,
dcu-W-00186-20260712,worker-uuid-00186,W-00186,2026-07-12T06:30:00Z,DAY_SHIFT,139,83,77,97,36.4,8.4,0,16,248,False,False,False,False,FIT,SELF_SERVICE_KIOSK,
dcu-W-00186-20260713,worker-uuid-00186,W-00186,2026-07-13T06:30:00Z,DAY_SHIFT,145,92,89,98,36.4,6.7,0,9,218,False,False,False,False,FIT,SELF_SERVICE_KIOSK,
dcu-W-00186-20260715,worker-uuid-00186,W-00186,2026-07-15T06:30:00Z,DAY_SHIFT,144,84,82,98,36.4,5.7,2,9,270,False,False,False,False,FIT,SELF_SERVICE_KIOSK,
dcu-W-00186-20260716,worker-uuid-00186,W-00186,2026-07-16T06:30:00Z,DAY_SHIFT,141,89,89,98,37.3,7.4,1,8,281,False,False,False,False,FIT,SELF_SERVICE_KIOSK,
dcu-W-00186-20260717,worker-uuid-00186,W-00186,2026-07-17T06:30:00Z,DAY_SHIFT,145,93,78,99,36.9,7.8,1,7,254,False,False,False,False,FIT,SELF_SERVICE_KIOSK,
dcu-W-00186-20260718,worker-uuid-00186,W-00186,2026-07-18T06:30:00Z,DAY_SHIFT,141,88,85,99,36.4,6.5,2,10,249,False,False,False,False,FIT,PARAMEDIC_ASSISTED,user-paramedic-01
dcu-W-00186-20260719,worker-uuid-00186,W-00186,2026-07-19T06:30:00Z,DAY_SHIFT,134,82,83,97,36.6,7.2,1,18,197,False,False,False,False,FIT,SELF_SERVICE_KIOSK,
dcu-W-00186-20260720,worker-uuid-00186,W-00186,2026-07-20T06:30:00Z,DAY_SHIFT,144,86,80,97,37.0,7.5,1,13,242,False,False,False,False,FIT,PARAMEDIC_ASSISTED,user-paramedic-01
dcu-W-00186-20260721,worker-uuid-00186,W-00186,2026-07-21T06:30:00Z,DAY_SHIFT,145,90,86,99,36.7,6.5,1,18,205,False,False,False,False,FIT,PARAMEDIC_ASSISTED,user-paramedic-01
dcu-W-00186-20260722,worker-uuid-00186,W-00186,2026-07-22T06:30:00Z,DAY_SHIFT,142,89,74,98,36.4,6.1,1,7,211,False,False,False,False,FIT,PARAMEDIC_ASSISTED,user-paramedic-01
dcu-W-00186-20260723,worker-uuid-00186,W-00186,2026-07-23T06:30:00Z,DAY_SHIFT,141,95,75,97,36.0,7.9,1,16,265,False,False,False,False,RESTRICTED,SELF_SERVICE_KIOSK,
dcu-W-00186-20260724,worker-uuid-00186,W-00186,2026-07-24T06:30:00Z,DAY_SHIFT,142,90,90,96,36.3,7.0,0,14,246,False,False,False,False,FIT,PARAMEDIC_ASSISTED,user-paramedic-01
dcu-W-00186-20260726,worker-uuid-00186,W-00186,2026-07-26T06:30:00Z,DAY_SHIFT,143,83,82,97,36.0,7.7,0,18,266,False,False,False,False,FIT,PARAMEDIC_ASSISTED,user-paramedic-01
dcu-W-00186-20260728,worker-uuid-00186,W-00186,2026-07-28T06:30:00Z,DAY_SHIFT,134,85,79,98,36.9,9.0,0,11,264,False,False,False,False,FIT,PARAMEDIC_ASSISTED,user-paramedic-01
dcu-W-00186-20260729,worker-uuid-00186,W-00186,2026-07-29T06:30:00Z,DAY_SHIFT,140,90,89,98,36.8,7.5,2,18,211,False,False,False,False,FIT,SELF_SERVICE_KIOSK,
dcu-W-00186-20260730,worker-uuid-00186,W-00186,2026-07-30T06:30:00Z,DAY_SHIFT,140,89,86,99,37.1,6.9,1,11,215,False,False,False,False,FIT,PARAMEDIC_ASSISTED,user-paramedic-01
dcu-W-00186-20260731,worker-uuid-00186,W-00186,2026-07-31T06:30:00Z,DAY_SHIFT,127,83,82,100,36.6,7.7,1,7,225,False,False,False,False,FIT,SELF_SERVICE_KIOSK,
dcu-W-00186-20260801,worker-uuid-00186,W-00186,2026-08-01T06:30:00Z,DAY_SHIFT,150,95,83,97,36.7,8.8,2,18,236,False,False,False,False,RESTRICTED,SELF_SERVICE_KIOSK,
dcu-W-00186-20260804,worker-uuid-00186,W-00186,2026-08-04T06:30:00Z,DAY_SHIFT,150,99,91,99,36.1,6.5,2,18,223,False,False,True,False,RESTRICTED,PARAMEDIC_ASSISTED,user-paramedic-01
dcu-W-00186-20260805,worker-uuid-00186,W-00186,2026-08-05T06:30:00Z,DAY_SHIFT,149,95,80,99,36.3,6.9,2,10,211,False,False,False,False,RESTRICTED,PARAMEDIC_ASSISTED,user-paramedic-01
dcu-W-00186-20260806,worker-uuid-00186,W-00186,2026-08-06T06:30:00Z,DAY_SHIFT,150,97,76,98,36.6,6.4,2,20,242,False,False,False,False,RESTRICTED,SELF_SERVICE_KIOSK,
dcu-W-00186-20260807,worker-uuid-00186,W-00186,2026-08-07T06:30:00Z,DAY_SHIFT,143,94,88,98,36.4,6.7,1,10,263,False,False,False,False,FIT,SELF_SERVICE_KIOSK,
dcu-W-00186-20260808,worker-uuid-00186,W-00186,2026-08-08T06:30:00Z,DAY_SHIFT,137,85,76,97,36.3,7.1,2,16,215,False,False,False,False,FIT,SELF_SERVICE_KIOSK,
dcu-W-00186-20260809,worker-uuid-00186,W-00186,2026-08-09T06:30:00Z,DAY_SHIFT,133,84,85,98,36.5,7.8,0,17,180,False,False,False,False,FIT,SELF_SERVICE_KIOSK,
dcu-W-00186-20260810,worker-uuid-00186,W-00186,2026-08-10T06:30:00Z,DAY_SHIFT,141,87,83,98,36.3,8.0,1,7,251,False,False,False,False,FIT,SELF_SERVICE_KIOSK,
dcu-W-00186-20260811,worker-uuid-00186,W-00186,2026-08-11T06:30:00Z,DAY_SHIFT,143,94,78,97,36.5,5.4,0,13,249,False,False,False,False,FIT,PARAMEDIC_ASSISTED,user-paramedic-01
dcu-W-00186-20260812,worker-uuid-00186,W-00186,2026-08-12T06:30:00Z,DAY_SHIFT,146,92,81,99,36.5,5.1,0,15,239,False,False,False,False,FIT,PARAMEDIC_ASSISTED,user-paramedic-01
dcu-W-00186-20260813,worker-uuid-00186,W-00186,2026-08-13T06:30:00Z,DAY_SHIFT,133,79,84,99,36.6,6.6,0,18,269,False,False,False,False,FIT,SELF_SERVICE_KIOSK,
dcu-W-00186-20260814,worker-uuid-00186,W-00186,2026-08-14T06:30:00Z,DAY_SHIFT,142,82,81,97,35.7,6.6,2,9,222,False,False,False,False,FIT,SELF_SERVICE_KIOSK,
dcu-W-00186-20260815,worker-uuid-00186,W-00186,2026-08-15T06:30:00Z,DAY_SHIFT,138,89,81,98,36.5,6.9,1,12,209,False,False,False,False,FIT,SELF_SERVICE_KIOSK,
dcu-W-00186-20260816,worker-uuid-00186,W-00186,2026-08-16T06:30:00Z,DAY_SHIFT,143,90,90,99,37.0,6.6,1,10,199,False,False,False,False,FIT,SELF_SERVICE_KIOSK,
dcu-W-00186-20260817,worker-uuid-00186,W-00186,2026-08-17T06:30:00Z,DAY_SHIFT,148,103,81,98,36.2,8.0,1,18,254,False,False,True,False,RESTRICTED,PARAMEDIC_ASSISTED,user-paramedic-01
dcu-W-00186-20260818,worker-uuid-00186,W-00186,2026-08-18T06:30:00Z,DAY_SHIFT,143,89,92,98,36.3,7.7,1,20,206,False,False,False,False,FIT,PARAMEDIC_ASSISTED,user-paramedic-01
dcu-W-00186-20260819,worker-uuid-00186,W-00186,2026-08-19T06:30:00Z,DAY_SHIFT,143,85,87,98,36.5,4.9,1,8,200,False,False,False,False,FIT,SELF_SERVICE_KIOSK,
dcu-W-00186-20260820,worker-uuid-00186,W-00186,2026-08-20T06:30:00Z,DAY_SHIFT,150,92,83,96,36.5,6.1,1,10,263,False,False,False,False,RESTRICTED,SELF_SERVICE_KIOSK,
dcu-W-00186-20260821,worker-uuid-00186,W-00186,2026-08-21T06:30:00Z,DAY_SHIFT,148,96,83,98,36.5,7.4,0,17,238,False,False,False,False,RESTRICTED,PARAMEDIC_ASSISTED,user-paramedic-01
dcu-W-00186-20260822,worker-uuid-00186,W-00186,2026-08-22T06:30:00Z,DAY_SHIFT,136,85,86,100,36.8,7.9,2,9,247,False,False,False,False,FIT,SELF_SERVICE_KIOSK,
dcu-W-00186-20260823,worker-uuid-00186,W-00186,2026-08-23T06:30:00Z,DAY_SHIFT,138,86,83,99,36.8,8.3,1,15,233,False,False,False,False,FIT,SELF_SERVICE_KIOSK,
dcu-W-00186-20260824,worker-uuid-00186,W-00186,2026-08-24T06:30:00Z,DAY_SHIFT,137,87,85,98,36.4,6.9,2,17,214,False,False,False,False,FIT,SELF_SERVICE_KIOSK,
dcu-W-00186-20260825,worker-uuid-00186,W-00186,2026-08-25T06:30:00Z,DAY_SHIFT,138,90,77,98,36.3,7.7,2,13,252,False,False,False,False,FIT,PARAMEDIC_ASSISTED,user-paramedic-01
dcu-W-00186-20260826,worker-uuid-00186,W-00186,2026-08-26T06:30:00Z,DAY_SHIFT,136,86,79,96,36.3,7.9,2,15,224,False,False,False,False,FIT,SELF_SERVICE_KIOSK,
dcu-W-00186-20260827,worker-uuid-00186,W-00186,2026-08-27T06:30:00Z,DAY_SHIFT,142,93,87,100,37.0,7.4,2,9,235,False,False,False,False,FIT,PARAMEDIC_ASSISTED,user-paramedic-01
dcu-W-00186-20260828,worker-uuid-00186,W-00186,2026-08-28T06:30:00Z,DAY_SHIFT,145,91,80,96,36.8,7.9,2,18,179,False,False,False,False,FIT,PARAMEDIC_ASSISTED,user-paramedic-01
dcu-W-00186-20260830,worker-uuid-00186,W-00186,2026-08-30T06:30:00Z,DAY_SHIFT,138,83,74,97,36.7,7.5,1,12,246,False,False,False,False,FIT,PARAMEDIC_ASSISTED,user-paramedic-01
dcu-W-00186-20260831,worker-uuid-00186,W-00186,2026-08-31T06:30:00Z,DAY_SHIFT,149,97,83,97,36.4,7.2,2,7,230,False,False,False,False,RESTRICTED,SELF_SERVICE_KIOSK,
dcu-W-00186-20260901,worker-uuid-00186,W-00186,2026-09-01T06:30:00Z,DAY_SHIFT,145,90,77,97,35.8,7.0,1,13,209,False,False,False,False,FIT,SELF_SERVICE_KIOSK,
dcu-W-00186-20260902,worker-uuid-00186,W-00186,2026-09-02T06:30:00Z,DAY_SHIFT,137,91,79,97,36.0,7.5,2,11,212,False,False,False,False,FIT,SELF_SERVICE_KIOSK,
dcu-W-00186-20260903,worker-uuid-00186,W-00186,2026-09-03T06:30:00Z,DAY_SHIFT,144,85,81,98,36.8,8.0,0,18,271,False,False,False,False,FIT,PARAMEDIC_ASSISTED,user-paramedic-01
dcu-W-00186-20260905,worker-uuid-00186,W-00186,2026-09-05T06:30:00Z,DAY_SHIFT,150,93,82,96,36.9,7.0,0,8,236,False,False,False,False,RESTRICTED,PARAMEDIC_ASSISTED,user-paramedic-01
dcu-W-00186-20260906,worker-uuid-00186,W-00186,2026-09-06T06:30:00Z,DAY_SHIFT,137,89,86,97,36.5,7.6,1,6,274,False,False,False,False,FIT,PARAMEDIC_ASSISTED,user-paramedic-01
dcu-W-00186-20260907,worker-uuid-00186,W-00186,2026-09-07T06:30:00Z,DAY_SHIFT,140,83,89,98,36.6,5.8,1,9,216,False,False,False,False,FIT,PARAMEDIC_ASSISTED,user-paramedic-01
dcu-W-00186-20260908,worker-uuid-00186,W-00186,2026-09-08T06:30:00Z,DAY_SHIFT,141,86,88,98,37.0,8.5,1,20,258,False,False,False,False,FIT,SELF_SERVICE_KIOSK,
dcu-W-00186-20260909,worker-uuid-00186,W-00186,2026-09-09T06:30:00Z,DAY_SHIFT,137,84,85,98,36.6,6.9,2,19,197,False,False,False,False,FIT,SELF_SERVICE_KIOSK,
dcu-W-00186-20260911,worker-uuid-00186,W-00186,2026-09-11T06:30:00Z,DAY_SHIFT,142,92,79,97,36.2,6.4,1,20,261,False,False,False,False,FIT,SELF_SERVICE_KIOSK,
dcu-W-00186-20260912,worker-uuid-00186,W-00186,2026-09-12T06:30:00Z,DAY_SHIFT,141,86,82,97,36.4,7.0,2,17,274,False,False,False,False,FIT,PARAMEDIC_ASSISTED,user-paramedic-01
dcu-W-00186-20260913,worker-uuid-00186,W-00186,2026-09-13T06:30:00Z,DAY_SHIFT,141,81,78,97,36.2,6.0,0,13,262,False,False,False,False,FIT,SELF_SERVICE_KIOSK,
dcu-W-00186-20260914,worker-uuid-00186,W-00186,2026-09-14T06:30:00Z,DAY_SHIFT,136,92,79,97,36.7,8.9,1,19,238,False,False,False,False,FIT,SELF_SERVICE_KIOSK,
dcu-W-00186-20260915,worker-uuid-00186,W-00186,2026-09-15T06:30:00Z,DAY_SHIFT,139,81,94,100,36.4,8.5,2,14,205,False,False,False,False,FIT,SELF_SERVICE_KIOSK,
dcu-W-00186-20260916,worker-uuid-00186,W-00186,2026-09-16T06:30:00Z,DAY_SHIFT,134,84,82,98,36.6,5.6,0,12,263,False,False,False,False,FIT,PARAMEDIC_ASSISTED,user-paramedic-01
dcu-W-00186-20260917,worker-uuid-00186,W-00186,2026-09-17T06:30:00Z,DAY_SHIFT,142,82,84,98,36.4,8.1,0,6,204,False,False,False,False,FIT,PARAMEDIC_ASSISTED,user-paramedic-01
dcu-W-00186-20260919,worker-uuid-00186,W-00186,2026-09-19T06:30:00Z,DAY_SHIFT,144,90,87,97,36.2,6.0,1,6,217,False,False,False,False,FIT,SELF_SERVICE_KIOSK,
dcu-W-00186-20260920,worker-uuid-00186,W-00186,2026-09-20T06:30:00Z,DAY_SHIFT,150,88,82,97,36.8,8.3,2,11,217,False,False,False,False,RESTRICTED,PARAMEDIC_ASSISTED,user-paramedic-01
dcu-W-00186-20260921,worker-uuid-00186,W-00186,2026-09-21T06:30:00Z,DAY_SHIFT,139,84,72,95,36.6,8.5,2,13,242,False,False,False,False,FIT,PARAMEDIC_ASSISTED,user-paramedic-01
dcu-W-00186-20260922,worker-uuid-00186,W-00186,2026-09-22T06:30:00Z,DAY_SHIFT,134,76,86,98,36.4,7.9,1,19,214,False,False,False,False,FIT,SELF_SERVICE_KIOSK,
dcu-W-00186-20260923,worker-uuid-00186,W-00186,2026-09-23T06:30:00Z,DAY_SHIFT,152,99,78,98,36.6,6.6,1,15,261,False,False,True,False,RESTRICTED,SELF_SERVICE_KIOSK,
dcu-W-00186-20260924,worker-uuid-00186,W-00186,2026-09-24T06:30:00Z,DAY_SHIFT,142,97,80,98,36.5,7.6,2,17,239,False,False,False,False,RESTRICTED,SELF_SERVICE_KIOSK,
dcu-W-00186-20260925,worker-uuid-00186,W-00186,2026-09-25T06:30:00Z,DAY_SHIFT,141,88,81,98,37.0,6.0,1,9,251,False,False,False,False,FIT,PARAMEDIC_ASSISTED,user-paramedic-01
dcu-W-00186-20260926,worker-uuid-00186,W-00186,2026-09-26T06:30:00Z,DAY_SHIFT,141,86,84,98,36.4,7.3,0,13,231,False,False,False,False,FIT,SELF_SERVICE_KIOSK,
dcu-W-00186-20260927,worker-uuid-00186,W-00186,2026-09-27T06:30:00Z,DAY_SHIFT,146,97,78,98,36.7,8.7,2,17,202,False,False,False,False,RESTRICTED,SELF_SERVICE_KIOSK,
dcu-W-00186-20260928,worker-uuid-00186,W-00186,2026-09-28T06:30:00Z,DAY_SHIFT,138,84,84,97,36.3,9.2,2,16,266,False,False,False,False,FIT,SELF_SERVICE_KIOSK,
dcu-W-00186-20260930,worker-uuid-00186,W-00186,2026-09-30T06:30:00Z,DAY_SHIFT,144,96,80,98,37.0,7.5,0,20,237,False,False,False,False,RESTRICTED,SELF_SERVICE_KIOSK,
dcu-W-00186-20261001,worker-uuid-00186,W-00186,2026-10-01T06:30:00Z,DAY_SHIFT,151,99,86,98,36.8,6.9,1,10,210,False,False,False,False,RESTRICTED,SELF_SERVICE_KIOSK,
dcu-W-00186-20261002,worker-uuid-00186,W-00186,2026-10-02T06:30:00Z,DAY_SHIFT,147,86,81,97,36.4,6.2,2,10,232,False,False,False,False,FIT,PARAMEDIC_ASSISTED,user-paramedic-01
dcu-W-00186-20261003,worker-uuid-00186,W-00186,2026-10-03T06:30:00Z,DAY_SHIFT,139,86,83,98,36.3,7.7,0,6,221,False,False,False,False,FIT,PARAMEDIC_ASSISTED,user-paramedic-01
dcu-W-00186-20261004,worker-uuid-00186,W-00186,2026-10-04T06:30:00Z,DAY_SHIFT,142,90,84,98,36.1,5.7,0,14,300,False,False,False,False,FIT,SELF_SERVICE_KIOSK,
dcu-W-00186-20261005,worker-uuid-00186,W-00186,2026-10-05T06:30:00Z,DAY_SHIFT,137,76,87,99,37.2,6.6,1,17,271,False,False,False,False,FIT,SELF_SERVICE_KIOSK,
dcu-W-00186-20261006,worker-uuid-00186,W-00186,2026-10-06T06:30:00Z,DAY_SHIFT,146,98,90,98,37.0,5.6,2,18,235,False,False,True,False,RESTRICTED,SELF_SERVICE_KIOSK,
dcu-W-00186-20261008,worker-uuid-00186,W-00186,2026-10-08T06:30:00Z,DAY_SHIFT,141,89,83,97,36.0,6.3,2,16,225,False,False,False,False,FIT,SELF_SERVICE_KIOSK,
dcu-W-00186-20261009,worker-uuid-00186,W-00186,2026-10-09T06:30:00Z,DAY_SHIFT,144,92,85,98,36.3,6.6,1,13,245,False,False,False,False,FIT,SELF_SERVICE_KIOSK,
dcu-W-00186-20261010,worker-uuid-00186,W-00186,2026-10-10T06:30:00Z,DAY_SHIFT,143,88,75,98,36.2,7.0,2,6,250,False,False,False,False,FIT,SELF_SERVICE_KIOSK,
dcu-W-00186-20261011,worker-uuid-00186,W-00186,2026-10-11T06:30:00Z,DAY_SHIFT,143,91,88,96,36.1,5.8,0,19,259,False,False,False,False,FIT,PARAMEDIC_ASSISTED,user-paramedic-01
dcu-W-00186-20261012,worker-uuid-00186,W-00186,2026-10-12T06:30:00Z,DAY_SHIFT,136,84,88,99,36.1,6.5,0,12,241,False,False,False,False,FIT,SELF_SERVICE_KIOSK,
dcu-W-00186-20261013,worker-uuid-00186,W-00186,2026-10-13T06:30:00Z,DAY_SHIFT,149,88,85,99,36.6,7.9,1,14,201,False,False,False,False,FIT,PARAMEDIC_ASSISTED,user-paramedic-01
dcu-W-00186-20261014,worker-uuid-00186,W-00186,2026-10-14T06:30:00Z,DAY_SHIFT,146,89,79,99,36.5,5.2,2,16,254,False,False,False,False,FIT,PARAMEDIC_ASSISTED,user-paramedic-01
dcu-W-00186-20261015,worker-uuid-00186,W-00186,2026-10-15T06:30:00Z,DAY_SHIFT,147,95,82,98,36.4,9.3,0,20,226,False,False,True,False,RESTRICTED,SELF_SERVICE_KIOSK,
dcu-W-00186-20261017,worker-uuid-00186,W-00186,2026-10-17T06:30:00Z,DAY_SHIFT,148,98,78,97,36.4,7.6,0,11,207,False,False,False,False,RESTRICTED,SELF_SERVICE_KIOSK,
dcu-W-00186-20261018,worker-uuid-00186,W-00186,2026-10-18T06:30:00Z,DAY_SHIFT,139,84,81,97,36.3,8.4,0,14,236,False,False,False,False,FIT,PARAMEDIC_ASSISTED,user-paramedic-01
dcu-W-00186-20261019,worker-uuid-00186,W-00186,2026-10-19T06:30:00Z,DAY_SHIFT,137,85,81,98,36.2,7.2,0,17,230,False,False,False,False,FIT,PARAMEDIC_ASSISTED,user-paramedic-01
dcu-W-00186-20261020,worker-uuid-00186,W-00186,2026-10-20T06:30:00Z,DAY_SHIFT,138,87,84,99,36.4,6.7,1,12,236,False,False,False,False,FIT,SELF_SERVICE_KIOSK,
dcu-W-00186-20261021,worker-uuid-00186,W-00186,2026-10-21T06:30:00Z,DAY_SHIFT,145,93,90,98,36.6,7.8,1,16,219,False,False,False,False,FIT,SELF_SERVICE_KIOSK,
dcu-W-00186-20261023,worker-uuid-00186,W-00186,2026-10-23T06:30:00Z,DAY_SHIFT,144,85,78,98,36.0,7.6,2,17,228,False,False,False,False,FIT,PARAMEDIC_ASSISTED,user-paramedic-01
dcu-W-00186-20261024,worker-uuid-00186,W-00186,2026-10-24T06:30:00Z,DAY_SHIFT,145,86,82,98,36.5,7.7,2,15,242,False,False,False,False,FIT,SELF_SERVICE_KIOSK,
dcu-W-00186-20261026,worker-uuid-00186,W-00186,2026-10-26T06:30:00Z,DAY_SHIFT,146,87,89,99,36.5,6.6,2,6,198,False,False,False,False,FIT,SELF_SERVICE_KIOSK,
dcu-W-00186-20261027,worker-uuid-00186,W-00186,2026-10-27T06:30:00Z,DAY_SHIFT,133,90,80,98,36.3,6.6,1,19,234,False,False,False,False,FIT,SELF_SERVICE_KIOSK,
dcu-W-00186-20261029,worker-uuid-00186,W-00186,2026-10-29T06:30:00Z,DAY_SHIFT,141,85,80,98,36.2,5.8,0,15,242,False,False,False,False,FIT,PARAMEDIC_ASSISTED,user-paramedic-01
dcu-W-00186-20261030,worker-uuid-00186,W-00186,2026-10-30T06:30:00Z,DAY_SHIFT,140,89,83,97,36.0,8.7,1,15,224,False,False,False,False,FIT,SELF_SERVICE_KIOSK,
dcu-W-00186-20261031,worker-uuid-00186,W-00186,2026-10-31T06:30:00Z,DAY_SHIFT,147,89,88,97,36.5,5.7,0,8,234,False,False,False,False,FIT,SELF_SERVICE_KIOSK,
dcu-W-00186-20261101,worker-uuid-00186,W-00186,2026-11-01T06:30:00Z,DAY_SHIFT,136,85,79,97,36.8,6.9,2,20,238,False,False,False,False,FIT,SELF_SERVICE_KIOSK,
dcu-W-00186-20261102,worker-uuid-00186,W-00186,2026-11-02T06:30:00Z,DAY_SHIFT,147,96,85,97,36.4,6.0,0,16,275,False,False,True,False,RESTRICTED,SELF_SERVICE_KIOSK,
dcu-W-00186-20261103,worker-uuid-00186,W-00186,2026-11-03T06:30:00Z,DAY_SHIFT,139,88,76,97,36.3,6.2,1,10,264,False,False,False,False,FIT,SELF_SERVICE_KIOSK,
dcu-W-00186-20261104,worker-uuid-00186,W-00186,2026-11-04T06:30:00Z,DAY_SHIFT,134,82,82,98,36.5,8.4,1,14,205,False,False,False,False,FIT,SELF_SERVICE_KIOSK,
dcu-W-00186-20261105,worker-uuid-00186,W-00186,2026-11-05T06:30:00Z,DAY_SHIFT,145,91,86,97,36.9,6.5,0,15,248,False,False,False,False,FIT,SELF_SERVICE_KIOSK,
dcu-W-00186-20261106,worker-uuid-00186,W-00186,2026-11-06T06:30:00Z,DAY_SHIFT,142,83,87,98,36.6,5.9,0,16,256,False,False,False,False,FIT,SELF_SERVICE_KIOSK,
dcu-W-00186-20261107,worker-uuid-00186,W-00186,2026-11-07T06:30:00Z,DAY_SHIFT,137,94,80,98,36.4,5.6,0,17,217,False,False,False,False,FIT,SELF_SERVICE_KIOSK,
dcu-W-00186-20261108,worker-uuid-00186,W-00186,2026-11-08T06:30:00Z,DAY_SHIFT,147,99,85,99,36.1,6.0,2,17,177,False,False,True,False,RESTRICTED,SELF_SERVICE_KIOSK,
dcu-W-00186-20261110,worker-uuid-00186,W-00186,2026-11-10T06:30:00Z,DAY_SHIFT,142,91,85,100,36.9,7.4,0,6,238,False,False,False,False,FIT,SELF_SERVICE_KIOSK,
dcu-W-00186-20261111,worker-uuid-00186,W-00186,2026-11-11T06:30:00Z,DAY_SHIFT,149,95,82,97,36.6,7.7,2,17,244,False,False,False,False,RESTRICTED,SELF_SERVICE_KIOSK,
dcu-W-00186-20261112,worker-uuid-00186,W-00186,2026-11-12T06:30:00Z,DAY_SHIFT,133,84,89,98,36.9,7.5,2,8,198,False,False,False,False,FIT,PARAMEDIC_ASSISTED,user-paramedic-01
dcu-W-00186-20261113,worker-uuid-00186,W-00186,2026-11-13T06:30:00Z,DAY_SHIFT,141,85,82,99,36.1,7.3,0,15,254,False,False,False,False,FIT,SELF_SERVICE_KIOSK,
dcu-W-00186-20261116,worker-uuid-00186,W-00186,2026-11-16T06:30:00Z,DAY_SHIFT,130,79,76,97,36.8,7.1,1,8,197,False,False,False,False,FIT,PARAMEDIC_ASSISTED,user-paramedic-01
dcu-W-00186-20261117,worker-uuid-00186,W-00186,2026-11-17T06:30:00Z,DAY_SHIFT,136,89,91,99,36.7,5.7,1,9,226,False,False,False,False,FIT,SELF_SERVICE_KIOSK,
dcu-W-00186-20261118,worker-uuid-00186,W-00186,2026-11-18T06:30:00Z,DAY_SHIFT,144,85,78,98,36.6,8.4,1,6,212,False,False,False,False,FIT,PARAMEDIC_ASSISTED,user-paramedic-01
dcu-W-00186-20261119,worker-uuid-00186,W-00186,2026-11-19T06:30:00Z,DAY_SHIFT,146,90,86,99,36.7,5.8,0,16,222,False,False,False,False,FIT,PARAMEDIC_ASSISTED,user-paramedic-01
dcu-W-00186-20261120,worker-uuid-00186,W-00186,2026-11-20T06:30:00Z,DAY_SHIFT,131,86,88,97,36.7,7.3,0,11,251,False,False,False,False,FIT,SELF_SERVICE_KIOSK,
dcu-W-00186-20261121,worker-uuid-00186,W-00186,2026-11-21T06:30:00Z,DAY_SHIFT,141,92,81,99,36.5,7.1,1,10,229,False,False,False,False,FIT,PARAMEDIC_ASSISTED,user-paramedic-01
dcu-W-00186-20261122,worker-uuid-00186,W-00186,2026-11-22T06:30:00Z,DAY_SHIFT,148,95,76,98,36.4,6.0,2,18,256,False,False,True,False,RESTRICTED,SELF_SERVICE_KIOSK,
dcu-W-00186-20261124,worker-uuid-00186,W-00186,2026-11-24T06:30:00Z,DAY_SHIFT,148,96,83,98,37.0,6.8,1,13,205,False,False,False,False,RESTRICTED,SELF_SERVICE_KIOSK,
dcu-W-00186-20261125,worker-uuid-00186,W-00186,2026-11-25T06:30:00Z,DAY_SHIFT,142,87,76,97,37.0,6.0,2,8,198,False,False,False,False,FIT,SELF_SERVICE_KIOSK,
dcu-W-00186-20261126,worker-uuid-00186,W-00186,2026-11-26T06:30:00Z,DAY_SHIFT,149,91,85,98,36.5,7.2,2,18,190,False,False,False,False,FIT,SELF_SERVICE_KIOSK,
dcu-W-00186-20261127,worker-uuid-00186,W-00186,2026-11-27T06:30:00Z,DAY_SHIFT,147,91,84,97,36.3,5.6,1,9,256,False,False,False,False,FIT,SELF_SERVICE_KIOSK,
dcu-W-00186-20261128,worker-uuid-00186,W-00186,2026-11-28T06:30:00Z,DAY_SHIFT,151,93,86,98,36.1,7.5,1,12,222,False,False,False,False,RESTRICTED,SELF_SERVICE_KIOSK,
dcu-W-00186-20261129,worker-uuid-00186,W-00186,2026-11-29T06:30:00Z,DAY_SHIFT,136,82,92,98,36.3,6.5,1,10,227,False,False,False,False,FIT,SELF_SERVICE_KIOSK,
dcu-W-00186-20261130,worker-uuid-00186,W-00186,2026-11-30T06:30:00Z,DAY_SHIFT,141,92,79,99,36.7,8.0,2,14,218,False,False,False,False,FIT,PARAMEDIC_ASSISTED,user-paramedic-01
dcu-W-00186-20261201,worker-uuid-00186,W-00186,2026-12-01T06:30:00Z,DAY_SHIFT,150,96,84,97,36.9,7.2,1,17,252,False,False,False,False,RESTRICTED,PARAMEDIC_ASSISTED,user-paramedic-01
dcu-W-00186-20261202,worker-uuid-00186,W-00186,2026-12-02T06:30:00Z,DAY_SHIFT,133,93,84,98,36.2,7.0,1,19,210,False,False,False,False,FIT,PARAMEDIC_ASSISTED,user-paramedic-01
dcu-W-00186-20261204,worker-uuid-00186,W-00186,2026-12-04T06:30:00Z,DAY_SHIFT,140,92,74,97,36.5,7.6,1,19,223,False,False,False,False,FIT,SELF_SERVICE_KIOSK,
dcu-W-00186-20261205,worker-uuid-00186,W-00186,2026-12-05T06:30:00Z,DAY_SHIFT,141,93,85,96,36.2,7.6,1,17,220,False,False,False,False,FIT,PARAMEDIC_ASSISTED,user-paramedic-01
dcu-W-00186-20261206,worker-uuid-00186,W-00186,2026-12-06T06:30:00Z,DAY_SHIFT,134,88,88,97,36.1,6.9,1,15,210,False,False,False,False,FIT,SELF_SERVICE_KIOSK,
dcu-W-00186-20261207,worker-uuid-00186,W-00186,2026-12-07T06:30:00Z,DAY_SHIFT,143,86,69,98,36.4,6.5,0,6,256,False,False,False,False,FIT,PARAMEDIC_ASSISTED,user-paramedic-01
dcu-W-00186-20261208,worker-uuid-00186,W-00186,2026-12-08T06:30:00Z,DAY_SHIFT,144,86,90,99,36.2,6.7,0,19,189,False,False,False,False,FIT,SELF_SERVICE_KIOSK,
dcu-W-00186-20261209,worker-uuid-00186,W-00186,2026-12-09T06:30:00Z,DAY_SHIFT,141,100,81,97,36.1,8.0,2,6,262,False,False,True,False,RESTRICTED,SELF_SERVICE_KIOSK,
dcu-W-00186-20261210,worker-uuid-00186,W-00186,2026-12-10T06:30:00Z,DAY_SHIFT,139,89,76,97,36.5,6.7,0,20,219,False,False,False,False,FIT,SELF_SERVICE_KIOSK,
dcu-W-00186-20261212,worker-uuid-00186,W-00186,2026-12-12T06:30:00Z,DAY_SHIFT,145,97,77,99,36.5,6.9,2,19,258,False,False,False,False,RESTRICTED,PARAMEDIC_ASSISTED,user-paramedic-01
dcu-W-00186-20261213,worker-uuid-00186,W-00186,2026-12-13T06:30:00Z,DAY_SHIFT,135,85,89,98,36.4,6.1,1,9,249,False,False,False,False,FIT,SELF_SERVICE_KIOSK,
dcu-W-00186-20261214,worker-uuid-00186,W-00186,2026-12-14T06:30:00Z,DAY_SHIFT,141,87,87,99,36.3,6.8,0,15,207,False,False,False,False,FIT,SELF_SERVICE_KIOSK,
dcu-W-00186-20261216,worker-uuid-00186,W-00186,2026-12-16T06:30:00Z,DAY_SHIFT,149,98,90,98,36.5,8.7,1,13,225,False,False,False,False,RESTRICTED,SELF_SERVICE_KIOSK,
dcu-W-00186-20261217,worker-uuid-00186,W-00186,2026-12-17T06:30:00Z,DAY_SHIFT,134,80,78,97,36.8,7.5,0,14,250,False,False,False,False,FIT,SELF_SERVICE_KIOSK,
dcu-W-00186-20261218,worker-uuid-00186,W-00186,2026-12-18T06:30:00Z,DAY_SHIFT,146,94,82,98,36.8,8.1,2,8,222,False,False,False,False,FIT,PARAMEDIC_ASSISTED,user-paramedic-01
dcu-W-00186-20261219,worker-uuid-00186,W-00186,2026-12-19T06:30:00Z,DAY_SHIFT,140,82,78,97,36.5,7.9,0,11,230,False,False,False,False,FIT,PARAMEDIC_ASSISTED,user-paramedic-01
dcu-W-00186-20261220,worker-uuid-00186,W-00186,2026-12-20T06:30:00Z,DAY_SHIFT,145,92,78,99,36.0,6.2,0,19,266,False,False,False,False,FIT,SELF_SERVICE_KIOSK,
dcu-W-00186-20261221,worker-uuid-00186,W-00186,2026-12-21T06:30:00Z,DAY_SHIFT,147,93,78,97,35.8,5.5,0,14,234,False,False,False,False,FIT,PARAMEDIC_ASSISTED,user-paramedic-01
dcu-W-00186-20261222,worker-uuid-00186,W-00186,2026-12-22T06:30:00Z,DAY_SHIFT,133,89,75,99,36.1,8.2,1,7,232,False,False,False,False,FIT,SELF_SERVICE_KIOSK,
dcu-W-00186-20261223,worker-uuid-00186,W-00186,2026-12-23T06:30:00Z,DAY_SHIFT,143,91,84,97,36.5,7.0,0,17,255,False,False,False,False,FIT,PARAMEDIC_ASSISTED,user-paramedic-01
dcu-W-00186-20261224,worker-uuid-00186,W-00186,2026-12-24T06:30:00Z,DAY_SHIFT,146,89,82,97,36.6,6.6,1,17,247,False,False,False,False,FIT,SELF_SERVICE_KIOSK,
dcu-W-00186-20261225,worker-uuid-00186,W-00186,2026-12-25T06:30:00Z,DAY_SHIFT,143,86,88,97,36.9,6.4,2,17,237,False,False,False,False,FIT,SELF_SERVICE_KIOSK,
dcu-W-00186-20261226,worker-uuid-00186,W-00186,2026-12-26T06:30:00Z,DAY_SHIFT,145,96,81,98,36.6,7.2,0,11,246,False,False,False,False,RESTRICTED,SELF_SERVICE_KIOSK,
dcu-W-00186-20261227,worker-uuid-00186,W-00186,2026-12-27T06:30:00Z,DAY_SHIFT,139,87,81,97,36.4,7.2,0,10,230,False,False,False,False,FIT,SELF_SERVICE_KIOSK,
dcu-W-00186-20261228,worker-uuid-00186,W-00186,2026-12-28T06:30:00Z,DAY_SHIFT,144,87,80,97,36.5,7.2,1,17,246,False,False,False,False,FIT,SELF_SERVICE_KIOSK,
dcu-W-00186-20261229,worker-uuid-00186,W-00186,2026-12-29T06:30:00Z,DAY_SHIFT,148,90,88,98,36.3,9.2,2,10,248,False,False,False,False,FIT,SELF_SERVICE_KIOSK,
dcu-W-00186-20261230,worker-uuid-00186,W-00186,2026-12-30T06:30:00Z,DAY_SHIFT,132,83,85,96,36.3,8.1,1,18,232,False,False,False,False,FIT,PARAMEDIC_ASSISTED,user-paramedic-01
dcu-W-00186-20261231,worker-uuid-00186,W-00186,2026-12-31T06:30:00Z,DAY_SHIFT,148,84,81,98,36.8,6.9,2,20,236,False,False,False,False,FIT,SELF_SERVICE_KIOSK,
dcu-W-00187-20260101,worker-uuid-00187,W-00187,2026-01-01T06:30:00Z,DAY_SHIFT,136,80,69,99,36.8,6.6,2,0,267,False,False,False,False,FIT,SELF_SERVICE_KIOSK,
dcu-W-00187-20260102,worker-uuid-00187,W-00187,2026-01-02T06:30:00Z,DAY_SHIFT,115,70,77,98,36.6,7.4,1,0,233,False,False,False,False,FIT,SELF_SERVICE_KIOSK,
dcu-W-00187-20260103,worker-uuid-00187,W-00187,2026-01-03T06:30:00Z,DAY_SHIFT,125,83,70,97,36.3,7.2,0,0,217,False,False,False,False,FIT,SELF_SERVICE_KIOSK,
dcu-W-00187-20260104,worker-uuid-00187,W-00187,2026-01-04T06:30:00Z,DAY_SHIFT,126,77,75,97,37.3,7.0,2,0,243,False,False,False,False,FIT,PARAMEDIC_ASSISTED,user-paramedic-01
dcu-W-00187-20260105,worker-uuid-00187,W-00187,2026-01-05T06:30:00Z,DAY_SHIFT,128,78,70,97,36.0,8.1,0,0,255,False,False,False,False,FIT,PARAMEDIC_ASSISTED,user-paramedic-01
dcu-W-00187-20260106,worker-uuid-00187,W-00187,2026-01-06T06:30:00Z,DAY_SHIFT,121,78,64,97,36.6,5.7,1,0,269,False,False,False,False,FIT,SELF_SERVICE_KIOSK,
dcu-W-00187-20260107,worker-uuid-00187,W-00187,2026-01-07T06:30:00Z,DAY_SHIFT,123,74,75,98,36.7,8.4,2,0,265,False,False,False,False,FIT,SELF_SERVICE_KIOSK,
dcu-W-00187-20260108,worker-uuid-00187,W-00187,2026-01-08T06:30:00Z,DAY_SHIFT,119,78,71,97,36.4,7.9,1,0,291,False,False,False,False,FIT,PARAMEDIC_ASSISTED,user-paramedic-01
dcu-W-00187-20260109,worker-uuid-00187,W-00187,2026-01-09T06:30:00Z,DAY_SHIFT,113,67,75,97,36.4,6.9,0,0,225,False,False,False,False,FIT,SELF_SERVICE_KIOSK,
dcu-W-00187-20260110,worker-uuid-00187,W-00187,2026-01-10T06:30:00Z,DAY_SHIFT,115,75,69,100,36.6,6.9,1,0,249,False,False,False,False,FIT,SELF_SERVICE_KIOSK,
dcu-W-00187-20260111,worker-uuid-00187,W-00187,2026-01-11T06:30:00Z,DAY_SHIFT,128,78,80,98,36.8,7.5,0,0,260,False,False,False,False,FIT,PARAMEDIC_ASSISTED,user-paramedic-01
dcu-W-00187-20260112,worker-uuid-00187,W-00187,2026-01-12T06:30:00Z,DAY_SHIFT,121,77,82,98,36.2,6.8,2,0,209,False,False,False,False,FIT,PARAMEDIC_ASSISTED,user-paramedic-01
dcu-W-00187-20260115,worker-uuid-00187,W-00187,2026-01-15T18:30:00Z,NIGHT_SHIFT,124,77,82,97,36.6,4.5,4,0,315,False,False,False,False,FIT,SELF_SERVICE_KIOSK,
dcu-W-00187-20260117,worker-uuid-00187,W-00187,2026-01-17T18:30:00Z,NIGHT_SHIFT,121,75,83,97,36.2,5.4,4,0,332,False,False,False,False,FIT,SELF_SERVICE_KIOSK,
dcu-W-00187-20260118,worker-uuid-00187,W-00187,2026-01-18T18:30:00Z,NIGHT_SHIFT,133,83,84,97,36.2,4.2,3,0,318,False,False,True,False,RESTRICTED,SELF_SERVICE_KIOSK,
dcu-W-00187-20260119,worker-uuid-00187,W-00187,2026-01-19T18:30:00Z,NIGHT_SHIFT,126,78,86,98,36.7,4.8,3,0,355,False,False,False,False,FIT,PARAMEDIC_ASSISTED,user-paramedic-01
dcu-W-00187-20260120,worker-uuid-00187,W-00187,2026-01-20T18:30:00Z,NIGHT_SHIFT,136,89,72,97,36.6,4.5,2,0,314,False,False,False,False,FIT,SELF_SERVICE_KIOSK,
dcu-W-00187-20260121,worker-uuid-00187,W-00187,2026-01-21T18:30:00Z,NIGHT_SHIFT,117,75,78,98,36.6,5.3,4,0,323,False,False,False,False,FIT,PARAMEDIC_ASSISTED,user-paramedic-01
dcu-W-00187-20260122,worker-uuid-00187,W-00187,2026-01-22T18:30:00Z,NIGHT_SHIFT,129,84,77,99,36.8,5.3,4,0,191,False,False,False,False,FIT,SELF_SERVICE_KIOSK,
dcu-W-00187-20260123,worker-uuid-00187,W-00187,2026-01-23T18:30:00Z,NIGHT_SHIFT,128,78,85,97,36.4,6.3,3,0,343,False,False,False,False,FIT,SELF_SERVICE_KIOSK,
dcu-W-00187-20260124,worker-uuid-00187,W-00187,2026-01-24T18:30:00Z,NIGHT_SHIFT,130,84,76,98,36.7,4.4,3,0,308,False,False,False,False,RESTRICTED,SELF_SERVICE_KIOSK,
dcu-W-00187-20260125,worker-uuid-00187,W-00187,2026-01-25T18:30:00Z,NIGHT_SHIFT,121,74,78,98,36.6,5.4,4,0,277,False,False,False,False,FIT,PARAMEDIC_ASSISTED,user-paramedic-01
dcu-W-00187-20260126,worker-uuid-00187,W-00187,2026-01-26T18:30:00Z,NIGHT_SHIFT,131,81,73,99,36.6,6.9,4,0,273,False,False,False,False,FIT,PARAMEDIC_ASSISTED,user-paramedic-01
dcu-W-00187-20260127,worker-uuid-00187,W-00187,2026-01-27T18:30:00Z,NIGHT_SHIFT,129,88,81,96,36.6,6.5,2,0,266,False,False,False,False,FIT,SELF_SERVICE_KIOSK,
dcu-W-00187-20260128,worker-uuid-00187,W-00187,2026-01-28T18:30:00Z,NIGHT_SHIFT,143,86,73,97,36.7,4.5,4,0,316,False,False,False,False,FIT,SELF_SERVICE_KIOSK,
dcu-W-00187-20260129,worker-uuid-00187,W-00187,2026-01-29T06:30:00Z,DAY_SHIFT,121,71,72,97,36.5,6.9,1,0,200,False,False,False,False,FIT,SELF_SERVICE_KIOSK,
dcu-W-00187-20260130,worker-uuid-00187,W-00187,2026-01-30T06:30:00Z,DAY_SHIFT,118,79,80,98,36.8,6.6,0,0,241,False,False,False,False,FIT,SELF_SERVICE_KIOSK,
dcu-W-00187-20260131,worker-uuid-00187,W-00187,2026-01-31T06:30:00Z,DAY_SHIFT,131,79,69,97,36.2,6.7,1,0,206,False,False,False,False,FIT,SELF_SERVICE_KIOSK,
dcu-W-00187-20260202,worker-uuid-00187,W-00187,2026-02-02T06:30:00Z,DAY_SHIFT,115,69,66,98,36.7,6.0,2,0,205,False,False,False,False,FIT,PARAMEDIC_ASSISTED,user-paramedic-01
dcu-W-00187-20260203,worker-uuid-00187,W-00187,2026-02-03T06:30:00Z,DAY_SHIFT,128,84,68,98,36.3,7.7,0,0,248,False,False,False,False,FIT,SELF_SERVICE_KIOSK,
dcu-W-00187-20260205,worker-uuid-00187,W-00187,2026-02-05T06:30:00Z,DAY_SHIFT,124,81,76,98,36.7,6.5,0,0,220,False,False,False,False,FIT,PARAMEDIC_ASSISTED,user-paramedic-01
dcu-W-00187-20260206,worker-uuid-00187,W-00187,2026-02-06T06:30:00Z,DAY_SHIFT,118,73,79,97,36.7,7.2,2,0,238,False,False,False,False,FIT,PARAMEDIC_ASSISTED,user-paramedic-01
dcu-W-00187-20260207,worker-uuid-00187,W-00187,2026-02-07T06:30:00Z,DAY_SHIFT,119,72,74,97,36.0,7.4,1,0,210,False,False,False,False,FIT,SELF_SERVICE_KIOSK,
dcu-W-00187-20260208,worker-uuid-00187,W-00187,2026-02-08T06:30:00Z,DAY_SHIFT,127,79,77,98,36.7,8.1,2,0,217,False,False,False,False,FIT,SELF_SERVICE_KIOSK,
dcu-W-00187-20260210,worker-uuid-00187,W-00187,2026-02-10T06:30:00Z,DAY_SHIFT,121,75,73,97,36.5,5.8,2,0,213,False,False,False,False,FIT,SELF_SERVICE_KIOSK,
dcu-W-00187-20260211,worker-uuid-00187,W-00187,2026-02-11T06:30:00Z,DAY_SHIFT,125,77,77,98,36.6,6.9,2,0,247,False,False,False,False,FIT,PARAMEDIC_ASSISTED,user-paramedic-01
dcu-W-00187-20260212,worker-uuid-00187,W-00187,2026-02-12T18:30:00Z,NIGHT_SHIFT,130,84,83,100,36.7,5.3,1,0,328,False,False,False,False,FIT,SELF_SERVICE_KIOSK,
dcu-W-00187-20260213,worker-uuid-00187,W-00187,2026-02-13T18:30:00Z,NIGHT_SHIFT,139,93,80,98,36.5,4.2,4,0,318,False,False,False,False,RESTRICTED,SELF_SERVICE_KIOSK,
dcu-W-00187-20260217,worker-uuid-00187,W-00187,2026-02-17T18:30:00Z,NIGHT_SHIFT,132,82,81,98,36.3,6.3,4,0,370,False,False,False,False,FIT,SELF_SERVICE_KIOSK,
dcu-W-00187-20260218,worker-uuid-00187,W-00187,2026-02-18T18:30:00Z,NIGHT_SHIFT,130,83,79,96,36.1,4.7,3,0,279,False,False,False,False,FIT,PARAMEDIC_ASSISTED,user-paramedic-01
dcu-W-00187-20260220,worker-uuid-00187,W-00187,2026-02-20T18:30:00Z,NIGHT_SHIFT,129,76,81,97,36.5,5.6,4,0,373,False,False,False,False,FIT,SELF_SERVICE_KIOSK,
dcu-W-00187-20260221,worker-uuid-00187,W-00187,2026-02-21T18:30:00Z,NIGHT_SHIFT,130,84,76,99,36.4,6.2,2,0,333,False,False,False,False,FIT,SELF_SERVICE_KIOSK,
dcu-W-00187-20260222,worker-uuid-00187,W-00187,2026-02-22T18:30:00Z,NIGHT_SHIFT,138,85,77,98,36.1,5.7,3,0,336,False,False,False,False,FIT,PARAMEDIC_ASSISTED,user-paramedic-01
dcu-W-00187-20260224,worker-uuid-00187,W-00187,2026-02-24T18:30:00Z,NIGHT_SHIFT,126,82,76,98,36.4,5.0,4,0,289,False,False,False,False,FIT,PARAMEDIC_ASSISTED,user-paramedic-01
dcu-W-00187-20260225,worker-uuid-00187,W-00187,2026-02-25T18:30:00Z,NIGHT_SHIFT,119,85,78,97,36.9,8.4,1,0,304,False,False,False,False,FIT,PARAMEDIC_ASSISTED,user-paramedic-01
dcu-W-00187-20260226,worker-uuid-00187,W-00187,2026-02-26T06:30:00Z,DAY_SHIFT,131,80,70,97,36.6,8.1,0,0,221,False,False,False,False,FIT,SELF_SERVICE_KIOSK,
dcu-W-00187-20260227,worker-uuid-00187,W-00187,2026-02-27T06:30:00Z,DAY_SHIFT,115,69,76,97,36.2,5.4,1,0,232,False,False,False,False,FIT,PARAMEDIC_ASSISTED,user-paramedic-01
dcu-W-00187-20260228,worker-uuid-00187,W-00187,2026-02-28T06:30:00Z,DAY_SHIFT,121,75,68,97,36.9,7.6,1,0,251,False,False,False,False,FIT,SELF_SERVICE_KIOSK,
dcu-W-00187-20260301,worker-uuid-00187,W-00187,2026-03-01T06:30:00Z,DAY_SHIFT,122,70,69,97,36.6,6.3,2,0,263,False,False,False,False,FIT,SELF_SERVICE_KIOSK,
dcu-W-00187-20260302,worker-uuid-00187,W-00187,2026-03-02T06:30:00Z,DAY_SHIFT,127,75,66,99,36.7,7.1,0,0,254,False,False,False,False,FIT,SELF_SERVICE_KIOSK,
dcu-W-00187-20260304,worker-uuid-00187,W-00187,2026-03-04T06:30:00Z,DAY_SHIFT,127,88,73,97,36.7,7.6,2,0,247,False,False,False,False,FIT,PARAMEDIC_ASSISTED,user-paramedic-01
dcu-W-00187-20260305,worker-uuid-00187,W-00187,2026-03-05T06:30:00Z,DAY_SHIFT,115,76,65,99,36.5,7.2,1,0,201,False,False,False,False,FIT,SELF_SERVICE_KIOSK,
dcu-W-00187-20260306,worker-uuid-00187,W-00187,2026-03-06T06:30:00Z,DAY_SHIFT,119,75,68,98,37.0,7.7,2,0,250,False,False,False,False,FIT,PARAMEDIC_ASSISTED,user-paramedic-01
dcu-W-00187-20260307,worker-uuid-00187,W-00187,2026-03-07T06:30:00Z,DAY_SHIFT,125,76,78,96,36.7,6.3,0,0,197,False,False,False,False,FIT,PARAMEDIC_ASSISTED,user-paramedic-01
dcu-W-00187-20260309,worker-uuid-00187,W-00187,2026-03-09T06:30:00Z,DAY_SHIFT,140,93,72,96,36.1,6.6,1,0,232,False,False,False,False,FIT,PARAMEDIC_ASSISTED,user-paramedic-01
dcu-W-00187-20260311,worker-uuid-00187,W-00187,2026-03-11T06:30:00Z,DAY_SHIFT,121,75,68,98,36.3,7.7,2,0,184,False,False,False,False,FIT,SELF_SERVICE_KIOSK,
dcu-W-00187-20260312,worker-uuid-00187,W-00187,2026-03-12T18:30:00Z,NIGHT_SHIFT,134,82,63,97,36.3,4.4,3,0,338,False,False,True,False,RESTRICTED,SELF_SERVICE_KIOSK,
dcu-W-00187-20260314,worker-uuid-00187,W-00187,2026-03-14T18:30:00Z,NIGHT_SHIFT,139,81,84,98,36.3,4.9,3,0,330,False,False,False,False,FIT,SELF_SERVICE_KIOSK,
dcu-W-00187-20260315,worker-uuid-00187,W-00187,2026-03-15T18:30:00Z,NIGHT_SHIFT,129,82,84,99,36.6,3.6,3,0,283,False,False,False,False,RESTRICTED,SELF_SERVICE_KIOSK,
dcu-W-00187-20260316,worker-uuid-00187,W-00187,2026-03-16T18:30:00Z,NIGHT_SHIFT,130,83,81,99,36.3,5.7,4,0,360,False,False,False,False,FIT,SELF_SERVICE_KIOSK,
dcu-W-00187-20260317,worker-uuid-00187,W-00187,2026-03-17T18:30:00Z,NIGHT_SHIFT,144,94,80,99,36.4,4.3,2,0,303,False,False,False,False,RESTRICTED,SELF_SERVICE_KIOSK,
dcu-W-00187-20260318,worker-uuid-00187,W-00187,2026-03-18T18:30:00Z,NIGHT_SHIFT,129,81,86,97,36.2,6.6,1,0,393,False,False,False,False,FIT,PARAMEDIC_ASSISTED,user-paramedic-01
dcu-W-00187-20260321,worker-uuid-00187,W-00187,2026-03-21T18:30:00Z,NIGHT_SHIFT,136,90,72,99,36.0,3.8,4,0,280,False,False,False,False,RESTRICTED,SELF_SERVICE_KIOSK,
dcu-W-00187-20260322,worker-uuid-00187,W-00187,2026-03-22T18:30:00Z,NIGHT_SHIFT,129,80,81,97,37.0,6.0,3,0,283,False,False,False,False,FIT,PARAMEDIC_ASSISTED,user-paramedic-01
dcu-W-00187-20260323,worker-uuid-00187,W-00187,2026-03-23T18:30:00Z,NIGHT_SHIFT,127,76,74,98,36.5,4.1,2,0,334,False,False,True,False,RESTRICTED,SELF_SERVICE_KIOSK,
dcu-W-00187-20260324,worker-uuid-00187,W-00187,2026-03-24T18:30:00Z,NIGHT_SHIFT,129,76,79,98,36.7,5.8,3,0,352,False,False,False,False,FIT,PARAMEDIC_ASSISTED,user-paramedic-01
dcu-W-00187-20260325,worker-uuid-00187,W-00187,2026-03-25T18:30:00Z,NIGHT_SHIFT,131,83,90,99,36.8,6.1,1,0,367,False,False,False,False,FIT,SELF_SERVICE_KIOSK,
dcu-W-00187-20260326,worker-uuid-00187,W-00187,2026-03-26T06:30:00Z,DAY_SHIFT,132,77,76,99,36.7,7.3,0,0,230,False,False,False,False,FIT,PARAMEDIC_ASSISTED,user-paramedic-01
dcu-W-00187-20260328,worker-uuid-00187,W-00187,2026-03-28T06:30:00Z,DAY_SHIFT,109,71,67,99,36.1,7.6,1,0,260,False,False,False,False,FIT,SELF_SERVICE_KIOSK,
dcu-W-00187-20260329,worker-uuid-00187,W-00187,2026-03-29T06:30:00Z,DAY_SHIFT,133,83,79,97,36.4,7.5,2,0,218,False,False,False,False,FIT,SELF_SERVICE_KIOSK,
dcu-W-00187-20260330,worker-uuid-00187,W-00187,2026-03-30T06:30:00Z,DAY_SHIFT,125,74,72,99,36.7,5.1,0,0,258,False,False,False,False,FIT,SELF_SERVICE_KIOSK,
dcu-W-00187-20260331,worker-uuid-00187,W-00187,2026-03-31T06:30:00Z,DAY_SHIFT,119,80,71,98,36.4,7.6,1,0,221,False,False,False,False,FIT,SELF_SERVICE_KIOSK,
dcu-W-00187-20260402,worker-uuid-00187,W-00187,2026-04-02T06:30:00Z,DAY_SHIFT,125,84,80,98,36.8,7.2,0,0,205,False,False,False,False,FIT,SELF_SERVICE_KIOSK,
dcu-W-00187-20260403,worker-uuid-00187,W-00187,2026-04-03T06:30:00Z,DAY_SHIFT,124,72,69,97,36.5,5.9,0,0,215,False,False,False,False,FIT,SELF_SERVICE_KIOSK,
dcu-W-00187-20260404,worker-uuid-00187,W-00187,2026-04-04T06:30:00Z,DAY_SHIFT,123,82,74,97,36.7,7.3,2,0,266,False,False,False,False,FIT,SELF_SERVICE_KIOSK,
dcu-W-00187-20260405,worker-uuid-00187,W-00187,2026-04-05T06:30:00Z,DAY_SHIFT,121,74,76,98,37.2,6.6,0,0,255,False,False,False,False,FIT,PARAMEDIC_ASSISTED,user-paramedic-01
dcu-W-00187-20260406,worker-uuid-00187,W-00187,2026-04-06T06:30:00Z,DAY_SHIFT,126,76,75,97,36.5,7.2,0,0,222,False,False,False,False,FIT,SELF_SERVICE_KIOSK,
dcu-W-00187-20260407,worker-uuid-00187,W-00187,2026-04-07T06:30:00Z,DAY_SHIFT,124,78,68,96,36.7,5.8,1,0,220,False,False,False,False,FIT,SELF_SERVICE_KIOSK,
dcu-W-00187-20260408,worker-uuid-00187,W-00187,2026-04-08T06:30:00Z,DAY_SHIFT,125,72,72,98,37.0,6.7,1,0,227,False,False,False,False,FIT,PARAMEDIC_ASSISTED,user-paramedic-01
dcu-W-00187-20260409,worker-uuid-00187,W-00187,2026-04-09T18:30:00Z,NIGHT_SHIFT,141,93,79,98,37.0,4.3,1,0,327,False,False,False,False,RESTRICTED,SELF_SERVICE_KIOSK,
dcu-W-00187-20260410,worker-uuid-00187,W-00187,2026-04-10T18:30:00Z,NIGHT_SHIFT,126,78,86,98,36.5,3.0,1,0,307,False,False,False,False,RESTRICTED,SELF_SERVICE_KIOSK,
dcu-W-00187-20260413,worker-uuid-00187,W-00187,2026-04-13T18:30:00Z,NIGHT_SHIFT,129,81,79,100,36.2,6.6,3,0,300,False,False,False,False,FIT,PARAMEDIC_ASSISTED,user-paramedic-01
dcu-W-00187-20260414,worker-uuid-00187,W-00187,2026-04-14T18:30:00Z,NIGHT_SHIFT,123,77,75,97,36.7,7.5,2,0,320,False,False,False,False,FIT,SELF_SERVICE_KIOSK,
dcu-W-00187-20260415,worker-uuid-00187,W-00187,2026-04-15T18:30:00Z,NIGHT_SHIFT,137,86,84,97,36.5,4.1,1,0,308,False,False,True,False,RESTRICTED,SELF_SERVICE_KIOSK,
dcu-W-00187-20260416,worker-uuid-00187,W-00187,2026-04-16T18:30:00Z,NIGHT_SHIFT,125,81,81,98,36.9,7.0,1,0,308,False,False,False,False,FIT,SELF_SERVICE_KIOSK,
dcu-W-00187-20260417,worker-uuid-00187,W-00187,2026-04-17T18:30:00Z,NIGHT_SHIFT,135,87,75,99,36.0,5.1,4,0,351,False,False,False,False,FIT,PARAMEDIC_ASSISTED,user-paramedic-01
dcu-W-00187-20260418,worker-uuid-00187,W-00187,2026-04-18T18:30:00Z,NIGHT_SHIFT,126,83,83,98,36.6,6.8,4,0,305,False,False,False,False,FIT,SELF_SERVICE_KIOSK,
dcu-W-00187-20260419,worker-uuid-00187,W-00187,2026-04-19T18:30:00Z,NIGHT_SHIFT,133,84,74,99,36.8,3.5,4,0,332,False,False,False,False,RESTRICTED,SELF_SERVICE_KIOSK,
dcu-W-00187-20260420,worker-uuid-00187,W-00187,2026-04-20T18:30:00Z,NIGHT_SHIFT,137,81,74,98,36.6,4.8,1,0,338,False,False,False,False,FIT,PARAMEDIC_ASSISTED,user-paramedic-01
dcu-W-00187-20260421,worker-uuid-00187,W-00187,2026-04-21T18:30:00Z,NIGHT_SHIFT,124,83,83,98,35.9,5.2,3,0,308,False,False,False,False,FIT,PARAMEDIC_ASSISTED,user-paramedic-01
dcu-W-00187-20260422,worker-uuid-00187,W-00187,2026-04-22T18:30:00Z,NIGHT_SHIFT,135,92,84,97,36.6,5.9,3,0,290,False,False,False,False,FIT,PARAMEDIC_ASSISTED,user-paramedic-01
dcu-W-00187-20260423,worker-uuid-00187,W-00187,2026-04-23T06:30:00Z,DAY_SHIFT,123,75,70,98,36.0,6.8,2,0,216,False,False,False,False,FIT,SELF_SERVICE_KIOSK,
dcu-W-00187-20260424,worker-uuid-00187,W-00187,2026-04-24T06:30:00Z,DAY_SHIFT,130,76,70,95,36.1,7.1,1,0,267,False,False,False,False,FIT,PARAMEDIC_ASSISTED,user-paramedic-01
dcu-W-00187-20260425,worker-uuid-00187,W-00187,2026-04-25T06:30:00Z,DAY_SHIFT,120,80,70,98,37.0,7.5,1,0,214,False,False,False,False,FIT,PARAMEDIC_ASSISTED,user-paramedic-01
dcu-W-00187-20260426,worker-uuid-00187,W-00187,2026-04-26T06:30:00Z,DAY_SHIFT,127,76,80,96,37.0,6.9,2,0,201,False,False,False,False,FIT,SELF_SERVICE_KIOSK,
dcu-W-00187-20260427,worker-uuid-00187,W-00187,2026-04-27T06:30:00Z,DAY_SHIFT,128,74,69,97,36.0,8.1,2,0,235,False,False,False,False,FIT,SELF_SERVICE_KIOSK,
dcu-W-00187-20260428,worker-uuid-00187,W-00187,2026-04-28T06:30:00Z,DAY_SHIFT,126,69,75,98,36.9,6.5,0,0,207,False,False,False,False,FIT,SELF_SERVICE_KIOSK,
dcu-W-00187-20260429,worker-uuid-00187,W-00187,2026-04-29T06:30:00Z,DAY_SHIFT,130,90,70,99,36.5,6.5,2,0,243,False,False,False,False,FIT,SELF_SERVICE_KIOSK,
dcu-W-00187-20260430,worker-uuid-00187,W-00187,2026-04-30T06:30:00Z,DAY_SHIFT,122,76,75,98,36.7,6.5,2,0,241,False,False,False,False,FIT,PARAMEDIC_ASSISTED,user-paramedic-01
dcu-W-00187-20260501,worker-uuid-00187,W-00187,2026-05-01T06:30:00Z,DAY_SHIFT,127,82,80,99,36.7,7.5,0,0,242,False,False,False,False,FIT,SELF_SERVICE_KIOSK,
dcu-W-00187-20260503,worker-uuid-00187,W-00187,2026-05-03T06:30:00Z,DAY_SHIFT,131,81,71,97,36.6,6.2,2,0,242,False,False,False,False,FIT,SELF_SERVICE_KIOSK,
dcu-W-00187-20260505,worker-uuid-00187,W-00187,2026-05-05T06:30:00Z,DAY_SHIFT,122,79,73,97,36.6,7.1,2,0,243,False,False,False,False,FIT,SELF_SERVICE_KIOSK,
dcu-W-00187-20260506,worker-uuid-00187,W-00187,2026-05-06T06:30:00Z,DAY_SHIFT,120,74,69,97,36.5,5.9,2,0,250,False,False,False,False,FIT,SELF_SERVICE_KIOSK,
dcu-W-00187-20260508,worker-uuid-00187,W-00187,2026-05-08T18:30:00Z,NIGHT_SHIFT,134,89,78,97,37.0,4.8,2,0,298,False,False,False,False,FIT,PARAMEDIC_ASSISTED,user-paramedic-01
dcu-W-00187-20260509,worker-uuid-00187,W-00187,2026-05-09T18:30:00Z,NIGHT_SHIFT,137,77,86,98,36.4,6.3,2,0,320,False,False,False,False,FIT,PARAMEDIC_ASSISTED,user-paramedic-01
dcu-W-00187-20260510,worker-uuid-00187,W-00187,2026-05-10T18:30:00Z,NIGHT_SHIFT,131,91,88,99,36.4,5.3,4,0,240,False,False,False,False,FIT,PARAMEDIC_ASSISTED,user-paramedic-01
dcu-W-00187-20260511,worker-uuid-00187,W-00187,2026-05-11T18:30:00Z,NIGHT_SHIFT,139,88,81,97,36.5,4.0,4,0,294,False,False,False,False,RESTRICTED,SELF_SERVICE_KIOSK,
dcu-W-00187-20260513,worker-uuid-00187,W-00187,2026-05-13T18:30:00Z,NIGHT_SHIFT,129,82,73,99,36.8,5.5,2,0,321,False,False,False,False,FIT,SELF_SERVICE_KIOSK,
dcu-W-00187-20260514,worker-uuid-00187,W-00187,2026-05-14T18:30:00Z,NIGHT_SHIFT,137,89,79,97,36.3,4.2,2,0,270,False,False,False,False,RESTRICTED,SELF_SERVICE_KIOSK,
dcu-W-00187-20260515,worker-uuid-00187,W-00187,2026-05-15T18:30:00Z,NIGHT_SHIFT,133,81,78,98,36.5,4.8,4,0,279,False,False,False,False,FIT,SELF_SERVICE_KIOSK,
dcu-W-00187-20260516,worker-uuid-00187,W-00187,2026-05-16T18:30:00Z,NIGHT_SHIFT,134,80,75,97,36.6,6.0,1,0,259,False,False,False,False,FIT,SELF_SERVICE_KIOSK,
dcu-W-00187-20260518,worker-uuid-00187,W-00187,2026-05-18T18:30:00Z,NIGHT_SHIFT,121,74,75,100,36.6,5.4,1,0,334,False,False,False,False,FIT,SELF_SERVICE_KIOSK,
dcu-W-00187-20260519,worker-uuid-00187,W-00187,2026-05-19T18:30:00Z,NIGHT_SHIFT,136,85,79,99,36.8,6.7,4,0,301,False,False,False,False,FIT,SELF_SERVICE_KIOSK,
dcu-W-00187-20260520,worker-uuid-00187,W-00187,2026-05-20T18:30:00Z,NIGHT_SHIFT,141,91,84,98,36.4,4.9,4,0,251,False,False,False,False,FIT,SELF_SERVICE_KIOSK,
dcu-W-00187-20260521,worker-uuid-00187,W-00187,2026-05-21T06:30:00Z,DAY_SHIFT,121,83,69,98,36.2,5.7,2,0,272,False,False,False,False,FIT,SELF_SERVICE_KIOSK,
dcu-W-00187-20260522,worker-uuid-00187,W-00187,2026-05-22T06:30:00Z,DAY_SHIFT,125,85,74,99,36.2,7.4,1,0,222,False,False,False,False,FIT,SELF_SERVICE_KIOSK,
dcu-W-00187-20260523,worker-uuid-00187,W-00187,2026-05-23T06:30:00Z,DAY_SHIFT,128,78,72,100,36.7,7.0,0,0,219,False,False,False,False,FIT,PARAMEDIC_ASSISTED,user-paramedic-01
dcu-W-00187-20260524,worker-uuid-00187,W-00187,2026-05-24T06:30:00Z,DAY_SHIFT,125,80,77,98,36.3,7.3,0,0,227,False,False,False,False,FIT,SELF_SERVICE_KIOSK,
dcu-W-00187-20260525,worker-uuid-00187,W-00187,2026-05-25T06:30:00Z,DAY_SHIFT,112,75,76,99,36.6,7.9,0,0,253,False,False,False,False,FIT,SELF_SERVICE_KIOSK,
dcu-W-00187-20260526,worker-uuid-00187,W-00187,2026-05-26T06:30:00Z,DAY_SHIFT,130,87,67,98,36.8,8.3,0,0,220,False,False,False,False,FIT,SELF_SERVICE_KIOSK,
dcu-W-00187-20260528,worker-uuid-00187,W-00187,2026-05-28T06:30:00Z,DAY_SHIFT,123,82,75,96,36.7,6.6,2,0,242,False,False,False,False,FIT,PARAMEDIC_ASSISTED,user-paramedic-01
dcu-W-00187-20260529,worker-uuid-00187,W-00187,2026-05-29T06:30:00Z,DAY_SHIFT,111,70,76,97,36.0,5.7,1,0,271,False,False,False,False,FIT,PARAMEDIC_ASSISTED,user-paramedic-01
dcu-W-00187-20260530,worker-uuid-00187,W-00187,2026-05-30T06:30:00Z,DAY_SHIFT,122,76,67,97,36.0,5.2,1,0,242,False,False,False,False,FIT,SELF_SERVICE_KIOSK,
dcu-W-00187-20260601,worker-uuid-00187,W-00187,2026-06-01T06:30:00Z,DAY_SHIFT,125,78,73,97,36.5,6.0,0,0,265,False,False,False,False,FIT,PARAMEDIC_ASSISTED,user-paramedic-01
dcu-W-00187-20260602,worker-uuid-00187,W-00187,2026-06-02T06:30:00Z,DAY_SHIFT,120,81,74,98,36.4,8.0,0,0,252,False,False,False,False,FIT,SELF_SERVICE_KIOSK,
dcu-W-00187-20260603,worker-uuid-00187,W-00187,2026-06-03T06:30:00Z,DAY_SHIFT,120,70,66,99,36.7,6.3,1,0,223,False,False,False,False,FIT,PARAMEDIC_ASSISTED,user-paramedic-01
dcu-W-00187-20260604,worker-uuid-00187,W-00187,2026-06-04T18:30:00Z,NIGHT_SHIFT,130,89,78,99,36.6,5.9,2,0,340,False,False,False,False,FIT,SELF_SERVICE_KIOSK,
dcu-W-00187-20260605,worker-uuid-00187,W-00187,2026-06-05T18:30:00Z,NIGHT_SHIFT,126,84,82,98,36.7,5.7,1,0,269,False,False,False,False,FIT,SELF_SERVICE_KIOSK,
dcu-W-00187-20260606,worker-uuid-00187,W-00187,2026-06-06T18:30:00Z,NIGHT_SHIFT,125,72,75,96,36.4,6.1,3,0,317,False,False,False,False,FIT,SELF_SERVICE_KIOSK,
dcu-W-00187-20260607,worker-uuid-00187,W-00187,2026-06-07T18:30:00Z,NIGHT_SHIFT,136,90,85,97,36.1,5.6,1,0,248,False,False,False,False,FIT,PARAMEDIC_ASSISTED,user-paramedic-01
dcu-W-00187-20260609,worker-uuid-00187,W-00187,2026-06-09T18:30:00Z,NIGHT_SHIFT,126,74,72,99,36.7,5.9,3,0,275,False,False,False,False,FIT,SELF_SERVICE_KIOSK,
dcu-W-00187-20260610,worker-uuid-00187,W-00187,2026-06-10T18:30:00Z,NIGHT_SHIFT,136,86,78,96,36.7,3.8,3,0,338,False,False,False,False,RESTRICTED,PARAMEDIC_ASSISTED,user-paramedic-01
dcu-W-00187-20260611,worker-uuid-00187,W-00187,2026-06-11T18:30:00Z,NIGHT_SHIFT,139,91,84,96,36.5,6.1,1,0,311,False,False,False,False,FIT,SELF_SERVICE_KIOSK,
dcu-W-00187-20260612,worker-uuid-00187,W-00187,2026-06-12T18:30:00Z,NIGHT_SHIFT,132,79,82,97,36.2,4.5,3,0,282,False,False,False,False,FIT,PARAMEDIC_ASSISTED,user-paramedic-01
dcu-W-00187-20260613,worker-uuid-00187,W-00187,2026-06-13T18:30:00Z,NIGHT_SHIFT,129,85,77,98,36.6,6.0,1,0,314,False,False,False,False,FIT,SELF_SERVICE_KIOSK,
dcu-W-00187-20260614,worker-uuid-00187,W-00187,2026-06-14T18:30:00Z,NIGHT_SHIFT,144,94,86,99,36.5,3.8,3,0,296,False,False,False,False,RESTRICTED,SELF_SERVICE_KIOSK,
dcu-W-00187-20260615,worker-uuid-00187,W-00187,2026-06-15T18:30:00Z,NIGHT_SHIFT,128,78,83,98,37.0,5.8,1,0,296,False,False,False,False,FIT,PARAMEDIC_ASSISTED,user-paramedic-01
dcu-W-00187-20260616,worker-uuid-00187,W-00187,2026-06-16T18:30:00Z,NIGHT_SHIFT,128,81,78,99,36.4,3.6,4,0,309,False,False,False,False,RESTRICTED,SELF_SERVICE_KIOSK,
dcu-W-00187-20260617,worker-uuid-00187,W-00187,2026-06-17T18:30:00Z,NIGHT_SHIFT,128,82,83,96,36.3,5.4,3,0,285,False,False,False,False,FIT,PARAMEDIC_ASSISTED,user-paramedic-01
dcu-W-00187-20260618,worker-uuid-00187,W-00187,2026-06-18T06:30:00Z,DAY_SHIFT,127,75,74,98,36.0,5.8,0,0,208,False,False,False,False,FIT,PARAMEDIC_ASSISTED,user-paramedic-01
dcu-W-00187-20260620,worker-uuid-00187,W-00187,2026-06-20T06:30:00Z,DAY_SHIFT,136,90,75,97,36.2,7.9,0,0,217,False,False,False,False,FIT,SELF_SERVICE_KIOSK,
dcu-W-00187-20260621,worker-uuid-00187,W-00187,2026-06-21T06:30:00Z,DAY_SHIFT,130,85,71,98,36.4,5.5,1,0,218,False,False,False,False,FIT,SELF_SERVICE_KIOSK,
dcu-W-00187-20260627,worker-uuid-00187,W-00187,2026-06-27T06:30:00Z,DAY_SHIFT,129,80,73,97,36.5,7.7,2,0,243,False,False,False,False,FIT,SELF_SERVICE_KIOSK,
dcu-W-00187-20260628,worker-uuid-00187,W-00187,2026-06-28T06:30:00Z,DAY_SHIFT,127,78,73,97,36.8,6.7,2,0,256,False,False,False,False,FIT,SELF_SERVICE_KIOSK,
dcu-W-00187-20260629,worker-uuid-00187,W-00187,2026-06-29T06:30:00Z,DAY_SHIFT,121,81,70,99,36.4,7.5,1,0,240,False,False,False,False,FIT,SELF_SERVICE_KIOSK,
dcu-W-00187-20260630,worker-uuid-00187,W-00187,2026-06-30T06:30:00Z,DAY_SHIFT,128,78,68,97,36.1,4.6,2,0,248,False,False,False,False,FIT,SELF_SERVICE_KIOSK,
dcu-W-00187-20260701,worker-uuid-00187,W-00187,2026-07-01T06:30:00Z,DAY_SHIFT,122,78,70,98,36.4,7.2,1,0,271,False,False,False,False,FIT,PARAMEDIC_ASSISTED,user-paramedic-01
dcu-W-00187-20260702,worker-uuid-00187,W-00187,2026-07-02T18:30:00Z,NIGHT_SHIFT,125,79,85,99,36.2,6.9,3,0,255,False,False,False,False,FIT,SELF_SERVICE_KIOSK,
dcu-W-00187-20260704,worker-uuid-00187,W-00187,2026-07-04T18:30:00Z,NIGHT_SHIFT,120,76,79,98,36.6,7.0,4,0,340,False,False,False,False,FIT,SELF_SERVICE_KIOSK,
dcu-W-00187-20260705,worker-uuid-00187,W-00187,2026-07-05T18:30:00Z,NIGHT_SHIFT,127,82,77,96,36.7,4.8,3,0,235,False,False,False,False,FIT,SELF_SERVICE_KIOSK,
dcu-W-00187-20260706,worker-uuid-00187,W-00187,2026-07-06T18:30:00Z,NIGHT_SHIFT,132,81,81,97,36.5,5.1,2,0,288,False,False,False,False,FIT,SELF_SERVICE_KIOSK,
dcu-W-00187-20260707,worker-uuid-00187,W-00187,2026-07-07T18:30:00Z,NIGHT_SHIFT,125,81,89,98,36.6,5.7,3,0,333,False,False,False,False,FIT,SELF_SERVICE_KIOSK,
dcu-W-00187-20260708,worker-uuid-00187,W-00187,2026-07-08T18:30:00Z,NIGHT_SHIFT,141,96,73,98,37.1,4.7,2,0,272,False,False,False,False,RESTRICTED,PARAMEDIC_ASSISTED,user-paramedic-01
dcu-W-00187-20260710,worker-uuid-00187,W-00187,2026-07-10T18:30:00Z,NIGHT_SHIFT,135,86,73,99,36.8,6.5,3,0,316,False,False,False,False,FIT,PARAMEDIC_ASSISTED,user-paramedic-01
dcu-W-00187-20260711,worker-uuid-00187,W-00187,2026-07-11T18:30:00Z,NIGHT_SHIFT,135,84,80,98,36.5,6.5,1,0,240,False,False,False,False,FIT,SELF_SERVICE_KIOSK,
dcu-W-00187-20260712,worker-uuid-00187,W-00187,2026-07-12T18:30:00Z,NIGHT_SHIFT,124,79,73,97,36.7,6.9,1,0,269,False,False,False,False,FIT,PARAMEDIC_ASSISTED,user-paramedic-01
dcu-W-00187-20260713,worker-uuid-00187,W-00187,2026-07-13T18:30:00Z,NIGHT_SHIFT,133,89,84,98,37.0,5.4,4,0,333,False,False,False,False,FIT,SELF_SERVICE_KIOSK,
dcu-W-00187-20260714,worker-uuid-00187,W-00187,2026-07-14T18:30:00Z,NIGHT_SHIFT,130,78,74,97,36.4,6.5,3,0,274,False,False,False,False,FIT,SELF_SERVICE_KIOSK,
dcu-W-00187-20260715,worker-uuid-00187,W-00187,2026-07-15T18:30:00Z,NIGHT_SHIFT,132,81,83,99,36.4,6.4,3,0,261,False,False,False,False,FIT,SELF_SERVICE_KIOSK,
dcu-W-00187-20260716,worker-uuid-00187,W-00187,2026-07-16T06:30:00Z,DAY_SHIFT,126,80,68,96,36.4,5.7,0,0,204,False,False,False,False,FIT,SELF_SERVICE_KIOSK,
dcu-W-00187-20260719,worker-uuid-00187,W-00187,2026-07-19T06:30:00Z,DAY_SHIFT,122,75,74,99,36.2,8.3,2,0,255,False,False,False,False,FIT,SELF_SERVICE_KIOSK,
dcu-W-00187-20260720,worker-uuid-00187,W-00187,2026-07-20T06:30:00Z,DAY_SHIFT,122,75,72,99,36.6,7.5,2,0,207,False,False,False,False,FIT,SELF_SERVICE_KIOSK,
dcu-W-00187-20260721,worker-uuid-00187,W-00187,2026-07-21T06:30:00Z,DAY_SHIFT,125,86,76,99,36.3,8.9,0,0,197,False,False,False,False,FIT,PARAMEDIC_ASSISTED,user-paramedic-01
dcu-W-00187-20260722,worker-uuid-00187,W-00187,2026-07-22T06:30:00Z,DAY_SHIFT,116,72,74,99,36.6,5.9,2,0,232,False,False,False,False,FIT,SELF_SERVICE_KIOSK,
dcu-W-00187-20260723,worker-uuid-00187,W-00187,2026-07-23T06:30:00Z,DAY_SHIFT,122,83,81,97,36.2,6.5,2,0,185,False,False,False,False,FIT,PARAMEDIC_ASSISTED,user-paramedic-01
dcu-W-00187-20260724,worker-uuid-00187,W-00187,2026-07-24T06:30:00Z,DAY_SHIFT,123,72,72,98,36.2,6.4,1,0,249,False,False,False,False,FIT,SELF_SERVICE_KIOSK,
dcu-W-00187-20260725,worker-uuid-00187,W-00187,2026-07-25T06:30:00Z,DAY_SHIFT,118,69,85,97,36.6,5.7,2,0,234,False,False,False,False,FIT,SELF_SERVICE_KIOSK,
dcu-W-00187-20260727,worker-uuid-00187,W-00187,2026-07-27T06:30:00Z,DAY_SHIFT,124,77,72,97,36.4,5.9,1,0,248,False,False,False,False,FIT,PARAMEDIC_ASSISTED,user-paramedic-01
dcu-W-00187-20260728,worker-uuid-00187,W-00187,2026-07-28T06:30:00Z,DAY_SHIFT,123,64,72,97,36.9,7.5,1,0,215,False,False,False,False,FIT,PARAMEDIC_ASSISTED,user-paramedic-01
dcu-W-00187-20260729,worker-uuid-00187,W-00187,2026-07-29T06:30:00Z,DAY_SHIFT,119,68,70,97,36.3,6.0,2,0,226,False,False,False,False,FIT,SELF_SERVICE_KIOSK,
dcu-W-00187-20260730,worker-uuid-00187,W-00187,2026-07-30T18:30:00Z,NIGHT_SHIFT,128,85,85,97,36.4,5.5,3,0,330,False,False,False,False,FIT,PARAMEDIC_ASSISTED,user-paramedic-01
dcu-W-00187-20260731,worker-uuid-00187,W-00187,2026-07-31T18:30:00Z,NIGHT_SHIFT,131,86,76,98,36.6,5.8,3,0,306,False,False,False,False,FIT,SELF_SERVICE_KIOSK,
dcu-W-00187-20260801,worker-uuid-00187,W-00187,2026-08-01T18:30:00Z,NIGHT_SHIFT,128,79,82,98,36.4,5.8,2,0,270,False,False,False,False,FIT,SELF_SERVICE_KIOSK,
dcu-W-00187-20260802,worker-uuid-00187,W-00187,2026-08-02T18:30:00Z,NIGHT_SHIFT,139,90,79,98,36.6,3.4,4,0,314,False,False,False,False,RESTRICTED,SELF_SERVICE_KIOSK,
dcu-W-00187-20260803,worker-uuid-00187,W-00187,2026-08-03T18:30:00Z,NIGHT_SHIFT,115,66,79,97,36.9,6.3,1,0,297,False,False,False,False,FIT,SELF_SERVICE_KIOSK,
dcu-W-00187-20260804,worker-uuid-00187,W-00187,2026-08-04T18:30:00Z,NIGHT_SHIFT,129,86,84,97,36.7,6.4,2,0,226,False,False,False,False,FIT,SELF_SERVICE_KIOSK,
dcu-W-00187-20260805,worker-uuid-00187,W-00187,2026-08-05T18:30:00Z,NIGHT_SHIFT,135,74,80,97,36.6,8.0,1,0,362,False,False,False,False,FIT,SELF_SERVICE_KIOSK,
dcu-W-00187-20260806,worker-uuid-00187,W-00187,2026-08-06T18:30:00Z,NIGHT_SHIFT,136,83,84,98,36.2,5.9,3,0,291,False,False,False,False,FIT,SELF_SERVICE_KIOSK,
dcu-W-00187-20260807,worker-uuid-00187,W-00187,2026-08-07T18:30:00Z,NIGHT_SHIFT,135,78,81,98,36.4,5.1,1,0,260,False,False,False,False,FIT,SELF_SERVICE_KIOSK,
dcu-W-00187-20260808,worker-uuid-00187,W-00187,2026-08-08T18:30:00Z,NIGHT_SHIFT,127,78,78,97,36.4,5.6,1,0,247,False,False,False,False,FIT,PARAMEDIC_ASSISTED,user-paramedic-01
dcu-W-00187-20260809,worker-uuid-00187,W-00187,2026-08-09T18:30:00Z,NIGHT_SHIFT,135,78,79,98,36.3,4.0,4,0,320,False,False,False,False,RESTRICTED,SELF_SERVICE_KIOSK,
dcu-W-00187-20260810,worker-uuid-00187,W-00187,2026-08-10T18:30:00Z,NIGHT_SHIFT,146,89,80,98,36.6,4.5,1,0,311,False,False,False,False,FIT,SELF_SERVICE_KIOSK,
dcu-W-00187-20260811,worker-uuid-00187,W-00187,2026-08-11T18:30:00Z,NIGHT_SHIFT,130,77,84,98,37.0,4.4,2,0,335,False,False,False,False,RESTRICTED,SELF_SERVICE_KIOSK,
dcu-W-00187-20260813,worker-uuid-00187,W-00187,2026-08-13T06:30:00Z,DAY_SHIFT,126,72,64,98,36.2,6.9,0,0,198,False,False,False,False,FIT,PARAMEDIC_ASSISTED,user-paramedic-01
dcu-W-00187-20260814,worker-uuid-00187,W-00187,2026-08-14T06:30:00Z,DAY_SHIFT,134,83,82,96,36.3,7.1,2,0,233,False,False,False,False,FIT,SELF_SERVICE_KIOSK,
dcu-W-00187-20260818,worker-uuid-00187,W-00187,2026-08-18T06:30:00Z,DAY_SHIFT,125,81,70,98,36.4,6.9,2,0,193,False,False,False,False,FIT,SELF_SERVICE_KIOSK,
dcu-W-00187-20260822,worker-uuid-00187,W-00187,2026-08-22T06:30:00Z,DAY_SHIFT,126,70,69,98,36.1,5.8,1,0,186,False,False,False,False,FIT,SELF_SERVICE_KIOSK,
dcu-W-00187-20260823,worker-uuid-00187,W-00187,2026-08-23T06:30:00Z,DAY_SHIFT,123,77,67,96,36.6,6.8,2,0,215,False,False,False,False,FIT,PARAMEDIC_ASSISTED,user-paramedic-01
dcu-W-00187-20260824,worker-uuid-00187,W-00187,2026-08-24T06:30:00Z,DAY_SHIFT,119,76,68,98,36.9,6.8,1,0,232,False,False,False,False,FIT,SELF_SERVICE_KIOSK,
dcu-W-00187-20260826,worker-uuid-00187,W-00187,2026-08-26T06:30:00Z,DAY_SHIFT,123,78,69,98,37.0,5.4,0,0,202,False,False,False,False,FIT,SELF_SERVICE_KIOSK,
dcu-W-00187-20260827,worker-uuid-00187,W-00187,2026-08-27T18:30:00Z,NIGHT_SHIFT,124,84,85,97,36.3,5.1,3,0,259,False,False,False,False,FIT,SELF_SERVICE_KIOSK,
dcu-W-00187-20260828,worker-uuid-00187,W-00187,2026-08-28T18:30:00Z,NIGHT_SHIFT,118,77,69,99,36.3,5.5,2,0,313,False,False,False,False,FIT,SELF_SERVICE_KIOSK,
dcu-W-00187-20260830,worker-uuid-00187,W-00187,2026-08-30T18:30:00Z,NIGHT_SHIFT,116,73,84,97,36.7,5.9,4,0,268,False,False,False,False,FIT,PARAMEDIC_ASSISTED,user-paramedic-01
dcu-W-00187-20260831,worker-uuid-00187,W-00187,2026-08-31T18:30:00Z,NIGHT_SHIFT,132,80,71,98,36.6,8.4,1,0,300,False,False,False,False,FIT,SELF_SERVICE_KIOSK,
dcu-W-00187-20260901,worker-uuid-00187,W-00187,2026-09-01T18:30:00Z,NIGHT_SHIFT,123,72,74,99,36.1,7.4,2,0,342,False,False,False,False,FIT,SELF_SERVICE_KIOSK,
dcu-W-00187-20260902,worker-uuid-00187,W-00187,2026-09-02T18:30:00Z,NIGHT_SHIFT,125,67,81,96,36.7,6.2,2,0,340,False,False,False,False,FIT,SELF_SERVICE_KIOSK,
dcu-W-00187-20260903,worker-uuid-00187,W-00187,2026-09-03T18:30:00Z,NIGHT_SHIFT,144,87,79,98,36.2,4.4,4,0,309,False,False,True,False,RESTRICTED,PARAMEDIC_ASSISTED,user-paramedic-01
dcu-W-00187-20260904,worker-uuid-00187,W-00187,2026-09-04T18:30:00Z,NIGHT_SHIFT,135,78,82,97,36.3,4.8,2,0,297,False,False,False,False,FIT,SELF_SERVICE_KIOSK,
dcu-W-00187-20260905,worker-uuid-00187,W-00187,2026-09-05T18:30:00Z,NIGHT_SHIFT,126,80,80,98,36.4,6.1,2,0,313,False,False,False,False,FIT,PARAMEDIC_ASSISTED,user-paramedic-01
dcu-W-00187-20260906,worker-uuid-00187,W-00187,2026-09-06T18:30:00Z,NIGHT_SHIFT,130,86,79,97,37.1,7.0,4,0,335,False,False,False,False,FIT,SELF_SERVICE_KIOSK,
dcu-W-00187-20260908,worker-uuid-00187,W-00187,2026-09-08T18:30:00Z,NIGHT_SHIFT,139,88,69,98,36.5,4.6,1,0,276,False,False,False,False,FIT,SELF_SERVICE_KIOSK,
dcu-W-00187-20260910,worker-uuid-00187,W-00187,2026-09-10T06:30:00Z,DAY_SHIFT,123,70,80,98,36.7,5.0,2,0,219,False,False,False,False,FIT,PARAMEDIC_ASSISTED,user-paramedic-01
dcu-W-00187-20260911,worker-uuid-00187,W-00187,2026-09-11T06:30:00Z,DAY_SHIFT,118,71,70,99,36.8,6.2,1,0,274,False,False,False,False,FIT,SELF_SERVICE_KIOSK,
dcu-W-00187-20260912,worker-uuid-00187,W-00187,2026-09-12T06:30:00Z,DAY_SHIFT,130,81,72,97,35.8,6.7,2,0,230,False,False,False,False,FIT,SELF_SERVICE_KIOSK,
dcu-W-00187-20260913,worker-uuid-00187,W-00187,2026-09-13T06:30:00Z,DAY_SHIFT,123,80,70,99,37.0,6.4,2,0,236,False,False,False,False,FIT,SELF_SERVICE_KIOSK,
dcu-W-00187-20260914,worker-uuid-00187,W-00187,2026-09-14T06:30:00Z,DAY_SHIFT,120,70,73,99,36.8,7.0,2,0,234,False,False,False,False,FIT,SELF_SERVICE_KIOSK,
dcu-W-00187-20260915,worker-uuid-00187,W-00187,2026-09-15T06:30:00Z,DAY_SHIFT,136,84,74,98,36.5,5.9,2,0,271,False,False,False,False,FIT,SELF_SERVICE_KIOSK,
dcu-W-00187-20260916,worker-uuid-00187,W-00187,2026-09-16T06:30:00Z,DAY_SHIFT,116,73,70,99,36.8,7.9,0,0,233,False,False,False,False,FIT,PARAMEDIC_ASSISTED,user-paramedic-01
dcu-W-00187-20260917,worker-uuid-00187,W-00187,2026-09-17T06:30:00Z,DAY_SHIFT,131,78,77,98,36.3,7.5,0,0,197,False,False,False,False,FIT,SELF_SERVICE_KIOSK,
dcu-W-00187-20260919,worker-uuid-00187,W-00187,2026-09-19T06:30:00Z,DAY_SHIFT,128,78,74,98,36.5,6.7,2,0,216,False,False,False,False,FIT,PARAMEDIC_ASSISTED,user-paramedic-01
dcu-W-00187-20260920,worker-uuid-00187,W-00187,2026-09-20T06:30:00Z,DAY_SHIFT,128,84,71,98,36.1,8.4,0,0,198,False,False,False,False,FIT,SELF_SERVICE_KIOSK,
dcu-W-00187-20260921,worker-uuid-00187,W-00187,2026-09-21T06:30:00Z,DAY_SHIFT,121,68,77,99,36.0,6.3,0,0,201,False,False,False,False,FIT,SELF_SERVICE_KIOSK,
dcu-W-00187-20260923,worker-uuid-00187,W-00187,2026-09-23T06:30:00Z,DAY_SHIFT,112,65,74,97,36.7,5.5,1,0,225,False,False,False,False,FIT,PARAMEDIC_ASSISTED,user-paramedic-01
dcu-W-00187-20260924,worker-uuid-00187,W-00187,2026-09-24T18:30:00Z,NIGHT_SHIFT,130,79,82,97,37.1,4.9,3,0,297,False,False,False,False,FIT,PARAMEDIC_ASSISTED,user-paramedic-01
dcu-W-00187-20260925,worker-uuid-00187,W-00187,2026-09-25T18:30:00Z,NIGHT_SHIFT,138,89,79,96,37.0,7.3,1,0,260,False,False,False,False,FIT,SELF_SERVICE_KIOSK,
dcu-W-00187-20260926,worker-uuid-00187,W-00187,2026-09-26T18:30:00Z,NIGHT_SHIFT,123,75,76,98,36.8,5.0,2,0,331,False,False,False,False,FIT,PARAMEDIC_ASSISTED,user-paramedic-01
dcu-W-00187-20260928,worker-uuid-00187,W-00187,2026-09-28T18:30:00Z,NIGHT_SHIFT,125,80,80,98,36.5,6.4,1,0,317,False,False,False,False,FIT,PARAMEDIC_ASSISTED,user-paramedic-01
dcu-W-00187-20260929,worker-uuid-00187,W-00187,2026-09-29T18:30:00Z,NIGHT_SHIFT,122,80,84,96,36.4,6.2,3,0,338,False,False,False,False,FIT,SELF_SERVICE_KIOSK,
dcu-W-00187-20260930,worker-uuid-00187,W-00187,2026-09-30T18:30:00Z,NIGHT_SHIFT,126,75,79,97,36.4,5.5,1,0,345,False,False,False,False,FIT,PARAMEDIC_ASSISTED,user-paramedic-01
dcu-W-00187-20261001,worker-uuid-00187,W-00187,2026-10-01T18:30:00Z,NIGHT_SHIFT,121,75,66,98,36.5,5.6,4,0,308,False,False,False,False,FIT,SELF_SERVICE_KIOSK,
dcu-W-00187-20261002,worker-uuid-00187,W-00187,2026-10-02T18:30:00Z,NIGHT_SHIFT,130,78,81,98,36.9,6.5,2,0,338,False,False,False,False,FIT,PARAMEDIC_ASSISTED,user-paramedic-01
dcu-W-00187-20261003,worker-uuid-00187,W-00187,2026-10-03T18:30:00Z,NIGHT_SHIFT,128,77,85,98,36.9,5.7,1,0,324,False,False,False,False,FIT,PARAMEDIC_ASSISTED,user-paramedic-01
dcu-W-00187-20261004,worker-uuid-00187,W-00187,2026-10-04T18:30:00Z,NIGHT_SHIFT,142,83,82,98,36.2,4.4,1,0,278,False,False,False,False,RESTRICTED,SELF_SERVICE_KIOSK,
dcu-W-00187-20261006,worker-uuid-00187,W-00187,2026-10-06T18:30:00Z,NIGHT_SHIFT,127,71,75,98,36.1,7.3,2,0,344,False,False,False,False,FIT,SELF_SERVICE_KIOSK,
dcu-W-00187-20261007,worker-uuid-00187,W-00187,2026-10-07T18:30:00Z,NIGHT_SHIFT,141,88,68,98,36.7,4.7,2,0,267,False,False,False,False,FIT,PARAMEDIC_ASSISTED,user-paramedic-01
dcu-W-00187-20261008,worker-uuid-00187,W-00187,2026-10-08T06:30:00Z,DAY_SHIFT,114,74,68,98,37.1,5.5,1,0,246,False,False,False,False,FIT,SELF_SERVICE_KIOSK,
dcu-W-00187-20261010,worker-uuid-00187,W-00187,2026-10-10T06:30:00Z,DAY_SHIFT,130,80,66,98,36.2,7.1,2,0,255,False,False,False,False,FIT,PARAMEDIC_ASSISTED,user-paramedic-01
dcu-W-00187-20261011,worker-uuid-00187,W-00187,2026-10-11T06:30:00Z,DAY_SHIFT,122,78,71,97,36.7,8.7,0,0,218,False,False,False,False,FIT,PARAMEDIC_ASSISTED,user-paramedic-01
dcu-W-00187-20261012,worker-uuid-00187,W-00187,2026-10-12T06:30:00Z,DAY_SHIFT,115,75,68,97,36.5,6.4,0,0,235,False,False,False,False,FIT,SELF_SERVICE_KIOSK,
dcu-W-00187-20261013,worker-uuid-00187,W-00187,2026-10-13T06:30:00Z,DAY_SHIFT,133,85,70,100,36.5,7.6,0,0,224,False,False,False,False,FIT,SELF_SERVICE_KIOSK,
dcu-W-00187-20261015,worker-uuid-00187,W-00187,2026-10-15T06:30:00Z,DAY_SHIFT,122,80,80,99,36.5,6.9,0,0,265,False,False,False,False,FIT,SELF_SERVICE_KIOSK,
dcu-W-00187-20261016,worker-uuid-00187,W-00187,2026-10-16T06:30:00Z,DAY_SHIFT,116,76,70,97,37.0,7.0,2,0,238,False,False,False,False,FIT,SELF_SERVICE_KIOSK,
dcu-W-00187-20261017,worker-uuid-00187,W-00187,2026-10-17T06:30:00Z,DAY_SHIFT,113,70,75,97,36.7,7.1,1,0,319,False,False,False,False,FIT,SELF_SERVICE_KIOSK,
dcu-W-00187-20261018,worker-uuid-00187,W-00187,2026-10-18T06:30:00Z,DAY_SHIFT,120,77,73,99,37.2,5.3,2,0,220,False,False,False,False,FIT,PARAMEDIC_ASSISTED,user-paramedic-01
dcu-W-00187-20261019,worker-uuid-00187,W-00187,2026-10-19T06:30:00Z,DAY_SHIFT,129,82,75,97,36.3,8.3,1,0,256,False,False,False,False,FIT,PARAMEDIC_ASSISTED,user-paramedic-01
dcu-W-00187-20261021,worker-uuid-00187,W-00187,2026-10-21T06:30:00Z,DAY_SHIFT,116,70,69,98,36.7,6.3,1,0,266,False,False,False,False,FIT,PARAMEDIC_ASSISTED,user-paramedic-01
dcu-W-00187-20261022,worker-uuid-00187,W-00187,2026-10-22T18:30:00Z,NIGHT_SHIFT,146,93,79,98,36.0,4.9,1,0,326,False,False,False,False,FIT,SELF_SERVICE_KIOSK,
dcu-W-00187-20261023,worker-uuid-00187,W-00187,2026-10-23T18:30:00Z,NIGHT_SHIFT,118,77,75,98,37.0,7.0,3,0,298,False,False,False,False,FIT,SELF_SERVICE_KIOSK,
dcu-W-00187-20261024,worker-uuid-00187,W-00187,2026-10-24T18:30:00Z,NIGHT_SHIFT,137,89,78,97,37.1,3.3,4,0,420,False,False,False,False,RESTRICTED,SELF_SERVICE_KIOSK,
dcu-W-00187-20261025,worker-uuid-00187,W-00187,2026-10-25T18:30:00Z,NIGHT_SHIFT,123,83,77,97,36.2,5.3,3,0,291,False,False,False,False,FIT,SELF_SERVICE_KIOSK,
dcu-W-00187-20261026,worker-uuid-00187,W-00187,2026-10-26T18:30:00Z,NIGHT_SHIFT,140,87,89,98,36.1,7.1,4,0,353,False,False,False,False,FIT,PARAMEDIC_ASSISTED,user-paramedic-01
dcu-W-00187-20261028,worker-uuid-00187,W-00187,2026-10-28T18:30:00Z,NIGHT_SHIFT,127,72,77,98,36.2,5.3,4,0,315,False,False,False,False,FIT,SELF_SERVICE_KIOSK,
dcu-W-00187-20261029,worker-uuid-00187,W-00187,2026-10-29T18:30:00Z,NIGHT_SHIFT,126,80,81,99,36.4,4.8,3,0,344,False,False,False,False,FIT,PARAMEDIC_ASSISTED,user-paramedic-01
dcu-W-00187-20261030,worker-uuid-00187,W-00187,2026-10-30T18:30:00Z,NIGHT_SHIFT,129,74,75,98,37.2,4.0,2,0,291,False,False,False,False,RESTRICTED,SELF_SERVICE_KIOSK,
dcu-W-00187-20261031,worker-uuid-00187,W-00187,2026-10-31T18:30:00Z,NIGHT_SHIFT,137,90,84,98,36.6,4.7,1,0,309,False,False,False,False,FIT,PARAMEDIC_ASSISTED,user-paramedic-01
dcu-W-00187-20261101,worker-uuid-00187,W-00187,2026-11-01T18:30:00Z,NIGHT_SHIFT,128,82,79,96,36.6,4.2,4,0,357,False,False,False,False,RESTRICTED,SELF_SERVICE_KIOSK,
dcu-W-00187-20261102,worker-uuid-00187,W-00187,2026-11-02T18:30:00Z,NIGHT_SHIFT,131,75,85,98,36.8,4.1,1,0,352,False,False,False,False,RESTRICTED,SELF_SERVICE_KIOSK,
dcu-W-00187-20261103,worker-uuid-00187,W-00187,2026-11-03T18:30:00Z,NIGHT_SHIFT,129,82,72,98,36.3,6.3,3,0,282,False,False,False,False,FIT,SELF_SERVICE_KIOSK,
dcu-W-00187-20261104,worker-uuid-00187,W-00187,2026-11-04T18:30:00Z,NIGHT_SHIFT,124,85,79,99,36.6,5.0,3,0,370,False,False,False,False,FIT,PARAMEDIC_ASSISTED,user-paramedic-01
dcu-W-00187-20261105,worker-uuid-00187,W-00187,2026-11-05T06:30:00Z,DAY_SHIFT,121,72,74,98,36.6,6.1,0,0,304,False,False,False,False,FIT,SELF_SERVICE_KIOSK,
dcu-W-00187-20261107,worker-uuid-00187,W-00187,2026-11-07T06:30:00Z,DAY_SHIFT,129,84,75,97,36.8,6.0,0,0,280,False,False,False,False,FIT,PARAMEDIC_ASSISTED,user-paramedic-01
dcu-W-00187-20261108,worker-uuid-00187,W-00187,2026-11-08T06:30:00Z,DAY_SHIFT,128,76,74,98,36.4,7.4,2,0,250,False,False,False,False,FIT,PARAMEDIC_ASSISTED,user-paramedic-01
dcu-W-00187-20261109,worker-uuid-00187,W-00187,2026-11-09T06:30:00Z,DAY_SHIFT,122,77,63,97,36.3,6.1,2,0,268,False,False,False,False,FIT,SELF_SERVICE_KIOSK,
dcu-W-00187-20261110,worker-uuid-00187,W-00187,2026-11-10T06:30:00Z,DAY_SHIFT,128,79,70,98,36.9,5.9,2,0,270,False,False,False,False,FIT,PARAMEDIC_ASSISTED,user-paramedic-01
dcu-W-00187-20261112,worker-uuid-00187,W-00187,2026-11-12T06:30:00Z,DAY_SHIFT,116,73,72,99,36.5,7.6,1,0,242,False,False,False,False,FIT,PARAMEDIC_ASSISTED,user-paramedic-01
dcu-W-00187-20261113,worker-uuid-00187,W-00187,2026-11-13T06:30:00Z,DAY_SHIFT,128,76,70,97,36.4,6.4,2,0,224,False,False,False,False,FIT,PARAMEDIC_ASSISTED,user-paramedic-01
dcu-W-00187-20261114,worker-uuid-00187,W-00187,2026-11-14T06:30:00Z,DAY_SHIFT,114,71,69,98,36.4,6.6,0,0,228,False,False,False,False,FIT,PARAMEDIC_ASSISTED,user-paramedic-01
dcu-W-00187-20261115,worker-uuid-00187,W-00187,2026-11-15T06:30:00Z,DAY_SHIFT,129,86,66,99,36.4,7.1,1,0,206,False,False,False,False,FIT,SELF_SERVICE_KIOSK,
dcu-W-00187-20261116,worker-uuid-00187,W-00187,2026-11-16T06:30:00Z,DAY_SHIFT,117,81,74,99,36.0,7.7,2,0,245,False,False,False,False,FIT,PARAMEDIC_ASSISTED,user-paramedic-01
dcu-W-00187-20261118,worker-uuid-00187,W-00187,2026-11-18T06:30:00Z,DAY_SHIFT,118,71,74,96,36.9,8.0,1,0,279,False,False,False,False,FIT,PARAMEDIC_ASSISTED,user-paramedic-01
dcu-W-00187-20261120,worker-uuid-00187,W-00187,2026-11-20T18:30:00Z,NIGHT_SHIFT,128,82,79,97,36.4,5.0,3,0,307,False,False,False,False,FIT,SELF_SERVICE_KIOSK,
dcu-W-00187-20261121,worker-uuid-00187,W-00187,2026-11-21T18:30:00Z,NIGHT_SHIFT,130,79,72,99,36.4,6.0,2,0,324,False,False,False,False,FIT,SELF_SERVICE_KIOSK,
dcu-W-00187-20261122,worker-uuid-00187,W-00187,2026-11-22T18:30:00Z,NIGHT_SHIFT,135,85,77,97,36.3,4.6,3,0,311,False,False,False,False,FIT,SELF_SERVICE_KIOSK,
dcu-W-00187-20261123,worker-uuid-00187,W-00187,2026-11-23T18:30:00Z,NIGHT_SHIFT,125,84,88,97,36.4,6.0,2,0,339,False,False,False,False,FIT,PARAMEDIC_ASSISTED,user-paramedic-01
dcu-W-00187-20261124,worker-uuid-00187,W-00187,2026-11-24T18:30:00Z,NIGHT_SHIFT,133,85,84,96,36.8,5.6,1,0,336,False,False,False,False,FIT,SELF_SERVICE_KIOSK,
dcu-W-00187-20261126,worker-uuid-00187,W-00187,2026-11-26T18:30:00Z,NIGHT_SHIFT,132,83,80,97,36.2,4.8,1,0,330,False,False,False,False,FIT,PARAMEDIC_ASSISTED,user-paramedic-01
dcu-W-00187-20261127,worker-uuid-00187,W-00187,2026-11-27T18:30:00Z,NIGHT_SHIFT,135,84,76,99,36.3,4.6,1,0,290,False,False,False,False,FIT,SELF_SERVICE_KIOSK,
dcu-W-00187-20261128,worker-uuid-00187,W-00187,2026-11-28T18:30:00Z,NIGHT_SHIFT,126,77,76,98,36.5,2.6,3,0,324,False,False,True,False,RESTRICTED,SELF_SERVICE_KIOSK,
dcu-W-00187-20261129,worker-uuid-00187,W-00187,2026-11-29T18:30:00Z,NIGHT_SHIFT,123,72,78,98,36.3,6.0,3,0,286,False,False,False,False,FIT,PARAMEDIC_ASSISTED,user-paramedic-01
dcu-W-00187-20261130,worker-uuid-00187,W-00187,2026-11-30T18:30:00Z,NIGHT_SHIFT,127,80,88,95,36.3,5.8,2,0,313,False,False,False,False,FIT,SELF_SERVICE_KIOSK,
dcu-W-00187-20261201,worker-uuid-00187,W-00187,2026-12-01T18:30:00Z,NIGHT_SHIFT,131,73,78,97,36.8,5.0,2,0,338,False,False,False,False,FIT,SELF_SERVICE_KIOSK,
dcu-W-00187-20261202,worker-uuid-00187,W-00187,2026-12-02T18:30:00Z,NIGHT_SHIFT,132,76,77,99,36.6,6.3,1,0,317,False,False,False,False,FIT,PARAMEDIC_ASSISTED,user-paramedic-01
dcu-W-00187-20261203,worker-uuid-00187,W-00187,2026-12-03T06:30:00Z,DAY_SHIFT,125,77,68,96,36.9,7.1,2,0,239,False,False,False,False,FIT,SELF_SERVICE_KIOSK,
dcu-W-00187-20261204,worker-uuid-00187,W-00187,2026-12-04T06:30:00Z,DAY_SHIFT,119,71,69,99,36.9,6.9,2,0,283,False,False,False,False,FIT,PARAMEDIC_ASSISTED,user-paramedic-01
dcu-W-00187-20261205,worker-uuid-00187,W-00187,2026-12-05T06:30:00Z,DAY_SHIFT,128,82,69,99,36.1,5.2,0,0,214,False,False,False,False,FIT,SELF_SERVICE_KIOSK,
dcu-W-00187-20261206,worker-uuid-00187,W-00187,2026-12-06T06:30:00Z,DAY_SHIFT,116,79,80,97,36.7,7.2,2,0,236,False,False,False,False,FIT,SELF_SERVICE_KIOSK,
dcu-W-00187-20261207,worker-uuid-00187,W-00187,2026-12-07T06:30:00Z,DAY_SHIFT,121,75,82,97,36.2,7.0,1,0,235,False,False,False,False,FIT,SELF_SERVICE_KIOSK,
dcu-W-00187-20261209,worker-uuid-00187,W-00187,2026-12-09T06:30:00Z,DAY_SHIFT,120,72,82,98,36.5,8.9,2,0,229,False,False,False,False,FIT,SELF_SERVICE_KIOSK,
dcu-W-00187-20261210,worker-uuid-00187,W-00187,2026-12-10T06:30:00Z,DAY_SHIFT,123,69,72,96,36.4,5.8,1,0,245,False,False,False,False,FIT,SELF_SERVICE_KIOSK,
dcu-W-00187-20261211,worker-uuid-00187,W-00187,2026-12-11T06:30:00Z,DAY_SHIFT,129,80,66,97,36.4,7.9,0,0,235,False,False,False,False,FIT,SELF_SERVICE_KIOSK,
dcu-W-00187-20261212,worker-uuid-00187,W-00187,2026-12-12T06:30:00Z,DAY_SHIFT,131,83,75,98,36.4,9.6,0,0,213,False,False,False,False,FIT,SELF_SERVICE_KIOSK,
dcu-W-00187-20261214,worker-uuid-00187,W-00187,2026-12-14T06:30:00Z,DAY_SHIFT,128,81,69,98,36.3,6.4,0,0,260,False,False,False,False,FIT,SELF_SERVICE_KIOSK,
dcu-W-00187-20261215,worker-uuid-00187,W-00187,2026-12-15T06:30:00Z,DAY_SHIFT,120,76,72,97,36.1,7.2,2,0,205,False,False,False,False,FIT,SELF_SERVICE_KIOSK,
dcu-W-00187-20261216,worker-uuid-00187,W-00187,2026-12-16T06:30:00Z,DAY_SHIFT,123,84,65,98,36.3,8.0,0,0,259,False,False,False,False,FIT,SELF_SERVICE_KIOSK,
dcu-W-00187-20261217,worker-uuid-00187,W-00187,2026-12-17T18:30:00Z,NIGHT_SHIFT,132,83,74,99,36.8,5.6,3,0,288,False,False,False,False,FIT,SELF_SERVICE_KIOSK,
dcu-W-00187-20261218,worker-uuid-00187,W-00187,2026-12-18T18:30:00Z,NIGHT_SHIFT,135,83,82,98,36.5,3.0,4,0,322,False,False,False,False,RESTRICTED,SELF_SERVICE_KIOSK,
dcu-W-00187-20261219,worker-uuid-00187,W-00187,2026-12-19T18:30:00Z,NIGHT_SHIFT,132,86,83,96,36.5,5.5,3,0,265,False,False,False,False,FIT,SELF_SERVICE_KIOSK,
dcu-W-00187-20261221,worker-uuid-00187,W-00187,2026-12-21T18:30:00Z,NIGHT_SHIFT,128,84,76,99,36.6,5.9,2,0,308,False,False,False,False,FIT,SELF_SERVICE_KIOSK,
dcu-W-00187-20261222,worker-uuid-00187,W-00187,2026-12-22T18:30:00Z,NIGHT_SHIFT,129,85,86,98,36.8,6.4,3,0,382,False,False,False,False,FIT,SELF_SERVICE_KIOSK,
dcu-W-00187-20261223,worker-uuid-00187,W-00187,2026-12-23T18:30:00Z,NIGHT_SHIFT,132,81,78,97,36.1,5.2,2,0,294,False,False,False,False,FIT,SELF_SERVICE_KIOSK,
dcu-W-00187-20261225,worker-uuid-00187,W-00187,2026-12-25T18:30:00Z,NIGHT_SHIFT,135,79,88,98,36.5,4.0,1,0,326,False,False,False,False,RESTRICTED,PARAMEDIC_ASSISTED,user-paramedic-01
dcu-W-00187-20261228,worker-uuid-00187,W-00187,2026-12-28T18:30:00Z,NIGHT_SHIFT,131,87,86,98,36.4,3.4,3,0,298,False,False,False,False,RESTRICTED,PARAMEDIC_ASSISTED,user-paramedic-01
dcu-W-00187-20261230,worker-uuid-00187,W-00187,2026-12-30T18:30:00Z,NIGHT_SHIFT,131,84,86,97,36.1,6.3,2,0,246,False,False,False,False,FIT,SELF_SERVICE_KIOSK,
dcu-W-00187-20261231,worker-uuid-00187,W-00187,2026-12-31T06:30:00Z,DAY_SHIFT,117,77,65,98,36.3,7.0,1,0,248,False,False,False,False,FIT,SELF_SERVICE_KIOSK,
dcu-W-00188-20260101,worker-uuid-00188,W-00188,2026-01-01T06:30:00Z,DAY_SHIFT,143,91,82,97,36.9,7.3,1,10,258,False,False,False,False,FIT,SELF_SERVICE_KIOSK,
dcu-W-00188-20260102,worker-uuid-00188,W-00188,2026-01-02T06:30:00Z,DAY_SHIFT,147,97,78,98,36.7,5.9,0,16,182,False,False,False,False,RESTRICTED,SELF_SERVICE_KIOSK,
dcu-W-00188-20260103,worker-uuid-00188,W-00188,2026-01-03T06:30:00Z,DAY_SHIFT,149,86,85,100,36.5,6.3,1,7,188,False,False,False,False,FIT,SELF_SERVICE_KIOSK,
dcu-W-00188-20260104,worker-uuid-00188,W-00188,2026-01-04T06:30:00Z,DAY_SHIFT,144,90,96,98,36.4,6.9,2,10,200,False,False,False,False,FIT,SELF_SERVICE_KIOSK,
dcu-W-00188-20260105,worker-uuid-00188,W-00188,2026-01-05T06:30:00Z,DAY_SHIFT,142,90,89,98,36.2,7.3,1,14,247,False,False,False,False,FIT,SELF_SERVICE_KIOSK,
dcu-W-00188-20260107,worker-uuid-00188,W-00188,2026-01-07T06:30:00Z,DAY_SHIFT,156,93,92,97,36.3,5.0,1,18,239,False,False,False,False,RESTRICTED,PARAMEDIC_ASSISTED,user-paramedic-01
dcu-W-00188-20260108,worker-uuid-00188,W-00188,2026-01-08T06:30:00Z,DAY_SHIFT,138,93,97,97,36.9,7.9,2,9,248,False,False,False,False,FIT,SELF_SERVICE_KIOSK,
dcu-W-00188-20260110,worker-uuid-00188,W-00188,2026-01-10T06:30:00Z,DAY_SHIFT,151,99,87,97,36.5,7.3,2,17,219,False,False,False,False,RESTRICTED,SELF_SERVICE_KIOSK,
dcu-W-00188-20260111,worker-uuid-00188,W-00188,2026-01-11T06:30:00Z,DAY_SHIFT,139,87,93,97,36.5,7.9,1,20,214,False,False,False,False,FIT,PARAMEDIC_ASSISTED,user-paramedic-01
dcu-W-00188-20260112,worker-uuid-00188,W-00188,2026-01-12T06:30:00Z,DAY_SHIFT,156,97,82,98,36.2,8.5,1,8,230,False,False,False,False,RESTRICTED,SELF_SERVICE_KIOSK,
dcu-W-00188-20260113,worker-uuid-00188,W-00188,2026-01-13T06:30:00Z,DAY_SHIFT,138,93,82,97,36.2,7.0,0,20,232,False,False,False,False,FIT,PARAMEDIC_ASSISTED,user-paramedic-01
dcu-W-00188-20260114,worker-uuid-00188,W-00188,2026-01-14T06:30:00Z,DAY_SHIFT,146,89,85,97,36.4,4.8,2,20,245,False,False,False,False,FIT,PARAMEDIC_ASSISTED,user-paramedic-01
dcu-W-00188-20260115,worker-uuid-00188,W-00188,2026-01-15T18:30:00Z,NIGHT_SHIFT,153,99,93,97,36.7,4.8,1,20,251,False,False,False,False,RESTRICTED,PARAMEDIC_ASSISTED,user-paramedic-01
dcu-W-00188-20260116,worker-uuid-00188,W-00188,2026-01-16T18:30:00Z,NIGHT_SHIFT,148,95,98,97,36.0,3.8,4,14,242,False,False,False,False,RESTRICTED,SELF_SERVICE_KIOSK,
dcu-W-00188-20260117,worker-uuid-00188,W-00188,2026-01-17T18:30:00Z,NIGHT_SHIFT,145,87,96,98,35.9,5.7,3,7,335,False,False,False,False,FIT,PARAMEDIC_ASSISTED,user-paramedic-01
dcu-W-00188-20260118,worker-uuid-00188,W-00188,2026-01-18T18:30:00Z,NIGHT_SHIFT,139,85,94,97,36.4,3.8,4,8,300,False,False,False,False,RESTRICTED,SELF_SERVICE_KIOSK,
dcu-W-00188-20260119,worker-uuid-00188,W-00188,2026-01-19T18:30:00Z,NIGHT_SHIFT,156,101,101,98,36.1,4.2,1,8,342,False,False,False,False,RESTRICTED,PARAMEDIC_ASSISTED,user-paramedic-01
dcu-W-00188-20260120,worker-uuid-00188,W-00188,2026-01-20T18:30:00Z,NIGHT_SHIFT,142,92,90,100,36.6,4.6,2,6,334,False,False,False,False,FIT,SELF_SERVICE_KIOSK,
dcu-W-00188-20260121,worker-uuid-00188,W-00188,2026-01-21T18:30:00Z,NIGHT_SHIFT,159,99,91,96,36.3,5.1,4,7,357,False,False,False,False,RESTRICTED,SELF_SERVICE_KIOSK,
dcu-W-00188-20260123,worker-uuid-00188,W-00188,2026-01-23T18:30:00Z,NIGHT_SHIFT,162,97,92,97,36.8,3.2,3,17,256,False,False,True,False,RESTRICTED,PARAMEDIC_ASSISTED,user-paramedic-01
dcu-W-00188-20260124,worker-uuid-00188,W-00188,2026-01-24T18:30:00Z,NIGHT_SHIFT,147,91,94,97,36.1,6.4,2,9,352,False,False,False,False,FIT,PARAMEDIC_ASSISTED,user-paramedic-01
dcu-W-00188-20260125,worker-uuid-00188,W-00188,2026-01-25T18:30:00Z,NIGHT_SHIFT,149,92,95,98,36.8,5.4,4,13,318,False,False,False,False,FIT,PARAMEDIC_ASSISTED,user-paramedic-01
dcu-W-00188-20260127,worker-uuid-00188,W-00188,2026-01-27T18:30:00Z,NIGHT_SHIFT,141,93,99,97,36.6,6.3,2,6,258,False,False,False,False,FIT,PARAMEDIC_ASSISTED,user-paramedic-01
dcu-W-00188-20260129,worker-uuid-00188,W-00188,2026-01-29T06:30:00Z,DAY_SHIFT,149,98,86,96,36.4,7.4,0,19,231,False,False,False,False,RESTRICTED,SELF_SERVICE_KIOSK,
dcu-W-00188-20260131,worker-uuid-00188,W-00188,2026-01-31T06:30:00Z,DAY_SHIFT,152,91,92,98,36.5,6.7,1,11,232,False,False,True,False,RESTRICTED,PARAMEDIC_ASSISTED,user-paramedic-01
dcu-W-00188-20260201,worker-uuid-00188,W-00188,2026-02-01T06:30:00Z,DAY_SHIFT,137,83,81,98,36.8,8.3,2,15,235,False,False,False,False,FIT,SELF_SERVICE_KIOSK,
dcu-W-00188-20260202,worker-uuid-00188,W-00188,2026-02-02T06:30:00Z,DAY_SHIFT,146,93,75,98,36.5,6.6,2,12,234,False,False,False,False,FIT,SELF_SERVICE_KIOSK,
dcu-W-00188-20260203,worker-uuid-00188,W-00188,2026-02-03T06:30:00Z,DAY_SHIFT,141,87,80,98,36.2,7.0,1,19,275,False,False,False,False,FIT,PARAMEDIC_ASSISTED,user-paramedic-01
dcu-W-00188-20260205,worker-uuid-00188,W-00188,2026-02-05T06:30:00Z,DAY_SHIFT,141,82,92,98,37.0,6.8,2,15,280,False,False,False,False,FIT,SELF_SERVICE_KIOSK,
dcu-W-00188-20260206,worker-uuid-00188,W-00188,2026-02-06T06:30:00Z,DAY_SHIFT,157,95,87,97,36.5,6.6,1,8,273,False,False,False,False,RESTRICTED,SELF_SERVICE_KIOSK,
dcu-W-00188-20260207,worker-uuid-00188,W-00188,2026-02-07T06:30:00Z,DAY_SHIFT,146,91,86,98,36.6,5.6,2,10,219,False,False,False,False,FIT,PARAMEDIC_ASSISTED,user-paramedic-01
dcu-W-00188-20260208,worker-uuid-00188,W-00188,2026-02-08T06:30:00Z,DAY_SHIFT,141,86,93,97,36.2,6.8,0,9,239,False,False,False,False,FIT,SELF_SERVICE_KIOSK,
dcu-W-00188-20260209,worker-uuid-00188,W-00188,2026-02-09T06:30:00Z,DAY_SHIFT,146,93,82,96,36.6,8.3,0,9,232,False,False,False,False,FIT,SELF_SERVICE_KIOSK,
dcu-W-00188-20260210,worker-uuid-00188,W-00188,2026-02-10T06:30:00Z,DAY_SHIFT,145,94,87,97,36.8,7.1,1,10,261,False,False,False,False,FIT,PARAMEDIC_ASSISTED,user-paramedic-01
dcu-W-00188-20260211,worker-uuid-00188,W-00188,2026-02-11T06:30:00Z,DAY_SHIFT,137,89,83,98,36.7,5.1,2,17,268,False,False,False,False,FIT,SELF_SERVICE_KIOSK,
dcu-W-00188-20260212,worker-uuid-00188,W-00188,2026-02-12T18:30:00Z,NIGHT_SHIFT,147,87,88,99,36.5,5.0,4,7,295,False,False,False,False,FIT,SELF_SERVICE_KIOSK,
dcu-W-00188-20260213,worker-uuid-00188,W-00188,2026-02-13T18:30:00Z,NIGHT_SHIFT,147,89,104,98,36.5,5.7,4,18,305,False,False,False,False,FIT,SELF_SERVICE_KIOSK,
dcu-W-00188-20260214,worker-uuid-00188,W-00188,2026-02-14T18:30:00Z,NIGHT_SHIFT,150,99,97,96,36.6,5.4,4,11,292,False,False,True,False,RESTRICTED,PARAMEDIC_ASSISTED,user-paramedic-01
dcu-W-00188-20260215,worker-uuid-00188,W-00188,2026-02-15T18:30:00Z,NIGHT_SHIFT,147,82,94,98,36.7,5.4,3,10,291,False,False,False,False,FIT,PARAMEDIC_ASSISTED,user-paramedic-01
dcu-W-00188-20260216,worker-uuid-00188,W-00188,2026-02-16T18:30:00Z,NIGHT_SHIFT,155,102,96,98,36.6,4.7,1,20,304,False,False,False,False,RESTRICTED,PARAMEDIC_ASSISTED,user-paramedic-01
dcu-W-00188-20260217,worker-uuid-00188,W-00188,2026-02-17T18:30:00Z,NIGHT_SHIFT,146,88,95,98,36.9,5.4,3,12,308,False,False,False,False,FIT,PARAMEDIC_ASSISTED,user-paramedic-01
dcu-W-00188-20260218,worker-uuid-00188,W-00188,2026-02-18T18:30:00Z,NIGHT_SHIFT,150,97,98,98,36.6,5.2,1,18,286,False,False,True,False,RESTRICTED,SELF_SERVICE_KIOSK,
dcu-W-00188-20260220,worker-uuid-00188,W-00188,2026-02-20T18:30:00Z,NIGHT_SHIFT,154,93,94,97,36.6,5.0,3,8,339,False,False,True,False,RESTRICTED,PARAMEDIC_ASSISTED,user-paramedic-01
dcu-W-00188-20260221,worker-uuid-00188,W-00188,2026-02-21T18:30:00Z,NIGHT_SHIFT,153,100,91,98,36.7,5.1,4,6,325,False,False,False,False,RESTRICTED,PARAMEDIC_ASSISTED,user-paramedic-01
dcu-W-00188-20260222,worker-uuid-00188,W-00188,2026-02-22T18:30:00Z,NIGHT_SHIFT,156,101,93,98,36.4,6.4,1,16,246,False,False,False,False,RESTRICTED,SELF_SERVICE_KIOSK,
dcu-W-00188-20260223,worker-uuid-00188,W-00188,2026-02-23T18:30:00Z,NIGHT_SHIFT,148,97,100,97,36.1,5.8,2,9,375,False,False,False,False,RESTRICTED,PARAMEDIC_ASSISTED,user-paramedic-01
dcu-W-00188-20260224,worker-uuid-00188,W-00188,2026-02-24T18:30:00Z,NIGHT_SHIFT,154,97,105,96,36.1,6.8,1,13,345,False,False,False,False,RESTRICTED,SELF_SERVICE_KIOSK,
dcu-W-00188-20260225,worker-uuid-00188,W-00188,2026-02-25T18:30:00Z,NIGHT_SHIFT,149,95,97,99,36.5,5.6,1,10,287,False,False,False,False,RESTRICTED,PARAMEDIC_ASSISTED,user-paramedic-01
dcu-W-00188-20260227,worker-uuid-00188,W-00188,2026-02-27T06:30:00Z,DAY_SHIFT,141,86,87,98,36.5,6.3,1,17,210,False,False,False,False,FIT,SELF_SERVICE_KIOSK,
dcu-W-00188-20260228,worker-uuid-00188,W-00188,2026-02-28T06:30:00Z,DAY_SHIFT,144,92,88,98,36.2,7.4,2,19,261,False,False,False,False,FIT,PARAMEDIC_ASSISTED,user-paramedic-01
dcu-W-00188-20260301,worker-uuid-00188,W-00188,2026-03-01T06:30:00Z,DAY_SHIFT,145,89,89,97,35.9,6.1,0,10,244,False,False,False,False,FIT,PARAMEDIC_ASSISTED,user-paramedic-01
dcu-W-00188-20260302,worker-uuid-00188,W-00188,2026-03-02T06:30:00Z,DAY_SHIFT,138,84,88,97,36.2,5.8,2,6,224,False,False,False,False,FIT,SELF_SERVICE_KIOSK,
dcu-W-00188-20260303,worker-uuid-00188,W-00188,2026-03-03T06:30:00Z,DAY_SHIFT,141,95,90,97,36.9,8.0,2,10,218,False,False,False,False,RESTRICTED,PARAMEDIC_ASSISTED,user-paramedic-01
dcu-W-00188-20260304,worker-uuid-00188,W-00188,2026-03-04T06:30:00Z,DAY_SHIFT,150,88,92,97,36.7,8.1,2,6,218,False,False,False,False,RESTRICTED,PARAMEDIC_ASSISTED,user-paramedic-01
dcu-W-00188-20260305,worker-uuid-00188,W-00188,2026-03-05T06:30:00Z,DAY_SHIFT,140,94,86,97,36.2,7.4,1,16,302,False,False,False,False,FIT,SELF_SERVICE_KIOSK,
dcu-W-00188-20260306,worker-uuid-00188,W-00188,2026-03-06T06:30:00Z,DAY_SHIFT,152,93,89,97,36.6,5.6,1,18,205,False,False,False,False,RESTRICTED,SELF_SERVICE_KIOSK,
dcu-W-00188-20260307,worker-uuid-00188,W-00188,2026-03-07T06:30:00Z,DAY_SHIFT,142,92,91,99,36.7,7.0,0,17,211,False,False,False,False,FIT,SELF_SERVICE_KIOSK,
dcu-W-00188-20260308,worker-uuid-00188,W-00188,2026-03-08T06:30:00Z,DAY_SHIFT,160,100,88,98,36.2,7.5,0,13,221,False,False,True,False,RESTRICTED,SELF_SERVICE_KIOSK,
dcu-W-00188-20260309,worker-uuid-00188,W-00188,2026-03-09T06:30:00Z,DAY_SHIFT,143,96,86,99,36.5,7.1,0,8,285,False,False,False,False,RESTRICTED,PARAMEDIC_ASSISTED,user-paramedic-01
dcu-W-00188-20260310,worker-uuid-00188,W-00188,2026-03-10T06:30:00Z,DAY_SHIFT,145,99,87,99,36.0,7.2,0,11,250,False,False,False,False,RESTRICTED,SELF_SERVICE_KIOSK,
dcu-W-00188-20260312,worker-uuid-00188,W-00188,2026-03-12T18:30:00Z,NIGHT_SHIFT,146,91,86,96,36.8,5.3,4,17,307,False,False,False,False,FIT,SELF_SERVICE_KIOSK,
dcu-W-00188-20260313,worker-uuid-00188,W-00188,2026-03-13T18:30:00Z,NIGHT_SHIFT,145,88,88,98,36.1,5.0,1,6,353,False,False,False,False,FIT,PARAMEDIC_ASSISTED,user-paramedic-01
dcu-W-00188-20260315,worker-uuid-00188,W-00188,2026-03-15T18:30:00Z,NIGHT_SHIFT,156,92,101,99,36.6,3.4,4,9,245,False,False,False,False,RESTRICTED,SELF_SERVICE_KIOSK,
dcu-W-00188-20260316,worker-uuid-00188,W-00188,2026-03-16T18:30:00Z,NIGHT_SHIFT,153,102,92,97,36.5,6.4,4,10,319,False,False,True,False,RESTRICTED,SELF_SERVICE_KIOSK,
dcu-W-00188-20260317,worker-uuid-00188,W-00188,2026-03-17T18:30:00Z,NIGHT_SHIFT,153,92,99,97,36.6,4.8,4,19,275,False,False,False,False,RESTRICTED,SELF_SERVICE_KIOSK,
dcu-W-00188-20260320,worker-uuid-00188,W-00188,2026-03-20T18:30:00Z,NIGHT_SHIFT,149,88,96,97,36.5,5.9,3,12,242,False,False,False,False,FIT,PARAMEDIC_ASSISTED,user-paramedic-01
dcu-W-00188-20260322,worker-uuid-00188,W-00188,2026-03-22T18:30:00Z,NIGHT_SHIFT,150,92,95,99,36.8,6.7,3,14,301,False,False,False,False,RESTRICTED,PARAMEDIC_ASSISTED,user-paramedic-01
dcu-W-00188-20260323,worker-uuid-00188,W-00188,2026-03-23T18:30:00Z,NIGHT_SHIFT,160,103,95,97,36.9,4.0,1,9,340,False,False,True,False,RESTRICTED,SELF_SERVICE_KIOSK,
dcu-W-00188-20260324,worker-uuid-00188,W-00188,2026-03-24T18:30:00Z,NIGHT_SHIFT,160,102,97,98,36.7,7.4,1,11,235,False,False,False,False,RESTRICTED,SELF_SERVICE_KIOSK,
dcu-W-00188-20260325,worker-uuid-00188,W-00188,2026-03-25T18:30:00Z,NIGHT_SHIFT,154,97,96,97,36.7,5.4,2,6,263,False,False,False,False,RESTRICTED,SELF_SERVICE_KIOSK,
dcu-W-00188-20260326,worker-uuid-00188,W-00188,2026-03-26T06:30:00Z,DAY_SHIFT,138,89,94,96,37.3,8.2,2,20,179,False,False,False,False,FIT,SELF_SERVICE_KIOSK,
dcu-W-00188-20260327,worker-uuid-00188,W-00188,2026-03-27T06:30:00Z,DAY_SHIFT,139,89,86,97,36.9,6.0,2,11,194,False,False,False,False,FIT,SELF_SERVICE_KIOSK,
dcu-W-00188-20260328,worker-uuid-00188,W-00188,2026-03-28T06:30:00Z,DAY_SHIFT,138,80,91,100,36.2,7.2,1,6,238,False,False,False,False,FIT,SELF_SERVICE_KIOSK,
dcu-W-00188-20260330,worker-uuid-00188,W-00188,2026-03-30T06:30:00Z,DAY_SHIFT,138,91,92,98,36.7,6.8,1,17,194,False,False,False,False,FIT,PARAMEDIC_ASSISTED,user-paramedic-01
dcu-W-00188-20260401,worker-uuid-00188,W-00188,2026-04-01T06:30:00Z,DAY_SHIFT,140,88,85,100,36.8,5.2,0,16,246,False,False,False,False,FIT,SELF_SERVICE_KIOSK,
dcu-W-00188-20260402,worker-uuid-00188,W-00188,2026-04-02T06:30:00Z,DAY_SHIFT,141,94,91,97,36.7,8.2,1,17,235,False,False,False,False,FIT,SELF_SERVICE_KIOSK,
dcu-W-00188-20260403,worker-uuid-00188,W-00188,2026-04-03T06:30:00Z,DAY_SHIFT,139,86,81,97,36.4,6.2,2,11,281,False,False,False,False,FIT,SELF_SERVICE_KIOSK,
dcu-W-00188-20260405,worker-uuid-00188,W-00188,2026-04-05T06:30:00Z,DAY_SHIFT,149,93,81,97,36.4,7.2,2,16,242,False,False,False,False,FIT,SELF_SERVICE_KIOSK,
dcu-W-00188-20260406,worker-uuid-00188,W-00188,2026-04-06T06:30:00Z,DAY_SHIFT,147,94,99,98,35.8,7.7,0,18,228,False,False,False,False,FIT,PARAMEDIC_ASSISTED,user-paramedic-01
dcu-W-00188-20260407,worker-uuid-00188,W-00188,2026-04-07T06:30:00Z,DAY_SHIFT,139,78,90,98,36.5,7.7,0,16,259,False,False,False,False,FIT,PARAMEDIC_ASSISTED,user-paramedic-01
dcu-W-00188-20260408,worker-uuid-00188,W-00188,2026-04-08T06:30:00Z,DAY_SHIFT,139,88,83,100,36.1,7.6,1,10,246,False,False,False,False,FIT,SELF_SERVICE_KIOSK,
dcu-W-00188-20260409,worker-uuid-00188,W-00188,2026-04-09T18:30:00Z,NIGHT_SHIFT,151,93,94,97,35.8,6.9,3,15,286,False,False,True,False,RESTRICTED,PARAMEDIC_ASSISTED,user-paramedic-01
dcu-W-00188-20260410,worker-uuid-00188,W-00188,2026-04-10T18:30:00Z,NIGHT_SHIFT,150,97,91,98,36.8,5.5,2,18,293,False,False,False,False,RESTRICTED,PARAMEDIC_ASSISTED,user-paramedic-01
dcu-W-00188-20260411,worker-uuid-00188,W-00188,2026-04-11T18:30:00Z,NIGHT_SHIFT,156,96,83,96,36.9,3.6,3,10,292,False,False,False,False,RESTRICTED,PARAMEDIC_ASSISTED,user-paramedic-01
dcu-W-00188-20260412,worker-uuid-00188,W-00188,2026-04-12T18:30:00Z,NIGHT_SHIFT,157,101,102,98,36.0,4.1,3,15,314,False,False,False,False,RESTRICTED,SELF_SERVICE_KIOSK,
dcu-W-00188-20260413,worker-uuid-00188,W-00188,2026-04-13T18:30:00Z,NIGHT_SHIFT,156,104,93,98,36.7,3.5,1,7,315,False,False,False,False,RESTRICTED,SELF_SERVICE_KIOSK,
dcu-W-00188-20260414,worker-uuid-00188,W-00188,2026-04-14T18:30:00Z,NIGHT_SHIFT,151,94,87,97,36.4,4.7,4,9,316,False,False,False,False,RESTRICTED,SELF_SERVICE_KIOSK,
dcu-W-00188-20260415,worker-uuid-00188,W-00188,2026-04-15T18:30:00Z,NIGHT_SHIFT,155,102,98,100,36.2,6.2,3,14,350,False,False,False,False,RESTRICTED,SELF_SERVICE_KIOSK,
dcu-W-00188-20260416,worker-uuid-00188,W-00188,2026-04-16T18:30:00Z,NIGHT_SHIFT,144,92,100,100,36.5,5.4,1,15,317,False,False,False,False,FIT,SELF_SERVICE_KIOSK,
dcu-W-00188-20260417,worker-uuid-00188,W-00188,2026-04-17T18:30:00Z,NIGHT_SHIFT,159,98,95,97,36.6,4.0,3,19,241,False,False,False,False,RESTRICTED,PARAMEDIC_ASSISTED,user-paramedic-01
dcu-W-00188-20260418,worker-uuid-00188,W-00188,2026-04-18T18:30:00Z,NIGHT_SHIFT,151,93,99,98,36.8,5.6,1,15,336,False,False,False,False,RESTRICTED,SELF_SERVICE_KIOSK,
dcu-W-00188-20260419,worker-uuid-00188,W-00188,2026-04-19T18:30:00Z,NIGHT_SHIFT,153,103,101,97,36.6,5.0,4,13,282,False,False,True,False,RESTRICTED,PARAMEDIC_ASSISTED,user-paramedic-01
dcu-W-00188-20260420,worker-uuid-00188,W-00188,2026-04-20T18:30:00Z,NIGHT_SHIFT,149,95,90,99,36.7,6.4,4,18,303,False,False,False,False,RESTRICTED,PARAMEDIC_ASSISTED,user-paramedic-01
dcu-W-00188-20260421,worker-uuid-00188,W-00188,2026-04-21T18:30:00Z,NIGHT_SHIFT,142,88,94,96,36.9,6.9,4,7,320,False,False,False,False,FIT,SELF_SERVICE_KIOSK,
dcu-W-00188-20260422,worker-uuid-00188,W-00188,2026-04-22T18:30:00Z,NIGHT_SHIFT,155,97,97,97,36.3,7.2,2,12,297,False,False,False,False,RESTRICTED,SELF_SERVICE_KIOSK,
dcu-W-00188-20260423,worker-uuid-00188,W-00188,2026-04-23T06:30:00Z,DAY_SHIFT,143,93,89,98,36.1,6.5,2,7,243,False,False,False,False,FIT,SELF_SERVICE_KIOSK,
dcu-W-00188-20260424,worker-uuid-00188,W-00188,2026-04-24T06:30:00Z,DAY_SHIFT,149,99,87,97,36.4,7.6,2,7,268,False,False,False,False,RESTRICTED,SELF_SERVICE_KIOSK,
dcu-W-00188-20260425,worker-uuid-00188,W-00188,2026-04-25T06:30:00Z,DAY_SHIFT,134,83,85,97,36.2,7.0,2,12,243,False,False,False,False,FIT,SELF_SERVICE_KIOSK,
dcu-W-00188-20260426,worker-uuid-00188,W-00188,2026-04-26T06:30:00Z,DAY_SHIFT,143,91,83,98,36.9,7.5,0,14,236,False,False,False,False,FIT,PARAMEDIC_ASSISTED,user-paramedic-01
dcu-W-00188-20260427,worker-uuid-00188,W-00188,2026-04-27T06:30:00Z,DAY_SHIFT,135,84,94,97,36.3,8.1,1,19,257,False,False,False,False,FIT,SELF_SERVICE_KIOSK,
dcu-W-00188-20260428,worker-uuid-00188,W-00188,2026-04-28T06:30:00Z,DAY_SHIFT,151,97,93,97,36.4,7.1,0,12,223,False,False,False,False,RESTRICTED,PARAMEDIC_ASSISTED,user-paramedic-01
dcu-W-00188-20260430,worker-uuid-00188,W-00188,2026-04-30T06:30:00Z,DAY_SHIFT,142,88,93,98,36.3,6.5,1,6,234,False,False,False,False,FIT,SELF_SERVICE_KIOSK,
dcu-W-00188-20260501,worker-uuid-00188,W-00188,2026-05-01T06:30:00Z,DAY_SHIFT,146,92,92,100,36.4,6.6,0,13,214,False,False,False,False,FIT,SELF_SERVICE_KIOSK,
dcu-W-00188-20260502,worker-uuid-00188,W-00188,2026-05-02T06:30:00Z,DAY_SHIFT,147,93,91,97,36.5,6.9,0,7,218,False,False,False,False,FIT,PARAMEDIC_ASSISTED,user-paramedic-01
dcu-W-00188-20260503,worker-uuid-00188,W-00188,2026-05-03T06:30:00Z,DAY_SHIFT,146,85,82,99,36.5,6.1,1,16,244,False,False,False,False,FIT,SELF_SERVICE_KIOSK,
dcu-W-00188-20260506,worker-uuid-00188,W-00188,2026-05-06T06:30:00Z,DAY_SHIFT,147,95,81,100,36.5,7.9,2,17,234,False,False,False,False,RESTRICTED,SELF_SERVICE_KIOSK,
dcu-W-00188-20260507,worker-uuid-00188,W-00188,2026-05-07T18:30:00Z,NIGHT_SHIFT,151,100,93,99,36.2,6.6,2,8,319,False,False,False,False,RESTRICTED,SELF_SERVICE_KIOSK,
dcu-W-00188-20260510,worker-uuid-00188,W-00188,2026-05-10T18:30:00Z,NIGHT_SHIFT,157,102,99,98,36.3,4.2,2,6,265,False,False,False,False,RESTRICTED,PARAMEDIC_ASSISTED,user-paramedic-01
dcu-W-00188-20260511,worker-uuid-00188,W-00188,2026-05-11T18:30:00Z,NIGHT_SHIFT,151,94,91,98,36.9,4.8,4,15,334,False,False,False,False,RESTRICTED,SELF_SERVICE_KIOSK,
dcu-W-00188-20260512,worker-uuid-00188,W-00188,2026-05-12T18:30:00Z,NIGHT_SHIFT,154,101,93,97,36.3,4.3,4,10,280,False,False,False,False,RESTRICTED,PARAMEDIC_ASSISTED,user-paramedic-01
dcu-W-00188-20260513,worker-uuid-00188,W-00188,2026-05-13T18:30:00Z,NIGHT_SHIFT,161,101,95,97,36.2,3.3,1,12,278,False,False,False,False,RESTRICTED,SELF_SERVICE_KIOSK,
dcu-W-00188-20260515,worker-uuid-00188,W-00188,2026-05-15T18:30:00Z,NIGHT_SHIFT,149,93,94,98,36.1,5.0,2,7,330,False,False,False,False,FIT,SELF_SERVICE_KIOSK,
dcu-W-00188-20260516,worker-uuid-00188,W-00188,2026-05-16T18:30:00Z,NIGHT_SHIFT,150,101,95,97,36.7,6.1,4,14,254,False,False,False,False,RESTRICTED,SELF_SERVICE_KIOSK,
dcu-W-00188-20260517,worker-uuid-00188,W-00188,2026-05-17T18:30:00Z,NIGHT_SHIFT,156,97,99,98,36.7,6.4,1,20,317,False,False,False,False,RESTRICTED,SELF_SERVICE_KIOSK,
dcu-W-00188-20260518,worker-uuid-00188,W-00188,2026-05-18T18:30:00Z,NIGHT_SHIFT,152,95,91,100,36.3,5.7,4,15,319,False,False,True,False,RESTRICTED,SELF_SERVICE_KIOSK,
dcu-W-00188-20260520,worker-uuid-00188,W-00188,2026-05-20T18:30:00Z,NIGHT_SHIFT,139,89,94,97,36.5,5.8,4,19,334,False,False,False,False,FIT,PARAMEDIC_ASSISTED,user-paramedic-01
dcu-W-00188-20260521,worker-uuid-00188,W-00188,2026-05-21T06:30:00Z,DAY_SHIFT,140,94,90,99,36.6,7.3,1,8,210,False,False,False,False,FIT,PARAMEDIC_ASSISTED,user-paramedic-01
dcu-W-00188-20260522,worker-uuid-00188,W-00188,2026-05-22T06:30:00Z,DAY_SHIFT,142,91,79,96,36.3,4.9,1,12,268,False,False,False,False,FIT,SELF_SERVICE_KIOSK,
dcu-W-00188-20260523,worker-uuid-00188,W-00188,2026-05-23T06:30:00Z,DAY_SHIFT,136,89,98,98,36.6,7.6,0,16,211,False,False,False,False,FIT,SELF_SERVICE_KIOSK,
dcu-W-00188-20260524,worker-uuid-00188,W-00188,2026-05-24T06:30:00Z,DAY_SHIFT,151,93,92,98,37.6,6.9,0,14,207,False,False,True,False,RESTRICTED,SELF_SERVICE_KIOSK,
dcu-W-00188-20260525,worker-uuid-00188,W-00188,2026-05-25T06:30:00Z,DAY_SHIFT,145,84,90,98,36.1,6.7,0,12,234,False,False,False,False,FIT,PARAMEDIC_ASSISTED,user-paramedic-01
dcu-W-00188-20260526,worker-uuid-00188,W-00188,2026-05-26T06:30:00Z,DAY_SHIFT,138,89,87,97,36.0,6.3,0,12,241,False,False,False,False,FIT,SELF_SERVICE_KIOSK,
dcu-W-00188-20260527,worker-uuid-00188,W-00188,2026-05-27T06:30:00Z,DAY_SHIFT,148,96,84,98,37.1,7.1,2,19,230,False,False,True,False,RESTRICTED,PARAMEDIC_ASSISTED,user-paramedic-01
dcu-W-00188-20260528,worker-uuid-00188,W-00188,2026-05-28T06:30:00Z,DAY_SHIFT,148,89,82,98,36.8,8.3,0,14,174,False,False,False,False,FIT,SELF_SERVICE_KIOSK,
dcu-W-00188-20260529,worker-uuid-00188,W-00188,2026-05-29T06:30:00Z,DAY_SHIFT,138,88,87,97,36.0,7.7,0,10,270,False,False,False,False,FIT,SELF_SERVICE_KIOSK,
dcu-W-00188-20260530,worker-uuid-00188,W-00188,2026-05-30T06:30:00Z,DAY_SHIFT,147,98,94,98,36.9,7.5,2,14,241,False,False,False,False,RESTRICTED,PARAMEDIC_ASSISTED,user-paramedic-01
dcu-W-00188-20260531,worker-uuid-00188,W-00188,2026-05-31T06:30:00Z,DAY_SHIFT,152,95,95,99,36.3,5.3,1,17,191,False,False,False,False,RESTRICTED,SELF_SERVICE_KIOSK,
dcu-W-00188-20260602,worker-uuid-00188,W-00188,2026-06-02T06:30:00Z,DAY_SHIFT,142,91,81,98,36.7,6.7,1,20,246,False,False,False,False,FIT,PARAMEDIC_ASSISTED,user-paramedic-01
dcu-W-00188-20260604,worker-uuid-00188,W-00188,2026-06-04T18:30:00Z,NIGHT_SHIFT,159,100,103,98,36.7,6.1,1,20,327,False,False,True,False,RESTRICTED,SELF_SERVICE_KIOSK,
dcu-W-00188-20260605,worker-uuid-00188,W-00188,2026-06-05T18:30:00Z,NIGHT_SHIFT,153,92,97,97,36.4,2.9,2,11,301,False,False,False,False,RESTRICTED,SELF_SERVICE_KIOSK,
dcu-W-00188-20260606,worker-uuid-00188,W-00188,2026-06-06T18:30:00Z,NIGHT_SHIFT,149,92,91,97,36.5,4.7,3,7,307,False,False,False,False,FIT,SELF_SERVICE_KIOSK,
dcu-W-00188-20260607,worker-uuid-00188,W-00188,2026-06-07T18:30:00Z,NIGHT_SHIFT,154,103,97,97,37.0,4.5,4,8,276,False,False,True,False,RESTRICTED,SELF_SERVICE_KIOSK,
dcu-W-00188-20260608,worker-uuid-00188,W-00188,2026-06-08T18:30:00Z,NIGHT_SHIFT,148,97,101,99,36.6,5.0,3,13,308,False,False,False,False,RESTRICTED,SELF_SERVICE_KIOSK,
dcu-W-00188-20260609,worker-uuid-00188,W-00188,2026-06-09T18:30:00Z,NIGHT_SHIFT,153,94,95,98,36.3,5.3,1,10,333,False,False,False,False,RESTRICTED,SELF_SERVICE_KIOSK,
dcu-W-00188-20260610,worker-uuid-00188,W-00188,2026-06-10T18:30:00Z,NIGHT_SHIFT,156,102,99,98,36.5,5.3,4,10,371,False,False,False,False,RESTRICTED,PARAMEDIC_ASSISTED,user-paramedic-01
dcu-W-00188-20260611,worker-uuid-00188,W-00188,2026-06-11T18:30:00Z,NIGHT_SHIFT,154,93,95,97,35.9,3.9,1,7,309,False,False,True,False,RESTRICTED,SELF_SERVICE_KIOSK,
dcu-W-00188-20260612,worker-uuid-00188,W-00188,2026-06-12T18:30:00Z,NIGHT_SHIFT,164,103,101,98,36.8,4.5,2,13,338,False,False,False,False,RESTRICTED,PARAMEDIC_ASSISTED,user-paramedic-01
dcu-W-00188-20260613,worker-uuid-00188,W-00188,2026-06-13T18:30:00Z,NIGHT_SHIFT,150,95,98,98,36.7,6.2,1,10,319,False,False,True,False,RESTRICTED,SELF_SERVICE_KIOSK,
dcu-W-00188-20260614,worker-uuid-00188,W-00188,2026-06-14T18:30:00Z,NIGHT_SHIFT,146,92,93,99,36.5,3.9,3,14,442,False,False,False,False,RESTRICTED,SELF_SERVICE_KIOSK,
dcu-W-00188-20260615,worker-uuid-00188,W-00188,2026-06-15T18:30:00Z,NIGHT_SHIFT,143,94,89,98,36.5,6.4,1,12,287,False,False,False,False,FIT,SELF_SERVICE_KIOSK,
dcu-W-00188-20260616,worker-uuid-00188,W-00188,2026-06-16T18:30:00Z,NIGHT_SHIFT,140,90,97,96,36.3,6.5,2,6,245,False,False,False,False,FIT,PARAMEDIC_ASSISTED,user-paramedic-01
dcu-W-00188-20260619,worker-uuid-00188,W-00188,2026-06-19T06:30:00Z,DAY_SHIFT,139,89,90,97,36.7,7.7,1,9,203,False,False,False,False,FIT,PARAMEDIC_ASSISTED,user-paramedic-01
dcu-W-00188-20260620,worker-uuid-00188,W-00188,2026-06-20T06:30:00Z,DAY_SHIFT,149,91,91,98,37.0,8.1,0,13,232,False,False,False,False,FIT,SELF_SERVICE_KIOSK,
dcu-W-00188-20260622,worker-uuid-00188,W-00188,2026-06-22T06:30:00Z,DAY_SHIFT,144,83,83,98,36.3,6.2,0,13,242,False,False,False,False,FIT,PARAMEDIC_ASSISTED,user-paramedic-01
dcu-W-00188-20260624,worker-uuid-00188,W-00188,2026-06-24T06:30:00Z,DAY_SHIFT,153,98,87,97,36.5,7.2,2,6,245,False,False,False,False,RESTRICTED,SELF_SERVICE_KIOSK,
dcu-W-00188-20260625,worker-uuid-00188,W-00188,2026-06-25T06:30:00Z,DAY_SHIFT,141,88,83,98,37.1,8.0,1,6,241,False,False,False,False,FIT,SELF_SERVICE_KIOSK,
dcu-W-00188-20260626,worker-uuid-00188,W-00188,2026-06-26T06:30:00Z,DAY_SHIFT,140,85,91,99,36.9,6.7,0,13,204,False,False,False,False,FIT,SELF_SERVICE_KIOSK,
dcu-W-00188-20260627,worker-uuid-00188,W-00188,2026-06-27T06:30:00Z,DAY_SHIFT,145,93,92,98,36.4,7.4,2,7,206,False,False,False,False,FIT,SELF_SERVICE_KIOSK,
dcu-W-00188-20260628,worker-uuid-00188,W-00188,2026-06-28T06:30:00Z,DAY_SHIFT,139,92,91,96,36.1,7.2,1,15,246,False,False,False,False,FIT,SELF_SERVICE_KIOSK,
dcu-W-00188-20260630,worker-uuid-00188,W-00188,2026-06-30T06:30:00Z,DAY_SHIFT,142,86,88,99,36.0,5.9,1,8,274,False,False,False,False,FIT,SELF_SERVICE_KIOSK,
dcu-W-00188-20260701,worker-uuid-00188,W-00188,2026-07-01T06:30:00Z,DAY_SHIFT,136,80,92,97,36.0,7.4,2,14,271,False,False,False,False,FIT,PARAMEDIC_ASSISTED,user-paramedic-01
dcu-W-00188-20260702,worker-uuid-00188,W-00188,2026-07-02T18:30:00Z,NIGHT_SHIFT,156,106,97,97,36.1,3.7,4,20,333,False,False,False,False,RESTRICTED,PARAMEDIC_ASSISTED,user-paramedic-01
dcu-W-00188-20260703,worker-uuid-00188,W-00188,2026-07-03T18:30:00Z,NIGHT_SHIFT,158,105,96,95,36.1,5.3,2,14,316,False,False,True,False,RESTRICTED,SELF_SERVICE_KIOSK,
dcu-W-00188-20260704,worker-uuid-00188,W-00188,2026-07-04T18:30:00Z,NIGHT_SHIFT,153,97,94,97,36.5,4.3,4,16,290,False,False,False,False,RESTRICTED,PARAMEDIC_ASSISTED,user-paramedic-01
dcu-W-00188-20260705,worker-uuid-00188,W-00188,2026-07-05T18:30:00Z,NIGHT_SHIFT,144,86,90,99,36.8,5.3,4,12,322,False,False,False,False,FIT,SELF_SERVICE_KIOSK,
dcu-W-00188-20260706,worker-uuid-00188,W-00188,2026-07-06T18:30:00Z,NIGHT_SHIFT,149,96,94,96,36.2,4.0,1,15,307,False,False,False,False,RESTRICTED,SELF_SERVICE_KIOSK,
dcu-W-00188-20260708,worker-uuid-00188,W-00188,2026-07-08T18:30:00Z,NIGHT_SHIFT,147,90,91,99,36.5,3.4,3,16,316,False,False,False,False,RESTRICTED,SELF_SERVICE_KIOSK,
dcu-W-00188-20260709,worker-uuid-00188,W-00188,2026-07-09T18:30:00Z,NIGHT_SHIFT,145,88,98,99,36.8,4.9,4,11,264,False,False,False,False,FIT,SELF_SERVICE_KIOSK,
dcu-W-00188-20260710,worker-uuid-00188,W-00188,2026-07-10T18:30:00Z,NIGHT_SHIFT,153,103,95,98,36.4,5.0,1,20,357,False,False,False,False,RESTRICTED,PARAMEDIC_ASSISTED,user-paramedic-01
dcu-W-00188-20260711,worker-uuid-00188,W-00188,2026-07-11T18:30:00Z,NIGHT_SHIFT,160,100,107,96,36.3,4.1,1,12,311,False,False,True,False,RESTRICTED,PARAMEDIC_ASSISTED,user-paramedic-01
dcu-W-00188-20260712,worker-uuid-00188,W-00188,2026-07-12T18:30:00Z,NIGHT_SHIFT,143,88,102,97,36.3,5.2,4,20,266,False,False,False,False,FIT,PARAMEDIC_ASSISTED,user-paramedic-01
dcu-W-00188-20260713,worker-uuid-00188,W-00188,2026-07-13T18:30:00Z,NIGHT_SHIFT,146,88,84,98,36.2,5.9,1,17,343,False,False,False,False,FIT,SELF_SERVICE_KIOSK,
dcu-W-00188-20260714,worker-uuid-00188,W-00188,2026-07-14T18:30:00Z,NIGHT_SHIFT,145,96,89,97,36.6,7.2,2,7,287,False,False,True,False,RESTRICTED,SELF_SERVICE_KIOSK,
dcu-W-00188-20260715,worker-uuid-00188,W-00188,2026-07-15T18:30:00Z,NIGHT_SHIFT,149,93,86,98,36.5,7.1,1,11,355,False,False,False,False,FIT,SELF_SERVICE_KIOSK,
dcu-W-00188-20260716,worker-uuid-00188,W-00188,2026-07-16T06:30:00Z,DAY_SHIFT,150,94,89,97,36.3,8.9,2,10,228,False,False,False,False,RESTRICTED,SELF_SERVICE_KIOSK,
dcu-W-00188-20260717,worker-uuid-00188,W-00188,2026-07-17T06:30:00Z,DAY_SHIFT,146,92,81,98,36.8,7.2,2,15,243,False,False,False,False,FIT,SELF_SERVICE_KIOSK,
dcu-W-00188-20260718,worker-uuid-00188,W-00188,2026-07-18T06:30:00Z,DAY_SHIFT,135,81,90,97,36.8,5.9,1,6,282,False,False,False,False,FIT,SELF_SERVICE_KIOSK,
dcu-W-00188-20260720,worker-uuid-00188,W-00188,2026-07-20T06:30:00Z,DAY_SHIFT,146,100,90,99,36.5,7.2,1,7,227,False,False,True,False,RESTRICTED,SELF_SERVICE_KIOSK,
dcu-W-00188-20260721,worker-uuid-00188,W-00188,2026-07-21T06:30:00Z,DAY_SHIFT,146,92,88,99,36.7,6.8,1,20,278,False,False,False,False,FIT,PARAMEDIC_ASSISTED,user-paramedic-01
dcu-W-00188-20260722,worker-uuid-00188,W-00188,2026-07-22T06:30:00Z,DAY_SHIFT,139,93,89,98,36.1,7.1,2,11,264,False,False,False,False,FIT,SELF_SERVICE_KIOSK,
dcu-W-00188-20260723,worker-uuid-00188,W-00188,2026-07-23T06:30:00Z,DAY_SHIFT,147,88,82,97,36.0,7.9,2,9,228,False,False,False,False,FIT,SELF_SERVICE_KIOSK,
dcu-W-00188-20260725,worker-uuid-00188,W-00188,2026-07-25T06:30:00Z,DAY_SHIFT,132,79,91,97,36.5,6.2,1,7,226,False,False,False,False,FIT,SELF_SERVICE_KIOSK,
dcu-W-00188-20260726,worker-uuid-00188,W-00188,2026-07-26T06:30:00Z,DAY_SHIFT,144,87,89,96,36.5,7.7,1,13,274,False,False,False,False,FIT,PARAMEDIC_ASSISTED,user-paramedic-01
dcu-W-00188-20260727,worker-uuid-00188,W-00188,2026-07-27T06:30:00Z,DAY_SHIFT,139,88,83,98,36.7,7.2,1,9,231,False,False,False,False,FIT,SELF_SERVICE_KIOSK,
dcu-W-00188-20260729,worker-uuid-00188,W-00188,2026-07-29T06:30:00Z,DAY_SHIFT,144,83,88,95,36.3,7.7,2,18,201,False,False,False,False,FIT,SELF_SERVICE_KIOSK,
dcu-W-00188-20260730,worker-uuid-00188,W-00188,2026-07-30T18:30:00Z,NIGHT_SHIFT,144,88,94,99,36.5,5.1,3,7,285,False,False,False,False,FIT,SELF_SERVICE_KIOSK,
dcu-W-00188-20260731,worker-uuid-00188,W-00188,2026-07-31T18:30:00Z,NIGHT_SHIFT,151,98,96,97,36.4,6.0,4,12,356,False,False,False,False,RESTRICTED,SELF_SERVICE_KIOSK,
dcu-W-00188-20260801,worker-uuid-00188,W-00188,2026-08-01T18:30:00Z,NIGHT_SHIFT,155,98,91,98,36.3,5.1,1,20,331,False,False,False,False,RESTRICTED,SELF_SERVICE_KIOSK,
dcu-W-00188-20260802,worker-uuid-00188,W-00188,2026-08-02T18:30:00Z,NIGHT_SHIFT,132,78,94,97,36.2,5.4,3,14,383,False,False,False,False,FIT,SELF_SERVICE_KIOSK,
dcu-W-00188-20260803,worker-uuid-00188,W-00188,2026-08-03T18:30:00Z,NIGHT_SHIFT,154,96,96,97,36.3,4.6,2,13,373,False,False,True,False,RESTRICTED,SELF_SERVICE_KIOSK,
dcu-W-00188-20260805,worker-uuid-00188,W-00188,2026-08-05T18:30:00Z,NIGHT_SHIFT,169,103,92,94,36.1,2.8,3,13,285,False,False,False,False,RESTRICTED,PARAMEDIC_ASSISTED,user-paramedic-01
dcu-W-00188-20260806,worker-uuid-00188,W-00188,2026-08-06T18:30:00Z,NIGHT_SHIFT,158,98,96,99,36.6,2.8,1,19,289,False,False,True,False,RESTRICTED,SELF_SERVICE_KIOSK,
dcu-W-00188-20260807,worker-uuid-00188,W-00188,2026-08-07T18:30:00Z,NIGHT_SHIFT,150,93,99,97,36.5,7.0,4,8,328,False,False,False,False,RESTRICTED,SELF_SERVICE_KIOSK,
dcu-W-00188-20260808,worker-uuid-00188,W-00188,2026-08-08T18:30:00Z,NIGHT_SHIFT,146,102,99,96,36.3,6.0,3,6,347,False,False,False,False,RESTRICTED,SELF_SERVICE_KIOSK,
dcu-W-00188-20260809,worker-uuid-00188,W-00188,2026-08-09T18:30:00Z,NIGHT_SHIFT,159,103,94,100,36.8,4.0,1,7,334,False,False,False,False,RESTRICTED,PARAMEDIC_ASSISTED,user-paramedic-01
dcu-W-00188-20260810,worker-uuid-00188,W-00188,2026-08-10T18:30:00Z,NIGHT_SHIFT,145,90,97,99,36.4,5.0,2,14,350,False,False,False,False,FIT,SELF_SERVICE_KIOSK,
dcu-W-00188-20260811,worker-uuid-00188,W-00188,2026-08-11T18:30:00Z,NIGHT_SHIFT,161,104,96,98,36.6,4.8,3,10,301,False,False,False,False,RESTRICTED,SELF_SERVICE_KIOSK,
dcu-W-00188-20260812,worker-uuid-00188,W-00188,2026-08-12T18:30:00Z,NIGHT_SHIFT,156,94,95,97,36.1,3.7,1,7,266,False,False,True,False,RESTRICTED,SELF_SERVICE_KIOSK,
dcu-W-00188-20260813,worker-uuid-00188,W-00188,2026-08-13T06:30:00Z,DAY_SHIFT,135,89,93,100,36.4,7.3,1,14,233,False,False,False,False,FIT,SELF_SERVICE_KIOSK,
dcu-W-00188-20260814,worker-uuid-00188,W-00188,2026-08-14T06:30:00Z,DAY_SHIFT,142,99,83,97,36.6,6.8,2,15,221,False,False,False,False,RESTRICTED,SELF_SERVICE_KIOSK,
dcu-W-00188-20260815,worker-uuid-00188,W-00188,2026-08-15T06:30:00Z,DAY_SHIFT,145,88,92,96,35.9,7.1,1,17,299,False,False,False,False,FIT,SELF_SERVICE_KIOSK,
dcu-W-00188-20260816,worker-uuid-00188,W-00188,2026-08-16T06:30:00Z,DAY_SHIFT,144,94,83,97,36.4,6.8,1,9,235,False,False,False,False,FIT,SELF_SERVICE_KIOSK,
dcu-W-00188-20260817,worker-uuid-00188,W-00188,2026-08-17T06:30:00Z,DAY_SHIFT,143,93,91,97,36.3,4.5,1,19,241,False,False,False,False,FIT,PARAMEDIC_ASSISTED,user-paramedic-01
dcu-W-00188-20260818,worker-uuid-00188,W-00188,2026-08-18T06:30:00Z,DAY_SHIFT,142,83,96,99,36.4,6.4,0,17,251,False,False,False,False,FIT,SELF_SERVICE_KIOSK,
dcu-W-00188-20260819,worker-uuid-00188,W-00188,2026-08-19T06:30:00Z,DAY_SHIFT,141,89,78,97,36.8,7.2,2,12,212,False,False,False,False,FIT,PARAMEDIC_ASSISTED,user-paramedic-01
dcu-W-00188-20260820,worker-uuid-00188,W-00188,2026-08-20T06:30:00Z,DAY_SHIFT,144,94,95,97,36.5,6.8,0,15,220,False,False,False,False,FIT,SELF_SERVICE_KIOSK,
dcu-W-00188-20260822,worker-uuid-00188,W-00188,2026-08-22T06:30:00Z,DAY_SHIFT,144,90,94,98,36.5,6.5,0,6,214,False,False,False,False,FIT,PARAMEDIC_ASSISTED,user-paramedic-01
dcu-W-00188-20260823,worker-uuid-00188,W-00188,2026-08-23T06:30:00Z,DAY_SHIFT,132,85,95,98,36.5,8.2,2,15,236,False,False,False,False,FIT,SELF_SERVICE_KIOSK,
dcu-W-00188-20260824,worker-uuid-00188,W-00188,2026-08-24T06:30:00Z,DAY_SHIFT,142,87,93,98,36.8,7.8,0,11,218,False,False,False,False,FIT,SELF_SERVICE_KIOSK,
dcu-W-00188-20260825,worker-uuid-00188,W-00188,2026-08-25T06:30:00Z,DAY_SHIFT,148,92,87,99,36.1,7.5,1,19,227,False,False,False,False,FIT,SELF_SERVICE_KIOSK,
dcu-W-00188-20260828,worker-uuid-00188,W-00188,2026-08-28T18:30:00Z,NIGHT_SHIFT,149,100,93,98,36.5,6.4,3,17,309,False,False,False,False,RESTRICTED,SELF_SERVICE_KIOSK,
dcu-W-00188-20260830,worker-uuid-00188,W-00188,2026-08-30T18:30:00Z,NIGHT_SHIFT,146,89,101,98,36.1,4.6,1,11,294,False,False,False,False,FIT,SELF_SERVICE_KIOSK,
dcu-W-00188-20260831,worker-uuid-00188,W-00188,2026-08-31T18:30:00Z,NIGHT_SHIFT,147,93,100,98,36.7,5.9,3,20,315,False,False,False,False,FIT,PARAMEDIC_ASSISTED,user-paramedic-01
dcu-W-00188-20260901,worker-uuid-00188,W-00188,2026-09-01T18:30:00Z,NIGHT_SHIFT,149,98,98,97,36.8,6.6,1,18,309,False,False,True,False,RESTRICTED,SELF_SERVICE_KIOSK,
dcu-W-00188-20260902,worker-uuid-00188,W-00188,2026-09-02T18:30:00Z,NIGHT_SHIFT,150,93,101,97,36.0,6.0,3,17,380,False,False,False,False,RESTRICTED,PARAMEDIC_ASSISTED,user-paramedic-01
dcu-W-00188-20260903,worker-uuid-00188,W-00188,2026-09-03T18:30:00Z,NIGHT_SHIFT,154,101,96,99,36.1,5.8,2,10,338,False,False,False,False,RESTRICTED,PARAMEDIC_ASSISTED,user-paramedic-01
dcu-W-00188-20260904,worker-uuid-00188,W-00188,2026-09-04T18:30:00Z,NIGHT_SHIFT,159,92,100,96,36.4,3.0,3,15,339,False,False,False,False,RESTRICTED,SELF_SERVICE_KIOSK,
dcu-W-00188-20260905,worker-uuid-00188,W-00188,2026-09-05T18:30:00Z,NIGHT_SHIFT,148,97,94,99,36.5,6.3,2,17,348,False,False,False,False,RESTRICTED,SELF_SERVICE_KIOSK,
dcu-W-00188-20260906,worker-uuid-00188,W-00188,2026-09-06T18:30:00Z,NIGHT_SHIFT,161,101,88,99,36.7,7.1,2,13,279,False,False,False,False,RESTRICTED,SELF_SERVICE_KIOSK,
dcu-W-00188-20260907,worker-uuid-00188,W-00188,2026-09-07T18:30:00Z,NIGHT_SHIFT,160,103,93,99,36.2,4.9,3,17,339,False,False,False,False,RESTRICTED,SELF_SERVICE_KIOSK,
dcu-W-00188-20260910,worker-uuid-00188,W-00188,2026-09-10T06:30:00Z,DAY_SHIFT,151,99,94,97,37.0,5.7,1,8,233,False,False,False,False,RESTRICTED,SELF_SERVICE_KIOSK,
dcu-W-00188-20260912,worker-uuid-00188,W-00188,2026-09-12T06:30:00Z,DAY_SHIFT,144,89,78,96,36.9,7.7,2,8,219,False,False,False,False,FIT,SELF_SERVICE_KIOSK,
dcu-W-00188-20260914,worker-uuid-00188,W-00188,2026-09-14T06:30:00Z,DAY_SHIFT,142,88,85,97,36.5,7.8,2,17,176,False,False,False,False,FIT,PARAMEDIC_ASSISTED,user-paramedic-01
dcu-W-00188-20260915,worker-uuid-00188,W-00188,2026-09-15T06:30:00Z,DAY_SHIFT,145,94,88,97,36.3,6.4,2,11,260,False,False,False,False,FIT,SELF_SERVICE_KIOSK,
dcu-W-00188-20260916,worker-uuid-00188,W-00188,2026-09-16T06:30:00Z,DAY_SHIFT,152,92,81,97,36.7,7.4,2,12,270,False,False,False,False,RESTRICTED,PARAMEDIC_ASSISTED,user-paramedic-01
dcu-W-00188-20260917,worker-uuid-00188,W-00188,2026-09-17T06:30:00Z,DAY_SHIFT,149,87,85,98,36.5,7.9,2,16,228,False,False,False,False,FIT,SELF_SERVICE_KIOSK,
dcu-W-00188-20260918,worker-uuid-00188,W-00188,2026-09-18T06:30:00Z,DAY_SHIFT,147,90,86,98,36.4,6.0,1,15,242,False,False,False,False,FIT,SELF_SERVICE_KIOSK,
dcu-W-00188-20260919,worker-uuid-00188,W-00188,2026-09-19T06:30:00Z,DAY_SHIFT,147,97,88,97,36.7,6.5,0,16,261,False,False,False,False,RESTRICTED,SELF_SERVICE_KIOSK,
dcu-W-00188-20260923,worker-uuid-00188,W-00188,2026-09-23T06:30:00Z,DAY_SHIFT,144,91,88,98,36.3,7.6,2,11,242,False,False,False,False,FIT,PARAMEDIC_ASSISTED,user-paramedic-01
dcu-W-00188-20260924,worker-uuid-00188,W-00188,2026-09-24T18:30:00Z,NIGHT_SHIFT,148,96,98,97,36.5,3.4,3,9,303,False,False,True,False,RESTRICTED,PARAMEDIC_ASSISTED,user-paramedic-01
dcu-W-00188-20260926,worker-uuid-00188,W-00188,2026-09-26T18:30:00Z,NIGHT_SHIFT,159,99,101,98,36.9,5.0,4,8,336,False,False,True,False,RESTRICTED,PARAMEDIC_ASSISTED,user-paramedic-01
dcu-W-00188-20260927,worker-uuid-00188,W-00188,2026-09-27T18:30:00Z,NIGHT_SHIFT,145,92,102,98,36.2,5.2,1,13,329,False,False,False,False,FIT,SELF_SERVICE_KIOSK,
dcu-W-00188-20260929,worker-uuid-00188,W-00188,2026-09-29T18:30:00Z,NIGHT_SHIFT,159,94,87,98,36.3,5.2,2,6,315,False,False,False,False,RESTRICTED,PARAMEDIC_ASSISTED,user-paramedic-01
dcu-W-00188-20260930,worker-uuid-00188,W-00188,2026-09-30T18:30:00Z,NIGHT_SHIFT,156,95,95,98,35.9,5.2,3,10,319,False,False,False,False,RESTRICTED,PARAMEDIC_ASSISTED,user-paramedic-01
dcu-W-00188-20261001,worker-uuid-00188,W-00188,2026-10-01T18:30:00Z,NIGHT_SHIFT,147,95,95,99,36.6,4.1,4,6,301,False,False,True,False,RESTRICTED,SELF_SERVICE_KIOSK,
dcu-W-00188-20261003,worker-uuid-00188,W-00188,2026-10-03T18:30:00Z,NIGHT_SHIFT,161,97,90,97,36.7,4.2,2,10,334,False,False,True,False,RESTRICTED,SELF_SERVICE_KIOSK,
dcu-W-00188-20261004,worker-uuid-00188,W-00188,2026-10-04T18:30:00Z,NIGHT_SHIFT,136,89,90,98,36.4,5.8,1,7,333,False,False,False,False,FIT,SELF_SERVICE_KIOSK,
dcu-W-00188-20261005,worker-uuid-00188,W-00188,2026-10-05T18:30:00Z,NIGHT_SHIFT,146,98,90,98,35.8,5.4,4,16,350,False,False,False,False,RESTRICTED,SELF_SERVICE_KIOSK,
dcu-W-00188-20261007,worker-uuid-00188,W-00188,2026-10-07T18:30:00Z,NIGHT_SHIFT,149,94,101,97,36.5,5.7,1,7,314,False,False,False,False,FIT,SELF_SERVICE_KIOSK,
dcu-W-00188-20261008,worker-uuid-00188,W-00188,2026-10-08T06:30:00Z,DAY_SHIFT,156,96,84,96,36.7,5.4,1,11,229,False,False,False,False,RESTRICTED,SELF_SERVICE_KIOSK,
dcu-W-00188-20261009,worker-uuid-00188,W-00188,2026-10-09T06:30:00Z,DAY_SHIFT,141,86,88,98,36.4,8.0,1,15,229,False,False,False,False,FIT,PARAMEDIC_ASSISTED,user-paramedic-01
dcu-W-00188-20261010,worker-uuid-00188,W-00188,2026-10-10T06:30:00Z,DAY_SHIFT,146,95,94,96,36.1,7.6,1,8,232,False,False,True,False,RESTRICTED,PARAMEDIC_ASSISTED,user-paramedic-01
dcu-W-00188-20261012,worker-uuid-00188,W-00188,2026-10-12T06:30:00Z,DAY_SHIFT,154,99,82,99,35.9,6.4,0,14,221,False,False,False,False,RESTRICTED,SELF_SERVICE_KIOSK,
dcu-W-00188-20261014,worker-uuid-00188,W-00188,2026-10-14T06:30:00Z,DAY_SHIFT,154,100,87,98,36.5,6.8,0,15,226,False,False,False,False,RESTRICTED,SELF_SERVICE_KIOSK,
dcu-W-00188-20261015,worker-uuid-00188,W-00188,2026-10-15T06:30:00Z,DAY_SHIFT,139,92,86,99,36.2,7.1,0,19,253,False,False,False,False,FIT,SELF_SERVICE_KIOSK,
dcu-W-00188-20261016,worker-uuid-00188,W-00188,2026-10-16T06:30:00Z,DAY_SHIFT,137,86,93,99,36.9,7.4,1,6,240,False,False,False,False,FIT,SELF_SERVICE_KIOSK,
dcu-W-00188-20261017,worker-uuid-00188,W-00188,2026-10-17T06:30:00Z,DAY_SHIFT,145,88,96,98,36.9,7.1,2,15,212,False,False,False,False,FIT,SELF_SERVICE_KIOSK,
dcu-W-00188-20261019,worker-uuid-00188,W-00188,2026-10-19T06:30:00Z,DAY_SHIFT,145,93,93,99,36.4,5.1,1,6,261,False,False,False,False,FIT,PARAMEDIC_ASSISTED,user-paramedic-01
dcu-W-00188-20261020,worker-uuid-00188,W-00188,2026-10-20T06:30:00Z,DAY_SHIFT,153,95,96,98,36.6,7.2,1,11,208,False,False,False,False,RESTRICTED,SELF_SERVICE_KIOSK,
dcu-W-00188-20261021,worker-uuid-00188,W-00188,2026-10-21T06:30:00Z,DAY_SHIFT,147,92,90,97,37.0,6.4,2,12,269,False,False,False,False,FIT,SELF_SERVICE_KIOSK,
dcu-W-00188-20261022,worker-uuid-00188,W-00188,2026-10-22T18:30:00Z,NIGHT_SHIFT,145,89,94,96,36.4,5.8,1,15,325,False,False,False,False,FIT,SELF_SERVICE_KIOSK,
dcu-W-00188-20261023,worker-uuid-00188,W-00188,2026-10-23T18:30:00Z,NIGHT_SHIFT,149,90,91,97,36.5,5.3,1,17,244,False,False,False,False,FIT,SELF_SERVICE_KIOSK,
dcu-W-00188-20261025,worker-uuid-00188,W-00188,2026-10-25T18:30:00Z,NIGHT_SHIFT,155,99,93,98,36.4,4.0,4,6,271,False,False,False,False,RESTRICTED,SELF_SERVICE_KIOSK,
dcu-W-00188-20261026,worker-uuid-00188,W-00188,2026-10-26T18:30:00Z,NIGHT_SHIFT,151,94,92,96,36.2,5.0,1,15,381,False,False,False,False,RESTRICTED,PARAMEDIC_ASSISTED,user-paramedic-01
dcu-W-00188-20261027,worker-uuid-00188,W-00188,2026-10-27T18:30:00Z,NIGHT_SHIFT,143,86,90,98,36.7,5.5,4,20,303,False,False,False,False,FIT,SELF_SERVICE_KIOSK,
dcu-W-00188-20261028,worker-uuid-00188,W-00188,2026-10-28T18:30:00Z,NIGHT_SHIFT,141,88,92,98,36.6,4.7,1,12,321,False,False,False,False,FIT,PARAMEDIC_ASSISTED,user-paramedic-01
dcu-W-00188-20261030,worker-uuid-00188,W-00188,2026-10-30T18:30:00Z,NIGHT_SHIFT,156,97,99,98,36.4,6.6,3,7,272,False,False,True,False,RESTRICTED,SELF_SERVICE_KIOSK,
dcu-W-00188-20261031,worker-uuid-00188,W-00188,2026-10-31T18:30:00Z,NIGHT_SHIFT,157,94,98,99,36.4,4.3,2,11,293,False,False,False,False,RESTRICTED,PARAMEDIC_ASSISTED,user-paramedic-01
dcu-W-00188-20261101,worker-uuid-00188,W-00188,2026-11-01T18:30:00Z,NIGHT_SHIFT,142,91,99,98,36.9,5.3,4,10,267,False,False,False,False,FIT,PARAMEDIC_ASSISTED,user-paramedic-01
dcu-W-00188-20261102,worker-uuid-00188,W-00188,2026-11-02T18:30:00Z,NIGHT_SHIFT,149,100,99,97,36.6,4.9,3,12,286,False,False,False,False,RESTRICTED,PARAMEDIC_ASSISTED,user-paramedic-01
dcu-W-00188-20261104,worker-uuid-00188,W-00188,2026-11-04T18:30:00Z,NIGHT_SHIFT,149,98,100,98,36.3,5.2,1,16,268,False,False,False,False,RESTRICTED,SELF_SERVICE_KIOSK,
dcu-W-00188-20261105,worker-uuid-00188,W-00188,2026-11-05T06:30:00Z,DAY_SHIFT,135,89,86,97,36.8,6.7,1,14,199,False,False,False,False,FIT,SELF_SERVICE_KIOSK,
dcu-W-00188-20261106,worker-uuid-00188,W-00188,2026-11-06T06:30:00Z,DAY_SHIFT,139,89,87,97,36.1,5.7,1,9,226,False,False,False,False,FIT,SELF_SERVICE_KIOSK,
dcu-W-00188-20261107,worker-uuid-00188,W-00188,2026-11-07T06:30:00Z,DAY_SHIFT,144,84,87,98,36.4,6.0,0,9,232,False,False,False,False,FIT,SELF_SERVICE_KIOSK,
dcu-W-00188-20261108,worker-uuid-00188,W-00188,2026-11-08T06:30:00Z,DAY_SHIFT,137,89,97,97,36.6,7.5,1,20,234,False,False,False,False,FIT,SELF_SERVICE_KIOSK,
dcu-W-00188-20261109,worker-uuid-00188,W-00188,2026-11-09T06:30:00Z,DAY_SHIFT,145,93,89,98,36.8,7.3,0,10,265,False,False,False,False,FIT,SELF_SERVICE_KIOSK,
dcu-W-00188-20261110,worker-uuid-00188,W-00188,2026-11-10T06:30:00Z,DAY_SHIFT,149,88,90,98,37.2,4.5,2,18,233,False,False,False,False,FIT,PARAMEDIC_ASSISTED,user-paramedic-01
dcu-W-00188-20261111,worker-uuid-00188,W-00188,2026-11-11T06:30:00Z,DAY_SHIFT,144,96,83,96,36.7,6.8,0,9,202,False,False,False,False,RESTRICTED,SELF_SERVICE_KIOSK,
dcu-W-00188-20261113,worker-uuid-00188,W-00188,2026-11-13T06:30:00Z,DAY_SHIFT,136,81,90,99,36.9,7.7,0,14,240,False,False,False,False,FIT,SELF_SERVICE_KIOSK,
dcu-W-00188-20261114,worker-uuid-00188,W-00188,2026-11-14T06:30:00Z,DAY_SHIFT,149,92,94,97,36.6,6.9,1,7,244,False,False,False,False,FIT,PARAMEDIC_ASSISTED,user-paramedic-01
dcu-W-00188-20261116,worker-uuid-00188,W-00188,2026-11-16T06:30:00Z,DAY_SHIFT,141,97,86,98,36.7,5.5,0,10,257,False,False,False,False,RESTRICTED,SELF_SERVICE_KIOSK,
dcu-W-00188-20261117,worker-uuid-00188,W-00188,2026-11-17T06:30:00Z,DAY_SHIFT,154,97,92,98,36.8,6.7,1,13,242,False,False,True,False,RESTRICTED,SELF_SERVICE_KIOSK,
dcu-W-00188-20261118,worker-uuid-00188,W-00188,2026-11-18T06:30:00Z,DAY_SHIFT,139,90,85,98,36.6,6.2,1,10,189,False,False,False,False,FIT,SELF_SERVICE_KIOSK,
dcu-W-00188-20261119,worker-uuid-00188,W-00188,2026-11-19T18:30:00Z,NIGHT_SHIFT,155,100,95,96,36.4,5.2,2,7,271,False,False,False,False,RESTRICTED,PARAMEDIC_ASSISTED,user-paramedic-01
dcu-W-00188-20261120,worker-uuid-00188,W-00188,2026-11-20T18:30:00Z,NIGHT_SHIFT,138,80,102,98,36.6,5.6,2,10,291,False,False,False,False,FIT,PARAMEDIC_ASSISTED,user-paramedic-01
dcu-W-00188-20261121,worker-uuid-00188,W-00188,2026-11-21T18:30:00Z,NIGHT_SHIFT,147,96,110,97,36.6,5.6,3,15,298,False,False,False,False,RESTRICTED,SELF_SERVICE_KIOSK,
dcu-W-00188-20261122,worker-uuid-00188,W-00188,2026-11-22T18:30:00Z,NIGHT_SHIFT,149,95,95,100,36.4,6.0,4,11,299,False,False,False,False,RESTRICTED,PARAMEDIC_ASSISTED,user-paramedic-01
dcu-W-00188-20261124,worker-uuid-00188,W-00188,2026-11-24T18:30:00Z,NIGHT_SHIFT,152,98,94,98,36.7,5.9,4,15,372,False,False,False,False,RESTRICTED,SELF_SERVICE_KIOSK,
dcu-W-00188-20261126,worker-uuid-00188,W-00188,2026-11-26T18:30:00Z,NIGHT_SHIFT,150,87,99,98,36.5,3.9,2,17,252,False,False,False,False,RESTRICTED,SELF_SERVICE_KIOSK,
dcu-W-00188-20261127,worker-uuid-00188,W-00188,2026-11-27T18:30:00Z,NIGHT_SHIFT,150,89,102,96,36.4,5.6,3,8,354,False,False,True,False,RESTRICTED,SELF_SERVICE_KIOSK,
dcu-W-00188-20261128,worker-uuid-00188,W-00188,2026-11-28T18:30:00Z,NIGHT_SHIFT,152,93,89,98,36.3,3.5,1,11,298,False,False,False,False,RESTRICTED,SELF_SERVICE_KIOSK,
dcu-W-00188-20261129,worker-uuid-00188,W-00188,2026-11-29T18:30:00Z,NIGHT_SHIFT,158,94,90,97,36.3,4.4,1,8,305,False,False,True,False,RESTRICTED,PARAMEDIC_ASSISTED,user-paramedic-01
dcu-W-00188-20261130,worker-uuid-00188,W-00188,2026-11-30T18:30:00Z,NIGHT_SHIFT,153,91,92,96,36.6,4.5,1,20,308,False,False,False,False,RESTRICTED,PARAMEDIC_ASSISTED,user-paramedic-01
dcu-W-00188-20261201,worker-uuid-00188,W-00188,2026-12-01T18:30:00Z,NIGHT_SHIFT,145,97,91,98,36.0,5.7,4,8,290,False,False,False,False,RESTRICTED,SELF_SERVICE_KIOSK,
dcu-W-00188-20261202,worker-uuid-00188,W-00188,2026-12-02T18:30:00Z,NIGHT_SHIFT,152,93,92,97,36.5,4.4,3,11,382,False,False,False,False,RESTRICTED,SELF_SERVICE_KIOSK,
dcu-W-00188-20261203,worker-uuid-00188,W-00188,2026-12-03T06:30:00Z,DAY_SHIFT,131,84,88,96,36.8,7.3,0,8,210,False,False,False,False,FIT,SELF_SERVICE_KIOSK,
dcu-W-00188-20261204,worker-uuid-00188,W-00188,2026-12-04T06:30:00Z,DAY_SHIFT,136,86,91,98,36.4,5.7,2,15,215,False,False,False,False,FIT,SELF_SERVICE_KIOSK,
dcu-W-00188-20261205,worker-uuid-00188,W-00188,2026-12-05T06:30:00Z,DAY_SHIFT,151,96,90,98,37.2,8.1,1,7,210,False,False,True,False,RESTRICTED,PARAMEDIC_ASSISTED,user-paramedic-01
dcu-W-00188-20261206,worker-uuid-00188,W-00188,2026-12-06T06:30:00Z,DAY_SHIFT,144,88,92,98,36.9,6.6,0,10,257,False,False,False,False,FIT,SELF_SERVICE_KIOSK,
dcu-W-00188-20261207,worker-uuid-00188,W-00188,2026-12-07T06:30:00Z,DAY_SHIFT,142,89,96,99,36.4,6.0,1,10,230,False,False,False,False,FIT,PARAMEDIC_ASSISTED,user-paramedic-01
dcu-W-00188-20261208,worker-uuid-00188,W-00188,2026-12-08T06:30:00Z,DAY_SHIFT,154,100,91,97,36.2,6.0,1,10,184,False,False,False,False,RESTRICTED,PARAMEDIC_ASSISTED,user-paramedic-01
dcu-W-00188-20261209,worker-uuid-00188,W-00188,2026-12-09T06:30:00Z,DAY_SHIFT,149,94,87,97,36.5,5.8,0,20,242,False,False,False,False,FIT,SELF_SERVICE_KIOSK,
dcu-W-00188-20261210,worker-uuid-00188,W-00188,2026-12-10T06:30:00Z,DAY_SHIFT,144,93,91,97,36.3,6.0,1,16,263,False,False,False,False,FIT,SELF_SERVICE_KIOSK,
dcu-W-00188-20261211,worker-uuid-00188,W-00188,2026-12-11T06:30:00Z,DAY_SHIFT,146,98,87,99,36.2,6.9,2,16,257,False,False,False,False,RESTRICTED,SELF_SERVICE_KIOSK,
dcu-W-00188-20261212,worker-uuid-00188,W-00188,2026-12-12T06:30:00Z,DAY_SHIFT,149,92,81,99,36.6,7.6,2,9,237,False,False,False,False,FIT,SELF_SERVICE_KIOSK,
dcu-W-00188-20261213,worker-uuid-00188,W-00188,2026-12-13T06:30:00Z,DAY_SHIFT,137,86,86,96,36.7,8.9,2,14,266,False,False,False,False,FIT,PARAMEDIC_ASSISTED,user-paramedic-01
dcu-W-00188-20261214,worker-uuid-00188,W-00188,2026-12-14T06:30:00Z,DAY_SHIFT,149,92,87,99,36.8,7.3,2,15,268,False,False,False,False,FIT,SELF_SERVICE_KIOSK,
dcu-W-00188-20261216,worker-uuid-00188,W-00188,2026-12-16T06:30:00Z,DAY_SHIFT,141,88,90,99,36.3,7.5,0,18,294,False,False,False,False,FIT,SELF_SERVICE_KIOSK,
dcu-W-00188-20261217,worker-uuid-00188,W-00188,2026-12-17T18:30:00Z,NIGHT_SHIFT,160,100,92,97,36.7,4.1,3,18,341,False,False,True,False,RESTRICTED,SELF_SERVICE_KIOSK,
dcu-W-00188-20261218,worker-uuid-00188,W-00188,2026-12-18T18:30:00Z,NIGHT_SHIFT,157,99,104,97,36.8,4.7,3,15,299,False,False,False,False,RESTRICTED,PARAMEDIC_ASSISTED,user-paramedic-01
dcu-W-00188-20261219,worker-uuid-00188,W-00188,2026-12-19T18:30:00Z,NIGHT_SHIFT,163,99,98,98,36.2,4.0,2,20,241,False,False,False,False,RESTRICTED,SELF_SERVICE_KIOSK,
dcu-W-00188-20261221,worker-uuid-00188,W-00188,2026-12-21T18:30:00Z,NIGHT_SHIFT,153,97,89,99,36.4,5.7,4,14,389,False,False,False,False,RESTRICTED,PARAMEDIC_ASSISTED,user-paramedic-01
dcu-W-00188-20261222,worker-uuid-00188,W-00188,2026-12-22T18:30:00Z,NIGHT_SHIFT,150,95,95,97,36.2,4.4,3,13,374,False,False,False,False,RESTRICTED,SELF_SERVICE_KIOSK,
dcu-W-00188-20261223,worker-uuid-00188,W-00188,2026-12-23T18:30:00Z,NIGHT_SHIFT,155,101,101,98,36.5,6.5,4,7,367,False,False,False,False,RESTRICTED,SELF_SERVICE_KIOSK,
dcu-W-00188-20261225,worker-uuid-00188,W-00188,2026-12-25T18:30:00Z,NIGHT_SHIFT,144,91,93,98,36.2,4.6,1,11,325,False,False,False,False,FIT,SELF_SERVICE_KIOSK,
dcu-W-00188-20261226,worker-uuid-00188,W-00188,2026-12-26T18:30:00Z,NIGHT_SHIFT,141,90,98,98,36.6,6.7,1,19,312,False,False,False,False,FIT,PARAMEDIC_ASSISTED,user-paramedic-01
dcu-W-00188-20261227,worker-uuid-00188,W-00188,2026-12-27T18:30:00Z,NIGHT_SHIFT,159,106,100,98,37.2,3.9,2,13,332,False,False,False,False,RESTRICTED,PARAMEDIC_ASSISTED,user-paramedic-01
dcu-W-00188-20261228,worker-uuid-00188,W-00188,2026-12-28T18:30:00Z,NIGHT_SHIFT,155,88,92,97,36.4,6.0,1,16,380,False,False,False,False,RESTRICTED,PARAMEDIC_ASSISTED,user-paramedic-01
dcu-W-00188-20261229,worker-uuid-00188,W-00188,2026-12-29T18:30:00Z,NIGHT_SHIFT,140,88,101,97,36.7,4.7,2,8,326,False,False,False,False,FIT,PARAMEDIC_ASSISTED,user-paramedic-01
dcu-W-00189-20260101,worker-uuid-00189,W-00189,2026-01-01T06:30:00Z,DAY_SHIFT,136,80,84,97,36.8,6.5,2,15,251,False,False,False,False,FIT,PARAMEDIC_ASSISTED,user-paramedic-01
dcu-W-00189-20260102,worker-uuid-00189,W-00189,2026-01-02T06:30:00Z,DAY_SHIFT,132,82,90,97,36.1,7.3,1,10,213,False,False,False,False,FIT,PARAMEDIC_ASSISTED,user-paramedic-01
dcu-W-00189-20260103,worker-uuid-00189,W-00189,2026-01-03T06:30:00Z,DAY_SHIFT,135,83,83,98,36.4,5.3,0,11,239,False,False,False,False,FIT,SELF_SERVICE_KIOSK,
dcu-W-00189-20260105,worker-uuid-00189,W-00189,2026-01-05T06:30:00Z,DAY_SHIFT,140,89,81,98,36.8,4.4,0,6,223,False,False,False,False,RESTRICTED,SELF_SERVICE_KIOSK,
dcu-W-00189-20260106,worker-uuid-00189,W-00189,2026-01-06T06:30:00Z,DAY_SHIFT,138,88,82,98,36.7,4.6,0,15,236,False,False,False,False,FIT,SELF_SERVICE_KIOSK,
dcu-W-00189-20260107,worker-uuid-00189,W-00189,2026-01-07T06:30:00Z,DAY_SHIFT,140,94,85,99,36.4,7.3,2,6,260,False,False,False,False,FIT,SELF_SERVICE_KIOSK,
dcu-W-00189-20260109,worker-uuid-00189,W-00189,2026-01-09T06:30:00Z,DAY_SHIFT,141,92,88,96,36.4,6.9,0,12,264,False,False,False,False,FIT,PARAMEDIC_ASSISTED,user-paramedic-01
dcu-W-00189-20260110,worker-uuid-00189,W-00189,2026-01-10T06:30:00Z,DAY_SHIFT,133,82,86,97,36.9,8.0,2,19,223,False,False,False,False,FIT,SELF_SERVICE_KIOSK,
dcu-W-00189-20260112,worker-uuid-00189,W-00189,2026-01-12T06:30:00Z,DAY_SHIFT,127,84,81,99,36.3,6.5,0,10,222,False,False,False,False,FIT,SELF_SERVICE_KIOSK,
dcu-W-00189-20260113,worker-uuid-00189,W-00189,2026-01-13T06:30:00Z,DAY_SHIFT,130,81,82,98,36.4,6.9,0,9,248,False,False,False,False,FIT,SELF_SERVICE_KIOSK,
dcu-W-00189-20260114,worker-uuid-00189,W-00189,2026-01-14T06:30:00Z,DAY_SHIFT,132,87,89,98,36.3,6.0,1,8,196,False,False,False,False,FIT,PARAMEDIC_ASSISTED,user-paramedic-01
dcu-W-00189-20260115,worker-uuid-00189,W-00189,2026-01-15T06:30:00Z,DAY_SHIFT,125,81,87,98,36.8,6.6,1,8,245,False,False,False,False,FIT,SELF_SERVICE_KIOSK,
dcu-W-00189-20260116,worker-uuid-00189,W-00189,2026-01-16T06:30:00Z,DAY_SHIFT,121,74,79,99,36.6,7.6,2,13,236,False,False,False,False,FIT,SELF_SERVICE_KIOSK,
dcu-W-00189-20260117,worker-uuid-00189,W-00189,2026-01-17T06:30:00Z,DAY_SHIFT,128,83,80,98,36.6,6.7,2,12,232,False,False,False,False,FIT,SELF_SERVICE_KIOSK,
dcu-W-00189-20260118,worker-uuid-00189,W-00189,2026-01-18T06:30:00Z,DAY_SHIFT,126,76,89,99,36.2,6.2,2,8,223,False,False,False,False,FIT,SELF_SERVICE_KIOSK,
dcu-W-00189-20260119,worker-uuid-00189,W-00189,2026-01-19T06:30:00Z,DAY_SHIFT,137,83,84,99,36.8,7.5,2,7,190,False,False,False,False,FIT,SELF_SERVICE_KIOSK,
dcu-W-00189-20260120,worker-uuid-00189,W-00189,2026-01-20T06:30:00Z,DAY_SHIFT,135,85,99,98,37.1,6.3,1,6,249,False,False,False,False,FIT,PARAMEDIC_ASSISTED,user-paramedic-01
dcu-W-00189-20260123,worker-uuid-00189,W-00189,2026-01-23T06:30:00Z,DAY_SHIFT,138,79,84,99,36.9,7.6,2,15,258,False,False,False,False,FIT,SELF_SERVICE_KIOSK,
dcu-W-00189-20260124,worker-uuid-00189,W-00189,2026-01-24T06:30:00Z,DAY_SHIFT,134,74,92,96,36.7,7.2,1,14,272,False,False,False,False,FIT,SELF_SERVICE_KIOSK,
dcu-W-00189-20260125,worker-uuid-00189,W-00189,2026-01-25T06:30:00Z,DAY_SHIFT,125,81,85,100,37.0,7.2,2,12,257,False,False,False,False,FIT,SELF_SERVICE_KIOSK,
dcu-W-00189-20260126,worker-uuid-00189,W-00189,2026-01-26T06:30:00Z,DAY_SHIFT,125,75,79,97,36.5,7.1,1,11,215,False,False,False,False,FIT,PARAMEDIC_ASSISTED,user-paramedic-01
dcu-W-00189-20260127,worker-uuid-00189,W-00189,2026-01-27T06:30:00Z,DAY_SHIFT,142,86,80,96,36.8,7.4,1,18,271,False,False,False,False,FIT,SELF_SERVICE_KIOSK,
dcu-W-00189-20260128,worker-uuid-00189,W-00189,2026-01-28T06:30:00Z,DAY_SHIFT,130,84,86,99,36.4,6.9,1,18,217,False,False,False,False,FIT,PARAMEDIC_ASSISTED,user-paramedic-01
dcu-W-00189-20260129,worker-uuid-00189,W-00189,2026-01-29T06:30:00Z,DAY_SHIFT,126,74,90,98,36.6,6.7,2,19,235,False,False,False,False,FIT,SELF_SERVICE_KIOSK,
dcu-W-00189-20260130,worker-uuid-00189,W-00189,2026-01-30T06:30:00Z,DAY_SHIFT,141,89,89,98,36.5,6.5,0,18,227,False,False,False,False,FIT,SELF_SERVICE_KIOSK,
dcu-W-00189-20260201,worker-uuid-00189,W-00189,2026-02-01T06:30:00Z,DAY_SHIFT,132,82,88,100,36.4,5.9,1,7,256,False,False,False,False,FIT,SELF_SERVICE_KIOSK,
dcu-W-00189-20260202,worker-uuid-00189,W-00189,2026-02-02T06:30:00Z,DAY_SHIFT,135,85,79,96,36.7,8.7,0,13,250,False,False,False,False,FIT,PARAMEDIC_ASSISTED,user-paramedic-01
dcu-W-00189-20260203,worker-uuid-00189,W-00189,2026-02-03T06:30:00Z,DAY_SHIFT,120,73,86,97,36.2,7.0,2,10,228,False,False,False,False,FIT,SELF_SERVICE_KIOSK,
dcu-W-00189-20260204,worker-uuid-00189,W-00189,2026-02-04T06:30:00Z,DAY_SHIFT,130,77,87,99,36.2,6.9,1,7,288,False,False,False,False,FIT,SELF_SERVICE_KIOSK,
dcu-W-00189-20260205,worker-uuid-00189,W-00189,2026-02-05T06:30:00Z,DAY_SHIFT,140,89,87,97,36.6,7.4,1,8,187,False,False,False,False,FIT,PARAMEDIC_ASSISTED,user-paramedic-01
dcu-W-00189-20260206,worker-uuid-00189,W-00189,2026-02-06T06:30:00Z,DAY_SHIFT,141,90,90,97,36.6,7.3,2,13,294,False,False,False,False,FIT,SELF_SERVICE_KIOSK,
dcu-W-00189-20260208,worker-uuid-00189,W-00189,2026-02-08T06:30:00Z,DAY_SHIFT,135,81,91,97,36.5,7.6,0,10,217,False,False,False,False,FIT,SELF_SERVICE_KIOSK,
dcu-W-00189-20260209,worker-uuid-00189,W-00189,2026-02-09T06:30:00Z,DAY_SHIFT,129,80,82,98,36.2,8.4,2,8,220,False,False,False,False,FIT,PARAMEDIC_ASSISTED,user-paramedic-01
dcu-W-00189-20260210,worker-uuid-00189,W-00189,2026-02-10T06:30:00Z,DAY_SHIFT,132,87,84,97,36.3,7.0,2,7,220,False,False,False,False,FIT,PARAMEDIC_ASSISTED,user-paramedic-01
dcu-W-00189-20260211,worker-uuid-00189,W-00189,2026-02-11T06:30:00Z,DAY_SHIFT,127,87,91,96,36.5,6.2,1,6,256,False,False,False,False,FIT,SELF_SERVICE_KIOSK,
dcu-W-00189-20260212,worker-uuid-00189,W-00189,2026-02-12T06:30:00Z,DAY_SHIFT,126,74,86,96,36.1,7.2,1,15,248,False,False,False,False,FIT,PARAMEDIC_ASSISTED,user-paramedic-01
dcu-W-00189-20260215,worker-uuid-00189,W-00189,2026-02-15T06:30:00Z,DAY_SHIFT,133,80,84,99,36.8,5.7,2,12,189,False,False,False,False,FIT,SELF_SERVICE_KIOSK,
dcu-W-00189-20260216,worker-uuid-00189,W-00189,2026-02-16T06:30:00Z,DAY_SHIFT,133,77,94,97,36.3,7.0,1,18,235,False,False,False,False,FIT,SELF_SERVICE_KIOSK,
dcu-W-00189-20260217,worker-uuid-00189,W-00189,2026-02-17T06:30:00Z,DAY_SHIFT,135,87,91,98,37.0,6.1,1,12,255,False,False,False,False,FIT,SELF_SERVICE_KIOSK,
dcu-W-00189-20260218,worker-uuid-00189,W-00189,2026-02-18T06:30:00Z,DAY_SHIFT,128,83,85,97,36.4,5.2,1,7,202,False,False,False,False,FIT,SELF_SERVICE_KIOSK,
dcu-W-00189-20260219,worker-uuid-00189,W-00189,2026-02-19T06:30:00Z,DAY_SHIFT,128,81,86,97,36.6,5.2,0,7,261,False,False,False,False,FIT,SELF_SERVICE_KIOSK,
dcu-W-00189-20260221,worker-uuid-00189,W-00189,2026-02-21T06:30:00Z,DAY_SHIFT,132,77,86,97,36.7,7.0,0,16,284,False,False,False,False,FIT,SELF_SERVICE_KIOSK,
dcu-W-00189-20260222,worker-uuid-00189,W-00189,2026-02-22T06:30:00Z,DAY_SHIFT,133,81,87,97,36.3,7.7,0,14,224,False,False,False,False,FIT,SELF_SERVICE_KIOSK,
dcu-W-00189-20260223,worker-uuid-00189,W-00189,2026-02-23T06:30:00Z,DAY_SHIFT,133,84,90,98,36.8,6.9,1,19,252,False,False,False,False,FIT,PARAMEDIC_ASSISTED,user-paramedic-01
dcu-W-00189-20260224,worker-uuid-00189,W-00189,2026-02-24T06:30:00Z,DAY_SHIFT,132,86,89,98,36.7,6.4,1,9,258,False,False,False,False,FIT,SELF_SERVICE_KIOSK,
dcu-W-00189-20260225,worker-uuid-00189,W-00189,2026-02-25T06:30:00Z,DAY_SHIFT,132,83,85,99,36.4,6.3,1,19,295,False,False,False,False,FIT,PARAMEDIC_ASSISTED,user-paramedic-01
dcu-W-00189-20260226,worker-uuid-00189,W-00189,2026-02-26T06:30:00Z,DAY_SHIFT,144,84,81,97,36.4,6.6,0,8,229,False,False,False,False,FIT,SELF_SERVICE_KIOSK,
dcu-W-00189-20260227,worker-uuid-00189,W-00189,2026-02-27T06:30:00Z,DAY_SHIFT,133,83,86,99,36.7,7.0,2,10,219,False,False,False,False,FIT,SELF_SERVICE_KIOSK,
dcu-W-00189-20260228,worker-uuid-00189,W-00189,2026-02-28T06:30:00Z,DAY_SHIFT,129,79,84,98,36.4,6.3,1,9,211,False,False,False,False,FIT,SELF_SERVICE_KIOSK,
dcu-W-00189-20260301,worker-uuid-00189,W-00189,2026-03-01T06:30:00Z,DAY_SHIFT,128,81,85,97,36.0,6.7,1,8,236,False,False,False,False,FIT,PARAMEDIC_ASSISTED,user-paramedic-01
dcu-W-00189-20260302,worker-uuid-00189,W-00189,2026-03-02T06:30:00Z,DAY_SHIFT,136,91,88,99,36.5,7.9,2,18,238,False,False,False,False,FIT,SELF_SERVICE_KIOSK,
dcu-W-00189-20260304,worker-uuid-00189,W-00189,2026-03-04T06:30:00Z,DAY_SHIFT,135,88,82,97,36.3,7.5,0,18,216,False,False,False,False,FIT,PARAMEDIC_ASSISTED,user-paramedic-01
dcu-W-00189-20260305,worker-uuid-00189,W-00189,2026-03-05T06:30:00Z,DAY_SHIFT,122,79,90,98,36.2,6.4,2,11,282,False,False,False,False,FIT,PARAMEDIC_ASSISTED,user-paramedic-01
dcu-W-00189-20260306,worker-uuid-00189,W-00189,2026-03-06T06:30:00Z,DAY_SHIFT,138,91,85,97,36.8,4.7,0,11,233,False,False,False,False,FIT,SELF_SERVICE_KIOSK,
dcu-W-00189-20260307,worker-uuid-00189,W-00189,2026-03-07T06:30:00Z,DAY_SHIFT,137,87,83,98,36.5,7.4,1,16,277,False,False,False,False,FIT,PARAMEDIC_ASSISTED,user-paramedic-01
dcu-W-00189-20260308,worker-uuid-00189,W-00189,2026-03-08T06:30:00Z,DAY_SHIFT,138,80,93,99,36.7,6.6,2,17,249,False,False,False,False,FIT,SELF_SERVICE_KIOSK,
dcu-W-00189-20260309,worker-uuid-00189,W-00189,2026-03-09T06:30:00Z,DAY_SHIFT,132,86,86,98,36.5,8.2,1,12,226,False,False,False,False,FIT,SELF_SERVICE_KIOSK,
dcu-W-00189-20260310,worker-uuid-00189,W-00189,2026-03-10T06:30:00Z,DAY_SHIFT,134,82,79,97,36.1,8.3,2,14,226,False,False,False,False,FIT,PARAMEDIC_ASSISTED,user-paramedic-01
dcu-W-00189-20260311,worker-uuid-00189,W-00189,2026-03-11T06:30:00Z,DAY_SHIFT,126,72,82,98,37.0,7.5,0,16,245,False,False,False,False,FIT,SELF_SERVICE_KIOSK,
dcu-W-00189-20260312,worker-uuid-00189,W-00189,2026-03-12T06:30:00Z,DAY_SHIFT,126,75,89,98,36.8,8.2,1,9,240,False,False,False,False,FIT,SELF_SERVICE_KIOSK,
dcu-W-00189-20260313,worker-uuid-00189,W-00189,2026-03-13T06:30:00Z,DAY_SHIFT,138,90,84,99,36.2,7.4,1,14,202,False,False,False,False,FIT,SELF_SERVICE_KIOSK,
dcu-W-00189-20260314,worker-uuid-00189,W-00189,2026-03-14T06:30:00Z,DAY_SHIFT,132,87,88,99,36.3,6.3,1,13,262,False,False,False,False,FIT,SELF_SERVICE_KIOSK,
dcu-W-00189-20260315,worker-uuid-00189,W-00189,2026-03-15T06:30:00Z,DAY_SHIFT,134,84,87,97,36.0,7.5,1,6,211,False,False,False,False,FIT,SELF_SERVICE_KIOSK,
dcu-W-00189-20260317,worker-uuid-00189,W-00189,2026-03-17T06:30:00Z,DAY_SHIFT,132,83,85,96,36.7,6.7,0,7,225,False,False,False,False,FIT,SELF_SERVICE_KIOSK,
dcu-W-00189-20260318,worker-uuid-00189,W-00189,2026-03-18T06:30:00Z,DAY_SHIFT,137,78,82,98,36.6,6.7,1,11,237,False,False,False,False,FIT,PARAMEDIC_ASSISTED,user-paramedic-01
dcu-W-00189-20260320,worker-uuid-00189,W-00189,2026-03-20T06:30:00Z,DAY_SHIFT,129,78,75,96,36.3,7.0,2,9,247,False,False,False,False,FIT,SELF_SERVICE_KIOSK,
dcu-W-00189-20260321,worker-uuid-00189,W-00189,2026-03-21T06:30:00Z,DAY_SHIFT,130,83,89,97,36.4,5.5,1,9,277,False,False,False,False,FIT,PARAMEDIC_ASSISTED,user-paramedic-01
dcu-W-00189-20260322,worker-uuid-00189,W-00189,2026-03-22T06:30:00Z,DAY_SHIFT,131,81,77,97,36.7,7.2,2,9,240,False,False,False,False,FIT,SELF_SERVICE_KIOSK,
dcu-W-00189-20260323,worker-uuid-00189,W-00189,2026-03-23T06:30:00Z,DAY_SHIFT,123,81,83,100,36.6,7.4,2,11,248,False,False,False,False,FIT,SELF_SERVICE_KIOSK,
dcu-W-00189-20260324,worker-uuid-00189,W-00189,2026-03-24T06:30:00Z,DAY_SHIFT,131,84,87,98,36.4,7.9,1,9,203,False,False,False,False,FIT,PARAMEDIC_ASSISTED,user-paramedic-01
dcu-W-00189-20260325,worker-uuid-00189,W-00189,2026-03-25T06:30:00Z,DAY_SHIFT,138,78,91,98,36.2,5.6,0,18,215,False,False,False,False,FIT,PARAMEDIC_ASSISTED,user-paramedic-01
dcu-W-00189-20260326,worker-uuid-00189,W-00189,2026-03-26T06:30:00Z,DAY_SHIFT,115,74,84,99,36.4,6.8,0,7,249,False,False,False,False,FIT,SELF_SERVICE_KIOSK,
dcu-W-00189-20260327,worker-uuid-00189,W-00189,2026-03-27T06:30:00Z,DAY_SHIFT,125,74,85,97,36.6,7.4,0,14,269,False,False,False,False,FIT,SELF_SERVICE_KIOSK,
dcu-W-00189-20260328,worker-uuid-00189,W-00189,2026-03-28T06:30:00Z,DAY_SHIFT,145,93,92,98,36.4,7.8,0,18,260,False,False,False,False,FIT,PARAMEDIC_ASSISTED,user-paramedic-01
dcu-W-00189-20260329,worker-uuid-00189,W-00189,2026-03-29T06:30:00Z,DAY_SHIFT,134,81,90,98,36.6,6.6,0,6,240,False,False,False,False,FIT,SELF_SERVICE_KIOSK,
dcu-W-00189-20260330,worker-uuid-00189,W-00189,2026-03-30T06:30:00Z,DAY_SHIFT,131,83,90,98,36.2,5.9,0,17,234,False,False,False,False,FIT,SELF_SERVICE_KIOSK,
dcu-W-00189-20260331,worker-uuid-00189,W-00189,2026-03-31T06:30:00Z,DAY_SHIFT,132,86,90,99,36.8,6.2,0,6,248,False,False,False,False,FIT,SELF_SERVICE_KIOSK,
dcu-W-00189-20260401,worker-uuid-00189,W-00189,2026-04-01T06:30:00Z,DAY_SHIFT,131,80,84,98,36.3,6.1,0,20,222,False,False,False,False,FIT,PARAMEDIC_ASSISTED,user-paramedic-01
dcu-W-00189-20260402,worker-uuid-00189,W-00189,2026-04-02T06:30:00Z,DAY_SHIFT,135,79,86,98,36.7,8.1,2,18,214,False,False,False,False,FIT,SELF_SERVICE_KIOSK,
dcu-W-00189-20260403,worker-uuid-00189,W-00189,2026-04-03T06:30:00Z,DAY_SHIFT,136,88,81,98,36.1,7.2,2,16,255,False,False,False,False,FIT,SELF_SERVICE_KIOSK,
dcu-W-00189-20260404,worker-uuid-00189,W-00189,2026-04-04T06:30:00Z,DAY_SHIFT,129,79,87,97,36.7,6.4,2,7,239,False,False,False,False,FIT,SELF_SERVICE_KIOSK,
dcu-W-00189-20260406,worker-uuid-00189,W-00189,2026-04-06T06:30:00Z,DAY_SHIFT,135,84,88,97,37.1,7.7,1,8,280,False,False,False,False,FIT,PARAMEDIC_ASSISTED,user-paramedic-01
dcu-W-00189-20260407,worker-uuid-00189,W-00189,2026-04-07T06:30:00Z,DAY_SHIFT,138,95,85,98,36.3,7.4,2,7,224,False,False,False,False,RESTRICTED,PARAMEDIC_ASSISTED,user-paramedic-01
dcu-W-00189-20260408,worker-uuid-00189,W-00189,2026-04-08T06:30:00Z,DAY_SHIFT,129,87,81,95,36.4,8.8,1,7,206,False,False,False,False,FIT,SELF_SERVICE_KIOSK,
dcu-W-00189-20260409,worker-uuid-00189,W-00189,2026-04-09T06:30:00Z,DAY_SHIFT,140,86,81,97,36.7,7.0,1,10,248,False,False,False,False,FIT,SELF_SERVICE_KIOSK,
dcu-W-00189-20260410,worker-uuid-00189,W-00189,2026-04-10T06:30:00Z,DAY_SHIFT,134,86,82,96,37.0,6.8,2,14,269,False,False,False,False,FIT,PARAMEDIC_ASSISTED,user-paramedic-01
dcu-W-00189-20260412,worker-uuid-00189,W-00189,2026-04-12T06:30:00Z,DAY_SHIFT,132,82,87,98,37.0,6.1,0,12,227,False,False,False,False,FIT,SELF_SERVICE_KIOSK,
dcu-W-00189-20260413,worker-uuid-00189,W-00189,2026-04-13T06:30:00Z,DAY_SHIFT,132,96,87,98,36.8,7.6,0,12,217,False,False,False,False,RESTRICTED,SELF_SERVICE_KIOSK,
dcu-W-00189-20260414,worker-uuid-00189,W-00189,2026-04-14T06:30:00Z,DAY_SHIFT,131,81,83,98,36.4,6.9,1,13,258,False,False,False,False,FIT,SELF_SERVICE_KIOSK,
dcu-W-00189-20260415,worker-uuid-00189,W-00189,2026-04-15T06:30:00Z,DAY_SHIFT,139,85,94,97,36.7,7.3,2,12,248,False,False,False,False,FIT,SELF_SERVICE_KIOSK,
dcu-W-00189-20260416,worker-uuid-00189,W-00189,2026-04-16T06:30:00Z,DAY_SHIFT,133,83,78,100,36.2,7.7,0,6,243,False,False,False,False,FIT,SELF_SERVICE_KIOSK,
dcu-W-00189-20260417,worker-uuid-00189,W-00189,2026-04-17T06:30:00Z,DAY_SHIFT,128,77,86,98,36.5,6.1,2,18,245,False,False,False,False,FIT,SELF_SERVICE_KIOSK,
dcu-W-00189-20260418,worker-uuid-00189,W-00189,2026-04-18T06:30:00Z,DAY_SHIFT,137,96,82,98,36.9,5.7,2,16,195,False,False,False,False,RESTRICTED,SELF_SERVICE_KIOSK,
dcu-W-00189-20260419,worker-uuid-00189,W-00189,2026-04-19T06:30:00Z,DAY_SHIFT,134,85,88,99,36.6,7.3,0,13,240,False,False,False,False,FIT,SELF_SERVICE_KIOSK,
dcu-W-00189-20260421,worker-uuid-00189,W-00189,2026-04-21T06:30:00Z,DAY_SHIFT,135,84,89,99,37.3,6.2,0,8,242,False,False,False,False,FIT,PARAMEDIC_ASSISTED,user-paramedic-01
dcu-W-00189-20260423,worker-uuid-00189,W-00189,2026-04-23T06:30:00Z,DAY_SHIFT,135,81,85,97,36.9,6.2,1,12,230,False,False,False,False,FIT,SELF_SERVICE_KIOSK,
dcu-W-00189-20260424,worker-uuid-00189,W-00189,2026-04-24T06:30:00Z,DAY_SHIFT,148,93,90,97,36.4,7.4,0,6,249,False,False,False,False,FIT,SELF_SERVICE_KIOSK,
dcu-W-00189-20260426,worker-uuid-00189,W-00189,2026-04-26T06:30:00Z,DAY_SHIFT,136,89,86,99,36.2,7.3,2,8,211,False,False,False,False,FIT,PARAMEDIC_ASSISTED,user-paramedic-01
dcu-W-00189-20260428,worker-uuid-00189,W-00189,2026-04-28T06:30:00Z,DAY_SHIFT,136,85,91,96,37.0,6.9,2,15,212,False,False,False,False,FIT,SELF_SERVICE_KIOSK,
dcu-W-00189-20260429,worker-uuid-00189,W-00189,2026-04-29T06:30:00Z,DAY_SHIFT,126,70,75,98,36.6,5.8,0,6,219,False,False,False,False,FIT,SELF_SERVICE_KIOSK,
dcu-W-00189-20260430,worker-uuid-00189,W-00189,2026-04-30T06:30:00Z,DAY_SHIFT,125,75,80,98,36.3,5.9,2,9,245,False,False,False,False,FIT,SELF_SERVICE_KIOSK,
dcu-W-00189-20260501,worker-uuid-00189,W-00189,2026-05-01T06:30:00Z,DAY_SHIFT,127,81,85,97,36.2,6.7,0,10,230,False,False,False,False,FIT,SELF_SERVICE_KIOSK,
dcu-W-00189-20260502,worker-uuid-00189,W-00189,2026-05-02T06:30:00Z,DAY_SHIFT,134,84,86,96,36.4,6.6,2,17,233,False,False,False,False,FIT,SELF_SERVICE_KIOSK,
dcu-W-00189-20260503,worker-uuid-00189,W-00189,2026-05-03T06:30:00Z,DAY_SHIFT,137,81,80,98,37.2,6.4,1,8,214,False,False,False,False,FIT,SELF_SERVICE_KIOSK,
dcu-W-00189-20260504,worker-uuid-00189,W-00189,2026-05-04T06:30:00Z,DAY_SHIFT,134,79,85,97,36.6,7.8,0,8,245,False,False,False,False,FIT,SELF_SERVICE_KIOSK,
dcu-W-00189-20260505,worker-uuid-00189,W-00189,2026-05-05T06:30:00Z,DAY_SHIFT,129,84,83,98,36.4,7.4,2,10,256,False,False,False,False,FIT,SELF_SERVICE_KIOSK,
dcu-W-00189-20260506,worker-uuid-00189,W-00189,2026-05-06T06:30:00Z,DAY_SHIFT,141,94,89,98,36.5,6.8,0,7,235,False,False,False,False,FIT,SELF_SERVICE_KIOSK,
dcu-W-00189-20260507,worker-uuid-00189,W-00189,2026-05-07T06:30:00Z,DAY_SHIFT,146,88,88,97,36.3,6.8,2,7,219,False,False,False,False,FIT,PARAMEDIC_ASSISTED,user-paramedic-01
dcu-W-00189-20260508,worker-uuid-00189,W-00189,2026-05-08T06:30:00Z,DAY_SHIFT,128,74,84,97,36.8,7.6,2,17,226,False,False,False,False,FIT,PARAMEDIC_ASSISTED,user-paramedic-01
dcu-W-00189-20260511,worker-uuid-00189,W-00189,2026-05-11T06:30:00Z,DAY_SHIFT,135,85,82,98,36.4,7.6,0,14,200,False,False,False,False,FIT,SELF_SERVICE_KIOSK,
dcu-W-00189-20260513,worker-uuid-00189,W-00189,2026-05-13T06:30:00Z,DAY_SHIFT,127,76,93,96,36.4,6.5,0,8,260,False,False,False,False,FIT,PARAMEDIC_ASSISTED,user-paramedic-01
dcu-W-00189-20260514,worker-uuid-00189,W-00189,2026-05-14T06:30:00Z,DAY_SHIFT,138,84,86,98,36.9,7.1,1,8,216,False,False,False,False,FIT,SELF_SERVICE_KIOSK,
dcu-W-00189-20260516,worker-uuid-00189,W-00189,2026-05-16T06:30:00Z,DAY_SHIFT,129,83,91,99,36.0,7.8,1,13,244,False,False,False,False,FIT,SELF_SERVICE_KIOSK,
dcu-W-00189-20260517,worker-uuid-00189,W-00189,2026-05-17T06:30:00Z,DAY_SHIFT,134,78,94,98,36.5,7.3,0,12,289,False,False,False,False,FIT,SELF_SERVICE_KIOSK,
dcu-W-00189-20260518,worker-uuid-00189,W-00189,2026-05-18T06:30:00Z,DAY_SHIFT,127,85,85,98,36.3,7.6,1,11,253,False,False,False,False,FIT,SELF_SERVICE_KIOSK,
dcu-W-00189-20260519,worker-uuid-00189,W-00189,2026-05-19T06:30:00Z,DAY_SHIFT,131,84,81,100,36.6,6.0,1,9,258,False,False,False,False,FIT,SELF_SERVICE_KIOSK,
dcu-W-00189-20260520,worker-uuid-00189,W-00189,2026-05-20T06:30:00Z,DAY_SHIFT,131,75,83,96,36.6,6.5,1,13,255,False,False,False,False,FIT,SELF_SERVICE_KIOSK,
dcu-W-00189-20260524,worker-uuid-00189,W-00189,2026-05-24T06:30:00Z,DAY_SHIFT,134,87,85,97,36.2,7.2,0,13,227,False,False,False,False,FIT,PARAMEDIC_ASSISTED,user-paramedic-01
dcu-W-00189-20260525,worker-uuid-00189,W-00189,2026-05-25T06:30:00Z,DAY_SHIFT,127,85,81,97,36.6,7.5,0,13,237,False,False,False,False,FIT,PARAMEDIC_ASSISTED,user-paramedic-01
dcu-W-00189-20260528,worker-uuid-00189,W-00189,2026-05-28T06:30:00Z,DAY_SHIFT,126,73,83,97,36.8,8.7,2,20,230,False,False,False,False,FIT,SELF_SERVICE_KIOSK,
dcu-W-00189-20260529,worker-uuid-00189,W-00189,2026-05-29T06:30:00Z,DAY_SHIFT,140,82,89,97,36.9,5.6,1,20,239,False,False,False,False,FIT,SELF_SERVICE_KIOSK,
dcu-W-00189-20260530,worker-uuid-00189,W-00189,2026-05-30T06:30:00Z,DAY_SHIFT,137,86,88,98,36.5,7.8,2,8,230,False,False,False,False,FIT,SELF_SERVICE_KIOSK,
dcu-W-00189-20260531,worker-uuid-00189,W-00189,2026-05-31T06:30:00Z,DAY_SHIFT,134,89,81,98,36.6,6.1,0,15,263,False,False,False,False,FIT,SELF_SERVICE_KIOSK,
dcu-W-00189-20260601,worker-uuid-00189,W-00189,2026-06-01T06:30:00Z,DAY_SHIFT,129,82,93,99,36.7,5.8,0,6,226,False,False,False,False,FIT,SELF_SERVICE_KIOSK,
dcu-W-00189-20260602,worker-uuid-00189,W-00189,2026-06-02T06:30:00Z,DAY_SHIFT,134,86,85,98,36.5,7.5,1,13,220,False,False,False,False,FIT,PARAMEDIC_ASSISTED,user-paramedic-01
dcu-W-00189-20260603,worker-uuid-00189,W-00189,2026-06-03T06:30:00Z,DAY_SHIFT,132,80,85,98,36.1,6.7,0,20,234,False,False,False,False,FIT,SELF_SERVICE_KIOSK,
dcu-W-00189-20260604,worker-uuid-00189,W-00189,2026-06-04T06:30:00Z,DAY_SHIFT,132,80,86,98,36.5,7.4,2,15,244,False,False,False,False,FIT,PARAMEDIC_ASSISTED,user-paramedic-01
dcu-W-00189-20260605,worker-uuid-00189,W-00189,2026-06-05T06:30:00Z,DAY_SHIFT,132,82,81,96,36.6,6.9,1,14,214,False,False,False,False,FIT,SELF_SERVICE_KIOSK,
dcu-W-00189-20260606,worker-uuid-00189,W-00189,2026-06-06T06:30:00Z,DAY_SHIFT,137,92,88,97,36.5,7.4,0,10,261,False,False,False,False,FIT,SELF_SERVICE_KIOSK,
dcu-W-00189-20260607,worker-uuid-00189,W-00189,2026-06-07T06:30:00Z,DAY_SHIFT,120,74,89,98,36.2,6.0,1,15,225,False,False,False,False,FIT,PARAMEDIC_ASSISTED,user-paramedic-01
dcu-W-00189-20260609,worker-uuid-00189,W-00189,2026-06-09T06:30:00Z,DAY_SHIFT,132,89,87,99,36.6,6.2,2,17,223,False,False,False,False,FIT,PARAMEDIC_ASSISTED,user-paramedic-01
dcu-W-00189-20260610,worker-uuid-00189,W-00189,2026-06-10T06:30:00Z,DAY_SHIFT,132,80,88,97,36.7,6.8,1,13,185,False,False,False,False,FIT,SELF_SERVICE_KIOSK,
dcu-W-00189-20260611,worker-uuid-00189,W-00189,2026-06-11T06:30:00Z,DAY_SHIFT,127,78,91,98,36.4,7.6,1,9,249,False,False,False,False,FIT,SELF_SERVICE_KIOSK,
dcu-W-00189-20260612,worker-uuid-00189,W-00189,2026-06-12T06:30:00Z,DAY_SHIFT,128,87,82,98,36.8,7.2,0,19,210,False,False,False,False,FIT,SELF_SERVICE_KIOSK,
dcu-W-00189-20260613,worker-uuid-00189,W-00189,2026-06-13T06:30:00Z,DAY_SHIFT,132,91,88,96,36.9,7.4,0,17,273,False,False,False,False,FIT,PARAMEDIC_ASSISTED,user-paramedic-01
dcu-W-00189-20260614,worker-uuid-00189,W-00189,2026-06-14T06:30:00Z,DAY_SHIFT,136,77,87,98,36.5,6.7,1,9,251,False,False,False,False,FIT,SELF_SERVICE_KIOSK,
dcu-W-00189-20260615,worker-uuid-00189,W-00189,2026-06-15T06:30:00Z,DAY_SHIFT,139,87,90,98,36.1,7.5,2,9,228,False,False,False,False,FIT,SELF_SERVICE_KIOSK,
dcu-W-00189-20260616,worker-uuid-00189,W-00189,2026-06-16T06:30:00Z,DAY_SHIFT,133,91,82,98,36.5,6.8,2,9,247,False,False,False,False,FIT,PARAMEDIC_ASSISTED,user-paramedic-01
dcu-W-00189-20260618,worker-uuid-00189,W-00189,2026-06-18T06:30:00Z,DAY_SHIFT,125,79,89,98,36.5,7.4,1,10,233,False,False,False,False,FIT,PARAMEDIC_ASSISTED,user-paramedic-01
dcu-W-00189-20260619,worker-uuid-00189,W-00189,2026-06-19T06:30:00Z,DAY_SHIFT,133,90,87,98,36.2,7.1,2,13,219,False,False,False,False,FIT,SELF_SERVICE_KIOSK,
dcu-W-00189-20260620,worker-uuid-00189,W-00189,2026-06-20T06:30:00Z,DAY_SHIFT,123,79,84,96,36.2,7.8,1,19,243,False,False,False,False,FIT,PARAMEDIC_ASSISTED,user-paramedic-01
dcu-W-00189-20260621,worker-uuid-00189,W-00189,2026-06-21T06:30:00Z,DAY_SHIFT,143,96,78,98,37.1,7.6,2,13,246,False,False,True,False,RESTRICTED,PARAMEDIC_ASSISTED,user-paramedic-01
dcu-W-00189-20260622,worker-uuid-00189,W-00189,2026-06-22T06:30:00Z,DAY_SHIFT,138,87,82,98,36.6,7.3,0,19,301,False,False,False,False,FIT,SELF_SERVICE_KIOSK,
dcu-W-00189-20260623,worker-uuid-00189,W-00189,2026-06-23T06:30:00Z,DAY_SHIFT,128,73,86,98,36.4,6.5,0,12,259,False,False,False,False,FIT,PARAMEDIC_ASSISTED,user-paramedic-01
dcu-W-00189-20260624,worker-uuid-00189,W-00189,2026-06-24T06:30:00Z,DAY_SHIFT,119,77,88,97,35.9,7.7,2,15,268,False,False,False,False,FIT,SELF_SERVICE_KIOSK,
dcu-W-00189-20260625,worker-uuid-00189,W-00189,2026-06-25T06:30:00Z,DAY_SHIFT,137,84,87,98,36.3,6.9,0,8,243,False,False,False,False,FIT,SELF_SERVICE_KIOSK,
dcu-W-00189-20260626,worker-uuid-00189,W-00189,2026-06-26T06:30:00Z,DAY_SHIFT,138,86,83,98,36.8,6.5,0,13,235,False,False,False,False,FIT,SELF_SERVICE_KIOSK,
dcu-W-00189-20260627,worker-uuid-00189,W-00189,2026-06-27T06:30:00Z,DAY_SHIFT,132,85,85,97,36.8,8.3,1,12,218,False,False,False,False,FIT,SELF_SERVICE_KIOSK,
dcu-W-00189-20260629,worker-uuid-00189,W-00189,2026-06-29T06:30:00Z,DAY_SHIFT,134,85,86,98,36.5,6.6,0,17,210,False,False,False,False,FIT,PARAMEDIC_ASSISTED,user-paramedic-01
dcu-W-00189-20260630,worker-uuid-00189,W-00189,2026-06-30T06:30:00Z,DAY_SHIFT,134,87,82,96,36.5,6.6,1,17,225,False,False,False,False,FIT,SELF_SERVICE_KIOSK,
dcu-W-00189-20260701,worker-uuid-00189,W-00189,2026-07-01T06:30:00Z,DAY_SHIFT,132,93,78,99,36.7,7.2,1,7,206,False,False,False,False,FIT,PARAMEDIC_ASSISTED,user-paramedic-01
dcu-W-00189-20260702,worker-uuid-00189,W-00189,2026-07-02T06:30:00Z,DAY_SHIFT,141,95,86,97,36.2,6.4,0,19,248,False,False,False,False,RESTRICTED,SELF_SERVICE_KIOSK,
dcu-W-00189-20260704,worker-uuid-00189,W-00189,2026-07-04T06:30:00Z,DAY_SHIFT,142,85,89,98,36.1,7.9,1,19,200,False,False,False,False,FIT,PARAMEDIC_ASSISTED,user-paramedic-01
dcu-W-00189-20260705,worker-uuid-00189,W-00189,2026-07-05T06:30:00Z,DAY_SHIFT,123,76,92,99,36.3,8.3,1,15,291,False,False,False,False,FIT,PARAMEDIC_ASSISTED,user-paramedic-01
dcu-W-00189-20260706,worker-uuid-00189,W-00189,2026-07-06T06:30:00Z,DAY_SHIFT,135,89,87,97,36.9,7.0,1,19,217,False,False,False,False,FIT,SELF_SERVICE_KIOSK,
dcu-W-00189-20260707,worker-uuid-00189,W-00189,2026-07-07T06:30:00Z,DAY_SHIFT,138,89,83,97,36.5,7.3,1,13,254,False,False,False,False,FIT,SELF_SERVICE_KIOSK,
dcu-W-00189-20260708,worker-uuid-00189,W-00189,2026-07-08T06:30:00Z,DAY_SHIFT,130,80,80,99,36.3,7.9,0,11,239,False,False,False,False,FIT,SELF_SERVICE_KIOSK,
dcu-W-00189-20260709,worker-uuid-00189,W-00189,2026-07-09T06:30:00Z,DAY_SHIFT,140,84,88,97,36.4,6.9,2,9,228,False,False,False,False,FIT,PARAMEDIC_ASSISTED,user-paramedic-01
dcu-W-00189-20260710,worker-uuid-00189,W-00189,2026-07-10T06:30:00Z,DAY_SHIFT,127,75,89,96,36.0,6.4,1,13,255,False,False,False,False,FIT,SELF_SERVICE_KIOSK,
dcu-W-00189-20260711,worker-uuid-00189,W-00189,2026-07-11T06:30:00Z,DAY_SHIFT,133,80,82,96,36.8,7.1,2,14,236,False,False,False,False,FIT,PARAMEDIC_ASSISTED,user-paramedic-01
dcu-W-00189-20260713,worker-uuid-00189,W-00189,2026-07-13T06:30:00Z,DAY_SHIFT,126,84,85,96,36.6,8.5,0,15,225,False,False,False,False,FIT,PARAMEDIC_ASSISTED,user-paramedic-01
dcu-W-00189-20260718,worker-uuid-00189,W-00189,2026-07-18T06:30:00Z,DAY_SHIFT,137,82,89,98,36.7,6.4,2,15,219,False,False,False,False,FIT,SELF_SERVICE_KIOSK,
dcu-W-00189-20260719,worker-uuid-00189,W-00189,2026-07-19T06:30:00Z,DAY_SHIFT,139,92,86,96,36.6,8.5,1,18,264,False,False,False,False,FIT,SELF_SERVICE_KIOSK,
dcu-W-00189-20260720,worker-uuid-00189,W-00189,2026-07-20T06:30:00Z,DAY_SHIFT,133,75,88,97,36.5,7.0,2,12,214,False,False,False,False,FIT,SELF_SERVICE_KIOSK,
dcu-W-00189-20260721,worker-uuid-00189,W-00189,2026-07-21T06:30:00Z,DAY_SHIFT,134,79,83,97,36.6,6.6,2,12,257,False,False,False,False,FIT,SELF_SERVICE_KIOSK,
dcu-W-00189-20260722,worker-uuid-00189,W-00189,2026-07-22T06:30:00Z,DAY_SHIFT,135,87,84,96,36.7,5.5,1,6,253,False,False,False,False,FIT,SELF_SERVICE_KIOSK,
dcu-W-00189-20260723,worker-uuid-00189,W-00189,2026-07-23T06:30:00Z,DAY_SHIFT,128,84,86,99,36.4,7.7,0,6,200,False,False,False,False,FIT,PARAMEDIC_ASSISTED,user-paramedic-01
dcu-W-00189-20260724,worker-uuid-00189,W-00189,2026-07-24T06:30:00Z,DAY_SHIFT,139,91,79,97,36.8,7.4,2,12,256,False,False,False,False,FIT,PARAMEDIC_ASSISTED,user-paramedic-01
dcu-W-00189-20260725,worker-uuid-00189,W-00189,2026-07-25T06:30:00Z,DAY_SHIFT,139,83,82,98,36.6,7.4,0,6,224,False,False,False,False,FIT,SELF_SERVICE_KIOSK,
dcu-W-00189-20260726,worker-uuid-00189,W-00189,2026-07-26T06:30:00Z,DAY_SHIFT,134,87,77,97,36.7,6.4,2,6,210,False,False,False,False,FIT,SELF_SERVICE_KIOSK,
dcu-W-00189-20260727,worker-uuid-00189,W-00189,2026-07-27T06:30:00Z,DAY_SHIFT,136,88,88,98,36.7,7.3,1,20,219,False,False,False,False,FIT,SELF_SERVICE_KIOSK,
dcu-W-00189-20260728,worker-uuid-00189,W-00189,2026-07-28T06:30:00Z,DAY_SHIFT,131,77,87,96,37.2,5.7,2,8,240,False,False,False,False,FIT,PARAMEDIC_ASSISTED,user-paramedic-01
dcu-W-00189-20260730,worker-uuid-00189,W-00189,2026-07-30T06:30:00Z,DAY_SHIFT,142,83,93,99,36.4,7.4,2,7,209,False,False,False,False,FIT,PARAMEDIC_ASSISTED,user-paramedic-01
dcu-W-00189-20260731,worker-uuid-00189,W-00189,2026-07-31T06:30:00Z,DAY_SHIFT,139,83,79,98,36.6,7.3,0,10,209,False,False,False,False,FIT,SELF_SERVICE_KIOSK,
dcu-W-00189-20260801,worker-uuid-00189,W-00189,2026-08-01T06:30:00Z,DAY_SHIFT,136,81,92,97,36.3,7.7,0,6,218,False,False,False,False,FIT,PARAMEDIC_ASSISTED,user-paramedic-01
dcu-W-00189-20260802,worker-uuid-00189,W-00189,2026-08-02T06:30:00Z,DAY_SHIFT,125,73,89,98,36.3,8.0,0,18,250,False,False,False,False,FIT,SELF_SERVICE_KIOSK,
dcu-W-00189-20260803,worker-uuid-00189,W-00189,2026-08-03T06:30:00Z,DAY_SHIFT,134,81,80,99,36.7,6.9,0,14,216,False,False,False,False,FIT,SELF_SERVICE_KIOSK,
dcu-W-00189-20260804,worker-uuid-00189,W-00189,2026-08-04T06:30:00Z,DAY_SHIFT,130,83,79,97,36.2,8.3,1,18,260,False,False,False,False,FIT,SELF_SERVICE_KIOSK,
dcu-W-00189-20260806,worker-uuid-00189,W-00189,2026-08-06T06:30:00Z,DAY_SHIFT,133,76,92,98,36.5,7.6,0,17,232,False,False,False,False,FIT,SELF_SERVICE_KIOSK,
dcu-W-00189-20260807,worker-uuid-00189,W-00189,2026-08-07T06:30:00Z,DAY_SHIFT,135,81,77,98,36.4,6.1,1,14,229,False,False,False,False,FIT,SELF_SERVICE_KIOSK,
dcu-W-00189-20260809,worker-uuid-00189,W-00189,2026-08-09T06:30:00Z,DAY_SHIFT,128,83,89,99,36.8,7.5,1,7,221,False,False,False,False,FIT,SELF_SERVICE_KIOSK,
dcu-W-00189-20260810,worker-uuid-00189,W-00189,2026-08-10T06:30:00Z,DAY_SHIFT,137,90,87,97,36.4,5.8,2,20,243,False,False,False,False,FIT,SELF_SERVICE_KIOSK,
dcu-W-00189-20260811,worker-uuid-00189,W-00189,2026-08-11T06:30:00Z,DAY_SHIFT,129,81,87,97,36.5,5.7,0,13,233,False,False,False,False,FIT,SELF_SERVICE_KIOSK,
dcu-W-00189-20260812,worker-uuid-00189,W-00189,2026-08-12T06:30:00Z,DAY_SHIFT,135,85,81,97,36.0,7.3,0,17,239,False,False,False,False,FIT,PARAMEDIC_ASSISTED,user-paramedic-01
dcu-W-00189-20260813,worker-uuid-00189,W-00189,2026-08-13T06:30:00Z,DAY_SHIFT,129,79,89,98,36.1,6.6,1,8,252,False,False,False,False,FIT,PARAMEDIC_ASSISTED,user-paramedic-01
dcu-W-00189-20260814,worker-uuid-00189,W-00189,2026-08-14T06:30:00Z,DAY_SHIFT,134,90,84,97,36.7,6.3,1,13,245,False,False,False,False,FIT,SELF_SERVICE_KIOSK,
dcu-W-00189-20260815,worker-uuid-00189,W-00189,2026-08-15T06:30:00Z,DAY_SHIFT,131,79,82,98,36.7,6.8,0,20,257,False,False,False,False,FIT,PARAMEDIC_ASSISTED,user-paramedic-01
dcu-W-00189-20260817,worker-uuid-00189,W-00189,2026-08-17T06:30:00Z,DAY_SHIFT,138,77,82,97,36.3,6.0,1,13,189,False,False,False,False,FIT,PARAMEDIC_ASSISTED,user-paramedic-01
dcu-W-00189-20260818,worker-uuid-00189,W-00189,2026-08-18T06:30:00Z,DAY_SHIFT,129,85,92,96,36.5,8.2,0,18,227,False,False,False,False,FIT,SELF_SERVICE_KIOSK,
dcu-W-00189-20260819,worker-uuid-00189,W-00189,2026-08-19T06:30:00Z,DAY_SHIFT,132,78,75,98,36.2,7.1,0,9,202,False,False,False,False,FIT,SELF_SERVICE_KIOSK,
dcu-W-00189-20260820,worker-uuid-00189,W-00189,2026-08-20T06:30:00Z,DAY_SHIFT,131,78,94,96,36.9,6.1,1,20,265,False,False,False,False,FIT,SELF_SERVICE_KIOSK,
dcu-W-00189-20260821,worker-uuid-00189,W-00189,2026-08-21T06:30:00Z,DAY_SHIFT,136,84,93,98,36.8,7.8,2,17,265,False,False,False,False,FIT,PARAMEDIC_ASSISTED,user-paramedic-01
dcu-W-00189-20260822,worker-uuid-00189,W-00189,2026-08-22T06:30:00Z,DAY_SHIFT,126,78,84,97,37.0,6.9,0,6,246,False,False,False,False,FIT,SELF_SERVICE_KIOSK,
dcu-W-00189-20260823,worker-uuid-00189,W-00189,2026-08-23T06:30:00Z,DAY_SHIFT,122,71,81,100,36.1,5.4,0,16,261,False,False,False,False,FIT,SELF_SERVICE_KIOSK,
dcu-W-00189-20260824,worker-uuid-00189,W-00189,2026-08-24T06:30:00Z,DAY_SHIFT,138,88,87,99,36.6,8.1,1,15,249,False,False,False,False,FIT,PARAMEDIC_ASSISTED,user-paramedic-01
dcu-W-00189-20260825,worker-uuid-00189,W-00189,2026-08-25T06:30:00Z,DAY_SHIFT,138,86,81,98,36.5,6.8,0,16,293,False,False,False,False,FIT,SELF_SERVICE_KIOSK,
dcu-W-00189-20260826,worker-uuid-00189,W-00189,2026-08-26T06:30:00Z,DAY_SHIFT,128,82,80,99,36.7,5.3,1,7,196,False,False,False,False,FIT,PARAMEDIC_ASSISTED,user-paramedic-01
dcu-W-00189-20260827,worker-uuid-00189,W-00189,2026-08-27T06:30:00Z,DAY_SHIFT,126,83,88,97,36.7,8.5,1,13,298,False,False,False,False,FIT,PARAMEDIC_ASSISTED,user-paramedic-01
dcu-W-00189-20260830,worker-uuid-00189,W-00189,2026-08-30T06:30:00Z,DAY_SHIFT,147,91,83,98,36.8,6.1,2,15,193,False,False,False,False,FIT,PARAMEDIC_ASSISTED,user-paramedic-01
dcu-W-00189-20260831,worker-uuid-00189,W-00189,2026-08-31T06:30:00Z,DAY_SHIFT,133,86,86,98,36.6,9.4,1,19,179,False,False,False,False,FIT,SELF_SERVICE_KIOSK,
dcu-W-00189-20260901,worker-uuid-00189,W-00189,2026-09-01T06:30:00Z,DAY_SHIFT,124,80,83,99,37.1,7.7,1,15,280,False,False,False,False,FIT,SELF_SERVICE_KIOSK,
dcu-W-00189-20260902,worker-uuid-00189,W-00189,2026-09-02T06:30:00Z,DAY_SHIFT,133,81,88,99,37.1,6.7,0,19,236,False,False,False,False,FIT,SELF_SERVICE_KIOSK,
dcu-W-00189-20260903,worker-uuid-00189,W-00189,2026-09-03T06:30:00Z,DAY_SHIFT,140,84,86,96,36.5,6.4,2,17,200,False,False,False,False,FIT,PARAMEDIC_ASSISTED,user-paramedic-01
dcu-W-00189-20260904,worker-uuid-00189,W-00189,2026-09-04T06:30:00Z,DAY_SHIFT,126,81,85,98,36.4,6.2,0,10,245,False,False,False,False,FIT,SELF_SERVICE_KIOSK,
dcu-W-00189-20260905,worker-uuid-00189,W-00189,2026-09-05T06:30:00Z,DAY_SHIFT,132,82,88,98,36.6,8.3,2,6,266,False,False,False,False,FIT,PARAMEDIC_ASSISTED,user-paramedic-01
dcu-W-00189-20260907,worker-uuid-00189,W-00189,2026-09-07T06:30:00Z,DAY_SHIFT,133,88,84,98,36.2,6.4,1,7,252,False,False,False,False,FIT,SELF_SERVICE_KIOSK,
dcu-W-00189-20260908,worker-uuid-00189,W-00189,2026-09-08T06:30:00Z,DAY_SHIFT,128,84,92,97,36.5,7.3,2,17,265,False,False,False,False,FIT,SELF_SERVICE_KIOSK,
dcu-W-00189-20260909,worker-uuid-00189,W-00189,2026-09-09T06:30:00Z,DAY_SHIFT,129,87,84,98,36.3,7.5,0,18,219,False,False,False,False,FIT,SELF_SERVICE_KIOSK,
dcu-W-00189-20260910,worker-uuid-00189,W-00189,2026-09-10T06:30:00Z,DAY_SHIFT,138,90,81,98,36.3,8.3,1,7,306,False,False,False,False,FIT,SELF_SERVICE_KIOSK,
dcu-W-00189-20260911,worker-uuid-00189,W-00189,2026-09-11T06:30:00Z,DAY_SHIFT,147,84,79,98,37.2,7.0,0,14,199,False,False,False,False,FIT,PARAMEDIC_ASSISTED,user-paramedic-01
dcu-W-00189-20260912,worker-uuid-00189,W-00189,2026-09-12T06:30:00Z,DAY_SHIFT,137,85,75,98,36.3,5.7,2,8,261,False,False,False,False,FIT,SELF_SERVICE_KIOSK,
dcu-W-00189-20260913,worker-uuid-00189,W-00189,2026-09-13T06:30:00Z,DAY_SHIFT,128,88,84,98,36.7,8.6,0,20,270,False,False,False,False,FIT,SELF_SERVICE_KIOSK,
dcu-W-00189-20260914,worker-uuid-00189,W-00189,2026-09-14T06:30:00Z,DAY_SHIFT,128,78,87,97,36.7,7.9,1,10,212,False,False,False,False,FIT,SELF_SERVICE_KIOSK,
dcu-W-00189-20260915,worker-uuid-00189,W-00189,2026-09-15T06:30:00Z,DAY_SHIFT,135,90,82,96,36.8,6.9,2,16,247,False,False,False,False,FIT,SELF_SERVICE_KIOSK,
dcu-W-00189-20260917,worker-uuid-00189,W-00189,2026-09-17T06:30:00Z,DAY_SHIFT,139,77,89,98,36.2,5.8,0,13,262,False,False,False,False,FIT,SELF_SERVICE_KIOSK,
dcu-W-00189-20260918,worker-uuid-00189,W-00189,2026-09-18T06:30:00Z,DAY_SHIFT,133,80,95,98,36.1,6.6,1,15,223,False,False,False,False,FIT,SELF_SERVICE_KIOSK,
dcu-W-00189-20260919,worker-uuid-00189,W-00189,2026-09-19T06:30:00Z,DAY_SHIFT,130,72,88,99,36.5,7.9,0,12,231,False,False,False,False,FIT,PARAMEDIC_ASSISTED,user-paramedic-01
dcu-W-00189-20260920,worker-uuid-00189,W-00189,2026-09-20T06:30:00Z,DAY_SHIFT,142,84,82,97,36.2,7.1,0,8,254,False,False,False,False,FIT,PARAMEDIC_ASSISTED,user-paramedic-01
dcu-W-00189-20260921,worker-uuid-00189,W-00189,2026-09-21T06:30:00Z,DAY_SHIFT,126,75,83,98,36.7,7.4,2,12,243,False,False,False,False,FIT,SELF_SERVICE_KIOSK,
dcu-W-00189-20260922,worker-uuid-00189,W-00189,2026-09-22T06:30:00Z,DAY_SHIFT,141,89,85,97,37.2,6.5,1,7,229,False,False,False,False,FIT,SELF_SERVICE_KIOSK,
dcu-W-00189-20260923,worker-uuid-00189,W-00189,2026-09-23T06:30:00Z,DAY_SHIFT,131,83,84,97,36.7,6.7,1,12,207,False,False,False,False,FIT,PARAMEDIC_ASSISTED,user-paramedic-01
dcu-W-00189-20260924,worker-uuid-00189,W-00189,2026-09-24T06:30:00Z,DAY_SHIFT,135,81,84,98,36.5,7.1,1,16,232,False,False,False,False,FIT,SELF_SERVICE_KIOSK,
dcu-W-00189-20260926,worker-uuid-00189,W-00189,2026-09-26T06:30:00Z,DAY_SHIFT,140,96,91,98,36.4,7.7,1,16,223,False,False,False,False,RESTRICTED,SELF_SERVICE_KIOSK,
dcu-W-00189-20260927,worker-uuid-00189,W-00189,2026-09-27T06:30:00Z,DAY_SHIFT,136,86,85,98,36.4,7.5,1,17,225,False,False,False,False,FIT,SELF_SERVICE_KIOSK,
dcu-W-00189-20260928,worker-uuid-00189,W-00189,2026-09-28T06:30:00Z,DAY_SHIFT,133,90,77,97,36.1,8.3,1,6,260,False,False,False,False,FIT,SELF_SERVICE_KIOSK,
dcu-W-00189-20260929,worker-uuid-00189,W-00189,2026-09-29T06:30:00Z,DAY_SHIFT,135,79,81,96,36.5,7.3,2,15,240,False,False,False,False,FIT,PARAMEDIC_ASSISTED,user-paramedic-01
dcu-W-00189-20260930,worker-uuid-00189,W-00189,2026-09-30T06:30:00Z,DAY_SHIFT,133,88,80,100,36.4,7.1,2,20,236,False,False,False,False,FIT,SELF_SERVICE_KIOSK,
dcu-W-00189-20261001,worker-uuid-00189,W-00189,2026-10-01T06:30:00Z,DAY_SHIFT,139,88,76,96,36.5,6.8,2,7,227,False,False,False,False,FIT,SELF_SERVICE_KIOSK,
dcu-W-00189-20261002,worker-uuid-00189,W-00189,2026-10-02T06:30:00Z,DAY_SHIFT,120,77,88,98,36.2,5.9,1,11,222,False,False,False,False,FIT,SELF_SERVICE_KIOSK,
dcu-W-00189-20261003,worker-uuid-00189,W-00189,2026-10-03T06:30:00Z,DAY_SHIFT,132,83,84,98,36.5,6.8,2,20,248,False,False,False,False,FIT,SELF_SERVICE_KIOSK,
dcu-W-00189-20261004,worker-uuid-00189,W-00189,2026-10-04T06:30:00Z,DAY_SHIFT,134,84,83,98,36.6,6.5,0,20,224,False,False,False,False,FIT,SELF_SERVICE_KIOSK,
dcu-W-00189-20261005,worker-uuid-00189,W-00189,2026-10-05T06:30:00Z,DAY_SHIFT,131,83,87,97,36.5,7.0,2,18,281,False,False,False,False,FIT,SELF_SERVICE_KIOSK,
dcu-W-00189-20261006,worker-uuid-00189,W-00189,2026-10-06T06:30:00Z,DAY_SHIFT,133,85,79,96,36.5,5.4,0,18,248,False,False,False,False,FIT,SELF_SERVICE_KIOSK,
dcu-W-00189-20261007,worker-uuid-00189,W-00189,2026-10-07T06:30:00Z,DAY_SHIFT,128,77,83,96,36.5,6.5,0,17,265,False,False,False,False,FIT,PARAMEDIC_ASSISTED,user-paramedic-01
dcu-W-00189-20261008,worker-uuid-00189,W-00189,2026-10-08T06:30:00Z,DAY_SHIFT,140,89,82,99,36.7,8.6,2,8,268,False,False,False,False,FIT,SELF_SERVICE_KIOSK,
dcu-W-00189-20261009,worker-uuid-00189,W-00189,2026-10-09T06:30:00Z,DAY_SHIFT,137,86,85,98,36.3,8.1,2,7,249,False,False,False,False,FIT,SELF_SERVICE_KIOSK,
dcu-W-00189-20261011,worker-uuid-00189,W-00189,2026-10-11T06:30:00Z,DAY_SHIFT,130,77,84,99,36.4,7.7,2,14,232,False,False,False,False,FIT,SELF_SERVICE_KIOSK,
dcu-W-00189-20261012,worker-uuid-00189,W-00189,2026-10-12T06:30:00Z,DAY_SHIFT,132,87,88,98,36.0,6.9,2,20,206,False,False,False,False,FIT,SELF_SERVICE_KIOSK,
dcu-W-00189-20261014,worker-uuid-00189,W-00189,2026-10-14T06:30:00Z,DAY_SHIFT,120,74,85,98,36.3,6.9,2,18,237,False,False,False,False,FIT,PARAMEDIC_ASSISTED,user-paramedic-01
dcu-W-00189-20261017,worker-uuid-00189,W-00189,2026-10-17T06:30:00Z,DAY_SHIFT,130,84,90,98,36.1,7.7,1,14,272,False,False,False,False,FIT,PARAMEDIC_ASSISTED,user-paramedic-01
dcu-W-00189-20261018,worker-uuid-00189,W-00189,2026-10-18T06:30:00Z,DAY_SHIFT,125,71,84,97,36.1,6.4,1,12,237,False,False,False,False,FIT,SELF_SERVICE_KIOSK,
dcu-W-00189-20261021,worker-uuid-00189,W-00189,2026-10-21T06:30:00Z,DAY_SHIFT,132,85,91,98,36.6,6.6,1,18,245,False,False,False,False,FIT,SELF_SERVICE_KIOSK,
dcu-W-00189-20261022,worker-uuid-00189,W-00189,2026-10-22T06:30:00Z,DAY_SHIFT,132,80,93,98,36.8,7.2,0,11,223,False,False,False,False,FIT,SELF_SERVICE_KIOSK,
dcu-W-00189-20261023,worker-uuid-00189,W-00189,2026-10-23T06:30:00Z,DAY_SHIFT,127,89,90,99,36.3,5.8,2,10,219,False,False,False,False,FIT,SELF_SERVICE_KIOSK,
dcu-W-00189-20261024,worker-uuid-00189,W-00189,2026-10-24T06:30:00Z,DAY_SHIFT,129,82,81,97,36.3,6.2,1,18,211,False,False,False,False,FIT,PARAMEDIC_ASSISTED,user-paramedic-01
dcu-W-00189-20261025,worker-uuid-00189,W-00189,2026-10-25T06:30:00Z,DAY_SHIFT,154,96,79,97,37.0,8.1,1,10,257,False,False,True,False,RESTRICTED,SELF_SERVICE_KIOSK,
dcu-W-00189-20261026,worker-uuid-00189,W-00189,2026-10-26T06:30:00Z,DAY_SHIFT,127,84,86,97,36.7,8.5,2,16,225,False,False,False,False,FIT,PARAMEDIC_ASSISTED,user-paramedic-01
dcu-W-00189-20261027,worker-uuid-00189,W-00189,2026-10-27T06:30:00Z,DAY_SHIFT,137,89,85,98,36.3,6.1,0,18,222,False,False,False,False,FIT,PARAMEDIC_ASSISTED,user-paramedic-01
dcu-W-00189-20261028,worker-uuid-00189,W-00189,2026-10-28T06:30:00Z,DAY_SHIFT,134,84,83,97,36.4,5.8,0,15,206,False,False,False,False,FIT,PARAMEDIC_ASSISTED,user-paramedic-01
dcu-W-00189-20261030,worker-uuid-00189,W-00189,2026-10-30T06:30:00Z,DAY_SHIFT,130,78,83,98,36.2,7.2,2,18,294,False,False,False,False,FIT,SELF_SERVICE_KIOSK,
dcu-W-00189-20261031,worker-uuid-00189,W-00189,2026-10-31T06:30:00Z,DAY_SHIFT,133,82,87,97,36.3,6.2,2,6,213,False,False,False,False,FIT,SELF_SERVICE_KIOSK,
dcu-W-00189-20261102,worker-uuid-00189,W-00189,2026-11-02T06:30:00Z,DAY_SHIFT,138,79,84,97,36.3,7.5,1,15,234,False,False,False,False,FIT,SELF_SERVICE_KIOSK,
dcu-W-00189-20261105,worker-uuid-00189,W-00189,2026-11-05T06:30:00Z,DAY_SHIFT,131,80,86,97,36.7,8.2,2,14,260,False,False,False,False,FIT,SELF_SERVICE_KIOSK,
dcu-W-00189-20261106,worker-uuid-00189,W-00189,2026-11-06T06:30:00Z,DAY_SHIFT,138,81,88,97,36.8,6.1,2,7,175,False,False,False,False,FIT,SELF_SERVICE_KIOSK,
dcu-W-00189-20261107,worker-uuid-00189,W-00189,2026-11-07T06:30:00Z,DAY_SHIFT,132,81,81,98,36.6,7.3,0,11,232,False,False,False,False,FIT,SELF_SERVICE_KIOSK,
dcu-W-00189-20261108,worker-uuid-00189,W-00189,2026-11-08T06:30:00Z,DAY_SHIFT,122,77,90,98,36.2,7.8,2,18,281,False,False,False,False,FIT,SELF_SERVICE_KIOSK,
dcu-W-00189-20261111,worker-uuid-00189,W-00189,2026-11-11T06:30:00Z,DAY_SHIFT,142,83,86,96,36.6,7.5,0,9,281,False,False,False,False,FIT,SELF_SERVICE_KIOSK,
dcu-W-00189-20261112,worker-uuid-00189,W-00189,2026-11-12T06:30:00Z,DAY_SHIFT,128,86,88,99,36.7,6.7,1,17,254,False,False,False,False,FIT,SELF_SERVICE_KIOSK,
dcu-W-00189-20261113,worker-uuid-00189,W-00189,2026-11-13T06:30:00Z,DAY_SHIFT,144,90,86,98,36.6,7.9,2,9,228,False,False,False,False,FIT,SELF_SERVICE_KIOSK,
dcu-W-00189-20261115,worker-uuid-00189,W-00189,2026-11-15T06:30:00Z,DAY_SHIFT,130,85,85,98,36.2,7.1,2,15,239,False,False,False,False,FIT,SELF_SERVICE_KIOSK,
dcu-W-00189-20261116,worker-uuid-00189,W-00189,2026-11-16T06:30:00Z,DAY_SHIFT,129,80,85,99,36.1,6.8,0,17,307,False,False,False,False,FIT,SELF_SERVICE_KIOSK,
dcu-W-00189-20261117,worker-uuid-00189,W-00189,2026-11-17T06:30:00Z,DAY_SHIFT,135,86,91,99,36.5,6.3,2,18,189,False,False,False,False,FIT,SELF_SERVICE_KIOSK,
dcu-W-00189-20261118,worker-uuid-00189,W-00189,2026-11-18T06:30:00Z,DAY_SHIFT,143,89,86,100,36.8,8.1,1,6,243,False,False,False,False,FIT,SELF_SERVICE_KIOSK,
dcu-W-00189-20261119,worker-uuid-00189,W-00189,2026-11-19T06:30:00Z,DAY_SHIFT,145,88,83,99,36.0,6.6,1,8,215,False,False,False,False,FIT,SELF_SERVICE_KIOSK,
dcu-W-00189-20261120,worker-uuid-00189,W-00189,2026-11-20T06:30:00Z,DAY_SHIFT,136,80,87,97,36.6,6.8,2,12,224,False,False,False,False,FIT,SELF_SERVICE_KIOSK,
dcu-W-00189-20261121,worker-uuid-00189,W-00189,2026-11-21T06:30:00Z,DAY_SHIFT,128,84,82,100,36.8,7.8,1,15,240,False,False,False,False,FIT,SELF_SERVICE_KIOSK,
dcu-W-00189-20261122,worker-uuid-00189,W-00189,2026-11-22T06:30:00Z,DAY_SHIFT,122,80,83,97,36.9,7.1,0,13,231,False,False,False,False,FIT,SELF_SERVICE_KIOSK,
dcu-W-00189-20261123,worker-uuid-00189,W-00189,2026-11-23T06:30:00Z,DAY_SHIFT,143,93,93,98,37.3,7.6,2,8,230,False,False,False,False,FIT,SELF_SERVICE_KIOSK,
dcu-W-00189-20261124,worker-uuid-00189,W-00189,2026-11-24T06:30:00Z,DAY_SHIFT,134,92,82,100,36.6,7.0,1,6,243,False,False,False,False,FIT,PARAMEDIC_ASSISTED,user-paramedic-01
dcu-W-00189-20261125,worker-uuid-00189,W-00189,2026-11-25T06:30:00Z,DAY_SHIFT,136,80,86,100,36.2,7.5,0,18,225,False,False,False,False,FIT,SELF_SERVICE_KIOSK,
dcu-W-00189-20261126,worker-uuid-00189,W-00189,2026-11-26T06:30:00Z,DAY_SHIFT,135,85,82,96,36.9,8.9,2,16,254,False,False,False,False,FIT,SELF_SERVICE_KIOSK,
dcu-W-00189-20261127,worker-uuid-00189,W-00189,2026-11-27T06:30:00Z,DAY_SHIFT,132,75,83,98,36.2,5.6,1,12,235,False,False,False,False,FIT,SELF_SERVICE_KIOSK,
dcu-W-00189-20261128,worker-uuid-00189,W-00189,2026-11-28T06:30:00Z,DAY_SHIFT,134,83,86,97,36.6,6.7,0,16,195,False,False,False,False,FIT,SELF_SERVICE_KIOSK,
dcu-W-00189-20261129,worker-uuid-00189,W-00189,2026-11-29T06:30:00Z,DAY_SHIFT,132,85,85,96,36.9,6.3,1,16,249,False,False,False,False,FIT,SELF_SERVICE_KIOSK,
dcu-W-00189-20261201,worker-uuid-00189,W-00189,2026-12-01T06:30:00Z,DAY_SHIFT,135,89,84,99,36.5,5.4,1,12,204,False,False,False,False,FIT,PARAMEDIC_ASSISTED,user-paramedic-01
dcu-W-00189-20261202,worker-uuid-00189,W-00189,2026-12-02T06:30:00Z,DAY_SHIFT,130,78,87,98,36.6,5.4,2,15,247,False,False,False,False,FIT,PARAMEDIC_ASSISTED,user-paramedic-01
dcu-W-00189-20261203,worker-uuid-00189,W-00189,2026-12-03T06:30:00Z,DAY_SHIFT,133,77,85,98,35.4,9.4,2,6,235,False,False,False,False,FIT,PARAMEDIC_ASSISTED,user-paramedic-01
dcu-W-00189-20261205,worker-uuid-00189,W-00189,2026-12-05T06:30:00Z,DAY_SHIFT,140,88,88,95,36.7,7.7,1,11,266,False,False,False,False,FIT,SELF_SERVICE_KIOSK,
dcu-W-00189-20261206,worker-uuid-00189,W-00189,2026-12-06T06:30:00Z,DAY_SHIFT,135,84,77,99,36.1,7.9,1,10,219,False,False,False,False,FIT,PARAMEDIC_ASSISTED,user-paramedic-01
dcu-W-00189-20261208,worker-uuid-00189,W-00189,2026-12-08T06:30:00Z,DAY_SHIFT,137,88,87,96,36.6,6.1,2,19,255,False,False,False,False,FIT,PARAMEDIC_ASSISTED,user-paramedic-01
dcu-W-00189-20261209,worker-uuid-00189,W-00189,2026-12-09T06:30:00Z,DAY_SHIFT,126,88,82,97,36.9,8.2,0,6,243,False,False,False,False,FIT,SELF_SERVICE_KIOSK,
dcu-W-00189-20261210,worker-uuid-00189,W-00189,2026-12-10T06:30:00Z,DAY_SHIFT,130,84,77,98,36.9,8.0,1,16,242,False,False,False,False,FIT,SELF_SERVICE_KIOSK,
dcu-W-00189-20261212,worker-uuid-00189,W-00189,2026-12-12T06:30:00Z,DAY_SHIFT,129,81,83,96,36.9,5.6,0,6,242,False,False,False,False,FIT,PARAMEDIC_ASSISTED,user-paramedic-01
dcu-W-00189-20261213,worker-uuid-00189,W-00189,2026-12-13T06:30:00Z,DAY_SHIFT,139,84,84,95,36.4,6.1,0,13,204,False,False,False,False,FIT,SELF_SERVICE_KIOSK,
dcu-W-00189-20261214,worker-uuid-00189,W-00189,2026-12-14T06:30:00Z,DAY_SHIFT,132,77,80,98,36.7,7.1,0,17,245,False,False,False,False,FIT,SELF_SERVICE_KIOSK,
dcu-W-00189-20261215,worker-uuid-00189,W-00189,2026-12-15T06:30:00Z,DAY_SHIFT,133,86,91,99,36.1,6.9,1,20,293,False,False,False,False,FIT,SELF_SERVICE_KIOSK,
dcu-W-00189-20261216,worker-uuid-00189,W-00189,2026-12-16T06:30:00Z,DAY_SHIFT,139,86,91,100,36.6,6.2,1,12,227,False,False,False,False,FIT,SELF_SERVICE_KIOSK,
dcu-W-00189-20261217,worker-uuid-00189,W-00189,2026-12-17T06:30:00Z,DAY_SHIFT,129,79,90,97,36.9,5.9,0,10,211,False,False,False,False,FIT,SELF_SERVICE_KIOSK,
dcu-W-00189-20261218,worker-uuid-00189,W-00189,2026-12-18T06:30:00Z,DAY_SHIFT,133,80,80,97,36.9,5.6,0,19,226,False,False,False,False,FIT,SELF_SERVICE_KIOSK,
dcu-W-00189-20261219,worker-uuid-00189,W-00189,2026-12-19T06:30:00Z,DAY_SHIFT,127,74,85,99,37.0,7.8,2,14,238,False,False,False,False,FIT,SELF_SERVICE_KIOSK,
dcu-W-00189-20261220,worker-uuid-00189,W-00189,2026-12-20T06:30:00Z,DAY_SHIFT,134,86,86,98,36.4,5.4,0,13,222,False,False,False,False,FIT,PARAMEDIC_ASSISTED,user-paramedic-01
dcu-W-00189-20261221,worker-uuid-00189,W-00189,2026-12-21T06:30:00Z,DAY_SHIFT,129,79,80,97,36.8,7.4,2,11,315,False,False,False,False,FIT,SELF_SERVICE_KIOSK,
dcu-W-00189-20261222,worker-uuid-00189,W-00189,2026-12-22T06:30:00Z,DAY_SHIFT,128,82,78,97,36.4,6.2,0,15,273,False,False,False,False,FIT,PARAMEDIC_ASSISTED,user-paramedic-01
dcu-W-00189-20261223,worker-uuid-00189,W-00189,2026-12-23T06:30:00Z,DAY_SHIFT,138,93,79,98,36.3,6.4,2,15,175,False,False,False,False,FIT,SELF_SERVICE_KIOSK,
dcu-W-00189-20261224,worker-uuid-00189,W-00189,2026-12-24T06:30:00Z,DAY_SHIFT,142,87,83,98,35.8,6.4,1,6,217,False,False,False,False,FIT,PARAMEDIC_ASSISTED,user-paramedic-01
dcu-W-00189-20261228,worker-uuid-00189,W-00189,2026-12-28T06:30:00Z,DAY_SHIFT,136,83,90,98,36.0,7.2,1,19,258,False,False,False,False,FIT,SELF_SERVICE_KIOSK,
dcu-W-00189-20261229,worker-uuid-00189,W-00189,2026-12-29T06:30:00Z,DAY_SHIFT,122,83,87,98,36.7,6.0,1,17,229,False,False,False,False,FIT,SELF_SERVICE_KIOSK,
dcu-W-00189-20261231,worker-uuid-00189,W-00189,2026-12-31T06:30:00Z,DAY_SHIFT,139,91,93,96,36.5,4.7,1,19,266,False,False,False,False,FIT,SELF_SERVICE_KIOSK,
dcu-W-00190-20260102,worker-uuid-00190,W-00190,2026-01-02T06:30:00Z,DAY_SHIFT,162,101,87,98,36.4,7.0,0,15,247,False,False,False,False,RESTRICTED,PARAMEDIC_ASSISTED,user-paramedic-01
dcu-W-00190-20260103,worker-uuid-00190,W-00190,2026-01-03T06:30:00Z,DAY_SHIFT,164,96,83,98,36.2,8.0,2,10,225,False,False,True,False,RESTRICTED,SELF_SERVICE_KIOSK,
dcu-W-00190-20260104,worker-uuid-00190,W-00190,2026-01-04T06:30:00Z,DAY_SHIFT,158,91,80,98,36.3,8.0,2,14,203,False,False,False,False,RESTRICTED,SELF_SERVICE_KIOSK,
dcu-W-00190-20260105,worker-uuid-00190,W-00190,2026-01-05T06:30:00Z,DAY_SHIFT,166,104,86,99,36.6,8.0,2,10,205,True,False,True,False,UNFIT,SELF_SERVICE_KIOSK,
dcu-W-00190-20260106,worker-uuid-00190,W-00190,2026-01-06T06:30:00Z,DAY_SHIFT,170,106,85,98,37.0,7.4,1,18,205,False,False,True,False,RESTRICTED,SELF_SERVICE_KIOSK,
dcu-W-00190-20260107,worker-uuid-00190,W-00190,2026-01-07T06:30:00Z,DAY_SHIFT,168,106,93,97,36.8,6.4,2,19,275,False,False,False,False,RESTRICTED,SELF_SERVICE_KIOSK,
dcu-W-00190-20260111,worker-uuid-00190,W-00190,2026-01-11T06:30:00Z,DAY_SHIFT,169,101,84,96,36.7,7.8,2,19,244,False,False,True,False,UNFIT,PARAMEDIC_ASSISTED,user-paramedic-01
dcu-W-00190-20260112,worker-uuid-00190,W-00190,2026-01-12T06:30:00Z,DAY_SHIFT,160,93,82,97,35.8,6.6,1,13,235,False,False,False,False,RESTRICTED,SELF_SERVICE_KIOSK,
dcu-W-00190-20260113,worker-uuid-00190,W-00190,2026-01-13T06:30:00Z,DAY_SHIFT,177,112,92,99,36.5,5.8,2,16,166,False,False,False,False,RESTRICTED,SELF_SERVICE_KIOSK,
dcu-W-00190-20260114,worker-uuid-00190,W-00190,2026-01-14T06:30:00Z,DAY_SHIFT,164,104,74,98,36.9,7.3,2,13,257,False,False,True,False,RESTRICTED,SELF_SERVICE_KIOSK,
dcu-W-00190-20260115,worker-uuid-00190,W-00190,2026-01-15T06:30:00Z,DAY_SHIFT,178,108,84,97,36.1,5.4,0,16,252,False,False,True,False,RESTRICTED,SELF_SERVICE_KIOSK,
dcu-W-00190-20260116,worker-uuid-00190,W-00190,2026-01-16T06:30:00Z,DAY_SHIFT,161,103,85,100,36.6,5.8,1,9,208,False,False,False,False,RESTRICTED,SELF_SERVICE_KIOSK,
dcu-W-00190-20260119,worker-uuid-00190,W-00190,2026-01-19T06:30:00Z,DAY_SHIFT,168,110,91,96,37.0,8.5,0,19,273,False,False,False,False,RESTRICTED,PARAMEDIC_ASSISTED,user-paramedic-01
dcu-W-00190-20260120,worker-uuid-00190,W-00190,2026-01-20T06:30:00Z,DAY_SHIFT,178,112,90,99,36.8,6.8,2,19,234,False,False,True,False,RESTRICTED,SELF_SERVICE_KIOSK,
dcu-W-00190-20260121,worker-uuid-00190,W-00190,2026-01-21T06:30:00Z,DAY_SHIFT,165,103,88,99,37.2,5.3,1,9,281,False,False,False,False,RESTRICTED,PARAMEDIC_ASSISTED,user-paramedic-01
dcu-W-00190-20260122,worker-uuid-00190,W-00190,2026-01-22T06:30:00Z,DAY_SHIFT,159,99,80,98,36.5,8.3,1,8,236,False,False,False,False,RESTRICTED,SELF_SERVICE_KIOSK,
dcu-W-00190-20260123,worker-uuid-00190,W-00190,2026-01-23T06:30:00Z,DAY_SHIFT,166,106,92,99,35.6,6.5,1,8,234,False,False,False,False,RESTRICTED,SELF_SERVICE_KIOSK,
dcu-W-00190-20260124,worker-uuid-00190,W-00190,2026-01-24T06:30:00Z,DAY_SHIFT,172,108,83,99,36.4,6.2,2,13,270,False,False,False,False,RESTRICTED,SELF_SERVICE_KIOSK,
dcu-W-00190-20260125,worker-uuid-00190,W-00190,2026-01-25T06:30:00Z,DAY_SHIFT,157,95,94,98,36.4,6.3,1,18,231,False,False,False,False,RESTRICTED,PARAMEDIC_ASSISTED,user-paramedic-01
dcu-W-00190-20260126,worker-uuid-00190,W-00190,2026-01-26T06:30:00Z,DAY_SHIFT,168,103,87,98,36.1,7.6,2,11,218,False,False,False,False,RESTRICTED,PARAMEDIC_ASSISTED,user-paramedic-01
dcu-W-00190-20260128,worker-uuid-00190,W-00190,2026-01-28T06:30:00Z,DAY_SHIFT,157,98,83,98,36.0,5.9,1,11,231,False,False,False,False,RESTRICTED,SELF_SERVICE_KIOSK,
dcu-W-00190-20260129,worker-uuid-00190,W-00190,2026-01-29T06:30:00Z,DAY_SHIFT,165,97,92,99,36.6,6.4,1,11,310,False,False,False,False,RESTRICTED,PARAMEDIC_ASSISTED,user-paramedic-01
dcu-W-00190-20260130,worker-uuid-00190,W-00190,2026-01-30T06:30:00Z,DAY_SHIFT,163,108,96,98,37.0,7.4,2,10,220,False,False,False,False,RESTRICTED,SELF_SERVICE_KIOSK,
dcu-W-00190-20260131,worker-uuid-00190,W-00190,2026-01-31T06:30:00Z,DAY_SHIFT,164,98,85,97,36.4,7.1,1,11,226,False,False,False,False,RESTRICTED,SELF_SERVICE_KIOSK,
dcu-W-00190-20260201,worker-uuid-00190,W-00190,2026-02-01T06:30:00Z,DAY_SHIFT,166,101,87,97,36.6,8.5,2,11,223,False,False,False,False,RESTRICTED,SELF_SERVICE_KIOSK,
dcu-W-00190-20260202,worker-uuid-00190,W-00190,2026-02-02T06:30:00Z,DAY_SHIFT,166,103,93,98,36.9,7.8,2,18,223,False,False,False,False,RESTRICTED,PARAMEDIC_ASSISTED,user-paramedic-01
dcu-W-00190-20260203,worker-uuid-00190,W-00190,2026-02-03T06:30:00Z,DAY_SHIFT,159,98,77,97,36.5,6.7,0,6,185,False,False,False,False,RESTRICTED,SELF_SERVICE_KIOSK,
dcu-W-00190-20260204,worker-uuid-00190,W-00190,2026-02-04T06:30:00Z,DAY_SHIFT,175,108,79,99,36.5,6.0,0,11,241,False,False,False,False,RESTRICTED,SELF_SERVICE_KIOSK,
dcu-W-00190-20260205,worker-uuid-00190,W-00190,2026-02-05T06:30:00Z,DAY_SHIFT,163,96,85,98,36.2,6.2,1,15,246,False,False,True,False,RESTRICTED,SELF_SERVICE_KIOSK,
dcu-W-00190-20260206,worker-uuid-00190,W-00190,2026-02-06T06:30:00Z,DAY_SHIFT,168,110,87,97,35.9,7.3,2,10,221,False,False,True,False,RESTRICTED,SELF_SERVICE_KIOSK,
dcu-W-00190-20260207,worker-uuid-00190,W-00190,2026-02-07T06:30:00Z,DAY_SHIFT,165,103,83,99,36.2,7.6,0,9,222,False,False,False,False,RESTRICTED,PARAMEDIC_ASSISTED,user-paramedic-01
dcu-W-00190-20260208,worker-uuid-00190,W-00190,2026-02-08T06:30:00Z,DAY_SHIFT,168,100,89,97,36.9,5.8,2,10,248,False,False,False,False,RESTRICTED,PARAMEDIC_ASSISTED,user-paramedic-01
dcu-W-00190-20260209,worker-uuid-00190,W-00190,2026-02-09T06:30:00Z,DAY_SHIFT,155,92,86,98,36.4,6.3,1,19,244,False,False,False,False,RESTRICTED,SELF_SERVICE_KIOSK,
dcu-W-00190-20260210,worker-uuid-00190,W-00190,2026-02-10T06:30:00Z,DAY_SHIFT,167,107,82,98,37.0,6.8,1,8,235,False,False,False,False,RESTRICTED,SELF_SERVICE_KIOSK,
dcu-W-00190-20260212,worker-uuid-00190,W-00190,2026-02-12T06:30:00Z,DAY_SHIFT,173,115,81,98,36.6,6.7,1,8,227,False,False,True,False,UNFIT,PARAMEDIC_ASSISTED,user-paramedic-01
dcu-W-00190-20260213,worker-uuid-00190,W-00190,2026-02-13T06:30:00Z,DAY_SHIFT,159,98,86,98,36.5,6.7,0,8,255,False,False,False,False,RESTRICTED,PARAMEDIC_ASSISTED,user-paramedic-01
dcu-W-00190-20260214,worker-uuid-00190,W-00190,2026-02-14T06:30:00Z,DAY_SHIFT,162,101,83,98,36.3,6.5,2,17,239,False,False,False,False,RESTRICTED,SELF_SERVICE_KIOSK,
dcu-W-00190-20260215,worker-uuid-00190,W-00190,2026-02-15T06:30:00Z,DAY_SHIFT,166,100,82,98,36.3,6.4,2,20,221,False,False,True,False,RESTRICTED,SELF_SERVICE_KIOSK,
dcu-W-00190-20260217,worker-uuid-00190,W-00190,2026-02-17T06:30:00Z,DAY_SHIFT,159,104,82,96,36.5,7.4,1,16,260,False,False,False,False,RESTRICTED,SELF_SERVICE_KIOSK,
dcu-W-00190-20260218,worker-uuid-00190,W-00190,2026-02-18T06:30:00Z,DAY_SHIFT,166,112,91,96,36.6,8.0,1,18,264,False,False,False,False,RESTRICTED,SELF_SERVICE_KIOSK,
dcu-W-00190-20260219,worker-uuid-00190,W-00190,2026-02-19T06:30:00Z,DAY_SHIFT,165,99,89,97,36.6,6.2,1,11,219,False,False,True,False,RESTRICTED,SELF_SERVICE_KIOSK,
dcu-W-00190-20260221,worker-uuid-00190,W-00190,2026-02-21T06:30:00Z,DAY_SHIFT,175,109,84,96,36.8,8.2,2,20,248,False,False,False,False,RESTRICTED,SELF_SERVICE_KIOSK,
dcu-W-00190-20260222,worker-uuid-00190,W-00190,2026-02-22T06:30:00Z,DAY_SHIFT,153,88,83,98,36.8,7.6,2,20,207,False,False,False,False,RESTRICTED,PARAMEDIC_ASSISTED,user-paramedic-01
dcu-W-00190-20260223,worker-uuid-00190,W-00190,2026-02-23T06:30:00Z,DAY_SHIFT,165,105,88,99,36.9,7.0,0,15,167,False,False,False,False,RESTRICTED,SELF_SERVICE_KIOSK,
dcu-W-00190-20260226,worker-uuid-00190,W-00190,2026-02-26T06:30:00Z,DAY_SHIFT,168,111,86,98,36.3,4.8,1,8,249,False,False,True,False,RESTRICTED,SELF_SERVICE_KIOSK,
dcu-W-00190-20260228,worker-uuid-00190,W-00190,2026-02-28T06:30:00Z,DAY_SHIFT,162,103,86,98,36.6,5.6,0,7,261,False,False,True,False,RESTRICTED,PARAMEDIC_ASSISTED,user-paramedic-01
dcu-W-00190-20260301,worker-uuid-00190,W-00190,2026-03-01T06:30:00Z,DAY_SHIFT,158,106,85,98,36.7,6.0,1,20,204,False,False,False,False,RESTRICTED,SELF_SERVICE_KIOSK,
dcu-W-00190-20260302,worker-uuid-00190,W-00190,2026-03-02T06:30:00Z,DAY_SHIFT,171,107,84,97,36.4,6.9,1,16,251,False,False,True,False,RESTRICTED,SELF_SERVICE_KIOSK,
dcu-W-00190-20260303,worker-uuid-00190,W-00190,2026-03-03T06:30:00Z,DAY_SHIFT,167,105,83,97,36.2,5.4,2,11,258,False,False,False,False,RESTRICTED,PARAMEDIC_ASSISTED,user-paramedic-01
dcu-W-00190-20260304,worker-uuid-00190,W-00190,2026-03-04T06:30:00Z,DAY_SHIFT,160,103,79,97,35.7,6.7,0,17,215,False,False,True,False,RESTRICTED,SELF_SERVICE_KIOSK,
dcu-W-00190-20260305,worker-uuid-00190,W-00190,2026-03-05T06:30:00Z,DAY_SHIFT,163,105,76,99,36.5,6.8,2,14,216,False,False,False,False,RESTRICTED,SELF_SERVICE_KIOSK,
dcu-W-00190-20260308,worker-uuid-00190,W-00190,2026-03-08T06:30:00Z,DAY_SHIFT,172,110,89,97,36.1,8.2,1,9,262,False,False,True,False,UNFIT,SELF_SERVICE_KIOSK,
dcu-W-00190-20260309,worker-uuid-00190,W-00190,2026-03-09T06:30:00Z,DAY_SHIFT,163,106,89,98,36.9,7.9,2,12,287,False,False,False,False,RESTRICTED,SELF_SERVICE_KIOSK,
dcu-W-00190-20260310,worker-uuid-00190,W-00190,2026-03-10T06:30:00Z,DAY_SHIFT,167,104,91,98,36.7,7.7,1,19,233,True,False,True,False,UNFIT,PARAMEDIC_ASSISTED,user-paramedic-01
dcu-W-00190-20260313,worker-uuid-00190,W-00190,2026-03-13T06:30:00Z,DAY_SHIFT,163,105,88,98,36.8,5.4,2,12,231,False,False,True,False,RESTRICTED,SELF_SERVICE_KIOSK,
dcu-W-00190-20260314,worker-uuid-00190,W-00190,2026-03-14T06:30:00Z,DAY_SHIFT,166,114,94,98,36.7,6.4,2,18,239,False,False,False,False,RESTRICTED,SELF_SERVICE_KIOSK,
dcu-W-00190-20260315,worker-uuid-00190,W-00190,2026-03-15T06:30:00Z,DAY_SHIFT,164,106,83,96,36.5,6.4,2,13,247,False,False,False,False,RESTRICTED,SELF_SERVICE_KIOSK,
dcu-W-00190-20260316,worker-uuid-00190,W-00190,2026-03-16T06:30:00Z,DAY_SHIFT,168,103,86,99,36.5,5.9,2,11,246,False,False,False,False,RESTRICTED,SELF_SERVICE_KIOSK,
dcu-W-00190-20260317,worker-uuid-00190,W-00190,2026-03-17T06:30:00Z,DAY_SHIFT,167,108,85,98,36.1,7.1,2,15,257,False,False,False,False,RESTRICTED,PARAMEDIC_ASSISTED,user-paramedic-01
dcu-W-00190-20260319,worker-uuid-00190,W-00190,2026-03-19T06:30:00Z,DAY_SHIFT,154,97,87,98,36.6,6.8,2,20,250,False,False,False,False,RESTRICTED,PARAMEDIC_ASSISTED,user-paramedic-01
dcu-W-00190-20260321,worker-uuid-00190,W-00190,2026-03-21T06:30:00Z,DAY_SHIFT,153,93,78,98,37.2,7.1,1,15,239,False,False,True,False,RESTRICTED,PARAMEDIC_ASSISTED,user-paramedic-01
dcu-W-00190-20260322,worker-uuid-00190,W-00190,2026-03-22T06:30:00Z,DAY_SHIFT,165,101,89,96,36.7,7.1,0,15,217,False,False,False,False,RESTRICTED,SELF_SERVICE_KIOSK,
dcu-W-00190-20260324,worker-uuid-00190,W-00190,2026-03-24T06:30:00Z,DAY_SHIFT,165,98,90,98,36.6,7.4,1,9,228,False,False,False,False,RESTRICTED,SELF_SERVICE_KIOSK,
dcu-W-00190-20260325,worker-uuid-00190,W-00190,2026-03-25T06:30:00Z,DAY_SHIFT,173,104,79,99,35.9,6.0,1,8,219,False,False,True,False,RESTRICTED,SELF_SERVICE_KIOSK,
dcu-W-00190-20260326,worker-uuid-00190,W-00190,2026-03-26T06:30:00Z,DAY_SHIFT,164,96,86,98,36.7,6.7,1,16,191,False,False,True,False,RESTRICTED,SELF_SERVICE_KIOSK,
dcu-W-00190-20260327,worker-uuid-00190,W-00190,2026-03-27T06:30:00Z,DAY_SHIFT,170,103,95,98,36.4,7.5,0,7,276,True,False,True,False,UNFIT,PARAMEDIC_ASSISTED,user-paramedic-01
dcu-W-00190-20260328,worker-uuid-00190,W-00190,2026-03-28T06:30:00Z,DAY_SHIFT,161,97,76,98,36.3,7.3,1,19,240,False,False,False,False,RESTRICTED,SELF_SERVICE_KIOSK,
dcu-W-00190-20260329,worker-uuid-00190,W-00190,2026-03-29T06:30:00Z,DAY_SHIFT,166,107,88,97,36.2,6.5,1,12,230,False,False,False,False,RESTRICTED,PARAMEDIC_ASSISTED,user-paramedic-01
dcu-W-00190-20260330,worker-uuid-00190,W-00190,2026-03-30T06:30:00Z,DAY_SHIFT,162,101,91,99,36.5,6.2,0,17,204,False,False,False,False,RESTRICTED,SELF_SERVICE_KIOSK,
dcu-W-00190-20260331,worker-uuid-00190,W-00190,2026-03-31T06:30:00Z,DAY_SHIFT,156,96,88,98,37.0,7.3,2,19,244,False,False,False,False,RESTRICTED,SELF_SERVICE_KIOSK,
dcu-W-00190-20260401,worker-uuid-00190,W-00190,2026-04-01T06:30:00Z,DAY_SHIFT,153,94,79,97,36.9,8.1,1,18,202,False,False,False,False,RESTRICTED,PARAMEDIC_ASSISTED,user-paramedic-01
dcu-W-00190-20260402,worker-uuid-00190,W-00190,2026-04-02T06:30:00Z,DAY_SHIFT,170,110,90,97,36.9,8.0,2,7,223,False,False,True,False,UNFIT,SELF_SERVICE_KIOSK,
dcu-W-00190-20260404,worker-uuid-00190,W-00190,2026-04-04T06:30:00Z,DAY_SHIFT,161,100,86,99,36.7,5.9,1,20,279,False,False,False,False,RESTRICTED,PARAMEDIC_ASSISTED,user-paramedic-01
dcu-W-00190-20260405,worker-uuid-00190,W-00190,2026-04-05T06:30:00Z,DAY_SHIFT,171,109,89,99,36.4,7.6,0,6,236,False,False,False,False,RESTRICTED,PARAMEDIC_ASSISTED,user-paramedic-01
dcu-W-00190-20260406,worker-uuid-00190,W-00190,2026-04-06T06:30:00Z,DAY_SHIFT,159,103,87,98,36.6,8.7,1,11,222,False,False,True,False,RESTRICTED,SELF_SERVICE_KIOSK,
dcu-W-00190-20260407,worker-uuid-00190,W-00190,2026-04-07T06:30:00Z,DAY_SHIFT,161,97,89,99,36.5,8.2,0,15,223,False,False,False,False,RESTRICTED,SELF_SERVICE_KIOSK,
dcu-W-00190-20260409,worker-uuid-00190,W-00190,2026-04-09T06:30:00Z,DAY_SHIFT,160,107,83,99,37.0,6.2,1,19,267,False,False,False,False,RESTRICTED,PARAMEDIC_ASSISTED,user-paramedic-01
dcu-W-00190-20260410,worker-uuid-00190,W-00190,2026-04-10T06:30:00Z,DAY_SHIFT,164,110,86,98,36.9,6.5,1,8,256,False,False,False,False,RESTRICTED,SELF_SERVICE_KIOSK,
dcu-W-00190-20260411,worker-uuid-00190,W-00190,2026-04-11T06:30:00Z,DAY_SHIFT,162,103,89,98,36.1,6.2,1,18,206,False,False,True,False,RESTRICTED,SELF_SERVICE_KIOSK,
dcu-W-00190-20260412,worker-uuid-00190,W-00190,2026-04-12T06:30:00Z,DAY_SHIFT,173,111,87,97,36.8,6.6,2,8,242,False,False,False,False,RESTRICTED,PARAMEDIC_ASSISTED,user-paramedic-01
dcu-W-00190-20260413,worker-uuid-00190,W-00190,2026-04-13T06:30:00Z,DAY_SHIFT,165,101,80,99,36.6,8.8,1,14,238,False,False,False,False,RESTRICTED,SELF_SERVICE_KIOSK,
dcu-W-00190-20260418,worker-uuid-00190,W-00190,2026-04-18T06:30:00Z,DAY_SHIFT,153,94,75,96,36.4,7.7,1,16,251,False,False,False,False,RESTRICTED,SELF_SERVICE_KIOSK,
dcu-W-00190-20260420,worker-uuid-00190,W-00190,2026-04-20T06:30:00Z,DAY_SHIFT,162,97,86,99,35.9,6.0,1,13,240,False,False,True,False,RESTRICTED,PARAMEDIC_ASSISTED,user-paramedic-01
dcu-W-00190-20260421,worker-uuid-00190,W-00190,2026-04-21T06:30:00Z,DAY_SHIFT,168,108,88,99,36.8,6.4,0,20,210,False,False,False,False,RESTRICTED,PARAMEDIC_ASSISTED,user-paramedic-01
dcu-W-00190-20260422,worker-uuid-00190,W-00190,2026-04-22T06:30:00Z,DAY_SHIFT,159,94,91,97,36.6,6.7,2,19,308,False,False,False,False,RESTRICTED,SELF_SERVICE_KIOSK,
dcu-W-00190-20260424,worker-uuid-00190,W-00190,2026-04-24T06:30:00Z,DAY_SHIFT,163,102,77,97,37.1,7.3,2,15,195,False,False,False,False,RESTRICTED,PARAMEDIC_ASSISTED,user-paramedic-01
dcu-W-00190-20260425,worker-uuid-00190,W-00190,2026-04-25T06:30:00Z,DAY_SHIFT,174,112,83,96,36.8,8.8,1,7,216,True,False,True,False,UNFIT,SELF_SERVICE_KIOSK,
dcu-W-00190-20260426,worker-uuid-00190,W-00190,2026-04-26T06:30:00Z,DAY_SHIFT,160,96,85,100,36.6,7.2,0,11,242,False,False,False,False,RESTRICTED,SELF_SERVICE_KIOSK,
dcu-W-00190-20260427,worker-uuid-00190,W-00190,2026-04-27T06:30:00Z,DAY_SHIFT,166,106,78,98,35.7,6.1,0,14,298,False,False,False,False,RESTRICTED,PARAMEDIC_ASSISTED,user-paramedic-01
dcu-W-00190-20260429,worker-uuid-00190,W-00190,2026-04-29T06:30:00Z,DAY_SHIFT,171,104,81,97,36.8,5.9,0,20,208,False,False,False,False,RESTRICTED,PARAMEDIC_ASSISTED,user-paramedic-01
dcu-W-00190-20260430,worker-uuid-00190,W-00190,2026-04-30T06:30:00Z,DAY_SHIFT,169,110,87,99,36.5,8.1,0,13,289,False,False,False,False,RESTRICTED,SELF_SERVICE_KIOSK,
dcu-W-00190-20260502,worker-uuid-00190,W-00190,2026-05-02T06:30:00Z,DAY_SHIFT,162,93,93,99,37.2,5.7,2,18,253,False,False,False,False,RESTRICTED,SELF_SERVICE_KIOSK,
dcu-W-00190-20260503,worker-uuid-00190,W-00190,2026-05-03T06:30:00Z,DAY_SHIFT,160,98,87,96,36.0,6.8,2,19,248,False,False,True,False,RESTRICTED,PARAMEDIC_ASSISTED,user-paramedic-01
dcu-W-00190-20260504,worker-uuid-00190,W-00190,2026-05-04T06:30:00Z,DAY_SHIFT,156,94,92,98,36.7,7.0,1,15,252,False,False,True,False,RESTRICTED,PARAMEDIC_ASSISTED,user-paramedic-01
dcu-W-00190-20260506,worker-uuid-00190,W-00190,2026-05-06T06:30:00Z,DAY_SHIFT,163,94,88,99,36.4,6.9,2,18,259,False,False,False,False,RESTRICTED,PARAMEDIC_ASSISTED,user-paramedic-01
dcu-W-00190-20260507,worker-uuid-00190,W-00190,2026-05-07T06:30:00Z,DAY_SHIFT,170,105,81,99,36.9,7.3,0,9,227,False,False,True,False,RESTRICTED,PARAMEDIC_ASSISTED,user-paramedic-01
dcu-W-00190-20260508,worker-uuid-00190,W-00190,2026-05-08T06:30:00Z,DAY_SHIFT,163,104,90,97,36.3,5.4,1,11,259,False,False,True,False,RESTRICTED,SELF_SERVICE_KIOSK,
dcu-W-00190-20260509,worker-uuid-00190,W-00190,2026-05-09T06:30:00Z,DAY_SHIFT,173,106,85,98,36.8,7.3,1,15,234,False,False,False,False,RESTRICTED,SELF_SERVICE_KIOSK,
dcu-W-00190-20260511,worker-uuid-00190,W-00190,2026-05-11T06:30:00Z,DAY_SHIFT,157,104,85,97,36.3,7.6,0,11,254,False,False,False,False,RESTRICTED,SELF_SERVICE_KIOSK,
dcu-W-00190-20260512,worker-uuid-00190,W-00190,2026-05-12T06:30:00Z,DAY_SHIFT,165,104,88,97,36.1,6.4,1,15,194,False,False,False,False,RESTRICTED,SELF_SERVICE_KIOSK,
dcu-W-00190-20260513,worker-uuid-00190,W-00190,2026-05-13T06:30:00Z,DAY_SHIFT,161,104,80,96,36.6,7.8,2,11,221,False,False,False,False,RESTRICTED,PARAMEDIC_ASSISTED,user-paramedic-01
dcu-W-00190-20260514,worker-uuid-00190,W-00190,2026-05-14T06:30:00Z,DAY_SHIFT,152,97,80,99,36.5,5.9,1,7,253,False,False,False,False,RESTRICTED,PARAMEDIC_ASSISTED,user-paramedic-01
dcu-W-00190-20260515,worker-uuid-00190,W-00190,2026-05-15T06:30:00Z,DAY_SHIFT,160,103,87,97,36.8,5.6,0,13,223,False,False,False,False,RESTRICTED,PARAMEDIC_ASSISTED,user-paramedic-01
dcu-W-00190-20260516,worker-uuid-00190,W-00190,2026-05-16T06:30:00Z,DAY_SHIFT,163,106,85,97,36.9,8.0,2,20,228,False,False,False,False,RESTRICTED,SELF_SERVICE_KIOSK,
dcu-W-00190-20260517,worker-uuid-00190,W-00190,2026-05-17T06:30:00Z,DAY_SHIFT,169,110,82,97,36.7,7.8,0,13,203,False,False,True,False,RESTRICTED,PARAMEDIC_ASSISTED,user-paramedic-01
dcu-W-00190-20260518,worker-uuid-00190,W-00190,2026-05-18T06:30:00Z,DAY_SHIFT,169,106,87,99,36.2,5.8,1,6,206,False,False,False,False,RESTRICTED,PARAMEDIC_ASSISTED,user-paramedic-01
dcu-W-00190-20260519,worker-uuid-00190,W-00190,2026-05-19T06:30:00Z,DAY_SHIFT,174,102,94,98,36.7,6.1,1,18,222,False,False,False,False,RESTRICTED,SELF_SERVICE_KIOSK,
dcu-W-00190-20260520,worker-uuid-00190,W-00190,2026-05-20T06:30:00Z,DAY_SHIFT,162,104,91,98,36.3,6.2,1,7,231,False,False,False,False,RESTRICTED,SELF_SERVICE_KIOSK,
dcu-W-00190-20260522,worker-uuid-00190,W-00190,2026-05-22T06:30:00Z,DAY_SHIFT,167,107,87,98,36.5,6.6,0,19,215,False,False,False,False,RESTRICTED,SELF_SERVICE_KIOSK,
dcu-W-00190-20260523,worker-uuid-00190,W-00190,2026-05-23T06:30:00Z,DAY_SHIFT,172,108,86,97,36.6,5.7,2,8,224,False,False,True,False,RESTRICTED,SELF_SERVICE_KIOSK,
dcu-W-00190-20260524,worker-uuid-00190,W-00190,2026-05-24T06:30:00Z,DAY_SHIFT,169,110,91,98,36.0,8.5,1,19,228,False,False,False,False,RESTRICTED,PARAMEDIC_ASSISTED,user-paramedic-01
dcu-W-00190-20260525,worker-uuid-00190,W-00190,2026-05-25T06:30:00Z,DAY_SHIFT,173,103,95,99,37.2,7.2,0,17,220,False,False,False,False,RESTRICTED,SELF_SERVICE_KIOSK,
dcu-W-00190-20260526,worker-uuid-00190,W-00190,2026-05-26T06:30:00Z,DAY_SHIFT,172,108,86,98,36.2,5.1,2,13,261,False,False,False,False,RESTRICTED,PARAMEDIC_ASSISTED,user-paramedic-01
dcu-W-00190-20260527,worker-uuid-00190,W-00190,2026-05-27T06:30:00Z,DAY_SHIFT,155,92,85,99,36.9,6.8,0,12,215,False,False,False,False,RESTRICTED,SELF_SERVICE_KIOSK,
dcu-W-00190-20260528,worker-uuid-00190,W-00190,2026-05-28T06:30:00Z,DAY_SHIFT,163,105,89,98,36.1,6.8,0,17,272,False,False,False,False,RESTRICTED,PARAMEDIC_ASSISTED,user-paramedic-01
dcu-W-00190-20260529,worker-uuid-00190,W-00190,2026-05-29T06:30:00Z,DAY_SHIFT,165,101,86,96,36.5,7.1,1,19,175,False,False,False,False,RESTRICTED,SELF_SERVICE_KIOSK,
dcu-W-00190-20260530,worker-uuid-00190,W-00190,2026-05-30T06:30:00Z,DAY_SHIFT,171,103,86,98,36.4,7.2,1,17,208,False,False,False,False,RESTRICTED,PARAMEDIC_ASSISTED,user-paramedic-01
dcu-W-00190-20260531,worker-uuid-00190,W-00190,2026-05-31T06:30:00Z,DAY_SHIFT,169,108,86,99,36.8,6.8,0,8,223,False,False,True,False,RESTRICTED,SELF_SERVICE_KIOSK,
dcu-W-00190-20260603,worker-uuid-00190,W-00190,2026-06-03T06:30:00Z,DAY_SHIFT,161,98,83,97,36.6,9.2,0,7,203,False,False,False,False,RESTRICTED,PARAMEDIC_ASSISTED,user-paramedic-01
dcu-W-00190-20260604,worker-uuid-00190,W-00190,2026-06-04T06:30:00Z,DAY_SHIFT,170,108,90,99,36.4,8.5,0,11,213,False,False,True,False,UNFIT,SELF_SERVICE_KIOSK,
dcu-W-00190-20260605,worker-uuid-00190,W-00190,2026-06-05T06:30:00Z,DAY_SHIFT,165,98,92,97,36.4,6.9,0,7,236,False,False,True,False,RESTRICTED,SELF_SERVICE_KIOSK,
dcu-W-00190-20260606,worker-uuid-00190,W-00190,2026-06-06T06:30:00Z,DAY_SHIFT,161,107,77,98,36.5,7.4,2,11,262,False,False,False,False,RESTRICTED,PARAMEDIC_ASSISTED,user-paramedic-01
dcu-W-00190-20260607,worker-uuid-00190,W-00190,2026-06-07T06:30:00Z,DAY_SHIFT,164,107,83,98,36.1,7.0,2,19,219,False,False,False,False,RESTRICTED,SELF_SERVICE_KIOSK,
dcu-W-00190-20260608,worker-uuid-00190,W-00190,2026-06-08T06:30:00Z,DAY_SHIFT,166,109,86,97,36.6,6.8,1,15,228,False,False,True,False,RESTRICTED,SELF_SERVICE_KIOSK,
dcu-W-00190-20260609,worker-uuid-00190,W-00190,2026-06-09T06:30:00Z,DAY_SHIFT,162,105,87,98,36.7,7.7,0,7,221,False,False,False,False,RESTRICTED,SELF_SERVICE_KIOSK,
dcu-W-00190-20260610,worker-uuid-00190,W-00190,2026-06-10T06:30:00Z,DAY_SHIFT,161,102,89,98,36.4,7.0,1,19,206,False,False,True,False,RESTRICTED,SELF_SERVICE_KIOSK,
dcu-W-00190-20260611,worker-uuid-00190,W-00190,2026-06-11T06:30:00Z,DAY_SHIFT,170,102,91,96,36.8,6.5,1,19,245,False,False,False,False,RESTRICTED,SELF_SERVICE_KIOSK,
dcu-W-00190-20260612,worker-uuid-00190,W-00190,2026-06-12T06:30:00Z,DAY_SHIFT,164,101,85,99,36.5,6.5,1,12,225,False,False,False,False,RESTRICTED,PARAMEDIC_ASSISTED,user-paramedic-01
dcu-W-00190-20260613,worker-uuid-00190,W-00190,2026-06-13T06:30:00Z,DAY_SHIFT,171,103,87,97,36.2,7.5,2,19,248,False,False,False,False,RESTRICTED,SELF_SERVICE_KIOSK,
dcu-W-00190-20260615,worker-uuid-00190,W-00190,2026-06-15T06:30:00Z,DAY_SHIFT,169,105,81,97,36.7,7.1,1,13,263,False,False,False,False,RESTRICTED,SELF_SERVICE_KIOSK,
dcu-W-00190-20260616,worker-uuid-00190,W-00190,2026-06-16T06:30:00Z,DAY_SHIFT,169,99,88,98,36.4,6.6,1,20,221,False,False,False,False,RESTRICTED,SELF_SERVICE_KIOSK,
dcu-W-00190-20260617,worker-uuid-00190,W-00190,2026-06-17T06:30:00Z,DAY_SHIFT,171,101,83,97,36.8,8.1,1,11,206,False,False,True,False,RESTRICTED,SELF_SERVICE_KIOSK,
dcu-W-00190-20260620,worker-uuid-00190,W-00190,2026-06-20T06:30:00Z,DAY_SHIFT,174,111,78,98,36.4,7.5,1,20,256,True,False,True,False,UNFIT,SELF_SERVICE_KIOSK,
dcu-W-00190-20260621,worker-uuid-00190,W-00190,2026-06-21T06:30:00Z,DAY_SHIFT,167,106,86,96,36.6,6.8,1,6,220,False,False,False,False,RESTRICTED,PARAMEDIC_ASSISTED,user-paramedic-01
dcu-W-00190-20260622,worker-uuid-00190,W-00190,2026-06-22T06:30:00Z,DAY_SHIFT,161,100,89,97,36.5,7.7,1,12,233,False,False,False,False,RESTRICTED,PARAMEDIC_ASSISTED,user-paramedic-01
dcu-W-00190-20260623,worker-uuid-00190,W-00190,2026-06-23T06:30:00Z,DAY_SHIFT,170,109,88,99,36.4,6.8,0,15,252,False,False,False,False,RESTRICTED,SELF_SERVICE_KIOSK,
dcu-W-00190-20260624,worker-uuid-00190,W-00190,2026-06-24T06:30:00Z,DAY_SHIFT,169,109,76,96,36.6,7.2,2,17,222,False,False,True,False,UNFIT,SELF_SERVICE_KIOSK,
dcu-W-00190-20260625,worker-uuid-00190,W-00190,2026-06-25T06:30:00Z,DAY_SHIFT,164,105,85,97,36.0,7.4,2,7,179,False,False,False,False,RESTRICTED,SELF_SERVICE_KIOSK,
dcu-W-00190-20260626,worker-uuid-00190,W-00190,2026-06-26T06:30:00Z,DAY_SHIFT,158,103,77,99,36.2,7.6,1,14,220,False,False,True,False,RESTRICTED,SELF_SERVICE_KIOSK,
dcu-W-00190-20260627,worker-uuid-00190,W-00190,2026-06-27T06:30:00Z,DAY_SHIFT,160,100,90,98,36.1,6.7,0,19,234,False,False,False,False,RESTRICTED,SELF_SERVICE_KIOSK,
dcu-W-00190-20260628,worker-uuid-00190,W-00190,2026-06-28T06:30:00Z,DAY_SHIFT,163,104,80,99,37.0,5.3,2,7,210,False,False,True,False,RESTRICTED,SELF_SERVICE_KIOSK,
dcu-W-00190-20260629,worker-uuid-00190,W-00190,2026-06-29T06:30:00Z,DAY_SHIFT,158,102,87,96,36.2,8.4,2,6,246,False,False,False,False,RESTRICTED,SELF_SERVICE_KIOSK,
dcu-W-00190-20260630,worker-uuid-00190,W-00190,2026-06-30T06:30:00Z,DAY_SHIFT,168,108,88,96,36.3,7.1,0,9,226,False,False,True,False,RESTRICTED,SELF_SERVICE_KIOSK,
dcu-W-00190-20260701,worker-uuid-00190,W-00190,2026-07-01T06:30:00Z,DAY_SHIFT,166,101,87,99,36.5,6.3,0,14,202,False,False,False,False,RESTRICTED,SELF_SERVICE_KIOSK,
dcu-W-00190-20260702,worker-uuid-00190,W-00190,2026-07-02T06:30:00Z,DAY_SHIFT,177,108,87,98,36.4,6.2,2,19,281,False,False,True,False,RESTRICTED,PARAMEDIC_ASSISTED,user-paramedic-01
dcu-W-00190-20260703,worker-uuid-00190,W-00190,2026-07-03T06:30:00Z,DAY_SHIFT,157,102,87,98,36.1,6.5,1,11,170,False,False,True,False,RESTRICTED,SELF_SERVICE_KIOSK,
dcu-W-00190-20260704,worker-uuid-00190,W-00190,2026-07-04T06:30:00Z,DAY_SHIFT,160,101,82,97,36.4,7.1,2,16,213,False,False,False,False,RESTRICTED,SELF_SERVICE_KIOSK,
dcu-W-00190-20260705,worker-uuid-00190,W-00190,2026-07-05T06:30:00Z,DAY_SHIFT,166,100,82,98,36.3,7.2,1,20,244,False,False,False,False,RESTRICTED,SELF_SERVICE_KIOSK,
dcu-W-00190-20260706,worker-uuid-00190,W-00190,2026-07-06T06:30:00Z,DAY_SHIFT,169,104,83,97,36.7,7.8,0,20,221,False,False,True,False,RESTRICTED,PARAMEDIC_ASSISTED,user-paramedic-01
dcu-W-00190-20260707,worker-uuid-00190,W-00190,2026-07-07T06:30:00Z,DAY_SHIFT,166,101,85,97,36.4,6.3,0,11,247,False,False,False,False,RESTRICTED,SELF_SERVICE_KIOSK,
dcu-W-00190-20260708,worker-uuid-00190,W-00190,2026-07-08T06:30:00Z,DAY_SHIFT,167,100,92,97,36.5,6.6,0,20,249,False,False,False,False,RESTRICTED,SELF_SERVICE_KIOSK,
dcu-W-00190-20260709,worker-uuid-00190,W-00190,2026-07-09T06:30:00Z,DAY_SHIFT,161,102,80,98,35.9,6.4,2,9,195,False,False,False,False,RESTRICTED,SELF_SERVICE_KIOSK,
dcu-W-00190-20260710,worker-uuid-00190,W-00190,2026-07-10T06:30:00Z,DAY_SHIFT,159,97,79,98,36.5,7.0,1,10,228,False,False,True,False,RESTRICTED,PARAMEDIC_ASSISTED,user-paramedic-01
dcu-W-00190-20260711,worker-uuid-00190,W-00190,2026-07-11T06:30:00Z,DAY_SHIFT,174,104,91,99,36.7,7.2,1,10,207,False,False,False,False,RESTRICTED,SELF_SERVICE_KIOSK,
dcu-W-00190-20260713,worker-uuid-00190,W-00190,2026-07-13T06:30:00Z,DAY_SHIFT,168,103,80,99,36.5,8.1,1,10,230,False,False,False,False,RESTRICTED,PARAMEDIC_ASSISTED,user-paramedic-01
dcu-W-00190-20260714,worker-uuid-00190,W-00190,2026-07-14T06:30:00Z,DAY_SHIFT,164,101,87,97,36.7,6.2,0,15,204,False,False,False,False,RESTRICTED,SELF_SERVICE_KIOSK,
dcu-W-00190-20260716,worker-uuid-00190,W-00190,2026-07-16T06:30:00Z,DAY_SHIFT,167,107,88,97,36.4,7.1,0,15,255,False,False,True,False,UNFIT,SELF_SERVICE_KIOSK,
dcu-W-00190-20260717,worker-uuid-00190,W-00190,2026-07-17T06:30:00Z,DAY_SHIFT,162,106,84,98,36.6,8.6,0,13,232,False,False,False,False,RESTRICTED,PARAMEDIC_ASSISTED,user-paramedic-01
dcu-W-00190-20260718,worker-uuid-00190,W-00190,2026-07-18T06:30:00Z,DAY_SHIFT,171,105,88,98,36.1,6.7,1,7,232,False,False,False,False,RESTRICTED,SELF_SERVICE_KIOSK,
dcu-W-00190-20260719,worker-uuid-00190,W-00190,2026-07-19T06:30:00Z,DAY_SHIFT,166,107,88,99,36.5,7.5,0,19,263,False,False,False,False,RESTRICTED,SELF_SERVICE_KIOSK,
dcu-W-00190-20260720,worker-uuid-00190,W-00190,2026-07-20T06:30:00Z,DAY_SHIFT,169,113,85,98,36.2,8.4,0,6,213,True,False,True,False,UNFIT,SELF_SERVICE_KIOSK,
dcu-W-00190-20260721,worker-uuid-00190,W-00190,2026-07-21T06:30:00Z,DAY_SHIFT,169,101,81,97,36.7,7.5,2,13,239,False,False,True,False,RESTRICTED,SELF_SERVICE_KIOSK,
dcu-W-00190-20260722,worker-uuid-00190,W-00190,2026-07-22T06:30:00Z,DAY_SHIFT,175,104,87,98,35.9,5.9,1,16,266,False,False,True,False,RESTRICTED,SELF_SERVICE_KIOSK,
dcu-W-00190-20260723,worker-uuid-00190,W-00190,2026-07-23T06:30:00Z,DAY_SHIFT,166,103,80,99,36.6,5.9,0,7,262,False,False,True,False,RESTRICTED,SELF_SERVICE_KIOSK,
dcu-W-00190-20260724,worker-uuid-00190,W-00190,2026-07-24T06:30:00Z,DAY_SHIFT,168,109,87,96,36.6,7.4,0,19,268,False,False,True,False,RESTRICTED,PARAMEDIC_ASSISTED,user-paramedic-01
dcu-W-00190-20260725,worker-uuid-00190,W-00190,2026-07-25T06:30:00Z,DAY_SHIFT,163,99,81,98,36.4,7.1,2,15,267,False,False,False,False,RESTRICTED,SELF_SERVICE_KIOSK,
dcu-W-00190-20260726,worker-uuid-00190,W-00190,2026-07-26T06:30:00Z,DAY_SHIFT,158,104,80,98,36.3,7.5,2,7,232,False,False,False,False,RESTRICTED,SELF_SERVICE_KIOSK,
dcu-W-00190-20260727,worker-uuid-00190,W-00190,2026-07-27T06:30:00Z,DAY_SHIFT,161,108,85,97,36.8,5.5,2,18,200,False,False,False,False,RESTRICTED,PARAMEDIC_ASSISTED,user-paramedic-01
dcu-W-00190-20260728,worker-uuid-00190,W-00190,2026-07-28T06:30:00Z,DAY_SHIFT,163,104,92,99,36.2,5.2,2,20,238,False,False,False,False,RESTRICTED,PARAMEDIC_ASSISTED,user-paramedic-01
dcu-W-00190-20260729,worker-uuid-00190,W-00190,2026-07-29T06:30:00Z,DAY_SHIFT,167,114,86,99,36.7,7.9,0,6,237,False,False,False,False,RESTRICTED,PARAMEDIC_ASSISTED,user-paramedic-01
dcu-W-00190-20260730,worker-uuid-00190,W-00190,2026-07-30T06:30:00Z,DAY_SHIFT,176,111,84,98,36.3,7.1,0,14,300,False,False,False,False,RESTRICTED,SELF_SERVICE_KIOSK,
dcu-W-00190-20260731,worker-uuid-00190,W-00190,2026-07-31T06:30:00Z,DAY_SHIFT,163,104,81,96,36.9,5.6,0,14,232,False,False,True,False,RESTRICTED,SELF_SERVICE_KIOSK,
dcu-W-00190-20260801,worker-uuid-00190,W-00190,2026-08-01T06:30:00Z,DAY_SHIFT,157,97,98,98,36.9,7.0,2,18,234,False,False,False,False,RESTRICTED,PARAMEDIC_ASSISTED,user-paramedic-01
dcu-W-00190-20260802,worker-uuid-00190,W-00190,2026-08-02T06:30:00Z,DAY_SHIFT,164,106,87,96,37.0,7.7,1,16,249,False,False,False,False,RESTRICTED,SELF_SERVICE_KIOSK,
dcu-W-00190-20260803,worker-uuid-00190,W-00190,2026-08-03T06:30:00Z,DAY_SHIFT,163,100,81,96,36.1,6.5,1,9,219,False,False,False,False,RESTRICTED,PARAMEDIC_ASSISTED,user-paramedic-01
dcu-W-00190-20260804,worker-uuid-00190,W-00190,2026-08-04T06:30:00Z,DAY_SHIFT,161,97,92,99,36.4,6.1,1,9,207,False,False,False,False,RESTRICTED,PARAMEDIC_ASSISTED,user-paramedic-01
dcu-W-00190-20260805,worker-uuid-00190,W-00190,2026-08-05T06:30:00Z,DAY_SHIFT,152,97,87,99,36.5,6.0,1,17,243,False,False,False,False,RESTRICTED,SELF_SERVICE_KIOSK,
dcu-W-00190-20260806,worker-uuid-00190,W-00190,2026-08-06T06:30:00Z,DAY_SHIFT,165,102,82,97,36.7,6.6,0,14,214,False,False,False,False,RESTRICTED,PARAMEDIC_ASSISTED,user-paramedic-01
dcu-W-00190-20260808,worker-uuid-00190,W-00190,2026-08-08T06:30:00Z,DAY_SHIFT,160,95,89,98,36.4,7.4,2,8,232,False,False,False,False,RESTRICTED,SELF_SERVICE_KIOSK,
dcu-W-00190-20260809,worker-uuid-00190,W-00190,2026-08-09T06:30:00Z,DAY_SHIFT,167,107,81,100,36.8,5.9,0,11,234,False,False,False,False,RESTRICTED,PARAMEDIC_ASSISTED,user-paramedic-01
dcu-W-00190-20260811,worker-uuid-00190,W-00190,2026-08-11T06:30:00Z,DAY_SHIFT,162,110,84,97,36.7,9.2,0,11,248,False,False,False,False,RESTRICTED,PARAMEDIC_ASSISTED,user-paramedic-01
dcu-W-00190-20260812,worker-uuid-00190,W-00190,2026-08-12T06:30:00Z,DAY_SHIFT,163,103,84,96,36.6,7.9,2,10,218,False,False,False,False,RESTRICTED,PARAMEDIC_ASSISTED,user-paramedic-01
dcu-W-00190-20260813,worker-uuid-00190,W-00190,2026-08-13T06:30:00Z,DAY_SHIFT,152,95,82,97,36.6,7.0,2,16,263,False,False,True,False,RESTRICTED,SELF_SERVICE_KIOSK,
dcu-W-00190-20260815,worker-uuid-00190,W-00190,2026-08-15T06:30:00Z,DAY_SHIFT,165,102,78,97,36.2,7.2,2,14,243,False,False,True,False,UNFIT,SELF_SERVICE_KIOSK,
dcu-W-00190-20260816,worker-uuid-00190,W-00190,2026-08-16T06:30:00Z,DAY_SHIFT,174,103,93,99,36.8,7.7,2,19,241,False,False,True,False,RESTRICTED,PARAMEDIC_ASSISTED,user-paramedic-01
dcu-W-00190-20260817,worker-uuid-00190,W-00190,2026-08-17T06:30:00Z,DAY_SHIFT,161,97,84,98,36.7,7.1,0,16,228,False,False,True,False,RESTRICTED,SELF_SERVICE_KIOSK,
dcu-W-00190-20260818,worker-uuid-00190,W-00190,2026-08-18T06:30:00Z,DAY_SHIFT,163,94,88,99,36.8,6.7,1,14,209,False,False,True,False,RESTRICTED,PARAMEDIC_ASSISTED,user-paramedic-01
dcu-W-00190-20260819,worker-uuid-00190,W-00190,2026-08-19T06:30:00Z,DAY_SHIFT,169,103,82,97,37.0,7.7,0,20,206,False,False,False,False,RESTRICTED,PARAMEDIC_ASSISTED,user-paramedic-01
dcu-W-00190-20260820,worker-uuid-00190,W-00190,2026-08-20T06:30:00Z,DAY_SHIFT,166,106,79,96,36.9,4.1,2,12,220,False,False,False,False,RESTRICTED,SELF_SERVICE_KIOSK,
dcu-W-00190-20260821,worker-uuid-00190,W-00190,2026-08-21T06:30:00Z,DAY_SHIFT,166,100,83,97,35.7,7.8,0,9,279,False,False,False,False,RESTRICTED,SELF_SERVICE_KIOSK,
dcu-W-00190-20260822,worker-uuid-00190,W-00190,2026-08-22T06:30:00Z,DAY_SHIFT,159,95,86,96,35.7,7.0,0,12,252,False,False,False,False,RESTRICTED,SELF_SERVICE_KIOSK,
dcu-W-00190-20260825,worker-uuid-00190,W-00190,2026-08-25T06:30:00Z,DAY_SHIFT,170,108,93,99,37.1,8.2,2,19,198,False,False,False,False,RESTRICTED,PARAMEDIC_ASSISTED,user-paramedic-01
dcu-W-00190-20260826,worker-uuid-00190,W-00190,2026-08-26T06:30:00Z,DAY_SHIFT,164,102,78,98,36.7,6.9,2,16,283,False,False,False,False,RESTRICTED,SELF_SERVICE_KIOSK,
dcu-W-00190-20260829,worker-uuid-00190,W-00190,2026-08-29T06:30:00Z,DAY_SHIFT,153,99,76,99,37.0,7.2,0,16,219,False,False,True,False,RESTRICTED,SELF_SERVICE_KIOSK,
dcu-W-00190-20260831,worker-uuid-00190,W-00190,2026-08-31T06:30:00Z,DAY_SHIFT,163,104,86,99,36.8,8.6,1,11,207,False,False,True,False,RESTRICTED,PARAMEDIC_ASSISTED,user-paramedic-01
dcu-W-00190-20260902,worker-uuid-00190,W-00190,2026-09-02T06:30:00Z,DAY_SHIFT,170,114,87,99,36.7,5.9,1,11,251,False,False,True,False,UNFIT,SELF_SERVICE_KIOSK,
dcu-W-00190-20260903,worker-uuid-00190,W-00190,2026-09-03T06:30:00Z,DAY_SHIFT,168,108,75,98,36.4,6.4,1,7,206,False,False,False,False,RESTRICTED,SELF_SERVICE_KIOSK,
dcu-W-00190-20260904,worker-uuid-00190,W-00190,2026-09-04T06:30:00Z,DAY_SHIFT,180,109,82,97,36.6,5.8,0,9,205,False,False,True,False,UNFIT,SELF_SERVICE_KIOSK,
dcu-W-00190-20260909,worker-uuid-00190,W-00190,2026-09-09T06:30:00Z,DAY_SHIFT,166,107,92,98,36.9,7.4,0,17,264,False,False,True,False,UNFIT,SELF_SERVICE_KIOSK,
dcu-W-00190-20260910,worker-uuid-00190,W-00190,2026-09-10T06:30:00Z,DAY_SHIFT,166,100,86,98,36.5,7.9,0,19,255,False,False,True,False,RESTRICTED,PARAMEDIC_ASSISTED,user-paramedic-01
dcu-W-00190-20260911,worker-uuid-00190,W-00190,2026-09-11T06:30:00Z,DAY_SHIFT,168,108,85,96,36.5,8.3,1,7,196,False,False,True,False,UNFIT,SELF_SERVICE_KIOSK,
dcu-W-00190-20260913,worker-uuid-00190,W-00190,2026-09-13T06:30:00Z,DAY_SHIFT,182,113,86,97,36.1,5.6,1,8,179,False,False,True,False,UNFIT,SELF_SERVICE_KIOSK,
dcu-W-00190-20260915,worker-uuid-00190,W-00190,2026-09-15T06:30:00Z,DAY_SHIFT,173,108,87,97,36.1,6.4,2,20,230,False,False,False,False,RESTRICTED,SELF_SERVICE_KIOSK,
dcu-W-00190-20260916,worker-uuid-00190,W-00190,2026-09-16T06:30:00Z,DAY_SHIFT,177,111,89,96,36.4,8.4,0,8,191,False,False,True,False,UNFIT,SELF_SERVICE_KIOSK,
dcu-W-00190-20260918,worker-uuid-00190,W-00190,2026-09-18T06:30:00Z,DAY_SHIFT,158,99,82,99,36.5,7.9,0,14,196,False,False,False,False,RESTRICTED,SELF_SERVICE_KIOSK,
dcu-W-00190-20260920,worker-uuid-00190,W-00190,2026-09-20T06:30:00Z,DAY_SHIFT,166,107,88,98,36.4,6.8,1,16,230,False,False,True,False,RESTRICTED,SELF_SERVICE_KIOSK,
dcu-W-00190-20260922,worker-uuid-00190,W-00190,2026-09-22T06:30:00Z,DAY_SHIFT,166,100,91,98,36.2,5.7,0,10,224,False,False,True,False,RESTRICTED,SELF_SERVICE_KIOSK,
dcu-W-00190-20260923,worker-uuid-00190,W-00190,2026-09-23T06:30:00Z,DAY_SHIFT,156,98,88,97,36.6,5.8,1,20,247,False,False,False,False,RESTRICTED,SELF_SERVICE_KIOSK,
dcu-W-00190-20260924,worker-uuid-00190,W-00190,2026-09-24T06:30:00Z,DAY_SHIFT,162,98,96,98,36.8,7.1,1,7,247,False,False,True,False,RESTRICTED,SELF_SERVICE_KIOSK,
dcu-W-00190-20260925,worker-uuid-00190,W-00190,2026-09-25T06:30:00Z,DAY_SHIFT,150,98,82,98,36.8,7.6,1,6,197,False,False,False,False,RESTRICTED,SELF_SERVICE_KIOSK,
dcu-W-00190-20260926,worker-uuid-00190,W-00190,2026-09-26T06:30:00Z,DAY_SHIFT,164,110,88,97,36.9,6.1,1,16,251,False,False,False,False,RESTRICTED,SELF_SERVICE_KIOSK,
dcu-W-00190-20260928,worker-uuid-00190,W-00190,2026-09-28T06:30:00Z,DAY_SHIFT,160,104,87,99,36.7,6.3,0,15,199,False,False,True,False,RESTRICTED,PARAMEDIC_ASSISTED,user-paramedic-01
dcu-W-00190-20260929,worker-uuid-00190,W-00190,2026-09-29T06:30:00Z,DAY_SHIFT,158,89,75,98,36.9,6.4,0,8,245,False,False,True,False,RESTRICTED,SELF_SERVICE_KIOSK,
dcu-W-00190-20260930,worker-uuid-00190,W-00190,2026-09-30T06:30:00Z,DAY_SHIFT,178,115,92,98,36.0,7.5,0,12,208,True,False,True,False,UNFIT,SELF_SERVICE_KIOSK,
dcu-W-00190-20261001,worker-uuid-00190,W-00190,2026-10-01T06:30:00Z,DAY_SHIFT,165,104,86,97,36.6,6.8,1,19,209,False,False,False,False,RESTRICTED,PARAMEDIC_ASSISTED,user-paramedic-01
dcu-W-00190-20261004,worker-uuid-00190,W-00190,2026-10-04T06:30:00Z,DAY_SHIFT,162,92,92,97,36.5,6.0,1,6,228,False,False,True,False,RESTRICTED,SELF_SERVICE_KIOSK,
dcu-W-00190-20261005,worker-uuid-00190,W-00190,2026-10-05T06:30:00Z,DAY_SHIFT,162,104,91,98,36.7,6.7,0,13,201,False,False,False,False,RESTRICTED,SELF_SERVICE_KIOSK,
dcu-W-00190-20261006,worker-uuid-00190,W-00190,2026-10-06T06:30:00Z,DAY_SHIFT,166,110,90,98,36.9,8.5,0,20,242,False,False,False,False,RESTRICTED,PARAMEDIC_ASSISTED,user-paramedic-01
dcu-W-00190-20261007,worker-uuid-00190,W-00190,2026-10-07T06:30:00Z,DAY_SHIFT,168,99,86,97,36.3,8.5,1,8,197,True,False,True,False,UNFIT,SELF_SERVICE_KIOSK,
dcu-W-00190-20261008,worker-uuid-00190,W-00190,2026-10-08T06:30:00Z,DAY_SHIFT,159,100,84,97,36.8,6.5,0,20,243,False,False,False,False,RESTRICTED,SELF_SERVICE_KIOSK,
dcu-W-00190-20261009,worker-uuid-00190,W-00190,2026-10-09T06:30:00Z,DAY_SHIFT,166,104,84,98,36.7,5.9,0,19,245,False,False,False,False,RESTRICTED,SELF_SERVICE_KIOSK,
dcu-W-00190-20261010,worker-uuid-00190,W-00190,2026-10-10T06:30:00Z,DAY_SHIFT,164,99,78,97,36.8,8.7,2,7,198,False,False,False,False,RESTRICTED,SELF_SERVICE_KIOSK,
dcu-W-00190-20261012,worker-uuid-00190,W-00190,2026-10-12T06:30:00Z,DAY_SHIFT,173,117,83,100,36.2,7.0,0,18,229,True,False,True,False,UNFIT,PARAMEDIC_ASSISTED,user-paramedic-01
dcu-W-00190-20261013,worker-uuid-00190,W-00190,2026-10-13T06:30:00Z,DAY_SHIFT,167,107,82,98,36.4,7.3,0,19,261,False,False,True,False,UNFIT,PARAMEDIC_ASSISTED,user-paramedic-01
dcu-W-00190-20261014,worker-uuid-00190,W-00190,2026-10-14T06:30:00Z,DAY_SHIFT,152,97,88,97,36.2,6.7,1,16,206,False,False,True,False,RESTRICTED,PARAMEDIC_ASSISTED,user-paramedic-01
dcu-W-00190-20261015,worker-uuid-00190,W-00190,2026-10-15T06:30:00Z,DAY_SHIFT,158,98,94,96,36.9,5.8,2,9,235,False,False,True,False,RESTRICTED,SELF_SERVICE_KIOSK,
dcu-W-00190-20261016,worker-uuid-00190,W-00190,2026-10-16T06:30:00Z,DAY_SHIFT,155,99,85,99,36.5,8.1,0,10,257,False,False,False,False,RESTRICTED,SELF_SERVICE_KIOSK,
dcu-W-00190-20261017,worker-uuid-00190,W-00190,2026-10-17T06:30:00Z,DAY_SHIFT,165,101,88,97,36.8,8.4,2,12,215,False,False,True,False,UNFIT,SELF_SERVICE_KIOSK,
dcu-W-00190-20261018,worker-uuid-00190,W-00190,2026-10-18T06:30:00Z,DAY_SHIFT,162,102,84,96,36.5,6.7,2,7,221,False,False,False,False,RESTRICTED,PARAMEDIC_ASSISTED,user-paramedic-01
dcu-W-00190-20261019,worker-uuid-00190,W-00190,2026-10-19T06:30:00Z,DAY_SHIFT,177,108,85,99,36.2,8.0,2,18,252,False,False,True,False,RESTRICTED,SELF_SERVICE_KIOSK,
dcu-W-00190-20261020,worker-uuid-00190,W-00190,2026-10-20T06:30:00Z,DAY_SHIFT,165,98,76,99,36.2,6.7,0,7,245,False,False,False,False,RESTRICTED,SELF_SERVICE_KIOSK,
dcu-W-00190-20261021,worker-uuid-00190,W-00190,2026-10-21T06:30:00Z,DAY_SHIFT,166,104,88,97,36.5,7.3,2,7,226,False,False,False,False,RESTRICTED,PARAMEDIC_ASSISTED,user-paramedic-01
dcu-W-00190-20261022,worker-uuid-00190,W-00190,2026-10-22T06:30:00Z,DAY_SHIFT,166,96,84,97,36.1,6.9,0,17,192,False,False,False,False,RESTRICTED,SELF_SERVICE_KIOSK,
dcu-W-00190-20261024,worker-uuid-00190,W-00190,2026-10-24T06:30:00Z,DAY_SHIFT,163,105,81,98,36.5,6.2,0,20,216,False,False,False,False,RESTRICTED,SELF_SERVICE_KIOSK,
dcu-W-00190-20261025,worker-uuid-00190,W-00190,2026-10-25T06:30:00Z,DAY_SHIFT,172,113,84,98,36.3,7.0,2,10,213,True,False,True,False,UNFIT,PARAMEDIC_ASSISTED,user-paramedic-01
dcu-W-00190-20261026,worker-uuid-00190,W-00190,2026-10-26T06:30:00Z,DAY_SHIFT,158,100,86,98,36.6,6.5,1,9,232,False,False,False,False,RESTRICTED,SELF_SERVICE_KIOSK,
dcu-W-00190-20261027,worker-uuid-00190,W-00190,2026-10-27T06:30:00Z,DAY_SHIFT,158,104,83,97,36.4,6.2,0,19,210,False,False,True,False,RESTRICTED,PARAMEDIC_ASSISTED,user-paramedic-01
dcu-W-00190-20261031,worker-uuid-00190,W-00190,2026-10-31T06:30:00Z,DAY_SHIFT,162,107,94,97,36.9,7.6,0,19,235,False,False,True,False,RESTRICTED,SELF_SERVICE_KIOSK,
dcu-W-00190-20261101,worker-uuid-00190,W-00190,2026-11-01T06:30:00Z,DAY_SHIFT,160,99,87,95,36.7,8.0,2,7,244,False,False,True,False,RESTRICTED,PARAMEDIC_ASSISTED,user-paramedic-01
dcu-W-00190-20261102,worker-uuid-00190,W-00190,2026-11-02T06:30:00Z,DAY_SHIFT,157,100,91,96,36.5,7.2,1,19,276,False,False,False,False,RESTRICTED,PARAMEDIC_ASSISTED,user-paramedic-01
dcu-W-00190-20261103,worker-uuid-00190,W-00190,2026-11-03T06:30:00Z,DAY_SHIFT,170,111,81,96,36.9,7.1,1,16,211,False,False,False,False,RESTRICTED,PARAMEDIC_ASSISTED,user-paramedic-01
dcu-W-00190-20261104,worker-uuid-00190,W-00190,2026-11-04T06:30:00Z,DAY_SHIFT,164,103,82,99,36.5,7.3,1,20,199,False,False,False,False,RESTRICTED,PARAMEDIC_ASSISTED,user-paramedic-01
dcu-W-00190-20261105,worker-uuid-00190,W-00190,2026-11-05T06:30:00Z,DAY_SHIFT,166,106,87,96,36.8,7.1,1,10,206,False,False,True,False,UNFIT,PARAMEDIC_ASSISTED,user-paramedic-01
dcu-W-00190-20261106,worker-uuid-00190,W-00190,2026-11-06T06:30:00Z,DAY_SHIFT,161,97,97,96,36.9,7.6,1,20,234,False,False,False,False,RESTRICTED,PARAMEDIC_ASSISTED,user-paramedic-01
dcu-W-00190-20261107,worker-uuid-00190,W-00190,2026-11-07T06:30:00Z,DAY_SHIFT,168,108,79,95,36.7,7.4,2,8,198,False,False,False,False,RESTRICTED,SELF_SERVICE_KIOSK,
dcu-W-00190-20261108,worker-uuid-00190,W-00190,2026-11-08T06:30:00Z,DAY_SHIFT,153,97,92,98,36.0,6.6,2,17,236,False,False,False,False,RESTRICTED,SELF_SERVICE_KIOSK,
dcu-W-00190-20261109,worker-uuid-00190,W-00190,2026-11-09T06:30:00Z,DAY_SHIFT,169,101,90,99,36.1,7.1,1,12,240,False,False,True,False,RESTRICTED,SELF_SERVICE_KIOSK,
dcu-W-00190-20261110,worker-uuid-00190,W-00190,2026-11-10T06:30:00Z,DAY_SHIFT,171,106,88,98,36.5,7.3,0,18,220,True,False,True,False,UNFIT,SELF_SERVICE_KIOSK,
dcu-W-00190-20261111,worker-uuid-00190,W-00190,2026-11-11T06:30:00Z,DAY_SHIFT,162,103,85,97,36.6,6.7,2,10,267,False,False,True,False,RESTRICTED,PARAMEDIC_ASSISTED,user-paramedic-01
dcu-W-00190-20261112,worker-uuid-00190,W-00190,2026-11-12T06:30:00Z,DAY_SHIFT,163,97,80,98,36.7,6.2,1,11,218,False,False,False,False,RESTRICTED,SELF_SERVICE_KIOSK,
dcu-W-00190-20261113,worker-uuid-00190,W-00190,2026-11-13T06:30:00Z,DAY_SHIFT,162,104,82,96,36.7,8.1,2,19,248,False,False,False,False,RESTRICTED,SELF_SERVICE_KIOSK,
dcu-W-00190-20261114,worker-uuid-00190,W-00190,2026-11-14T06:30:00Z,DAY_SHIFT,167,109,83,97,36.5,7.1,1,19,240,False,False,True,False,RESTRICTED,SELF_SERVICE_KIOSK,
dcu-W-00190-20261115,worker-uuid-00190,W-00190,2026-11-15T06:30:00Z,DAY_SHIFT,167,99,91,98,37.0,5.4,1,12,234,False,False,True,False,RESTRICTED,SELF_SERVICE_KIOSK,
dcu-W-00190-20261116,worker-uuid-00190,W-00190,2026-11-16T06:30:00Z,DAY_SHIFT,163,115,89,99,36.9,6.6,2,8,250,False,False,True,False,UNFIT,PARAMEDIC_ASSISTED,user-paramedic-01
dcu-W-00190-20261117,worker-uuid-00190,W-00190,2026-11-17T06:30:00Z,DAY_SHIFT,170,107,85,98,36.2,6.6,2,13,211,False,False,False,False,RESTRICTED,SELF_SERVICE_KIOSK,
dcu-W-00190-20261118,worker-uuid-00190,W-00190,2026-11-18T06:30:00Z,DAY_SHIFT,157,93,88,98,36.6,6.0,2,14,202,False,False,False,False,RESTRICTED,PARAMEDIC_ASSISTED,user-paramedic-01
dcu-W-00190-20261120,worker-uuid-00190,W-00190,2026-11-20T06:30:00Z,DAY_SHIFT,163,101,88,96,36.7,5.9,0,6,234,False,False,False,False,RESTRICTED,SELF_SERVICE_KIOSK,
dcu-W-00190-20261121,worker-uuid-00190,W-00190,2026-11-21T06:30:00Z,DAY_SHIFT,171,107,82,98,36.8,6.6,1,15,267,False,False,True,False,RESTRICTED,SELF_SERVICE_KIOSK,
dcu-W-00190-20261122,worker-uuid-00190,W-00190,2026-11-22T06:30:00Z,DAY_SHIFT,161,97,90,98,36.5,7.8,1,14,201,False,False,True,False,RESTRICTED,PARAMEDIC_ASSISTED,user-paramedic-01
dcu-W-00190-20261123,worker-uuid-00190,W-00190,2026-11-23T06:30:00Z,DAY_SHIFT,157,100,80,97,36.2,5.5,0,12,229,False,False,False,False,RESTRICTED,SELF_SERVICE_KIOSK,
dcu-W-00190-20261124,worker-uuid-00190,W-00190,2026-11-24T06:30:00Z,DAY_SHIFT,163,108,83,97,36.6,5.6,1,15,221,False,False,False,False,RESTRICTED,SELF_SERVICE_KIOSK,
dcu-W-00190-20261125,worker-uuid-00190,W-00190,2026-11-25T06:30:00Z,DAY_SHIFT,168,104,84,96,37.0,7.7,0,9,185,True,False,True,False,UNFIT,PARAMEDIC_ASSISTED,user-paramedic-01
dcu-W-00190-20261126,worker-uuid-00190,W-00190,2026-11-26T06:30:00Z,DAY_SHIFT,168,100,90,97,36.1,7.5,1,12,276,False,False,False,False,RESTRICTED,PARAMEDIC_ASSISTED,user-paramedic-01
dcu-W-00190-20261127,worker-uuid-00190,W-00190,2026-11-27T06:30:00Z,DAY_SHIFT,157,97,81,98,36.0,7.2,0,11,241,False,False,False,False,RESTRICTED,SELF_SERVICE_KIOSK,
dcu-W-00190-20261128,worker-uuid-00190,W-00190,2026-11-28T06:30:00Z,DAY_SHIFT,164,108,83,99,36.7,7.7,0,16,203,False,False,False,False,RESTRICTED,SELF_SERVICE_KIOSK,
dcu-W-00190-20261129,worker-uuid-00190,W-00190,2026-11-29T06:30:00Z,DAY_SHIFT,155,96,82,97,36.8,6.0,1,12,178,False,False,False,False,RESTRICTED,PARAMEDIC_ASSISTED,user-paramedic-01
dcu-W-00190-20261130,worker-uuid-00190,W-00190,2026-11-30T06:30:00Z,DAY_SHIFT,168,113,89,99,36.5,7.3,0,10,261,False,False,False,False,RESTRICTED,SELF_SERVICE_KIOSK,
dcu-W-00190-20261201,worker-uuid-00190,W-00190,2026-12-01T06:30:00Z,DAY_SHIFT,157,101,86,97,36.5,5.7,2,19,230,False,False,True,False,RESTRICTED,PARAMEDIC_ASSISTED,user-paramedic-01
dcu-W-00190-20261202,worker-uuid-00190,W-00190,2026-12-02T06:30:00Z,DAY_SHIFT,163,97,86,98,36.6,7.3,0,15,222,False,False,False,False,RESTRICTED,SELF_SERVICE_KIOSK,
dcu-W-00190-20261203,worker-uuid-00190,W-00190,2026-12-03T06:30:00Z,DAY_SHIFT,157,97,86,97,36.2,7.5,0,20,223,False,False,False,False,RESTRICTED,SELF_SERVICE_KIOSK,
dcu-W-00190-20261205,worker-uuid-00190,W-00190,2026-12-05T06:30:00Z,DAY_SHIFT,166,108,80,99,36.5,6.3,0,13,241,False,False,False,False,RESTRICTED,PARAMEDIC_ASSISTED,user-paramedic-01
dcu-W-00190-20261206,worker-uuid-00190,W-00190,2026-12-06T06:30:00Z,DAY_SHIFT,160,94,83,99,36.4,5.7,1,11,253,False,False,True,False,RESTRICTED,PARAMEDIC_ASSISTED,user-paramedic-01
dcu-W-00190-20261207,worker-uuid-00190,W-00190,2026-12-07T06:30:00Z,DAY_SHIFT,164,102,91,97,37.3,6.7,0,14,243,False,False,False,False,RESTRICTED,PARAMEDIC_ASSISTED,user-paramedic-01
dcu-W-00190-20261208,worker-uuid-00190,W-00190,2026-12-08T06:30:00Z,DAY_SHIFT,165,101,85,97,36.5,5.5,0,8,291,False,False,False,False,RESTRICTED,SELF_SERVICE_KIOSK,
dcu-W-00190-20261209,worker-uuid-00190,W-00190,2026-12-09T06:30:00Z,DAY_SHIFT,171,111,75,97,36.3,7.6,2,12,269,False,False,False,False,RESTRICTED,SELF_SERVICE_KIOSK,
dcu-W-00190-20261210,worker-uuid-00190,W-00190,2026-12-10T06:30:00Z,DAY_SHIFT,161,103,88,96,36.3,6.9,2,9,238,False,False,False,False,RESTRICTED,SELF_SERVICE_KIOSK,
dcu-W-00190-20261211,worker-uuid-00190,W-00190,2026-12-11T06:30:00Z,DAY_SHIFT,161,95,89,98,36.3,6.8,2,17,227,False,False,False,False,RESTRICTED,SELF_SERVICE_KIOSK,
dcu-W-00190-20261212,worker-uuid-00190,W-00190,2026-12-12T06:30:00Z,DAY_SHIFT,173,110,88,97,36.1,6.6,0,8,234,False,False,False,False,RESTRICTED,SELF_SERVICE_KIOSK,
dcu-W-00190-20261214,worker-uuid-00190,W-00190,2026-12-14T06:30:00Z,DAY_SHIFT,158,101,84,98,36.3,6.9,0,10,262,False,False,True,False,RESTRICTED,SELF_SERVICE_KIOSK,
dcu-W-00190-20261215,worker-uuid-00190,W-00190,2026-12-15T06:30:00Z,DAY_SHIFT,165,99,90,99,36.6,5.6,1,6,273,False,False,True,False,RESTRICTED,PARAMEDIC_ASSISTED,user-paramedic-01
dcu-W-00190-20261217,worker-uuid-00190,W-00190,2026-12-17T06:30:00Z,DAY_SHIFT,163,97,87,98,36.5,6.8,0,16,233,False,False,True,False,RESTRICTED,SELF_SERVICE_KIOSK,
dcu-W-00190-20261218,worker-uuid-00190,W-00190,2026-12-18T06:30:00Z,DAY_SHIFT,154,100,84,98,36.9,7.9,1,18,204,False,False,True,False,RESTRICTED,PARAMEDIC_ASSISTED,user-paramedic-01
dcu-W-00190-20261219,worker-uuid-00190,W-00190,2026-12-19T06:30:00Z,DAY_SHIFT,169,103,82,97,36.6,8.0,1,7,203,False,False,False,False,RESTRICTED,SELF_SERVICE_KIOSK,
dcu-W-00190-20261220,worker-uuid-00190,W-00190,2026-12-20T06:30:00Z,DAY_SHIFT,165,98,93,99,36.5,5.9,1,10,220,False,False,True,False,RESTRICTED,PARAMEDIC_ASSISTED,user-paramedic-01
dcu-W-00190-20261221,worker-uuid-00190,W-00190,2026-12-21T06:30:00Z,DAY_SHIFT,171,109,85,98,36.4,6.6,0,16,243,False,False,False,False,RESTRICTED,PARAMEDIC_ASSISTED,user-paramedic-01
dcu-W-00190-20261222,worker-uuid-00190,W-00190,2026-12-22T06:30:00Z,DAY_SHIFT,169,111,88,97,36.5,8.3,1,17,267,False,False,False,False,RESTRICTED,SELF_SERVICE_KIOSK,
dcu-W-00190-20261223,worker-uuid-00190,W-00190,2026-12-23T06:30:00Z,DAY_SHIFT,169,101,82,98,36.3,8.3,1,14,231,False,False,False,False,RESTRICTED,SELF_SERVICE_KIOSK,
dcu-W-00190-20261224,worker-uuid-00190,W-00190,2026-12-24T06:30:00Z,DAY_SHIFT,165,101,85,97,36.4,6.4,2,15,268,True,False,True,False,UNFIT,SELF_SERVICE_KIOSK,
dcu-W-00190-20261225,worker-uuid-00190,W-00190,2026-12-25T06:30:00Z,DAY_SHIFT,158,99,72,97,36.8,7.0,2,13,202,False,False,True,False,RESTRICTED,PARAMEDIC_ASSISTED,user-paramedic-01
dcu-W-00190-20261226,worker-uuid-00190,W-00190,2026-12-26T06:30:00Z,DAY_SHIFT,164,102,95,97,36.6,5.7,0,19,255,False,False,False,False,RESTRICTED,PARAMEDIC_ASSISTED,user-paramedic-01
dcu-W-00190-20261227,worker-uuid-00190,W-00190,2026-12-27T06:30:00Z,DAY_SHIFT,167,100,87,97,36.6,7.6,0,19,236,False,False,False,False,RESTRICTED,SELF_SERVICE_KIOSK,
dcu-W-00190-20261228,worker-uuid-00190,W-00190,2026-12-28T06:30:00Z,DAY_SHIFT,167,109,83,96,37.0,6.8,0,11,227,False,False,True,False,RESTRICTED,SELF_SERVICE_KIOSK,
dcu-W-00190-20261230,worker-uuid-00190,W-00190,2026-12-30T06:30:00Z,DAY_SHIFT,160,92,74,99,36.8,5.8,2,6,210,False,False,False,False,RESTRICTED,SELF_SERVICE_KIOSK,
dcu-W-00191-20260101,worker-uuid-00191,W-00191,2026-01-01T06:30:00Z,DAY_SHIFT,129,78,69,98,36.6,7.9,2,6,239,False,False,False,False,FIT,PARAMEDIC_ASSISTED,user-paramedic-01
dcu-W-00191-20260104,worker-uuid-00191,W-00191,2026-01-04T06:30:00Z,DAY_SHIFT,143,91,76,98,36.5,7.1,2,6,204,False,False,False,False,FIT,SELF_SERVICE_KIOSK,
dcu-W-00191-20260105,worker-uuid-00191,W-00191,2026-01-05T06:30:00Z,DAY_SHIFT,131,77,82,99,37.0,7.7,0,13,208,False,False,False,False,FIT,SELF_SERVICE_KIOSK,
dcu-W-00191-20260106,worker-uuid-00191,W-00191,2026-01-06T06:30:00Z,DAY_SHIFT,139,80,73,99,36.4,6.5,0,18,235,False,False,False,False,FIT,SELF_SERVICE_KIOSK,
dcu-W-00191-20260107,worker-uuid-00191,W-00191,2026-01-07T06:30:00Z,DAY_SHIFT,127,77,80,99,36.9,6.1,0,16,167,False,False,False,False,FIT,SELF_SERVICE_KIOSK,
dcu-W-00191-20260108,worker-uuid-00191,W-00191,2026-01-08T06:30:00Z,DAY_SHIFT,132,84,65,98,36.4,9.0,2,20,285,False,False,False,False,FIT,SELF_SERVICE_KIOSK,
dcu-W-00191-20260109,worker-uuid-00191,W-00191,2026-01-09T06:30:00Z,DAY_SHIFT,133,79,76,97,36.4,6.8,2,12,201,False,False,False,False,FIT,SELF_SERVICE_KIOSK,
dcu-W-00191-20260110,worker-uuid-00191,W-00191,2026-01-10T06:30:00Z,DAY_SHIFT,133,76,70,99,36.5,7.4,1,17,202,False,False,False,False,FIT,SELF_SERVICE_KIOSK,
dcu-W-00191-20260111,worker-uuid-00191,W-00191,2026-01-11T06:30:00Z,DAY_SHIFT,125,78,75,95,36.4,5.9,2,9,241,False,False,False,False,FIT,SELF_SERVICE_KIOSK,
dcu-W-00191-20260112,worker-uuid-00191,W-00191,2026-01-12T06:30:00Z,DAY_SHIFT,131,78,75,97,36.5,6.9,1,16,255,False,False,False,False,FIT,SELF_SERVICE_KIOSK,
dcu-W-00191-20260113,worker-uuid-00191,W-00191,2026-01-13T06:30:00Z,DAY_SHIFT,139,81,77,97,36.6,6.7,2,16,234,False,False,False,False,FIT,PARAMEDIC_ASSISTED,user-paramedic-01
dcu-W-00191-20260114,worker-uuid-00191,W-00191,2026-01-14T06:30:00Z,DAY_SHIFT,126,78,68,98,36.4,7.3,0,18,211,False,False,False,False,FIT,SELF_SERVICE_KIOSK,
dcu-W-00191-20260115,worker-uuid-00191,W-00191,2026-01-15T18:30:00Z,NIGHT_SHIFT,136,89,78,100,36.5,5.4,2,18,335,False,False,False,False,FIT,SELF_SERVICE_KIOSK,
dcu-W-00191-20260116,worker-uuid-00191,W-00191,2026-01-16T18:30:00Z,NIGHT_SHIFT,146,85,79,98,36.5,4.6,2,10,266,False,False,False,False,FIT,PARAMEDIC_ASSISTED,user-paramedic-01
dcu-W-00191-20260118,worker-uuid-00191,W-00191,2026-01-18T18:30:00Z,NIGHT_SHIFT,125,77,74,100,35.7,5.8,3,9,317,False,False,False,False,FIT,SELF_SERVICE_KIOSK,
dcu-W-00191-20260120,worker-uuid-00191,W-00191,2026-01-20T18:30:00Z,NIGHT_SHIFT,133,82,80,96,36.5,5.4,3,12,335,False,False,False,False,FIT,SELF_SERVICE_KIOSK,
dcu-W-00191-20260121,worker-uuid-00191,W-00191,2026-01-21T18:30:00Z,NIGHT_SHIFT,142,84,81,97,36.3,4.6,4,14,347,False,False,False,False,FIT,SELF_SERVICE_KIOSK,
dcu-W-00191-20260122,worker-uuid-00191,W-00191,2026-01-22T18:30:00Z,NIGHT_SHIFT,132,79,90,98,37.0,3.5,1,10,318,False,False,True,False,RESTRICTED,PARAMEDIC_ASSISTED,user-paramedic-01
dcu-W-00191-20260123,worker-uuid-00191,W-00191,2026-01-23T18:30:00Z,NIGHT_SHIFT,137,87,88,98,36.4,6.4,1,12,312,False,False,False,False,FIT,PARAMEDIC_ASSISTED,user-paramedic-01
dcu-W-00191-20260124,worker-uuid-00191,W-00191,2026-01-24T18:30:00Z,NIGHT_SHIFT,135,90,84,99,36.4,5.4,4,9,369,False,False,False,False,FIT,SELF_SERVICE_KIOSK,
dcu-W-00191-20260125,worker-uuid-00191,W-00191,2026-01-25T18:30:00Z,NIGHT_SHIFT,131,77,67,97,36.4,7.2,3,7,282,False,False,False,False,FIT,PARAMEDIC_ASSISTED,user-paramedic-01
dcu-W-00191-20260126,worker-uuid-00191,W-00191,2026-01-26T18:30:00Z,NIGHT_SHIFT,139,92,80,98,36.2,5.2,4,6,373,False,False,False,False,FIT,PARAMEDIC_ASSISTED,user-paramedic-01
dcu-W-00191-20260127,worker-uuid-00191,W-00191,2026-01-27T18:30:00Z,NIGHT_SHIFT,142,89,76,99,35.7,6.0,1,15,318,False,False,False,False,FIT,SELF_SERVICE_KIOSK,
dcu-W-00191-20260128,worker-uuid-00191,W-00191,2026-01-28T18:30:00Z,NIGHT_SHIFT,152,92,80,98,36.5,3.6,4,7,319,False,False,False,False,RESTRICTED,PARAMEDIC_ASSISTED,user-paramedic-01
dcu-W-00191-20260129,worker-uuid-00191,W-00191,2026-01-29T06:30:00Z,DAY_SHIFT,118,75,74,98,36.6,7.1,1,20,227,False,False,False,False,FIT,SELF_SERVICE_KIOSK,
dcu-W-00191-20260130,worker-uuid-00191,W-00191,2026-01-30T06:30:00Z,DAY_SHIFT,133,81,79,99,36.5,7.2,1,8,255,False,False,False,False,FIT,SELF_SERVICE_KIOSK,
dcu-W-00191-20260131,worker-uuid-00191,W-00191,2026-01-31T06:30:00Z,DAY_SHIFT,133,93,69,99,36.1,6.3,2,19,201,False,False,False,False,FIT,PARAMEDIC_ASSISTED,user-paramedic-01
dcu-W-00191-20260201,worker-uuid-00191,W-00191,2026-02-01T06:30:00Z,DAY_SHIFT,130,84,78,99,36.5,4.4,2,18,245,False,False,False,False,RESTRICTED,SELF_SERVICE_KIOSK,
dcu-W-00191-20260202,worker-uuid-00191,W-00191,2026-02-02T06:30:00Z,DAY_SHIFT,131,86,74,95,36.6,7.6,0,9,200,False,False,False,False,FIT,SELF_SERVICE_KIOSK,
dcu-W-00191-20260203,worker-uuid-00191,W-00191,2026-02-03T06:30:00Z,DAY_SHIFT,140,88,65,97,36.9,5.9,1,7,253,False,False,False,False,FIT,SELF_SERVICE_KIOSK,
dcu-W-00191-20260204,worker-uuid-00191,W-00191,2026-02-04T06:30:00Z,DAY_SHIFT,127,80,65,98,36.9,7.4,0,13,254,False,False,False,False,FIT,PARAMEDIC_ASSISTED,user-paramedic-01
dcu-W-00191-20260205,worker-uuid-00191,W-00191,2026-02-05T06:30:00Z,DAY_SHIFT,127,72,74,97,36.3,7.6,1,15,212,False,False,False,False,FIT,SELF_SERVICE_KIOSK,
dcu-W-00191-20260206,worker-uuid-00191,W-00191,2026-02-06T06:30:00Z,DAY_SHIFT,132,83,78,98,36.4,7.0,2,14,257,False,False,False,False,FIT,SELF_SERVICE_KIOSK,
dcu-W-00191-20260208,worker-uuid-00191,W-00191,2026-02-08T06:30:00Z,DAY_SHIFT,135,83,79,99,36.2,7.1,2,7,254,False,False,False,False,FIT,SELF_SERVICE_KIOSK,
dcu-W-00191-20260209,worker-uuid-00191,W-00191,2026-02-09T06:30:00Z,DAY_SHIFT,130,79,73,96,36.4,6.5,2,18,237,False,False,False,False,FIT,SELF_SERVICE_KIOSK,
dcu-W-00191-20260210,worker-uuid-00191,W-00191,2026-02-10T06:30:00Z,DAY_SHIFT,129,82,77,98,36.6,6.8,1,12,248,False,False,False,False,FIT,SELF_SERVICE_KIOSK,
dcu-W-00191-20260211,worker-uuid-00191,W-00191,2026-02-11T06:30:00Z,DAY_SHIFT,128,76,75,99,37.2,6.4,1,18,271,False,False,False,False,FIT,SELF_SERVICE_KIOSK,
dcu-W-00191-20260212,worker-uuid-00191,W-00191,2026-02-12T18:30:00Z,NIGHT_SHIFT,143,86,80,95,36.6,6.0,3,15,338,False,False,False,False,FIT,PARAMEDIC_ASSISTED,user-paramedic-01
dcu-W-00191-20260215,worker-uuid-00191,W-00191,2026-02-15T18:30:00Z,NIGHT_SHIFT,136,92,80,97,36.4,5.9,4,9,333,False,False,False,False,FIT,SELF_SERVICE_KIOSK,
dcu-W-00191-20260216,worker-uuid-00191,W-00191,2026-02-16T18:30:00Z,NIGHT_SHIFT,136,84,77,98,36.5,5.2,4,11,281,False,False,False,False,FIT,SELF_SERVICE_KIOSK,
dcu-W-00191-20260217,worker-uuid-00191,W-00191,2026-02-17T18:30:00Z,NIGHT_SHIFT,138,85,76,96,36.2,3.8,2,7,320,False,False,False,False,RESTRICTED,SELF_SERVICE_KIOSK,
dcu-W-00191-20260218,worker-uuid-00191,W-00191,2026-02-18T18:30:00Z,NIGHT_SHIFT,138,87,73,97,36.2,5.9,2,16,276,False,False,False,False,FIT,SELF_SERVICE_KIOSK,
dcu-W-00191-20260220,worker-uuid-00191,W-00191,2026-02-20T18:30:00Z,NIGHT_SHIFT,135,82,84,98,36.1,5.0,4,15,304,False,False,False,False,FIT,PARAMEDIC_ASSISTED,user-paramedic-01
dcu-W-00191-20260221,worker-uuid-00191,W-00191,2026-02-21T18:30:00Z,NIGHT_SHIFT,136,84,81,98,36.2,3.7,2,11,318,False,False,False,False,RESTRICTED,PARAMEDIC_ASSISTED,user-paramedic-01
dcu-W-00191-20260223,worker-uuid-00191,W-00191,2026-02-23T18:30:00Z,NIGHT_SHIFT,133,85,75,97,36.0,5.9,2,10,311,False,False,False,False,FIT,PARAMEDIC_ASSISTED,user-paramedic-01
dcu-W-00191-20260225,worker-uuid-00191,W-00191,2026-02-25T18:30:00Z,NIGHT_SHIFT,142,95,83,97,36.3,6.3,3,19,341,False,False,False,False,RESTRICTED,SELF_SERVICE_KIOSK,
dcu-W-00191-20260226,worker-uuid-00191,W-00191,2026-02-26T06:30:00Z,DAY_SHIFT,132,85,72,95,36.3,5.6,1,18,231,False,False,False,False,FIT,SELF_SERVICE_KIOSK,
dcu-W-00191-20260227,worker-uuid-00191,W-00191,2026-02-27T06:30:00Z,DAY_SHIFT,136,87,75,97,36.4,7.5,2,12,175,False,False,False,False,FIT,PARAMEDIC_ASSISTED,user-paramedic-01
dcu-W-00191-20260228,worker-uuid-00191,W-00191,2026-02-28T06:30:00Z,DAY_SHIFT,132,80,76,97,36.5,8.0,1,7,230,False,False,False,False,FIT,SELF_SERVICE_KIOSK,
dcu-W-00191-20260301,worker-uuid-00191,W-00191,2026-03-01T06:30:00Z,DAY_SHIFT,132,83,72,98,36.2,6.4,1,9,192,False,False,False,False,FIT,SELF_SERVICE_KIOSK,
dcu-W-00191-20260302,worker-uuid-00191,W-00191,2026-03-02T06:30:00Z,DAY_SHIFT,131,87,80,99,36.4,6.8,2,14,266,False,False,False,False,FIT,SELF_SERVICE_KIOSK,
dcu-W-00191-20260303,worker-uuid-00191,W-00191,2026-03-03T06:30:00Z,DAY_SHIFT,132,88,75,98,36.4,6.1,1,9,265,False,False,False,False,FIT,SELF_SERVICE_KIOSK,
dcu-W-00191-20260304,worker-uuid-00191,W-00191,2026-03-04T06:30:00Z,DAY_SHIFT,133,82,77,99,36.3,6.8,1,7,261,False,False,False,False,FIT,PARAMEDIC_ASSISTED,user-paramedic-01
dcu-W-00191-20260305,worker-uuid-00191,W-00191,2026-03-05T06:30:00Z,DAY_SHIFT,130,81,74,97,36.9,8.4,2,13,230,False,False,False,False,FIT,PARAMEDIC_ASSISTED,user-paramedic-01
dcu-W-00191-20260307,worker-uuid-00191,W-00191,2026-03-07T06:30:00Z,DAY_SHIFT,127,87,74,98,36.7,6.6,0,13,217,False,False,False,False,FIT,PARAMEDIC_ASSISTED,user-paramedic-01
dcu-W-00191-20260309,worker-uuid-00191,W-00191,2026-03-09T06:30:00Z,DAY_SHIFT,132,79,74,97,35.8,5.9,0,6,261,False,False,False,False,FIT,SELF_SERVICE_KIOSK,
dcu-W-00191-20260310,worker-uuid-00191,W-00191,2026-03-10T06:30:00Z,DAY_SHIFT,133,81,77,98,36.5,7.7,1,7,240,False,False,False,False,FIT,SELF_SERVICE_KIOSK,
dcu-W-00191-20260312,worker-uuid-00191,W-00191,2026-03-12T18:30:00Z,NIGHT_SHIFT,138,92,77,99,36.4,3.9,3,18,345,False,False,False,False,RESTRICTED,SELF_SERVICE_KIOSK,
dcu-W-00191-20260313,worker-uuid-00191,W-00191,2026-03-13T18:30:00Z,NIGHT_SHIFT,134,84,74,99,36.8,5.5,3,10,243,False,False,False,False,FIT,PARAMEDIC_ASSISTED,user-paramedic-01
dcu-W-00191-20260314,worker-uuid-00191,W-00191,2026-03-14T18:30:00Z,NIGHT_SHIFT,142,95,81,97,35.9,4.9,2,13,300,False,False,False,False,RESTRICTED,PARAMEDIC_ASSISTED,user-paramedic-01
dcu-W-00191-20260315,worker-uuid-00191,W-00191,2026-03-15T18:30:00Z,NIGHT_SHIFT,133,82,83,96,36.0,5.1,3,8,348,False,False,False,False,FIT,SELF_SERVICE_KIOSK,
dcu-W-00191-20260316,worker-uuid-00191,W-00191,2026-03-16T18:30:00Z,NIGHT_SHIFT,134,84,82,97,36.4,5.9,1,15,293,False,False,False,False,FIT,SELF_SERVICE_KIOSK,
dcu-W-00191-20260317,worker-uuid-00191,W-00191,2026-03-17T18:30:00Z,NIGHT_SHIFT,145,90,84,98,36.6,4.6,4,15,344,False,False,False,False,FIT,SELF_SERVICE_KIOSK,
dcu-W-00191-20260318,worker-uuid-00191,W-00191,2026-03-18T18:30:00Z,NIGHT_SHIFT,141,87,85,98,36.7,4.4,3,12,295,False,False,True,False,RESTRICTED,PARAMEDIC_ASSISTED,user-paramedic-01
dcu-W-00191-20260319,worker-uuid-00191,W-00191,2026-03-19T18:30:00Z,NIGHT_SHIFT,139,92,87,98,36.7,5.6,4,9,359,False,False,False,False,FIT,PARAMEDIC_ASSISTED,user-paramedic-01
dcu-W-00191-20260321,worker-uuid-00191,W-00191,2026-03-21T18:30:00Z,NIGHT_SHIFT,125,80,81,97,36.5,5.5,2,17,380,False,False,False,False,FIT,SELF_SERVICE_KIOSK,
dcu-W-00191-20260322,worker-uuid-00191,W-00191,2026-03-22T18:30:00Z,NIGHT_SHIFT,142,89,82,97,36.7,3.4,3,8,339,False,False,False,False,RESTRICTED,PARAMEDIC_ASSISTED,user-paramedic-01
dcu-W-00191-20260323,worker-uuid-00191,W-00191,2026-03-23T18:30:00Z,NIGHT_SHIFT,127,80,83,98,37.0,7.6,2,10,308,False,False,False,False,FIT,SELF_SERVICE_KIOSK,
dcu-W-00191-20260324,worker-uuid-00191,W-00191,2026-03-24T18:30:00Z,NIGHT_SHIFT,135,76,81,97,36.2,3.3,1,6,321,False,False,False,False,RESTRICTED,PARAMEDIC_ASSISTED,user-paramedic-01
dcu-W-00191-20260326,worker-uuid-00191,W-00191,2026-03-26T06:30:00Z,DAY_SHIFT,139,83,73,100,36.3,7.9,0,8,258,False,False,False,False,FIT,PARAMEDIC_ASSISTED,user-paramedic-01
dcu-W-00191-20260327,worker-uuid-00191,W-00191,2026-03-27T06:30:00Z,DAY_SHIFT,137,88,69,97,36.1,7.6,0,14,256,False,False,False,False,FIT,SELF_SERVICE_KIOSK,
dcu-W-00191-20260329,worker-uuid-00191,W-00191,2026-03-29T06:30:00Z,DAY_SHIFT,130,84,73,95,36.8,7.4,1,17,235,False,False,False,False,FIT,SELF_SERVICE_KIOSK,
dcu-W-00191-20260330,worker-uuid-00191,W-00191,2026-03-30T06:30:00Z,DAY_SHIFT,126,76,81,96,36.7,7.2,0,7,190,False,False,False,False,FIT,SELF_SERVICE_KIOSK,
dcu-W-00191-20260401,worker-uuid-00191,W-00191,2026-04-01T06:30:00Z,DAY_SHIFT,129,81,71,98,36.3,6.8,2,9,245,False,False,False,False,FIT,SELF_SERVICE_KIOSK,
dcu-W-00191-20260402,worker-uuid-00191,W-00191,2026-04-02T06:30:00Z,DAY_SHIFT,127,79,66,98,36.5,7.7,0,11,234,False,False,False,False,FIT,SELF_SERVICE_KIOSK,
dcu-W-00191-20260403,worker-uuid-00191,W-00191,2026-04-03T06:30:00Z,DAY_SHIFT,127,75,76,98,36.3,6.5,1,13,187,False,False,False,False,FIT,SELF_SERVICE_KIOSK,
dcu-W-00191-20260405,worker-uuid-00191,W-00191,2026-04-05T06:30:00Z,DAY_SHIFT,143,83,75,98,36.8,6.4,0,15,242,False,False,False,False,FIT,SELF_SERVICE_KIOSK,
dcu-W-00191-20260406,worker-uuid-00191,W-00191,2026-04-06T06:30:00Z,DAY_SHIFT,130,77,74,96,36.6,7.4,0,19,210,False,False,False,False,FIT,PARAMEDIC_ASSISTED,user-paramedic-01
dcu-W-00191-20260407,worker-uuid-00191,W-00191,2026-04-07T06:30:00Z,DAY_SHIFT,129,82,72,98,36.2,6.6,1,20,260,False,False,False,False,FIT,SELF_SERVICE_KIOSK,
dcu-W-00191-20260409,worker-uuid-00191,W-00191,2026-04-09T18:30:00Z,NIGHT_SHIFT,139,87,79,98,36.7,5.4,4,10,373,False,False,False,False,FIT,SELF_SERVICE_KIOSK,
dcu-W-00191-20260410,worker-uuid-00191,W-00191,2026-04-10T18:30:00Z,NIGHT_SHIFT,134,83,82,96,36.3,2.9,1,7,329,False,False,True,False,RESTRICTED,PARAMEDIC_ASSISTED,user-paramedic-01
dcu-W-00191-20260411,worker-uuid-00191,W-00191,2026-04-11T18:30:00Z,NIGHT_SHIFT,135,89,75,96,36.6,5.9,1,12,305,False,False,False,False,FIT,SELF_SERVICE_KIOSK,
dcu-W-00191-20260412,worker-uuid-00191,W-00191,2026-04-12T18:30:00Z,NIGHT_SHIFT,145,92,75,97,36.5,2.4,3,16,218,False,False,True,False,RESTRICTED,SELF_SERVICE_KIOSK,
dcu-W-00191-20260413,worker-uuid-00191,W-00191,2026-04-13T18:30:00Z,NIGHT_SHIFT,145,87,77,99,36.3,9.1,3,18,282,False,False,False,False,FIT,PARAMEDIC_ASSISTED,user-paramedic-01
dcu-W-00191-20260414,worker-uuid-00191,W-00191,2026-04-14T18:30:00Z,NIGHT_SHIFT,140,91,71,97,36.4,4.7,2,18,304,False,False,False,False,FIT,PARAMEDIC_ASSISTED,user-paramedic-01
dcu-W-00191-20260415,worker-uuid-00191,W-00191,2026-04-15T18:30:00Z,NIGHT_SHIFT,138,92,88,98,36.7,6.2,3,17,318,False,False,False,False,FIT,PARAMEDIC_ASSISTED,user-paramedic-01
dcu-W-00191-20260416,worker-uuid-00191,W-00191,2026-04-16T18:30:00Z,NIGHT_SHIFT,145,87,78,98,36.3,3.6,1,19,293,False,False,False,False,RESTRICTED,PARAMEDIC_ASSISTED,user-paramedic-01
dcu-W-00191-20260417,worker-uuid-00191,W-00191,2026-04-17T18:30:00Z,NIGHT_SHIFT,140,86,91,97,36.7,4.7,2,13,347,False,False,False,False,FIT,PARAMEDIC_ASSISTED,user-paramedic-01
dcu-W-00191-20260418,worker-uuid-00191,W-00191,2026-04-18T18:30:00Z,NIGHT_SHIFT,146,97,86,96,36.4,4.8,3,13,313,False,False,False,False,RESTRICTED,SELF_SERVICE_KIOSK,
dcu-W-00191-20260420,worker-uuid-00191,W-00191,2026-04-20T18:30:00Z,NIGHT_SHIFT,127,79,79,97,36.0,5.3,4,13,326,False,False,False,False,FIT,SELF_SERVICE_KIOSK,
dcu-W-00191-20260421,worker-uuid-00191,W-00191,2026-04-21T18:30:00Z,NIGHT_SHIFT,139,85,86,97,37.0,6.1,4,15,306,False,False,False,False,FIT,PARAMEDIC_ASSISTED,user-paramedic-01
dcu-W-00191-20260422,worker-uuid-00191,W-00191,2026-04-22T18:30:00Z,NIGHT_SHIFT,136,82,84,96,36.8,3.5,3,10,303,False,False,False,False,RESTRICTED,SELF_SERVICE_KIOSK,
dcu-W-00191-20260424,worker-uuid-00191,W-00191,2026-04-24T06:30:00Z,DAY_SHIFT,133,87,75,96,36.5,5.1,1,19,264,False,False,False,False,FIT,SELF_SERVICE_KIOSK,
dcu-W-00191-20260425,worker-uuid-00191,W-00191,2026-04-25T06:30:00Z,DAY_SHIFT,119,81,69,99,36.5,7.4,1,6,244,False,False,False,False,FIT,SELF_SERVICE_KIOSK,
dcu-W-00191-20260426,worker-uuid-00191,W-00191,2026-04-26T06:30:00Z,DAY_SHIFT,127,74,74,98,36.0,7.5,2,6,286,False,False,False,False,FIT,PARAMEDIC_ASSISTED,user-paramedic-01
dcu-W-00191-20260429,worker-uuid-00191,W-00191,2026-04-29T06:30:00Z,DAY_SHIFT,138,86,70,97,36.6,7.4,2,8,210,False,False,False,False,FIT,SELF_SERVICE_KIOSK,
dcu-W-00191-20260430,worker-uuid-00191,W-00191,2026-04-30T06:30:00Z,DAY_SHIFT,142,85,84,97,36.3,7.7,2,11,225,False,False,False,False,FIT,PARAMEDIC_ASSISTED,user-paramedic-01
dcu-W-00191-20260501,worker-uuid-00191,W-00191,2026-05-01T06:30:00Z,DAY_SHIFT,128,83,72,97,36.4,6.2,2,16,234,False,False,False,False,FIT,PARAMEDIC_ASSISTED,user-paramedic-01
dcu-W-00191-20260502,worker-uuid-00191,W-00191,2026-05-02T06:30:00Z,DAY_SHIFT,137,79,73,99,36.3,5.7,0,16,265,False,False,False,False,FIT,SELF_SERVICE_KIOSK,
dcu-W-00191-20260503,worker-uuid-00191,W-00191,2026-05-03T06:30:00Z,DAY_SHIFT,129,82,60,97,36.9,7.3,1,6,199,False,False,False,False,FIT,PARAMEDIC_ASSISTED,user-paramedic-01
dcu-W-00191-20260504,worker-uuid-00191,W-00191,2026-05-04T06:30:00Z,DAY_SHIFT,125,82,76,97,36.0,6.6,1,20,212,False,False,False,False,FIT,SELF_SERVICE_KIOSK,
dcu-W-00191-20260505,worker-uuid-00191,W-00191,2026-05-05T06:30:00Z,DAY_SHIFT,137,89,77,97,36.8,7.0,1,16,205,False,False,False,False,FIT,PARAMEDIC_ASSISTED,user-paramedic-01
dcu-W-00191-20260506,worker-uuid-00191,W-00191,2026-05-06T06:30:00Z,DAY_SHIFT,137,88,79,97,36.3,6.6,0,11,259,False,False,False,False,FIT,PARAMEDIC_ASSISTED,user-paramedic-01
dcu-W-00191-20260507,worker-uuid-00191,W-00191,2026-05-07T18:30:00Z,NIGHT_SHIFT,137,89,78,97,36.8,4.4,4,10,353,False,False,False,False,RESTRICTED,SELF_SERVICE_KIOSK,
dcu-W-00191-20260508,worker-uuid-00191,W-00191,2026-05-08T18:30:00Z,NIGHT_SHIFT,131,81,84,97,36.2,6.2,4,14,298,False,False,False,False,FIT,SELF_SERVICE_KIOSK,
dcu-W-00191-20260509,worker-uuid-00191,W-00191,2026-05-09T18:30:00Z,NIGHT_SHIFT,141,87,91,98,36.3,5.8,2,20,255,False,False,False,False,FIT,PARAMEDIC_ASSISTED,user-paramedic-01
dcu-W-00191-20260510,worker-uuid-00191,W-00191,2026-05-10T18:30:00Z,NIGHT_SHIFT,133,84,84,99,36.6,4.6,3,6,305,False,False,False,False,FIT,SELF_SERVICE_KIOSK,
dcu-W-00191-20260512,worker-uuid-00191,W-00191,2026-05-12T18:30:00Z,NIGHT_SHIFT,138,86,84,97,36.8,4.8,3,7,342,False,False,False,False,FIT,SELF_SERVICE_KIOSK,
dcu-W-00191-20260513,worker-uuid-00191,W-00191,2026-05-13T18:30:00Z,NIGHT_SHIFT,147,93,74,97,36.4,4.5,3,15,271,False,False,False,False,FIT,SELF_SERVICE_KIOSK,
dcu-W-00191-20260514,worker-uuid-00191,W-00191,2026-05-14T18:30:00Z,NIGHT_SHIFT,145,94,66,98,36.3,4.7,2,20,285,False,False,False,False,FIT,SELF_SERVICE_KIOSK,
dcu-W-00191-20260515,worker-uuid-00191,W-00191,2026-05-15T18:30:00Z,NIGHT_SHIFT,137,83,81,98,36.4,6.3,3,9,317,False,False,False,False,FIT,SELF_SERVICE_KIOSK,
dcu-W-00191-20260516,worker-uuid-00191,W-00191,2026-05-16T18:30:00Z,NIGHT_SHIFT,140,89,78,97,37.0,5.1,3,16,319,False,False,False,False,FIT,SELF_SERVICE_KIOSK,
dcu-W-00191-20260517,worker-uuid-00191,W-00191,2026-05-17T18:30:00Z,NIGHT_SHIFT,127,80,90,97,36.7,6.2,4,20,309,False,False,False,False,FIT,SELF_SERVICE_KIOSK,
dcu-W-00191-20260518,worker-uuid-00191,W-00191,2026-05-18T18:30:00Z,NIGHT_SHIFT,138,87,80,100,36.8,5.5,2,8,313,False,False,False,False,FIT,SELF_SERVICE_KIOSK,
dcu-W-00191-20260519,worker-uuid-00191,W-00191,2026-05-19T18:30:00Z,NIGHT_SHIFT,142,87,76,97,36.4,4.0,1,11,307,False,False,True,False,RESTRICTED,PARAMEDIC_ASSISTED,user-paramedic-01
dcu-W-00191-20260520,worker-uuid-00191,W-00191,2026-05-20T18:30:00Z,NIGHT_SHIFT,137,83,75,96,36.1,5.7,3,20,297,False,False,False,False,FIT,PARAMEDIC_ASSISTED,user-paramedic-01
dcu-W-00191-20260521,worker-uuid-00191,W-00191,2026-05-21T06:30:00Z,DAY_SHIFT,136,86,66,97,37.0,6.5,0,8,262,False,False,False,False,FIT,PARAMEDIC_ASSISTED,user-paramedic-01
dcu-W-00191-20260522,worker-uuid-00191,W-00191,2026-05-22T06:30:00Z,DAY_SHIFT,131,82,68,97,36.9,7.7,1,7,263,False,False,False,False,FIT,SELF_SERVICE_KIOSK,
dcu-W-00191-20260523,worker-uuid-00191,W-00191,2026-05-23T06:30:00Z,DAY_SHIFT,128,82,73,100,36.4,7.9,2,13,246,False,False,False,False,FIT,PARAMEDIC_ASSISTED,user-paramedic-01
dcu-W-00191-20260524,worker-uuid-00191,W-00191,2026-05-24T06:30:00Z,DAY_SHIFT,128,79,76,97,36.7,7.3,0,18,252,False,False,False,False,FIT,SELF_SERVICE_KIOSK,
dcu-W-00191-20260525,worker-uuid-00191,W-00191,2026-05-25T06:30:00Z,DAY_SHIFT,134,85,67,98,36.6,8.8,2,10,197,False,False,False,False,FIT,PARAMEDIC_ASSISTED,user-paramedic-01
dcu-W-00191-20260528,worker-uuid-00191,W-00191,2026-05-28T06:30:00Z,DAY_SHIFT,129,81,72,98,36.3,6.3,2,9,268,False,False,False,False,FIT,PARAMEDIC_ASSISTED,user-paramedic-01
dcu-W-00191-20260529,worker-uuid-00191,W-00191,2026-05-29T06:30:00Z,DAY_SHIFT,129,86,76,97,36.7,6.4,2,10,209,False,False,False,False,FIT,PARAMEDIC_ASSISTED,user-paramedic-01
dcu-W-00191-20260530,worker-uuid-00191,W-00191,2026-05-30T06:30:00Z,DAY_SHIFT,126,82,78,98,36.0,6.4,0,6,229,False,False,False,False,FIT,PARAMEDIC_ASSISTED,user-paramedic-01
dcu-W-00191-20260531,worker-uuid-00191,W-00191,2026-05-31T06:30:00Z,DAY_SHIFT,130,81,68,99,36.5,7.6,0,20,228,False,False,False,False,FIT,PARAMEDIC_ASSISTED,user-paramedic-01
dcu-W-00191-20260601,worker-uuid-00191,W-00191,2026-06-01T06:30:00Z,DAY_SHIFT,132,83,74,98,36.6,6.4,1,6,214,False,False,False,False,FIT,SELF_SERVICE_KIOSK,
dcu-W-00191-20260602,worker-uuid-00191,W-00191,2026-06-02T06:30:00Z,DAY_SHIFT,133,83,81,98,36.7,6.3,0,19,263,False,False,False,False,FIT,SELF_SERVICE_KIOSK,
dcu-W-00191-20260603,worker-uuid-00191,W-00191,2026-06-03T06:30:00Z,DAY_SHIFT,134,80,72,97,36.3,8.2,1,17,218,False,False,False,False,FIT,PARAMEDIC_ASSISTED,user-paramedic-01
dcu-W-00191-20260604,worker-uuid-00191,W-00191,2026-06-04T18:30:00Z,NIGHT_SHIFT,131,81,77,96,36.4,5.6,4,19,318,False,False,False,False,FIT,SELF_SERVICE_KIOSK,
dcu-W-00191-20260605,worker-uuid-00191,W-00191,2026-06-05T18:30:00Z,NIGHT_SHIFT,139,85,78,98,36.8,4.1,1,12,307,False,False,False,False,RESTRICTED,PARAMEDIC_ASSISTED,user-paramedic-01
dcu-W-00191-20260607,worker-uuid-00191,W-00191,2026-06-07T18:30:00Z,NIGHT_SHIFT,132,82,88,99,36.8,6.3,3,15,371,False,False,False,False,FIT,SELF_SERVICE_KIOSK,
dcu-W-00191-20260608,worker-uuid-00191,W-00191,2026-06-08T18:30:00Z,NIGHT_SHIFT,137,84,75,98,36.7,6.0,3,7,334,False,False,False,False,FIT,SELF_SERVICE_KIOSK,
dcu-W-00191-20260609,worker-uuid-00191,W-00191,2026-06-09T18:30:00Z,NIGHT_SHIFT,133,87,86,98,36.3,3.9,3,12,273,False,False,True,False,RESTRICTED,SELF_SERVICE_KIOSK,
dcu-W-00191-20260610,worker-uuid-00191,W-00191,2026-06-10T18:30:00Z,NIGHT_SHIFT,134,80,78,98,36.6,6.0,1,14,275,False,False,False,False,FIT,PARAMEDIC_ASSISTED,user-paramedic-01
dcu-W-00191-20260611,worker-uuid-00191,W-00191,2026-06-11T18:30:00Z,NIGHT_SHIFT,123,76,81,99,36.5,5.7,3,9,341,False,False,False,False,FIT,PARAMEDIC_ASSISTED,user-paramedic-01
dcu-W-00191-20260612,worker-uuid-00191,W-00191,2026-06-12T18:30:00Z,NIGHT_SHIFT,141,91,78,99,36.5,4.5,4,10,285,False,False,False,False,FIT,PARAMEDIC_ASSISTED,user-paramedic-01
dcu-W-00191-20260614,worker-uuid-00191,W-00191,2026-06-14T18:30:00Z,NIGHT_SHIFT,143,87,75,99,36.6,3.8,1,7,285,False,False,False,False,RESTRICTED,PARAMEDIC_ASSISTED,user-paramedic-01
dcu-W-00191-20260615,worker-uuid-00191,W-00191,2026-06-15T18:30:00Z,NIGHT_SHIFT,133,82,87,97,36.6,6.3,1,8,360,False,False,False,False,FIT,PARAMEDIC_ASSISTED,user-paramedic-01
dcu-W-00191-20260616,worker-uuid-00191,W-00191,2026-06-16T18:30:00Z,NIGHT_SHIFT,145,92,83,96,36.0,4.4,4,7,318,False,False,True,False,RESTRICTED,SELF_SERVICE_KIOSK,
dcu-W-00191-20260617,worker-uuid-00191,W-00191,2026-06-17T18:30:00Z,NIGHT_SHIFT,130,80,71,99,37.1,6.2,2,11,335,False,False,False,False,FIT,SELF_SERVICE_KIOSK,
dcu-W-00191-20260618,worker-uuid-00191,W-00191,2026-06-18T06:30:00Z,DAY_SHIFT,125,73,68,97,36.1,6.0,2,6,252,False,False,False,False,FIT,SELF_SERVICE_KIOSK,
dcu-W-00191-20260619,worker-uuid-00191,W-00191,2026-06-19T06:30:00Z,DAY_SHIFT,127,83,76,97,36.8,6.9,1,18,231,False,False,False,False,FIT,PARAMEDIC_ASSISTED,user-paramedic-01
dcu-W-00191-20260620,worker-uuid-00191,W-00191,2026-06-20T06:30:00Z,DAY_SHIFT,124,81,64,97,36.8,8.3,1,11,202,False,False,False,False,FIT,PARAMEDIC_ASSISTED,user-paramedic-01
dcu-W-00191-20260621,worker-uuid-00191,W-00191,2026-06-21T06:30:00Z,DAY_SHIFT,132,86,72,97,36.7,8.3,2,9,260,False,False,False,False,FIT,PARAMEDIC_ASSISTED,user-paramedic-01
dcu-W-00191-20260622,worker-uuid-00191,W-00191,2026-06-22T06:30:00Z,DAY_SHIFT,135,80,71,99,36.0,6.2,0,13,222,False,False,False,False,FIT,SELF_SERVICE_KIOSK,
dcu-W-00191-20260623,worker-uuid-00191,W-00191,2026-06-23T06:30:00Z,DAY_SHIFT,133,79,79,97,36.7,6.5,2,19,222,False,False,False,False,FIT,PARAMEDIC_ASSISTED,user-paramedic-01
dcu-W-00191-20260624,worker-uuid-00191,W-00191,2026-06-24T06:30:00Z,DAY_SHIFT,134,84,70,99,36.5,7.4,0,17,235,False,False,False,False,FIT,SELF_SERVICE_KIOSK,
dcu-W-00191-20260626,worker-uuid-00191,W-00191,2026-06-26T06:30:00Z,DAY_SHIFT,131,81,77,96,36.5,6.9,0,18,247,False,False,False,False,FIT,PARAMEDIC_ASSISTED,user-paramedic-01
dcu-W-00191-20260627,worker-uuid-00191,W-00191,2026-06-27T06:30:00Z,DAY_SHIFT,131,87,74,99,36.4,6.7,1,8,207,False,False,False,False,FIT,PARAMEDIC_ASSISTED,user-paramedic-01
dcu-W-00191-20260628,worker-uuid-00191,W-00191,2026-06-28T06:30:00Z,DAY_SHIFT,121,80,62,98,36.5,7.6,0,18,238,False,False,False,False,FIT,PARAMEDIC_ASSISTED,user-paramedic-01
dcu-W-00191-20260629,worker-uuid-00191,W-00191,2026-06-29T06:30:00Z,DAY_SHIFT,125,82,74,97,37.1,7.7,2,16,300,False,False,False,False,FIT,SELF_SERVICE_KIOSK,
dcu-W-00191-20260630,worker-uuid-00191,W-00191,2026-06-30T06:30:00Z,DAY_SHIFT,130,90,71,99,36.9,6.3,2,8,257,False,False,False,False,FIT,SELF_SERVICE_KIOSK,
dcu-W-00191-20260701,worker-uuid-00191,W-00191,2026-07-01T06:30:00Z,DAY_SHIFT,131,80,63,99,36.3,6.6,2,8,280,False,False,False,False,FIT,PARAMEDIC_ASSISTED,user-paramedic-01
dcu-W-00191-20260702,worker-uuid-00191,W-00191,2026-07-02T18:30:00Z,NIGHT_SHIFT,137,83,88,96,36.5,5.1,2,6,341,False,False,False,False,FIT,SELF_SERVICE_KIOSK,
dcu-W-00191-20260703,worker-uuid-00191,W-00191,2026-07-03T18:30:00Z,NIGHT_SHIFT,140,91,84,96,36.5,5.7,4,16,368,False,False,False,False,FIT,SELF_SERVICE_KIOSK,
dcu-W-00191-20260704,worker-uuid-00191,W-00191,2026-07-04T18:30:00Z,NIGHT_SHIFT,132,85,74,97,36.5,6.0,2,19,308,False,False,False,False,FIT,PARAMEDIC_ASSISTED,user-paramedic-01
dcu-W-00191-20260705,worker-uuid-00191,W-00191,2026-07-05T18:30:00Z,NIGHT_SHIFT,142,89,76,98,36.3,4.7,4,6,294,False,False,False,False,FIT,SELF_SERVICE_KIOSK,
dcu-W-00191-20260706,worker-uuid-00191,W-00191,2026-07-06T18:30:00Z,NIGHT_SHIFT,136,85,77,98,36.4,4.3,4,13,346,False,False,False,False,RESTRICTED,PARAMEDIC_ASSISTED,user-paramedic-01
dcu-W-00191-20260707,worker-uuid-00191,W-00191,2026-07-07T18:30:00Z,NIGHT_SHIFT,127,79,84,99,36.7,6.8,3,6,338,False,False,False,False,FIT,SELF_SERVICE_KIOSK,
dcu-W-00191-20260708,worker-uuid-00191,W-00191,2026-07-08T18:30:00Z,NIGHT_SHIFT,134,84,88,100,36.6,6.1,4,8,286,False,False,False,False,FIT,SELF_SERVICE_KIOSK,
dcu-W-00191-20260709,worker-uuid-00191,W-00191,2026-07-09T18:30:00Z,NIGHT_SHIFT,143,93,78,97,36.3,5.0,1,12,266,False,False,False,False,FIT,SELF_SERVICE_KIOSK,
dcu-W-00191-20260710,worker-uuid-00191,W-00191,2026-07-10T18:30:00Z,NIGHT_SHIFT,139,93,87,99,36.9,6.2,1,9,320,False,False,False,False,FIT,SELF_SERVICE_KIOSK,
dcu-W-00191-20260712,worker-uuid-00191,W-00191,2026-07-12T18:30:00Z,NIGHT_SHIFT,125,74,80,98,36.8,5.8,4,17,301,False,False,False,False,FIT,SELF_SERVICE_KIOSK,
dcu-W-00191-20260713,worker-uuid-00191,W-00191,2026-07-13T18:30:00Z,NIGHT_SHIFT,133,88,83,97,36.4,5.5,4,9,310,False,False,False,False,FIT,PARAMEDIC_ASSISTED,user-paramedic-01
dcu-W-00191-20260716,worker-uuid-00191,W-00191,2026-07-16T06:30:00Z,DAY_SHIFT,132,83,72,97,36.2,6.4,0,14,242,False,False,False,False,FIT,PARAMEDIC_ASSISTED,user-paramedic-01
dcu-W-00191-20260717,worker-uuid-00191,W-00191,2026-07-17T06:30:00Z,DAY_SHIFT,128,73,62,98,36.7,6.8,2,8,250,False,False,False,False,FIT,PARAMEDIC_ASSISTED,user-paramedic-01
dcu-W-00191-20260718,worker-uuid-00191,W-00191,2026-07-18T06:30:00Z,DAY_SHIFT,137,85,69,98,36.2,6.8,0,6,176,False,False,False,False,FIT,SELF_SERVICE_KIOSK,
dcu-W-00191-20260720,worker-uuid-00191,W-00191,2026-07-20T06:30:00Z,DAY_SHIFT,134,87,72,97,36.6,7.5,0,20,300,False,False,False,False,FIT,SELF_SERVICE_KIOSK,
dcu-W-00191-20260721,worker-uuid-00191,W-00191,2026-07-21T06:30:00Z,DAY_SHIFT,123,76,72,96,35.9,6.2,2,12,242,False,False,False,False,FIT,PARAMEDIC_ASSISTED,user-paramedic-01
dcu-W-00191-20260722,worker-uuid-00191,W-00191,2026-07-22T06:30:00Z,DAY_SHIFT,135,94,72,100,35.6,8.1,0,15,205,False,False,False,False,FIT,SELF_SERVICE_KIOSK,
dcu-W-00191-20260724,worker-uuid-00191,W-00191,2026-07-24T06:30:00Z,DAY_SHIFT,139,88,69,96,36.2,7.4,2,20,235,False,False,False,False,FIT,SELF_SERVICE_KIOSK,
dcu-W-00191-20260725,worker-uuid-00191,W-00191,2026-07-25T06:30:00Z,DAY_SHIFT,119,78,72,99,36.5,6.8,1,18,222,False,False,False,False,FIT,PARAMEDIC_ASSISTED,user-paramedic-01
dcu-W-00191-20260726,worker-uuid-00191,W-00191,2026-07-26T06:30:00Z,DAY_SHIFT,122,78,75,96,36.8,8.0,0,16,227,False,False,False,False,FIT,SELF_SERVICE_KIOSK,
dcu-W-00191-20260727,worker-uuid-00191,W-00191,2026-07-27T06:30:00Z,DAY_SHIFT,130,82,69,97,36.5,6.5,1,11,263,False,False,False,False,FIT,SELF_SERVICE_KIOSK,
dcu-W-00191-20260728,worker-uuid-00191,W-00191,2026-07-28T06:30:00Z,DAY_SHIFT,134,91,71,99,36.5,7.5,0,14,264,False,False,False,False,FIT,SELF_SERVICE_KIOSK,
dcu-W-00191-20260729,worker-uuid-00191,W-00191,2026-07-29T06:30:00Z,DAY_SHIFT,132,84,71,96,36.7,7.2,0,8,216,False,False,False,False,FIT,SELF_SERVICE_KIOSK,
dcu-W-00191-20260730,worker-uuid-00191,W-00191,2026-07-30T18:30:00Z,NIGHT_SHIFT,138,89,85,98,36.8,6.0,3,10,356,False,False,False,False,FIT,PARAMEDIC_ASSISTED,user-paramedic-01
dcu-W-00191-20260731,worker-uuid-00191,W-00191,2026-07-31T18:30:00Z,NIGHT_SHIFT,143,83,83,96,36.9,4.9,1,12,250,False,False,False,False,FIT,PARAMEDIC_ASSISTED,user-paramedic-01
dcu-W-00191-20260801,worker-uuid-00191,W-00191,2026-08-01T18:30:00Z,NIGHT_SHIFT,138,83,83,97,36.6,3.6,2,8,306,False,False,True,False,RESTRICTED,PARAMEDIC_ASSISTED,user-paramedic-01
dcu-W-00191-20260802,worker-uuid-00191,W-00191,2026-08-02T18:30:00Z,NIGHT_SHIFT,132,81,81,98,36.4,5.9,1,13,239,False,False,False,False,FIT,PARAMEDIC_ASSISTED,user-paramedic-01
dcu-W-00191-20260803,worker-uuid-00191,W-00191,2026-08-03T18:30:00Z,NIGHT_SHIFT,149,100,79,97,36.0,4.0,2,18,355,False,False,False,False,RESTRICTED,PARAMEDIC_ASSISTED,user-paramedic-01
dcu-W-00191-20260804,worker-uuid-00191,W-00191,2026-08-04T18:30:00Z,NIGHT_SHIFT,145,84,80,98,36.5,3.8,2,13,344,False,False,False,False,RESTRICTED,PARAMEDIC_ASSISTED,user-paramedic-01
dcu-W-00191-20260805,worker-uuid-00191,W-00191,2026-08-05T18:30:00Z,NIGHT_SHIFT,141,82,84,98,36.9,4.6,2,17,312,False,False,False,False,FIT,PARAMEDIC_ASSISTED,user-paramedic-01
dcu-W-00191-20260807,worker-uuid-00191,W-00191,2026-08-07T18:30:00Z,NIGHT_SHIFT,130,87,83,98,36.8,7.2,3,9,330,False,False,False,False,FIT,SELF_SERVICE_KIOSK,
dcu-W-00191-20260808,worker-uuid-00191,W-00191,2026-08-08T18:30:00Z,NIGHT_SHIFT,151,95,81,99,36.5,4.7,4,20,246,False,False,False,False,RESTRICTED,PARAMEDIC_ASSISTED,user-paramedic-01
dcu-W-00191-20260809,worker-uuid-00191,W-00191,2026-08-09T18:30:00Z,NIGHT_SHIFT,136,74,91,95,36.4,5.9,3,6,279,False,False,False,False,FIT,PARAMEDIC_ASSISTED,user-paramedic-01
dcu-W-00191-20260810,worker-uuid-00191,W-00191,2026-08-10T18:30:00Z,NIGHT_SHIFT,132,84,73,97,36.7,5.5,4,20,286,False,False,False,False,FIT,PARAMEDIC_ASSISTED,user-paramedic-01
dcu-W-00191-20260811,worker-uuid-00191,W-00191,2026-08-11T18:30:00Z,NIGHT_SHIFT,136,88,81,96,36.9,5.5,4,11,283,False,False,False,False,FIT,SELF_SERVICE_KIOSK,
dcu-W-00191-20260812,worker-uuid-00191,W-00191,2026-08-12T18:30:00Z,NIGHT_SHIFT,139,80,78,98,37.1,3.1,2,17,282,False,False,False,False,RESTRICTED,PARAMEDIC_ASSISTED,user-paramedic-01
dcu-W-00191-20260813,worker-uuid-00191,W-00191,2026-08-13T06:30:00Z,DAY_SHIFT,134,78,73,98,36.5,6.8,2,16,233,False,False,False,False,FIT,SELF_SERVICE_KIOSK,
dcu-W-00191-20260814,worker-uuid-00191,W-00191,2026-08-14T06:30:00Z,DAY_SHIFT,139,93,80,98,36.3,6.6,1,11,235,False,False,False,False,FIT,PARAMEDIC_ASSISTED,user-paramedic-01
dcu-W-00191-20260815,worker-uuid-00191,W-00191,2026-08-15T06:30:00Z,DAY_SHIFT,129,79,73,98,36.3,8.0,1,10,195,False,False,False,False,FIT,SELF_SERVICE_KIOSK,
dcu-W-00191-20260816,worker-uuid-00191,W-00191,2026-08-16T06:30:00Z,DAY_SHIFT,126,78,71,98,36.1,6.6,1,6,244,False,False,False,False,FIT,PARAMEDIC_ASSISTED,user-paramedic-01
dcu-W-00191-20260817,worker-uuid-00191,W-00191,2026-08-17T06:30:00Z,DAY_SHIFT,128,76,74,99,36.5,6.5,2,12,177,False,False,False,False,FIT,PARAMEDIC_ASSISTED,user-paramedic-01
dcu-W-00191-20260818,worker-uuid-00191,W-00191,2026-08-18T06:30:00Z,DAY_SHIFT,132,79,73,99,36.8,6.3,1,12,263,False,False,False,False,FIT,SELF_SERVICE_KIOSK,
dcu-W-00191-20260819,worker-uuid-00191,W-00191,2026-08-19T06:30:00Z,DAY_SHIFT,130,77,79,97,36.3,6.2,1,6,247,False,False,False,False,FIT,PARAMEDIC_ASSISTED,user-paramedic-01
dcu-W-00191-20260820,worker-uuid-00191,W-00191,2026-08-20T06:30:00Z,DAY_SHIFT,130,81,71,97,35.9,7.2,2,12,243,False,False,False,False,FIT,SELF_SERVICE_KIOSK,
dcu-W-00191-20260822,worker-uuid-00191,W-00191,2026-08-22T06:30:00Z,DAY_SHIFT,138,83,75,98,37.1,7.2,1,11,213,False,False,False,False,FIT,PARAMEDIC_ASSISTED,user-paramedic-01
dcu-W-00191-20260823,worker-uuid-00191,W-00191,2026-08-23T06:30:00Z,DAY_SHIFT,130,80,75,99,36.4,6.4,2,11,238,False,False,False,False,FIT,SELF_SERVICE_KIOSK,
dcu-W-00191-20260825,worker-uuid-00191,W-00191,2026-08-25T06:30:00Z,DAY_SHIFT,136,87,76,98,36.6,7.6,0,9,200,False,False,False,False,FIT,SELF_SERVICE_KIOSK,
dcu-W-00191-20260826,worker-uuid-00191,W-00191,2026-08-26T06:30:00Z,DAY_SHIFT,125,80,73,98,36.8,7.3,2,14,211,False,False,False,False,FIT,SELF_SERVICE_KIOSK,
dcu-W-00191-20260827,worker-uuid-00191,W-00191,2026-08-27T18:30:00Z,NIGHT_SHIFT,140,80,79,97,36.5,5.4,2,18,332,False,False,False,False,FIT,SELF_SERVICE_KIOSK,
dcu-W-00191-20260828,worker-uuid-00191,W-00191,2026-08-28T18:30:00Z,NIGHT_SHIFT,141,94,80,98,37.2,4.2,4,18,450,False,False,False,False,RESTRICTED,SELF_SERVICE_KIOSK,
dcu-W-00191-20260829,worker-uuid-00191,W-00191,2026-08-29T18:30:00Z,NIGHT_SHIFT,135,76,80,99,36.6,5.3,1,20,336,False,False,False,False,FIT,SELF_SERVICE_KIOSK,
dcu-W-00191-20260830,worker-uuid-00191,W-00191,2026-08-30T18:30:00Z,NIGHT_SHIFT,135,79,82,97,36.6,7.6,1,12,327,False,False,False,False,FIT,PARAMEDIC_ASSISTED,user-paramedic-01
dcu-W-00191-20260831,worker-uuid-00191,W-00191,2026-08-31T18:30:00Z,NIGHT_SHIFT,136,80,80,99,36.1,5.3,3,9,270,False,False,False,False,FIT,PARAMEDIC_ASSISTED,user-paramedic-01
dcu-W-00191-20260901,worker-uuid-00191,W-00191,2026-09-01T18:30:00Z,NIGHT_SHIFT,134,87,78,97,36.6,5.8,3,12,288,False,False,False,False,FIT,SELF_SERVICE_KIOSK,
dcu-W-00191-20260902,worker-uuid-00191,W-00191,2026-09-02T18:30:00Z,NIGHT_SHIFT,137,93,81,98,36.6,5.7,2,14,319,False,False,False,False,FIT,SELF_SERVICE_KIOSK,
dcu-W-00191-20260905,worker-uuid-00191,W-00191,2026-09-05T18:30:00Z,NIGHT_SHIFT,137,87,82,97,35.8,5.2,3,6,312,False,False,False,False,FIT,PARAMEDIC_ASSISTED,user-paramedic-01
dcu-W-00191-20260907,worker-uuid-00191,W-00191,2026-09-07T18:30:00Z,NIGHT_SHIFT,143,90,82,98,36.5,4.4,2,19,281,False,False,False,False,RESTRICTED,PARAMEDIC_ASSISTED,user-paramedic-01
dcu-W-00191-20260908,worker-uuid-00191,W-00191,2026-09-08T18:30:00Z,NIGHT_SHIFT,146,90,79,97,36.4,4.7,2,15,283,False,False,False,False,FIT,SELF_SERVICE_KIOSK,
dcu-W-00191-20260909,worker-uuid-00191,W-00191,2026-09-09T18:30:00Z,NIGHT_SHIFT,137,84,87,97,36.8,6.1,4,6,319,False,False,False,False,FIT,SELF_SERVICE_KIOSK,
dcu-W-00191-20260910,worker-uuid-00191,W-00191,2026-09-10T06:30:00Z,DAY_SHIFT,133,92,68,99,36.6,7.3,2,7,197,False,False,False,False,FIT,PARAMEDIC_ASSISTED,user-paramedic-01
dcu-W-00191-20260912,worker-uuid-00191,W-00191,2026-09-12T06:30:00Z,DAY_SHIFT,132,85,80,96,36.5,6.1,2,7,216,False,False,False,False,FIT,SELF_SERVICE_KIOSK,
dcu-W-00191-20260915,worker-uuid-00191,W-00191,2026-09-15T06:30:00Z,DAY_SHIFT,128,79,80,99,36.2,6.5,0,10,198,False,False,False,False,FIT,SELF_SERVICE_KIOSK,
dcu-W-00191-20260916,worker-uuid-00191,W-00191,2026-09-16T06:30:00Z,DAY_SHIFT,126,81,76,98,36.4,6.7,0,20,228,False,False,False,False,FIT,PARAMEDIC_ASSISTED,user-paramedic-01
dcu-W-00191-20260917,worker-uuid-00191,W-00191,2026-09-17T06:30:00Z,DAY_SHIFT,136,90,80,97,36.6,7.1,0,10,256,False,False,False,False,FIT,SELF_SERVICE_KIOSK,
dcu-W-00191-20260918,worker-uuid-00191,W-00191,2026-09-18T06:30:00Z,DAY_SHIFT,137,89,79,97,36.2,6.7,0,11,220,False,False,False,False,FIT,SELF_SERVICE_KIOSK,
dcu-W-00191-20260920,worker-uuid-00191,W-00191,2026-09-20T06:30:00Z,DAY_SHIFT,128,90,76,99,35.8,8.1,2,14,218,False,False,False,False,FIT,SELF_SERVICE_KIOSK,
dcu-W-00191-20260921,worker-uuid-00191,W-00191,2026-09-21T06:30:00Z,DAY_SHIFT,129,86,74,96,36.4,5.8,2,16,262,False,False,False,False,FIT,SELF_SERVICE_KIOSK,
dcu-W-00191-20260923,worker-uuid-00191,W-00191,2026-09-23T06:30:00Z,DAY_SHIFT,140,84,83,97,36.6,6.4,2,7,233,False,False,False,False,FIT,SELF_SERVICE_KIOSK,
dcu-W-00191-20260924,worker-uuid-00191,W-00191,2026-09-24T18:30:00Z,NIGHT_SHIFT,142,85,80,97,35.9,6.9,3,18,294,False,False,False,False,FIT,SELF_SERVICE_KIOSK,
dcu-W-00191-20260925,worker-uuid-00191,W-00191,2026-09-25T18:30:00Z,NIGHT_SHIFT,146,90,86,97,36.3,3.5,3,9,378,False,False,False,False,RESTRICTED,PARAMEDIC_ASSISTED,user-paramedic-01
dcu-W-00191-20260926,worker-uuid-00191,W-00191,2026-09-26T18:30:00Z,NIGHT_SHIFT,148,92,85,95,37.0,4.7,1,16,339,False,False,False,False,FIT,PARAMEDIC_ASSISTED,user-paramedic-01
dcu-W-00191-20260927,worker-uuid-00191,W-00191,2026-09-27T18:30:00Z,NIGHT_SHIFT,137,89,85,98,36.6,5.0,1,6,259,False,False,False,False,FIT,SELF_SERVICE_KIOSK,
dcu-W-00191-20260928,worker-uuid-00191,W-00191,2026-09-28T18:30:00Z,NIGHT_SHIFT,133,84,83,98,36.6,2.5,3,10,281,False,False,False,False,RESTRICTED,SELF_SERVICE_KIOSK,
dcu-W-00191-20260929,worker-uuid-00191,W-00191,2026-09-29T18:30:00Z,NIGHT_SHIFT,143,89,86,97,36.5,4.4,4,8,305,False,False,False,False,RESTRICTED,SELF_SERVICE_KIOSK,
dcu-W-00191-20260930,worker-uuid-00191,W-00191,2026-09-30T18:30:00Z,NIGHT_SHIFT,143,89,79,97,36.1,3.9,2,19,308,False,False,False,False,RESTRICTED,SELF_SERVICE_KIOSK,
dcu-W-00191-20261001,worker-uuid-00191,W-00191,2026-10-01T18:30:00Z,NIGHT_SHIFT,123,74,78,99,36.6,6.8,4,11,321,False,False,False,False,FIT,SELF_SERVICE_KIOSK,
dcu-W-00191-20261002,worker-uuid-00191,W-00191,2026-10-02T18:30:00Z,NIGHT_SHIFT,129,81,81,99,36.7,5.8,1,15,319,False,False,False,False,FIT,SELF_SERVICE_KIOSK,
dcu-W-00191-20261003,worker-uuid-00191,W-00191,2026-10-03T18:30:00Z,NIGHT_SHIFT,138,95,83,98,36.4,5.0,2,18,313,False,False,True,False,RESTRICTED,SELF_SERVICE_KIOSK,
dcu-W-00191-20261004,worker-uuid-00191,W-00191,2026-10-04T18:30:00Z,NIGHT_SHIFT,153,101,81,98,36.3,6.7,3,19,304,False,False,True,False,RESTRICTED,PARAMEDIC_ASSISTED,user-paramedic-01
dcu-W-00191-20261006,worker-uuid-00191,W-00191,2026-10-06T18:30:00Z,NIGHT_SHIFT,150,96,78,99,36.7,5.4,3,16,295,False,False,True,False,RESTRICTED,PARAMEDIC_ASSISTED,user-paramedic-01
dcu-W-00191-20261007,worker-uuid-00191,W-00191,2026-10-07T18:30:00Z,NIGHT_SHIFT,134,82,75,98,36.5,5.3,1,9,315,False,False,False,False,FIT,PARAMEDIC_ASSISTED,user-paramedic-01
dcu-W-00191-20261008,worker-uuid-00191,W-00191,2026-10-08T06:30:00Z,DAY_SHIFT,141,88,67,98,36.5,6.4,1,10,241,False,False,False,False,FIT,PARAMEDIC_ASSISTED,user-paramedic-01
dcu-W-00191-20261009,worker-uuid-00191,W-00191,2026-10-09T06:30:00Z,DAY_SHIFT,131,79,69,97,36.7,7.6,1,9,206,False,False,False,False,FIT,SELF_SERVICE_KIOSK,
dcu-W-00191-20261011,worker-uuid-00191,W-00191,2026-10-11T06:30:00Z,DAY_SHIFT,137,85,85,98,36.7,6.3,1,20,226,False,False,False,False,FIT,SELF_SERVICE_KIOSK,
dcu-W-00191-20261012,worker-uuid-00191,W-00191,2026-10-12T06:30:00Z,DAY_SHIFT,127,75,78,99,36.4,5.5,1,11,241,False,False,False,False,FIT,SELF_SERVICE_KIOSK,
dcu-W-00191-20261013,worker-uuid-00191,W-00191,2026-10-13T06:30:00Z,DAY_SHIFT,130,87,78,97,36.7,6.3,2,17,261,False,False,False,False,FIT,SELF_SERVICE_KIOSK,
dcu-W-00191-20261014,worker-uuid-00191,W-00191,2026-10-14T06:30:00Z,DAY_SHIFT,141,82,71,99,35.9,7.6,0,13,242,False,False,False,False,FIT,PARAMEDIC_ASSISTED,user-paramedic-01
dcu-W-00191-20261016,worker-uuid-00191,W-00191,2026-10-16T06:30:00Z,DAY_SHIFT,134,78,75,96,36.8,6.0,0,14,213,False,False,False,False,FIT,SELF_SERVICE_KIOSK,
dcu-W-00191-20261017,worker-uuid-00191,W-00191,2026-10-17T06:30:00Z,DAY_SHIFT,131,84,67,99,36.2,8.6,2,15,254,False,False,False,False,FIT,SELF_SERVICE_KIOSK,
dcu-W-00191-20261018,worker-uuid-00191,W-00191,2026-10-18T06:30:00Z,DAY_SHIFT,124,76,69,97,36.4,8.1,2,20,270,False,False,False,False,FIT,PARAMEDIC_ASSISTED,user-paramedic-01
dcu-W-00191-20261019,worker-uuid-00191,W-00191,2026-10-19T06:30:00Z,DAY_SHIFT,128,72,70,100,36.6,7.2,0,14,219,False,False,False,False,FIT,SELF_SERVICE_KIOSK,
dcu-W-00191-20261020,worker-uuid-00191,W-00191,2026-10-20T06:30:00Z,DAY_SHIFT,124,86,75,97,36.9,8.8,1,17,237,False,False,False,False,FIT,SELF_SERVICE_KIOSK,
dcu-W-00191-20261021,worker-uuid-00191,W-00191,2026-10-21T06:30:00Z,DAY_SHIFT,127,75,73,98,36.9,7.9,0,6,221,False,False,False,False,FIT,SELF_SERVICE_KIOSK,
dcu-W-00191-20261022,worker-uuid-00191,W-00191,2026-10-22T18:30:00Z,NIGHT_SHIFT,144,82,83,98,35.9,5.8,3,10,307,False,False,False,False,FIT,SELF_SERVICE_KIOSK,
dcu-W-00191-20261023,worker-uuid-00191,W-00191,2026-10-23T18:30:00Z,NIGHT_SHIFT,138,80,92,100,36.5,4.4,3,13,245,False,False,False,False,RESTRICTED,PARAMEDIC_ASSISTED,user-paramedic-01
dcu-W-00191-20261024,worker-uuid-00191,W-00191,2026-10-24T18:30:00Z,NIGHT_SHIFT,139,79,82,97,36.4,5.1,2,8,276,False,False,False,False,FIT,PARAMEDIC_ASSISTED,user-paramedic-01
dcu-W-00191-20261025,worker-uuid-00191,W-00191,2026-10-25T18:30:00Z,NIGHT_SHIFT,147,86,81,100,36.3,3.3,3,12,329,False,False,False,False,RESTRICTED,PARAMEDIC_ASSISTED,user-paramedic-01
dcu-W-00191-20261026,worker-uuid-00191,W-00191,2026-10-26T18:30:00Z,NIGHT_SHIFT,130,84,91,96,36.6,5.5,4,20,331,False,False,False,False,FIT,SELF_SERVICE_KIOSK,
dcu-W-00191-20261027,worker-uuid-00191,W-00191,2026-10-27T18:30:00Z,NIGHT_SHIFT,136,82,80,99,36.4,4.8,1,18,301,False,False,False,False,FIT,PARAMEDIC_ASSISTED,user-paramedic-01
dcu-W-00191-20261028,worker-uuid-00191,W-00191,2026-10-28T18:30:00Z,NIGHT_SHIFT,141,91,77,98,36.8,4.3,3,18,310,False,False,True,False,RESTRICTED,SELF_SERVICE_KIOSK,
dcu-W-00191-20261029,worker-uuid-00191,W-00191,2026-10-29T18:30:00Z,NIGHT_SHIFT,139,91,87,96,37.0,4.0,3,12,256,False,False,False,False,RESTRICTED,PARAMEDIC_ASSISTED,user-paramedic-01
dcu-W-00191-20261031,worker-uuid-00191,W-00191,2026-10-31T18:30:00Z,NIGHT_SHIFT,144,86,82,99,36.0,4.3,2,12,373,False,False,False,False,RESTRICTED,SELF_SERVICE_KIOSK,
dcu-W-00191-20261102,worker-uuid-00191,W-00191,2026-11-02T18:30:00Z,NIGHT_SHIFT,137,86,87,98,36.7,6.7,1,18,262,False,False,False,False,FIT,SELF_SERVICE_KIOSK,
dcu-W-00191-20261105,worker-uuid-00191,W-00191,2026-11-05T06:30:00Z,DAY_SHIFT,134,83,73,96,36.4,7.7,2,17,217,False,False,False,False,FIT,SELF_SERVICE_KIOSK,
dcu-W-00191-20261106,worker-uuid-00191,W-00191,2026-11-06T06:30:00Z,DAY_SHIFT,130,78,83,97,36.4,7.1,2,19,269,False,False,False,False,FIT,PARAMEDIC_ASSISTED,user-paramedic-01
dcu-W-00191-20261107,worker-uuid-00191,W-00191,2026-11-07T06:30:00Z,DAY_SHIFT,124,74,78,97,36.2,5.9,1,7,257,False,False,False,False,FIT,SELF_SERVICE_KIOSK,
dcu-W-00191-20261108,worker-uuid-00191,W-00191,2026-11-08T06:30:00Z,DAY_SHIFT,132,80,74,98,36.3,7.2,0,6,223,False,False,False,False,FIT,PARAMEDIC_ASSISTED,user-paramedic-01
dcu-W-00191-20261109,worker-uuid-00191,W-00191,2026-11-09T06:30:00Z,DAY_SHIFT,132,79,65,98,36.8,7.7,0,11,233,False,False,False,False,FIT,PARAMEDIC_ASSISTED,user-paramedic-01
dcu-W-00191-20261110,worker-uuid-00191,W-00191,2026-11-10T06:30:00Z,DAY_SHIFT,130,77,73,96,36.2,7.7,1,20,288,False,False,False,False,FIT,SELF_SERVICE_KIOSK,
dcu-W-00191-20261111,worker-uuid-00191,W-00191,2026-11-11T06:30:00Z,DAY_SHIFT,137,84,69,96,36.6,7.3,0,13,244,False,False,False,False,FIT,SELF_SERVICE_KIOSK,
dcu-W-00191-20261112,worker-uuid-00191,W-00191,2026-11-12T06:30:00Z,DAY_SHIFT,137,81,77,98,36.7,7.5,1,15,198,False,False,False,False,FIT,SELF_SERVICE_KIOSK,
dcu-W-00191-20261113,worker-uuid-00191,W-00191,2026-11-13T06:30:00Z,DAY_SHIFT,132,82,74,100,36.5,6.8,1,14,225,False,False,False,False,FIT,SELF_SERVICE_KIOSK,
dcu-W-00191-20261114,worker-uuid-00191,W-00191,2026-11-14T06:30:00Z,DAY_SHIFT,125,76,74,98,36.5,6.7,0,16,203,False,False,False,False,FIT,SELF_SERVICE_KIOSK,
dcu-W-00191-20261115,worker-uuid-00191,W-00191,2026-11-15T06:30:00Z,DAY_SHIFT,133,76,74,99,36.0,9.1,0,11,210,False,False,False,False,FIT,SELF_SERVICE_KIOSK,
dcu-W-00191-20261117,worker-uuid-00191,W-00191,2026-11-17T06:30:00Z,DAY_SHIFT,128,81,68,98,36.3,6.3,2,6,196,False,False,False,False,FIT,SELF_SERVICE_KIOSK,
dcu-W-00191-20261118,worker-uuid-00191,W-00191,2026-11-18T06:30:00Z,DAY_SHIFT,134,87,79,98,36.4,6.4,2,6,244,False,False,False,False,FIT,PARAMEDIC_ASSISTED,user-paramedic-01
dcu-W-00191-20261119,worker-uuid-00191,W-00191,2026-11-19T18:30:00Z,NIGHT_SHIFT,144,89,81,97,36.7,5.3,4,15,301,False,False,False,False,FIT,PARAMEDIC_ASSISTED,user-paramedic-01
dcu-W-00191-20261120,worker-uuid-00191,W-00191,2026-11-20T18:30:00Z,NIGHT_SHIFT,139,91,81,98,36.3,6.7,3,19,276,False,False,False,False,FIT,SELF_SERVICE_KIOSK,
dcu-W-00191-20261121,worker-uuid-00191,W-00191,2026-11-21T18:30:00Z,NIGHT_SHIFT,143,90,81,98,36.5,4.4,1,17,289,False,False,False,False,RESTRICTED,PARAMEDIC_ASSISTED,user-paramedic-01
dcu-W-00191-20261122,worker-uuid-00191,W-00191,2026-11-22T18:30:00Z,NIGHT_SHIFT,132,82,83,98,36.5,4.8,3,11,324,False,False,False,False,FIT,SELF_SERVICE_KIOSK,
dcu-W-00191-20261123,worker-uuid-00191,W-00191,2026-11-23T18:30:00Z,NIGHT_SHIFT,149,89,75,99,36.1,4.0,4,9,257,False,False,False,False,RESTRICTED,SELF_SERVICE_KIOSK,
dcu-W-00191-20261125,worker-uuid-00191,W-00191,2026-11-25T18:30:00Z,NIGHT_SHIFT,139,85,79,98,36.2,4.7,2,15,333,False,False,False,False,FIT,SELF_SERVICE_KIOSK,
dcu-W-00191-20261126,worker-uuid-00191,W-00191,2026-11-26T18:30:00Z,NIGHT_SHIFT,133,82,81,98,36.0,5.9,1,6,323,False,False,False,False,FIT,SELF_SERVICE_KIOSK,
dcu-W-00191-20261127,worker-uuid-00191,W-00191,2026-11-27T18:30:00Z,NIGHT_SHIFT,135,85,82,99,36.7,6.1,4,16,345,False,False,False,False,FIT,SELF_SERVICE_KIOSK,
dcu-W-00191-20261128,worker-uuid-00191,W-00191,2026-11-28T18:30:00Z,NIGHT_SHIFT,135,87,83,99,36.7,5.3,4,14,284,False,False,False,False,FIT,PARAMEDIC_ASSISTED,user-paramedic-01
dcu-W-00191-20261129,worker-uuid-00191,W-00191,2026-11-29T18:30:00Z,NIGHT_SHIFT,143,90,83,99,36.4,4.9,4,17,268,False,False,False,False,FIT,SELF_SERVICE_KIOSK,
dcu-W-00191-20261130,worker-uuid-00191,W-00191,2026-11-30T18:30:00Z,NIGHT_SHIFT,139,94,79,97,36.3,4.5,3,7,352,False,False,False,False,FIT,PARAMEDIC_ASSISTED,user-paramedic-01
dcu-W-00191-20261201,worker-uuid-00191,W-00191,2026-12-01T18:30:00Z,NIGHT_SHIFT,135,88,80,99,36.8,7.0,2,14,279,False,False,False,False,FIT,SELF_SERVICE_KIOSK,
dcu-W-00191-20261202,worker-uuid-00191,W-00191,2026-12-02T18:30:00Z,NIGHT_SHIFT,139,87,80,97,36.9,6.0,4,16,279,False,False,False,False,FIT,SELF_SERVICE_KIOSK,
dcu-W-00191-20261203,worker-uuid-00191,W-00191,2026-12-03T06:30:00Z,DAY_SHIFT,138,83,71,98,36.4,6.4,1,16,248,False,False,False,False,FIT,SELF_SERVICE_KIOSK,
dcu-W-00191-20261204,worker-uuid-00191,W-00191,2026-12-04T06:30:00Z,DAY_SHIFT,135,87,74,96,36.6,6.5,1,20,221,False,False,False,False,FIT,SELF_SERVICE_KIOSK,
dcu-W-00191-20261205,worker-uuid-00191,W-00191,2026-12-05T06:30:00Z,DAY_SHIFT,136,80,84,98,36.3,6.3,1,19,268,False,False,False,False,FIT,SELF_SERVICE_KIOSK,
dcu-W-00191-20261206,worker-uuid-00191,W-00191,2026-12-06T06:30:00Z,DAY_SHIFT,126,79,81,96,36.4,7.6,2,9,197,False,False,False,False,FIT,SELF_SERVICE_KIOSK,
dcu-W-00191-20261207,worker-uuid-00191,W-00191,2026-12-07T06:30:00Z,DAY_SHIFT,129,78,83,98,36.7,5.3,2,10,250,False,False,False,False,FIT,PARAMEDIC_ASSISTED,user-paramedic-01
dcu-W-00191-20261208,worker-uuid-00191,W-00191,2026-12-08T06:30:00Z,DAY_SHIFT,136,79,76,99,36.2,6.2,0,16,246,False,False,False,False,FIT,SELF_SERVICE_KIOSK,
dcu-W-00191-20261209,worker-uuid-00191,W-00191,2026-12-09T06:30:00Z,DAY_SHIFT,129,86,74,97,36.6,7.9,2,8,211,False,False,False,False,FIT,SELF_SERVICE_KIOSK,
dcu-W-00191-20261210,worker-uuid-00191,W-00191,2026-12-10T06:30:00Z,DAY_SHIFT,127,74,70,99,36.5,7.3,2,14,271,False,False,False,False,FIT,PARAMEDIC_ASSISTED,user-paramedic-01
dcu-W-00191-20261211,worker-uuid-00191,W-00191,2026-12-11T06:30:00Z,DAY_SHIFT,129,87,74,98,36.8,8.2,2,7,185,False,False,False,False,FIT,SELF_SERVICE_KIOSK,
dcu-W-00191-20261212,worker-uuid-00191,W-00191,2026-12-12T06:30:00Z,DAY_SHIFT,133,83,74,98,36.4,8.7,1,13,214,False,False,False,False,FIT,SELF_SERVICE_KIOSK,
dcu-W-00191-20261213,worker-uuid-00191,W-00191,2026-12-13T06:30:00Z,DAY_SHIFT,120,80,77,97,36.1,6.9,1,14,235,False,False,False,False,FIT,PARAMEDIC_ASSISTED,user-paramedic-01
dcu-W-00191-20261215,worker-uuid-00191,W-00191,2026-12-15T06:30:00Z,DAY_SHIFT,135,83,75,97,36.4,6.3,1,18,276,False,False,False,False,FIT,SELF_SERVICE_KIOSK,
dcu-W-00191-20261216,worker-uuid-00191,W-00191,2026-12-16T06:30:00Z,DAY_SHIFT,123,75,75,97,36.0,8.3,0,10,212,False,False,False,False,FIT,PARAMEDIC_ASSISTED,user-paramedic-01
dcu-W-00191-20261217,worker-uuid-00191,W-00191,2026-12-17T18:30:00Z,NIGHT_SHIFT,135,86,81,99,36.3,3.6,1,7,296,False,False,False,False,RESTRICTED,PARAMEDIC_ASSISTED,user-paramedic-01
dcu-W-00191-20261218,worker-uuid-00191,W-00191,2026-12-18T18:30:00Z,NIGHT_SHIFT,130,84,76,99,36.7,5.3,3,13,293,False,False,False,False,FIT,SELF_SERVICE_KIOSK,
dcu-W-00191-20261219,worker-uuid-00191,W-00191,2026-12-19T18:30:00Z,NIGHT_SHIFT,147,100,83,97,36.3,4.6,2,20,279,False,False,True,False,RESTRICTED,PARAMEDIC_ASSISTED,user-paramedic-01
dcu-W-00191-20261220,worker-uuid-00191,W-00191,2026-12-20T18:30:00Z,NIGHT_SHIFT,143,86,81,100,36.3,3.9,2,11,255,False,False,True,False,RESTRICTED,SELF_SERVICE_KIOSK,
dcu-W-00191-20261221,worker-uuid-00191,W-00191,2026-12-21T18:30:00Z,NIGHT_SHIFT,142,92,81,97,36.2,3.8,4,9,255,False,False,False,False,RESTRICTED,SELF_SERVICE_KIOSK,
dcu-W-00191-20261223,worker-uuid-00191,W-00191,2026-12-23T18:30:00Z,NIGHT_SHIFT,139,90,86,99,36.4,8.4,1,9,362,False,False,False,False,FIT,SELF_SERVICE_KIOSK,
dcu-W-00191-20261225,worker-uuid-00191,W-00191,2026-12-25T18:30:00Z,NIGHT_SHIFT,146,92,89,98,36.5,4.9,4,9,290,False,False,False,False,FIT,PARAMEDIC_ASSISTED,user-paramedic-01
dcu-W-00191-20261226,worker-uuid-00191,W-00191,2026-12-26T18:30:00Z,NIGHT_SHIFT,142,87,82,98,36.4,6.7,4,9,246,False,False,False,False,FIT,PARAMEDIC_ASSISTED,user-paramedic-01
dcu-W-00191-20261227,worker-uuid-00191,W-00191,2026-12-27T18:30:00Z,NIGHT_SHIFT,132,83,77,100,36.9,2.9,3,20,295,False,False,False,False,RESTRICTED,PARAMEDIC_ASSISTED,user-paramedic-01
dcu-W-00191-20261228,worker-uuid-00191,W-00191,2026-12-28T18:30:00Z,NIGHT_SHIFT,143,96,85,96,36.6,4.3,2,7,324,False,False,False,False,RESTRICTED,SELF_SERVICE_KIOSK,
dcu-W-00191-20261230,worker-uuid-00191,W-00191,2026-12-30T18:30:00Z,NIGHT_SHIFT,137,85,76,98,35.9,6.6,3,14,358,False,False,False,False,FIT,PARAMEDIC_ASSISTED,user-paramedic-01
dcu-W-00191-20261231,worker-uuid-00191,W-00191,2026-12-31T06:30:00Z,DAY_SHIFT,135,87,73,97,36.6,7.0,0,18,205,False,False,False,False,FIT,PARAMEDIC_ASSISTED,user-paramedic-01
dcu-W-00192-20260101,worker-uuid-00192,W-00192,2026-01-01T06:30:00Z,DAY_SHIFT,120,75,68,97,36.1,6.9,2,0,229,False,False,False,False,FIT,PARAMEDIC_ASSISTED,user-paramedic-01
dcu-W-00192-20260104,worker-uuid-00192,W-00192,2026-01-04T06:30:00Z,DAY_SHIFT,113,70,73,98,37.0,8.2,1,0,214,False,False,False,False,FIT,SELF_SERVICE_KIOSK,
dcu-W-00192-20260105,worker-uuid-00192,W-00192,2026-01-05T06:30:00Z,DAY_SHIFT,117,76,72,100,36.2,7.0,1,0,217,False,False,False,False,FIT,SELF_SERVICE_KIOSK,
dcu-W-00192-20260106,worker-uuid-00192,W-00192,2026-01-06T06:30:00Z,DAY_SHIFT,120,82,79,99,36.8,6.3,1,0,226,False,False,False,False,FIT,SELF_SERVICE_KIOSK,
dcu-W-00192-20260107,worker-uuid-00192,W-00192,2026-01-07T06:30:00Z,DAY_SHIFT,119,73,79,97,36.7,5.7,0,0,270,False,False,False,False,FIT,SELF_SERVICE_KIOSK,
dcu-W-00192-20260108,worker-uuid-00192,W-00192,2026-01-08T06:30:00Z,DAY_SHIFT,111,73,79,99,35.9,7.0,0,0,226,False,False,False,False,FIT,PARAMEDIC_ASSISTED,user-paramedic-01
dcu-W-00192-20260109,worker-uuid-00192,W-00192,2026-01-09T06:30:00Z,DAY_SHIFT,122,69,81,98,36.5,7.2,2,0,264,False,False,False,False,FIT,PARAMEDIC_ASSISTED,user-paramedic-01
dcu-W-00192-20260111,worker-uuid-00192,W-00192,2026-01-11T06:30:00Z,DAY_SHIFT,120,77,72,99,36.5,6.3,0,0,263,False,False,False,False,FIT,PARAMEDIC_ASSISTED,user-paramedic-01
dcu-W-00192-20260112,worker-uuid-00192,W-00192,2026-01-12T06:30:00Z,DAY_SHIFT,114,79,80,99,36.9,6.4,0,0,161,False,False,False,False,FIT,PARAMEDIC_ASSISTED,user-paramedic-01
dcu-W-00192-20260113,worker-uuid-00192,W-00192,2026-01-13T06:30:00Z,DAY_SHIFT,116,76,74,97,36.5,6.6,0,0,275,False,False,False,False,FIT,PARAMEDIC_ASSISTED,user-paramedic-01
dcu-W-00192-20260116,worker-uuid-00192,W-00192,2026-01-16T18:30:00Z,NIGHT_SHIFT,130,84,81,97,36.3,3.7,3,0,311,False,False,False,False,RESTRICTED,PARAMEDIC_ASSISTED,user-paramedic-01
dcu-W-00192-20260117,worker-uuid-00192,W-00192,2026-01-17T18:30:00Z,NIGHT_SHIFT,118,80,97,97,36.8,5.9,4,0,244,False,False,False,False,FIT,PARAMEDIC_ASSISTED,user-paramedic-01
dcu-W-00192-20260119,worker-uuid-00192,W-00192,2026-01-19T18:30:00Z,NIGHT_SHIFT,118,65,71,99,36.9,5.4,3,0,285,False,False,False,False,FIT,PARAMEDIC_ASSISTED,user-paramedic-01
dcu-W-00192-20260120,worker-uuid-00192,W-00192,2026-01-20T18:30:00Z,NIGHT_SHIFT,124,76,73,96,36.8,4.6,1,0,300,False,False,False,False,FIT,SELF_SERVICE_KIOSK,
dcu-W-00192-20260121,worker-uuid-00192,W-00192,2026-01-21T18:30:00Z,NIGHT_SHIFT,128,86,83,100,36.5,4.4,4,0,305,False,False,False,False,RESTRICTED,SELF_SERVICE_KIOSK,
dcu-W-00192-20260122,worker-uuid-00192,W-00192,2026-01-22T18:30:00Z,NIGHT_SHIFT,127,79,83,99,36.9,6.4,1,0,360,False,False,False,False,FIT,PARAMEDIC_ASSISTED,user-paramedic-01
dcu-W-00192-20260123,worker-uuid-00192,W-00192,2026-01-23T18:30:00Z,NIGHT_SHIFT,129,76,78,98,36.2,5.5,1,0,312,False,False,False,False,FIT,SELF_SERVICE_KIOSK,
dcu-W-00192-20260124,worker-uuid-00192,W-00192,2026-01-24T18:30:00Z,NIGHT_SHIFT,134,82,77,96,37.0,2.3,4,0,315,False,False,False,False,RESTRICTED,SELF_SERVICE_KIOSK,
dcu-W-00192-20260125,worker-uuid-00192,W-00192,2026-01-25T18:30:00Z,NIGHT_SHIFT,123,82,77,97,36.7,4.8,2,0,296,False,False,False,False,FIT,PARAMEDIC_ASSISTED,user-paramedic-01
dcu-W-00192-20260126,worker-uuid-00192,W-00192,2026-01-26T18:30:00Z,NIGHT_SHIFT,125,83,82,97,37.1,3.8,3,0,318,False,False,False,False,RESTRICTED,SELF_SERVICE_KIOSK,
dcu-W-00192-20260127,worker-uuid-00192,W-00192,2026-01-27T18:30:00Z,NIGHT_SHIFT,133,80,81,96,36.1,6.7,3,0,279,False,False,False,False,FIT,SELF_SERVICE_KIOSK,
dcu-W-00192-20260128,worker-uuid-00192,W-00192,2026-01-28T18:30:00Z,NIGHT_SHIFT,119,80,81,98,36.6,6.0,2,0,301,False,False,False,False,FIT,SELF_SERVICE_KIOSK,
dcu-W-00192-20260129,worker-uuid-00192,W-00192,2026-01-29T06:30:00Z,DAY_SHIFT,115,66,70,99,36.2,8.0,1,0,243,False,False,False,False,FIT,PARAMEDIC_ASSISTED,user-paramedic-01
dcu-W-00192-20260130,worker-uuid-00192,W-00192,2026-01-30T06:30:00Z,DAY_SHIFT,114,74,76,97,36.5,6.5,2,0,239,False,False,False,False,FIT,SELF_SERVICE_KIOSK,
dcu-W-00192-20260131,worker-uuid-00192,W-00192,2026-01-31T06:30:00Z,DAY_SHIFT,119,72,75,97,36.5,5.9,1,0,243,False,False,False,False,FIT,SELF_SERVICE_KIOSK,
dcu-W-00192-20260201,worker-uuid-00192,W-00192,2026-02-01T06:30:00Z,DAY_SHIFT,123,77,76,99,36.8,6.1,2,0,206,False,False,False,False,FIT,PARAMEDIC_ASSISTED,user-paramedic-01
dcu-W-00192-20260202,worker-uuid-00192,W-00192,2026-02-02T06:30:00Z,DAY_SHIFT,121,78,63,98,36.6,6.2,0,0,237,False,False,False,False,FIT,SELF_SERVICE_KIOSK,
dcu-W-00192-20260203,worker-uuid-00192,W-00192,2026-02-03T06:30:00Z,DAY_SHIFT,114,65,68,98,36.1,6.5,1,0,220,False,False,False,False,FIT,SELF_SERVICE_KIOSK,
dcu-W-00192-20260204,worker-uuid-00192,W-00192,2026-02-04T06:30:00Z,DAY_SHIFT,110,73,77,99,35.9,5.0,1,0,213,False,False,False,False,FIT,PARAMEDIC_ASSISTED,user-paramedic-01
dcu-W-00192-20260205,worker-uuid-00192,W-00192,2026-02-05T06:30:00Z,DAY_SHIFT,121,71,78,99,36.8,6.7,1,0,207,False,False,False,False,FIT,SELF_SERVICE_KIOSK,
dcu-W-00192-20260206,worker-uuid-00192,W-00192,2026-02-06T06:30:00Z,DAY_SHIFT,116,68,72,98,36.0,9.0,0,0,234,False,False,False,False,FIT,SELF_SERVICE_KIOSK,
dcu-W-00192-20260207,worker-uuid-00192,W-00192,2026-02-07T06:30:00Z,DAY_SHIFT,119,72,78,98,36.5,6.2,1,0,198,False,False,False,False,FIT,SELF_SERVICE_KIOSK,
dcu-W-00192-20260208,worker-uuid-00192,W-00192,2026-02-08T06:30:00Z,DAY_SHIFT,105,64,73,97,36.1,5.9,2,0,233,False,False,False,False,FIT,PARAMEDIC_ASSISTED,user-paramedic-01
dcu-W-00192-20260209,worker-uuid-00192,W-00192,2026-02-09T06:30:00Z,DAY_SHIFT,109,68,78,98,36.7,7.5,1,0,261,False,False,False,False,FIT,SELF_SERVICE_KIOSK,
dcu-W-00192-20260210,worker-uuid-00192,W-00192,2026-02-10T06:30:00Z,DAY_SHIFT,118,70,73,98,36.6,6.4,0,0,234,False,False,False,False,FIT,PARAMEDIC_ASSISTED,user-paramedic-01
dcu-W-00192-20260211,worker-uuid-00192,W-00192,2026-02-11T06:30:00Z,DAY_SHIFT,121,67,73,99,36.4,5.9,1,0,215,False,False,False,False,FIT,SELF_SERVICE_KIOSK,
dcu-W-00192-20260212,worker-uuid-00192,W-00192,2026-02-12T18:30:00Z,NIGHT_SHIFT,118,79,71,97,36.5,5.8,3,0,331,False,False,False,False,FIT,SELF_SERVICE_KIOSK,
dcu-W-00192-20260213,worker-uuid-00192,W-00192,2026-02-13T18:30:00Z,NIGHT_SHIFT,128,81,74,97,36.9,4.4,2,0,298,False,False,False,False,RESTRICTED,PARAMEDIC_ASSISTED,user-paramedic-01
dcu-W-00192-20260214,worker-uuid-00192,W-00192,2026-02-14T18:30:00Z,NIGHT_SHIFT,131,80,89,98,36.5,3.9,3,0,289,False,False,False,False,RESTRICTED,SELF_SERVICE_KIOSK,
dcu-W-00192-20260215,worker-uuid-00192,W-00192,2026-02-15T18:30:00Z,NIGHT_SHIFT,125,82,82,97,37.0,6.3,2,0,292,False,False,False,False,FIT,SELF_SERVICE_KIOSK,
dcu-W-00192-20260216,worker-uuid-00192,W-00192,2026-02-16T18:30:00Z,NIGHT_SHIFT,123,73,76,98,36.6,7.3,1,0,361,False,False,False,False,FIT,SELF_SERVICE_KIOSK,
dcu-W-00192-20260217,worker-uuid-00192,W-00192,2026-02-17T18:30:00Z,NIGHT_SHIFT,126,80,84,97,36.7,6.8,1,0,285,False,False,False,False,FIT,SELF_SERVICE_KIOSK,
dcu-W-00192-20260218,worker-uuid-00192,W-00192,2026-02-18T18:30:00Z,NIGHT_SHIFT,130,77,89,98,36.6,5.7,1,0,311,False,False,False,False,FIT,PARAMEDIC_ASSISTED,user-paramedic-01
dcu-W-00192-20260219,worker-uuid-00192,W-00192,2026-02-19T18:30:00Z,NIGHT_SHIFT,123,82,83,97,37.0,5.3,1,0,299,False,False,False,False,FIT,SELF_SERVICE_KIOSK,
dcu-W-00192-20260220,worker-uuid-00192,W-00192,2026-02-20T18:30:00Z,NIGHT_SHIFT,128,79,75,98,36.8,5.9,4,0,289,False,False,False,False,FIT,PARAMEDIC_ASSISTED,user-paramedic-01
dcu-W-00192-20260222,worker-uuid-00192,W-00192,2026-02-22T18:30:00Z,NIGHT_SHIFT,119,71,77,97,36.3,6.9,4,0,267,False,False,False,False,FIT,PARAMEDIC_ASSISTED,user-paramedic-01
dcu-W-00192-20260223,worker-uuid-00192,W-00192,2026-02-23T18:30:00Z,NIGHT_SHIFT,130,77,87,98,36.4,4.7,3,0,256,False,False,False,False,FIT,PARAMEDIC_ASSISTED,user-paramedic-01
dcu-W-00192-20260224,worker-uuid-00192,W-00192,2026-02-24T18:30:00Z,NIGHT_SHIFT,127,88,83,97,36.2,4.8,4,0,333,False,False,False,False,FIT,SELF_SERVICE_KIOSK,
dcu-W-00192-20260225,worker-uuid-00192,W-00192,2026-02-25T18:30:00Z,NIGHT_SHIFT,136,84,78,96,36.5,4.6,3,0,304,False,False,False,False,FIT,SELF_SERVICE_KIOSK,
dcu-W-00192-20260226,worker-uuid-00192,W-00192,2026-02-26T06:30:00Z,DAY_SHIFT,115,67,75,98,36.4,7.8,0,0,209,False,False,False,False,FIT,PARAMEDIC_ASSISTED,user-paramedic-01
dcu-W-00192-20260227,worker-uuid-00192,W-00192,2026-02-27T06:30:00Z,DAY_SHIFT,118,69,80,97,36.8,8.1,0,0,207,False,False,False,False,FIT,SELF_SERVICE_KIOSK,
dcu-W-00192-20260228,worker-uuid-00192,W-00192,2026-02-28T06:30:00Z,DAY_SHIFT,118,78,68,97,36.6,7.5,1,0,242,False,False,False,False,FIT,SELF_SERVICE_KIOSK,
dcu-W-00192-20260301,worker-uuid-00192,W-00192,2026-03-01T06:30:00Z,DAY_SHIFT,120,74,72,97,36.7,8.9,1,0,239,False,False,False,False,FIT,PARAMEDIC_ASSISTED,user-paramedic-01
dcu-W-00192-20260302,worker-uuid-00192,W-00192,2026-03-02T06:30:00Z,DAY_SHIFT,115,72,68,99,36.3,9.5,1,0,238,False,False,False,False,FIT,PARAMEDIC_ASSISTED,user-paramedic-01
dcu-W-00192-20260303,worker-uuid-00192,W-00192,2026-03-03T06:30:00Z,DAY_SHIFT,122,77,74,98,36.3,8.1,0,0,225,False,False,False,False,FIT,SELF_SERVICE_KIOSK,
dcu-W-00192-20260304,worker-uuid-00192,W-00192,2026-03-04T06:30:00Z,DAY_SHIFT,114,64,69,96,36.5,7.4,0,0,220,False,False,False,False,FIT,SELF_SERVICE_KIOSK,
dcu-W-00192-20260305,worker-uuid-00192,W-00192,2026-03-05T06:30:00Z,DAY_SHIFT,120,76,82,97,36.5,7.8,0,0,233,False,False,False,False,FIT,SELF_SERVICE_KIOSK,
dcu-W-00192-20260306,worker-uuid-00192,W-00192,2026-03-06T06:30:00Z,DAY_SHIFT,109,62,79,98,35.9,7.4,2,0,244,False,False,False,False,FIT,SELF_SERVICE_KIOSK,
dcu-W-00192-20260307,worker-uuid-00192,W-00192,2026-03-07T06:30:00Z,DAY_SHIFT,120,68,78,96,36.7,7.6,0,0,220,False,False,False,False,FIT,SELF_SERVICE_KIOSK,
dcu-W-00192-20260308,worker-uuid-00192,W-00192,2026-03-08T06:30:00Z,DAY_SHIFT,115,68,79,99,36.3,7.2,0,0,243,False,False,False,False,FIT,PARAMEDIC_ASSISTED,user-paramedic-01
dcu-W-00192-20260309,worker-uuid-00192,W-00192,2026-03-09T06:30:00Z,DAY_SHIFT,119,77,75,98,36.3,7.6,1,0,246,False,False,False,False,FIT,SELF_SERVICE_KIOSK,
dcu-W-00192-20260310,worker-uuid-00192,W-00192,2026-03-10T06:30:00Z,DAY_SHIFT,120,73,72,98,36.1,6.7,0,0,215,False,False,False,False,FIT,PARAMEDIC_ASSISTED,user-paramedic-01
dcu-W-00192-20260311,worker-uuid-00192,W-00192,2026-03-11T06:30:00Z,DAY_SHIFT,114,75,69,98,36.7,7.8,1,0,182,False,False,False,False,FIT,SELF_SERVICE_KIOSK,
dcu-W-00192-20260312,worker-uuid-00192,W-00192,2026-03-12T18:30:00Z,NIGHT_SHIFT,125,80,80,97,36.5,6.3,2,0,300,False,False,False,False,FIT,SELF_SERVICE_KIOSK,
dcu-W-00192-20260313,worker-uuid-00192,W-00192,2026-03-13T18:30:00Z,NIGHT_SHIFT,124,76,86,98,36.4,6.0,3,0,248,False,False,False,False,FIT,SELF_SERVICE_KIOSK,
dcu-W-00192-20260314,worker-uuid-00192,W-00192,2026-03-14T18:30:00Z,NIGHT_SHIFT,131,86,80,100,35.9,8.3,2,0,371,False,False,False,False,FIT,SELF_SERVICE_KIOSK,
dcu-W-00192-20260315,worker-uuid-00192,W-00192,2026-03-15T18:30:00Z,NIGHT_SHIFT,126,78,80,97,36.6,3.1,2,0,271,False,False,False,False,RESTRICTED,SELF_SERVICE_KIOSK,
dcu-W-00192-20260316,worker-uuid-00192,W-00192,2026-03-16T18:30:00Z,NIGHT_SHIFT,123,73,79,97,36.6,5.0,2,0,322,False,False,False,False,FIT,SELF_SERVICE_KIOSK,
dcu-W-00192-20260317,worker-uuid-00192,W-00192,2026-03-17T18:30:00Z,NIGHT_SHIFT,130,82,77,98,36.6,4.9,3,0,300,False,False,False,False,FIT,SELF_SERVICE_KIOSK,
dcu-W-00192-20260318,worker-uuid-00192,W-00192,2026-03-18T18:30:00Z,NIGHT_SHIFT,113,69,83,98,36.4,6.4,2,0,304,False,False,False,False,FIT,SELF_SERVICE_KIOSK,
dcu-W-00192-20260319,worker-uuid-00192,W-00192,2026-03-19T18:30:00Z,NIGHT_SHIFT,127,75,79,97,36.6,5.8,3,0,337,False,False,False,False,FIT,SELF_SERVICE_KIOSK,
dcu-W-00192-20260320,worker-uuid-00192,W-00192,2026-03-20T18:30:00Z,NIGHT_SHIFT,130,75,69,99,36.4,4.9,2,0,316,False,False,False,False,FIT,PARAMEDIC_ASSISTED,user-paramedic-01
dcu-W-00192-20260321,worker-uuid-00192,W-00192,2026-03-21T18:30:00Z,NIGHT_SHIFT,139,85,83,99,36.6,4.0,3,0,242,False,False,True,False,RESTRICTED,SELF_SERVICE_KIOSK,
dcu-W-00192-20260322,worker-uuid-00192,W-00192,2026-03-22T18:30:00Z,NIGHT_SHIFT,125,74,83,98,36.9,6.1,4,0,293,False,False,False,False,FIT,SELF_SERVICE_KIOSK,
dcu-W-00192-20260323,worker-uuid-00192,W-00192,2026-03-23T18:30:00Z,NIGHT_SHIFT,130,80,67,99,36.5,3.9,3,0,306,False,False,True,False,RESTRICTED,SELF_SERVICE_KIOSK,
dcu-W-00192-20260324,worker-uuid-00192,W-00192,2026-03-24T18:30:00Z,NIGHT_SHIFT,128,79,83,98,36.0,4.6,2,0,312,False,False,False,False,FIT,PARAMEDIC_ASSISTED,user-paramedic-01
dcu-W-00192-20260326,worker-uuid-00192,W-00192,2026-03-26T06:30:00Z,DAY_SHIFT,117,77,71,97,36.8,6.1,0,0,204,False,False,False,False,FIT,SELF_SERVICE_KIOSK,
dcu-W-00192-20260327,worker-uuid-00192,W-00192,2026-03-27T06:30:00Z,DAY_SHIFT,117,72,80,98,36.4,6.7,2,0,209,False,False,False,False,FIT,SELF_SERVICE_KIOSK,
dcu-W-00192-20260329,worker-uuid-00192,W-00192,2026-03-29T06:30:00Z,DAY_SHIFT,116,71,73,96,36.9,6.0,1,0,233,False,False,False,False,FIT,SELF_SERVICE_KIOSK,
dcu-W-00192-20260330,worker-uuid-00192,W-00192,2026-03-30T06:30:00Z,DAY_SHIFT,105,65,74,97,37.1,8.2,2,0,226,False,False,False,False,FIT,PARAMEDIC_ASSISTED,user-paramedic-01
dcu-W-00192-20260331,worker-uuid-00192,W-00192,2026-03-31T06:30:00Z,DAY_SHIFT,112,75,76,98,36.5,6.6,0,0,243,False,False,False,False,FIT,PARAMEDIC_ASSISTED,user-paramedic-01
dcu-W-00192-20260401,worker-uuid-00192,W-00192,2026-04-01T06:30:00Z,DAY_SHIFT,120,73,69,99,36.8,7.7,2,0,216,False,False,False,False,FIT,SELF_SERVICE_KIOSK,
dcu-W-00192-20260403,worker-uuid-00192,W-00192,2026-04-03T06:30:00Z,DAY_SHIFT,122,71,68,98,36.7,7.9,1,0,224,False,False,False,False,FIT,PARAMEDIC_ASSISTED,user-paramedic-01
dcu-W-00192-20260404,worker-uuid-00192,W-00192,2026-04-04T06:30:00Z,DAY_SHIFT,112,72,75,97,36.4,8.0,0,0,266,False,False,False,False,FIT,SELF_SERVICE_KIOSK,
dcu-W-00192-20260405,worker-uuid-00192,W-00192,2026-04-05T06:30:00Z,DAY_SHIFT,122,77,72,99,36.6,7.7,1,0,187,False,False,False,False,FIT,SELF_SERVICE_KIOSK,
dcu-W-00192-20260406,worker-uuid-00192,W-00192,2026-04-06T06:30:00Z,DAY_SHIFT,123,77,63,100,36.6,7.0,1,0,241,False,False,False,False,FIT,SELF_SERVICE_KIOSK,
dcu-W-00192-20260407,worker-uuid-00192,W-00192,2026-04-07T06:30:00Z,DAY_SHIFT,119,74,73,97,37.0,6.1,0,0,239,False,False,False,False,FIT,SELF_SERVICE_KIOSK,
dcu-W-00192-20260408,worker-uuid-00192,W-00192,2026-04-08T06:30:00Z,DAY_SHIFT,129,79,70,99,36.4,9.2,2,0,278,False,False,False,False,FIT,SELF_SERVICE_KIOSK,
dcu-W-00192-20260409,worker-uuid-00192,W-00192,2026-04-09T18:30:00Z,NIGHT_SHIFT,126,81,80,97,36.8,4.6,3,0,349,False,False,False,False,FIT,SELF_SERVICE_KIOSK,
dcu-W-00192-20260410,worker-uuid-00192,W-00192,2026-04-10T18:30:00Z,NIGHT_SHIFT,130,86,80,98,36.2,6.5,3,0,387,False,False,False,False,FIT,PARAMEDIC_ASSISTED,user-paramedic-01
dcu-W-00192-20260411,worker-uuid-00192,W-00192,2026-04-11T18:30:00Z,NIGHT_SHIFT,117,72,81,99,36.9,6.0,2,0,344,False,False,False,False,FIT,PARAMEDIC_ASSISTED,user-paramedic-01
dcu-W-00192-20260412,worker-uuid-00192,W-00192,2026-04-12T18:30:00Z,NIGHT_SHIFT,121,76,75,98,36.6,7.0,1,0,316,False,False,False,False,FIT,SELF_SERVICE_KIOSK,
dcu-W-00192-20260413,worker-uuid-00192,W-00192,2026-04-13T18:30:00Z,NIGHT_SHIFT,126,84,87,96,36.5,4.3,3,0,259,False,False,False,False,RESTRICTED,PARAMEDIC_ASSISTED,user-paramedic-01
dcu-W-00192-20260414,worker-uuid-00192,W-00192,2026-04-14T18:30:00Z,NIGHT_SHIFT,117,73,76,97,36.2,3.7,2,0,288,False,False,False,False,RESTRICTED,SELF_SERVICE_KIOSK,
dcu-W-00192-20260415,worker-uuid-00192,W-00192,2026-04-15T18:30:00Z,NIGHT_SHIFT,127,81,80,98,37.0,6.7,4,0,369,False,False,False,False,FIT,SELF_SERVICE_KIOSK,
dcu-W-00192-20260416,worker-uuid-00192,W-00192,2026-04-16T18:30:00Z,NIGHT_SHIFT,117,73,78,98,36.4,6.0,2,0,358,False,False,False,False,FIT,SELF_SERVICE_KIOSK,
dcu-W-00192-20260417,worker-uuid-00192,W-00192,2026-04-17T18:30:00Z,NIGHT_SHIFT,126,82,92,98,36.1,6.8,3,0,314,False,False,False,False,FIT,PARAMEDIC_ASSISTED,user-paramedic-01
dcu-W-00192-20260418,worker-uuid-00192,W-00192,2026-04-18T18:30:00Z,NIGHT_SHIFT,130,83,83,98,36.9,4.4,2,0,293,False,False,True,False,RESTRICTED,PARAMEDIC_ASSISTED,user-paramedic-01
dcu-W-00192-20260419,worker-uuid-00192,W-00192,2026-04-19T18:30:00Z,NIGHT_SHIFT,130,75,80,97,36.2,3.9,3,0,311,False,False,False,False,RESTRICTED,SELF_SERVICE_KIOSK,
dcu-W-00192-20260420,worker-uuid-00192,W-00192,2026-04-20T18:30:00Z,NIGHT_SHIFT,127,83,76,97,36.1,2.8,4,0,325,False,False,False,False,RESTRICTED,PARAMEDIC_ASSISTED,user-paramedic-01
dcu-W-00192-20260421,worker-uuid-00192,W-00192,2026-04-21T18:30:00Z,NIGHT_SHIFT,131,88,82,97,36.6,5.3,1,0,344,False,False,False,False,FIT,SELF_SERVICE_KIOSK,
dcu-W-00192-20260422,worker-uuid-00192,W-00192,2026-04-22T18:30:00Z,NIGHT_SHIFT,113,66,80,97,36.5,5.5,1,0,326,False,False,False,False,FIT,SELF_SERVICE_KIOSK,
dcu-W-00192-20260423,worker-uuid-00192,W-00192,2026-04-23T06:30:00Z,DAY_SHIFT,109,60,73,98,36.2,7.7,2,0,229,False,False,False,False,FIT,SELF_SERVICE_KIOSK,
dcu-W-00192-20260424,worker-uuid-00192,W-00192,2026-04-24T06:30:00Z,DAY_SHIFT,128,90,66,97,36.6,6.6,2,0,234,False,False,False,False,FIT,SELF_SERVICE_KIOSK,
dcu-W-00192-20260426,worker-uuid-00192,W-00192,2026-04-26T06:30:00Z,DAY_SHIFT,123,76,73,97,36.6,7.2,0,0,216,False,False,False,False,FIT,SELF_SERVICE_KIOSK,
dcu-W-00192-20260427,worker-uuid-00192,W-00192,2026-04-27T06:30:00Z,DAY_SHIFT,110,73,68,99,37.1,6.6,2,0,231,False,False,False,False,FIT,PARAMEDIC_ASSISTED,user-paramedic-01
dcu-W-00192-20260428,worker-uuid-00192,W-00192,2026-04-28T06:30:00Z,DAY_SHIFT,122,79,70,98,36.3,6.6,1,0,236,False,False,False,False,FIT,SELF_SERVICE_KIOSK,
dcu-W-00192-20260429,worker-uuid-00192,W-00192,2026-04-29T06:30:00Z,DAY_SHIFT,118,74,71,97,36.6,6.3,2,0,193,False,False,False,False,FIT,PARAMEDIC_ASSISTED,user-paramedic-01
dcu-W-00192-20260430,worker-uuid-00192,W-00192,2026-04-30T06:30:00Z,DAY_SHIFT,117,68,79,98,36.6,8.8,1,0,168,False,False,False,False,FIT,PARAMEDIC_ASSISTED,user-paramedic-01
dcu-W-00192-20260501,worker-uuid-00192,W-00192,2026-05-01T06:30:00Z,DAY_SHIFT,122,78,75,97,36.1,7.2,2,0,256,False,False,False,False,FIT,SELF_SERVICE_KIOSK,
dcu-W-00192-20260502,worker-uuid-00192,W-00192,2026-05-02T06:30:00Z,DAY_SHIFT,119,75,67,97,36.9,8.4,0,0,247,False,False,False,False,FIT,PARAMEDIC_ASSISTED,user-paramedic-01
dcu-W-00192-20260504,worker-uuid-00192,W-00192,2026-05-04T06:30:00Z,DAY_SHIFT,111,62,72,100,36.4,7.2,2,0,191,False,False,False,False,FIT,SELF_SERVICE_KIOSK,
dcu-W-00192-20260505,worker-uuid-00192,W-00192,2026-05-05T06:30:00Z,DAY_SHIFT,111,71,68,99,36.5,7.5,1,0,230,False,False,False,False,FIT,SELF_SERVICE_KIOSK,
dcu-W-00192-20260506,worker-uuid-00192,W-00192,2026-05-06T06:30:00Z,DAY_SHIFT,117,79,77,96,36.4,6.8,1,0,244,False,False,False,False,FIT,SELF_SERVICE_KIOSK,
dcu-W-00192-20260507,worker-uuid-00192,W-00192,2026-05-07T18:30:00Z,NIGHT_SHIFT,125,71,76,98,36.8,5.1,4,0,317,False,False,False,False,FIT,SELF_SERVICE_KIOSK,
dcu-W-00192-20260508,worker-uuid-00192,W-00192,2026-05-08T18:30:00Z,NIGHT_SHIFT,129,89,78,97,36.7,5.1,2,0,349,False,False,False,False,FIT,PARAMEDIC_ASSISTED,user-paramedic-01
dcu-W-00192-20260509,worker-uuid-00192,W-00192,2026-05-09T18:30:00Z,NIGHT_SHIFT,131,80,79,98,36.8,5.0,1,0,345,False,False,False,False,FIT,SELF_SERVICE_KIOSK,
dcu-W-00192-20260510,worker-uuid-00192,W-00192,2026-05-10T18:30:00Z,NIGHT_SHIFT,134,77,83,98,36.5,4.1,3,0,299,False,False,False,False,RESTRICTED,PARAMEDIC_ASSISTED,user-paramedic-01
dcu-W-00192-20260511,worker-uuid-00192,W-00192,2026-05-11T18:30:00Z,NIGHT_SHIFT,125,75,75,96,36.7,3.5,2,0,328,False,False,False,False,RESTRICTED,SELF_SERVICE_KIOSK,
dcu-W-00192-20260512,worker-uuid-00192,W-00192,2026-05-12T18:30:00Z,NIGHT_SHIFT,122,78,88,99,36.2,4.6,2,0,283,False,False,False,False,FIT,SELF_SERVICE_KIOSK,
dcu-W-00192-20260513,worker-uuid-00192,W-00192,2026-05-13T18:30:00Z,NIGHT_SHIFT,120,79,78,98,36.5,5.3,4,0,285,False,False,False,False,FIT,PARAMEDIC_ASSISTED,user-paramedic-01
dcu-W-00192-20260514,worker-uuid-00192,W-00192,2026-05-14T18:30:00Z,NIGHT_SHIFT,121,78,76,97,36.8,6.3,3,0,327,False,False,False,False,FIT,PARAMEDIC_ASSISTED,user-paramedic-01
dcu-W-00192-20260515,worker-uuid-00192,W-00192,2026-05-15T18:30:00Z,NIGHT_SHIFT,121,73,84,99,36.7,5.7,2,0,305,False,False,False,False,FIT,SELF_SERVICE_KIOSK,
dcu-W-00192-20260516,worker-uuid-00192,W-00192,2026-05-16T18:30:00Z,NIGHT_SHIFT,123,74,82,97,36.5,5.9,2,0,276,False,False,False,False,FIT,PARAMEDIC_ASSISTED,user-paramedic-01
dcu-W-00192-20260517,worker-uuid-00192,W-00192,2026-05-17T18:30:00Z,NIGHT_SHIFT,123,83,78,97,35.9,8.3,1,0,305,False,False,False,False,FIT,SELF_SERVICE_KIOSK,
dcu-W-00192-20260518,worker-uuid-00192,W-00192,2026-05-18T18:30:00Z,NIGHT_SHIFT,121,72,72,98,36.4,6.4,1,0,273,False,False,False,False,FIT,SELF_SERVICE_KIOSK,
dcu-W-00192-20260519,worker-uuid-00192,W-00192,2026-05-19T18:30:00Z,NIGHT_SHIFT,122,80,83,98,36.5,5.8,3,0,287,False,False,False,False,FIT,PARAMEDIC_ASSISTED,user-paramedic-01
dcu-W-00192-20260520,worker-uuid-00192,W-00192,2026-05-20T18:30:00Z,NIGHT_SHIFT,127,81,78,98,36.2,4.7,4,0,256,False,False,False,False,FIT,SELF_SERVICE_KIOSK,
dcu-W-00192-20260522,worker-uuid-00192,W-00192,2026-05-22T06:30:00Z,DAY_SHIFT,114,80,80,97,36.8,7.0,2,0,252,False,False,False,False,FIT,PARAMEDIC_ASSISTED,user-paramedic-01
dcu-W-00192-20260523,worker-uuid-00192,W-00192,2026-05-23T06:30:00Z,DAY_SHIFT,110,70,81,94,36.4,7.8,0,0,234,False,False,False,False,FIT,PARAMEDIC_ASSISTED,user-paramedic-01
dcu-W-00192-20260525,worker-uuid-00192,W-00192,2026-05-25T06:30:00Z,DAY_SHIFT,125,79,77,97,36.2,7.6,1,0,222,False,False,False,False,FIT,PARAMEDIC_ASSISTED,user-paramedic-01
dcu-W-00192-20260528,worker-uuid-00192,W-00192,2026-05-28T06:30:00Z,DAY_SHIFT,117,68,73,99,36.5,7.7,0,0,262,False,False,False,False,FIT,SELF_SERVICE_KIOSK,
dcu-W-00192-20260529,worker-uuid-00192,W-00192,2026-05-29T06:30:00Z,DAY_SHIFT,119,78,74,96,36.4,8.5,1,0,212,False,False,False,False,FIT,PARAMEDIC_ASSISTED,user-paramedic-01
dcu-W-00192-20260530,worker-uuid-00192,W-00192,2026-05-30T06:30:00Z,DAY_SHIFT,115,78,72,98,36.7,8.3,0,0,209,False,False,False,False,FIT,SELF_SERVICE_KIOSK,
dcu-W-00192-20260531,worker-uuid-00192,W-00192,2026-05-31T06:30:00Z,DAY_SHIFT,114,69,63,97,36.2,8.2,1,0,219,False,False,False,False,FIT,SELF_SERVICE_KIOSK,
dcu-W-00192-20260601,worker-uuid-00192,W-00192,2026-06-01T06:30:00Z,DAY_SHIFT,113,70,76,97,36.2,7.1,0,0,235,False,False,False,False,FIT,SELF_SERVICE_KIOSK,
dcu-W-00192-20260602,worker-uuid-00192,W-00192,2026-06-02T06:30:00Z,DAY_SHIFT,119,77,76,98,36.7,7.7,1,0,204,False,False,False,False,FIT,PARAMEDIC_ASSISTED,user-paramedic-01
dcu-W-00192-20260603,worker-uuid-00192,W-00192,2026-06-03T06:30:00Z,DAY_SHIFT,107,65,80,98,36.5,7.5,0,0,232,False,False,False,False,FIT,SELF_SERVICE_KIOSK,
dcu-W-00192-20260604,worker-uuid-00192,W-00192,2026-06-04T18:30:00Z,NIGHT_SHIFT,119,76,73,97,36.1,5.0,3,0,276,False,False,False,False,FIT,PARAMEDIC_ASSISTED,user-paramedic-01
dcu-W-00192-20260605,worker-uuid-00192,W-00192,2026-06-05T18:30:00Z,NIGHT_SHIFT,123,77,71,97,36.5,6.6,4,0,308,False,False,False,False,FIT,SELF_SERVICE_KIOSK,
dcu-W-00192-20260606,worker-uuid-00192,W-00192,2026-06-06T18:30:00Z,NIGHT_SHIFT,120,76,79,97,36.5,5.7,3,0,367,False,False,False,False,FIT,SELF_SERVICE_KIOSK,
dcu-W-00192-20260607,worker-uuid-00192,W-00192,2026-06-07T18:30:00Z,NIGHT_SHIFT,126,77,75,98,36.8,5.7,3,0,330,False,False,False,False,FIT,SELF_SERVICE_KIOSK,
dcu-W-00192-20260608,worker-uuid-00192,W-00192,2026-06-08T18:30:00Z,NIGHT_SHIFT,123,70,84,98,36.6,4.6,1,0,295,False,False,False,False,FIT,SELF_SERVICE_KIOSK,
dcu-W-00192-20260609,worker-uuid-00192,W-00192,2026-06-09T18:30:00Z,NIGHT_SHIFT,135,83,80,99,36.4,4.9,3,0,342,False,False,False,False,FIT,SELF_SERVICE_KIOSK,
dcu-W-00192-20260610,worker-uuid-00192,W-00192,2026-06-10T18:30:00Z,NIGHT_SHIFT,129,84,86,98,36.2,7.1,1,0,301,False,False,False,False,FIT,PARAMEDIC_ASSISTED,user-paramedic-01
dcu-W-00192-20260611,worker-uuid-00192,W-00192,2026-06-11T18:30:00Z,NIGHT_SHIFT,118,73,76,97,37.1,6.1,4,0,287,False,False,False,False,FIT,SELF_SERVICE_KIOSK,
dcu-W-00192-20260612,worker-uuid-00192,W-00192,2026-06-12T18:30:00Z,NIGHT_SHIFT,147,92,76,99,36.2,3.3,4,0,248,False,False,False,False,RESTRICTED,PARAMEDIC_ASSISTED,user-paramedic-01
dcu-W-00192-20260613,worker-uuid-00192,W-00192,2026-06-13T18:30:00Z,NIGHT_SHIFT,124,78,80,99,36.3,5.6,3,0,283,False,False,False,False,FIT,PARAMEDIC_ASSISTED,user-paramedic-01
dcu-W-00192-20260614,worker-uuid-00192,W-00192,2026-06-14T18:30:00Z,NIGHT_SHIFT,122,77,84,96,36.4,6.7,1,0,318,False,False,False,False,FIT,SELF_SERVICE_KIOSK,
dcu-W-00192-20260616,worker-uuid-00192,W-00192,2026-06-16T18:30:00Z,NIGHT_SHIFT,125,81,80,99,36.2,4.8,3,0,294,False,False,False,False,FIT,SELF_SERVICE_KIOSK,
dcu-W-00192-20260617,worker-uuid-00192,W-00192,2026-06-17T18:30:00Z,NIGHT_SHIFT,122,76,80,99,35.7,5.0,2,0,252,False,False,False,False,FIT,PARAMEDIC_ASSISTED,user-paramedic-01
dcu-W-00192-20260618,worker-uuid-00192,W-00192,2026-06-18T06:30:00Z,DAY_SHIFT,123,77,69,98,36.7,5.5,0,0,252,False,False,False,False,FIT,PARAMEDIC_ASSISTED,user-paramedic-01
dcu-W-00192-20260619,worker-uuid-00192,W-00192,2026-06-19T06:30:00Z,DAY_SHIFT,106,64,72,99,36.6,7.3,1,0,227,False,False,False,False,FIT,PARAMEDIC_ASSISTED,user-paramedic-01
dcu-W-00192-20260620,worker-uuid-00192,W-00192,2026-06-20T06:30:00Z,DAY_SHIFT,113,74,76,98,36.6,6.1,1,0,235,False,False,False,False,FIT,SELF_SERVICE_KIOSK,
dcu-W-00192-20260621,worker-uuid-00192,W-00192,2026-06-21T06:30:00Z,DAY_SHIFT,117,70,76,97,36.5,5.8,0,0,228,False,False,False,False,FIT,SELF_SERVICE_KIOSK,
dcu-W-00192-20260622,worker-uuid-00192,W-00192,2026-06-22T06:30:00Z,DAY_SHIFT,123,80,68,98,36.2,7.4,0,0,284,False,False,False,False,FIT,PARAMEDIC_ASSISTED,user-paramedic-01
dcu-W-00192-20260623,worker-uuid-00192,W-00192,2026-06-23T06:30:00Z,DAY_SHIFT,112,67,82,98,36.6,6.5,2,0,203,False,False,False,False,FIT,SELF_SERVICE_KIOSK,
dcu-W-00192-20260624,worker-uuid-00192,W-00192,2026-06-24T06:30:00Z,DAY_SHIFT,125,84,71,98,35.9,8.4,1,0,216,False,False,False,False,FIT,SELF_SERVICE_KIOSK,
dcu-W-00192-20260627,worker-uuid-00192,W-00192,2026-06-27T06:30:00Z,DAY_SHIFT,117,73,74,96,36.3,7.3,2,0,270,False,False,False,False,FIT,SELF_SERVICE_KIOSK,
dcu-W-00192-20260628,worker-uuid-00192,W-00192,2026-06-28T06:30:00Z,DAY_SHIFT,114,71,69,97,36.3,7.5,0,0,228,False,False,False,False,FIT,PARAMEDIC_ASSISTED,user-paramedic-01
dcu-W-00192-20260629,worker-uuid-00192,W-00192,2026-06-29T06:30:00Z,DAY_SHIFT,116,65,73,98,36.7,8.5,0,0,260,False,False,False,False,FIT,SELF_SERVICE_KIOSK,
dcu-W-00192-20260630,worker-uuid-00192,W-00192,2026-06-30T06:30:00Z,DAY_SHIFT,113,75,70,96,36.0,7.7,1,0,261,False,False,False,False,FIT,PARAMEDIC_ASSISTED,user-paramedic-01
dcu-W-00192-20260701,worker-uuid-00192,W-00192,2026-07-01T06:30:00Z,DAY_SHIFT,116,77,71,98,36.9,6.7,1,0,208,False,False,False,False,FIT,SELF_SERVICE_KIOSK,
dcu-W-00192-20260702,worker-uuid-00192,W-00192,2026-07-02T18:30:00Z,NIGHT_SHIFT,129,86,83,98,36.7,3.6,2,0,357,False,False,False,False,RESTRICTED,PARAMEDIC_ASSISTED,user-paramedic-01
dcu-W-00192-20260703,worker-uuid-00192,W-00192,2026-07-03T18:30:00Z,NIGHT_SHIFT,126,79,88,98,36.4,7.1,2,0,358,False,False,False,False,FIT,PARAMEDIC_ASSISTED,user-paramedic-01
dcu-W-00192-20260705,worker-uuid-00192,W-00192,2026-07-05T18:30:00Z,NIGHT_SHIFT,134,87,78,99,36.5,4.7,2,0,327,False,False,False,False,FIT,SELF_SERVICE_KIOSK,
dcu-W-00192-20260706,worker-uuid-00192,W-00192,2026-07-06T18:30:00Z,NIGHT_SHIFT,125,84,89,97,36.6,5.2,3,0,334,False,False,False,False,FIT,SELF_SERVICE_KIOSK,
dcu-W-00192-20260708,worker-uuid-00192,W-00192,2026-07-08T18:30:00Z,NIGHT_SHIFT,133,83,82,98,36.7,5.3,2,0,347,False,False,False,False,FIT,SELF_SERVICE_KIOSK,
dcu-W-00192-20260709,worker-uuid-00192,W-00192,2026-07-09T18:30:00Z,NIGHT_SHIFT,122,68,84,98,36.6,3.6,2,0,324,False,False,False,False,RESTRICTED,PARAMEDIC_ASSISTED,user-paramedic-01
dcu-W-00192-20260710,worker-uuid-00192,W-00192,2026-07-10T18:30:00Z,NIGHT_SHIFT,126,82,68,96,36.1,4.1,2,0,275,False,False,False,False,RESTRICTED,PARAMEDIC_ASSISTED,user-paramedic-01
dcu-W-00192-20260711,worker-uuid-00192,W-00192,2026-07-11T18:30:00Z,NIGHT_SHIFT,117,75,78,99,36.8,5.9,4,0,314,False,False,False,False,FIT,SELF_SERVICE_KIOSK,
dcu-W-00192-20260712,worker-uuid-00192,W-00192,2026-07-12T18:30:00Z,NIGHT_SHIFT,125,72,82,98,36.3,5.6,2,0,240,False,False,False,False,FIT,SELF_SERVICE_KIOSK,
dcu-W-00192-20260713,worker-uuid-00192,W-00192,2026-07-13T18:30:00Z,NIGHT_SHIFT,122,82,89,98,36.5,5.6,1,0,351,False,False,False,False,FIT,SELF_SERVICE_KIOSK,
dcu-W-00192-20260715,worker-uuid-00192,W-00192,2026-07-15T18:30:00Z,NIGHT_SHIFT,131,78,86,98,36.6,4.8,3,0,333,False,False,False,False,FIT,SELF_SERVICE_KIOSK,
dcu-W-00192-20260716,worker-uuid-00192,W-00192,2026-07-16T06:30:00Z,DAY_SHIFT,118,78,75,99,36.4,7.1,1,0,247,False,False,False,False,FIT,PARAMEDIC_ASSISTED,user-paramedic-01
dcu-W-00192-20260719,worker-uuid-00192,W-00192,2026-07-19T06:30:00Z,DAY_SHIFT,130,81,74,97,36.6,7.8,0,0,277,False,False,False,False,FIT,PARAMEDIC_ASSISTED,user-paramedic-01
dcu-W-00192-20260720,worker-uuid-00192,W-00192,2026-07-20T06:30:00Z,DAY_SHIFT,118,79,74,98,36.2,6.0,0,0,215,False,False,False,False,FIT,SELF_SERVICE_KIOSK,
dcu-W-00192-20260721,worker-uuid-00192,W-00192,2026-07-21T06:30:00Z,DAY_SHIFT,119,83,70,98,36.5,8.2,2,0,235,False,False,False,False,FIT,PARAMEDIC_ASSISTED,user-paramedic-01
dcu-W-00192-20260722,worker-uuid-00192,W-00192,2026-07-22T06:30:00Z,DAY_SHIFT,127,81,67,97,36.0,6.8,0,0,278,False,False,False,False,FIT,SELF_SERVICE_KIOSK,
dcu-W-00192-20260723,worker-uuid-00192,W-00192,2026-07-23T06:30:00Z,DAY_SHIFT,121,78,73,98,36.3,5.7,1,0,319,False,False,False,False,FIT,SELF_SERVICE_KIOSK,
dcu-W-00192-20260724,worker-uuid-00192,W-00192,2026-07-24T06:30:00Z,DAY_SHIFT,115,67,76,97,36.6,6.0,0,0,280,False,False,False,False,FIT,PARAMEDIC_ASSISTED,user-paramedic-01
dcu-W-00192-20260725,worker-uuid-00192,W-00192,2026-07-25T06:30:00Z,DAY_SHIFT,113,75,72,99,36.7,5.9,2,0,200,False,False,False,False,FIT,PARAMEDIC_ASSISTED,user-paramedic-01
dcu-W-00192-20260726,worker-uuid-00192,W-00192,2026-07-26T06:30:00Z,DAY_SHIFT,116,66,74,100,36.6,4.8,2,0,256,False,False,False,False,FIT,SELF_SERVICE_KIOSK,
dcu-W-00192-20260727,worker-uuid-00192,W-00192,2026-07-27T06:30:00Z,DAY_SHIFT,111,76,64,97,35.9,6.2,2,0,195,False,False,False,False,FIT,SELF_SERVICE_KIOSK,
dcu-W-00192-20260728,worker-uuid-00192,W-00192,2026-07-28T06:30:00Z,DAY_SHIFT,108,68,76,99,36.6,6.1,0,0,261,False,False,False,False,FIT,SELF_SERVICE_KIOSK,
dcu-W-00192-20260729,worker-uuid-00192,W-00192,2026-07-29T06:30:00Z,DAY_SHIFT,115,76,75,97,36.9,8.2,1,0,217,False,False,False,False,FIT,SELF_SERVICE_KIOSK,
dcu-W-00192-20260730,worker-uuid-00192,W-00192,2026-07-30T18:30:00Z,NIGHT_SHIFT,121,71,87,99,36.9,5.0,2,0,336,False,False,False,False,FIT,SELF_SERVICE_KIOSK,
dcu-W-00192-20260731,worker-uuid-00192,W-00192,2026-07-31T18:30:00Z,NIGHT_SHIFT,112,75,77,98,36.5,5.9,2,0,261,False,False,False,False,FIT,SELF_SERVICE_KIOSK,
dcu-W-00192-20260801,worker-uuid-00192,W-00192,2026-08-01T18:30:00Z,NIGHT_SHIFT,126,71,73,99,36.6,5.7,4,0,275,False,False,False,False,FIT,SELF_SERVICE_KIOSK,
dcu-W-00192-20260802,worker-uuid-00192,W-00192,2026-08-02T18:30:00Z,NIGHT_SHIFT,131,86,83,98,37.0,4.0,3,0,303,False,False,False,False,RESTRICTED,SELF_SERVICE_KIOSK,
dcu-W-00192-20260803,worker-uuid-00192,W-00192,2026-08-03T18:30:00Z,NIGHT_SHIFT,115,73,83,100,36.4,4.7,4,0,224,False,False,False,False,FIT,SELF_SERVICE_KIOSK,
dcu-W-00192-20260804,worker-uuid-00192,W-00192,2026-08-04T18:30:00Z,NIGHT_SHIFT,128,77,78,97,36.0,3.5,2,0,332,False,False,False,False,RESTRICTED,SELF_SERVICE_KIOSK,
dcu-W-00192-20260805,worker-uuid-00192,W-00192,2026-08-05T18:30:00Z,NIGHT_SHIFT,129,82,75,97,36.4,5.3,2,0,296,False,False,False,False,FIT,SELF_SERVICE_KIOSK,
dcu-W-00192-20260806,worker-uuid-00192,W-00192,2026-08-06T18:30:00Z,NIGHT_SHIFT,127,84,76,97,36.5,5.5,1,0,319,False,False,False,False,FIT,SELF_SERVICE_KIOSK,
dcu-W-00192-20260808,worker-uuid-00192,W-00192,2026-08-08T18:30:00Z,NIGHT_SHIFT,129,86,70,96,36.5,4.0,4,0,302,False,False,False,False,RESTRICTED,PARAMEDIC_ASSISTED,user-paramedic-01
dcu-W-00192-20260809,worker-uuid-00192,W-00192,2026-08-09T18:30:00Z,NIGHT_SHIFT,120,76,89,96,36.2,5.0,1,0,286,False,False,False,False,FIT,PARAMEDIC_ASSISTED,user-paramedic-01
dcu-W-00192-20260810,worker-uuid-00192,W-00192,2026-08-10T18:30:00Z,NIGHT_SHIFT,124,85,75,98,36.7,6.5,2,0,290,False,False,False,False,FIT,PARAMEDIC_ASSISTED,user-paramedic-01
dcu-W-00192-20260811,worker-uuid-00192,W-00192,2026-08-11T18:30:00Z,NIGHT_SHIFT,131,84,72,98,36.8,4.6,1,0,315,False,False,False,False,FIT,SELF_SERVICE_KIOSK,
dcu-W-00192-20260813,worker-uuid-00192,W-00192,2026-08-13T06:30:00Z,DAY_SHIFT,119,74,80,99,35.8,7.3,1,0,210,False,False,False,False,FIT,PARAMEDIC_ASSISTED,user-paramedic-01
dcu-W-00192-20260814,worker-uuid-00192,W-00192,2026-08-14T06:30:00Z,DAY_SHIFT,116,72,69,98,36.3,7.5,2,0,215,False,False,False,False,FIT,PARAMEDIC_ASSISTED,user-paramedic-01
dcu-W-00192-20260815,worker-uuid-00192,W-00192,2026-08-15T06:30:00Z,DAY_SHIFT,130,90,83,98,36.5,8.0,2,0,243,False,False,False,False,FIT,SELF_SERVICE_KIOSK,
dcu-W-00192-20260816,worker-uuid-00192,W-00192,2026-08-16T06:30:00Z,DAY_SHIFT,107,68,79,97,36.7,8.6,0,0,227,False,False,False,False,FIT,SELF_SERVICE_KIOSK,
dcu-W-00192-20260817,worker-uuid-00192,W-00192,2026-08-17T06:30:00Z,DAY_SHIFT,117,78,70,98,36.6,6.9,2,0,222,False,False,False,False,FIT,PARAMEDIC_ASSISTED,user-paramedic-01
dcu-W-00192-20260818,worker-uuid-00192,W-00192,2026-08-18T06:30:00Z,DAY_SHIFT,125,84,72,97,36.5,7.3,0,0,221,False,False,False,False,FIT,SELF_SERVICE_KIOSK,
dcu-W-00192-20260819,worker-uuid-00192,W-00192,2026-08-19T06:30:00Z,DAY_SHIFT,108,65,81,99,36.9,7.0,2,0,234,False,False,False,False,FIT,SELF_SERVICE_KIOSK,
dcu-W-00192-20260820,worker-uuid-00192,W-00192,2026-08-20T06:30:00Z,DAY_SHIFT,123,83,71,99,36.3,8.0,0,0,219,False,False,False,False,FIT,PARAMEDIC_ASSISTED,user-paramedic-01
dcu-W-00192-20260822,worker-uuid-00192,W-00192,2026-08-22T06:30:00Z,DAY_SHIFT,123,73,72,98,36.3,7.7,0,0,248,False,False,False,False,FIT,SELF_SERVICE_KIOSK,
dcu-W-00192-20260823,worker-uuid-00192,W-00192,2026-08-23T06:30:00Z,DAY_SHIFT,112,67,70,96,36.7,6.5,2,0,185,False,False,False,False,FIT,PARAMEDIC_ASSISTED,user-paramedic-01
dcu-W-00192-20260824,worker-uuid-00192,W-00192,2026-08-24T06:30:00Z,DAY_SHIFT,124,80,75,97,36.8,6.8,2,0,220,False,False,False,False,FIT,PARAMEDIC_ASSISTED,user-paramedic-01
dcu-W-00192-20260825,worker-uuid-00192,W-00192,2026-08-25T06:30:00Z,DAY_SHIFT,113,71,75,99,36.3,8.1,1,0,218,False,False,False,False,FIT,SELF_SERVICE_KIOSK,
dcu-W-00192-20260826,worker-uuid-00192,W-00192,2026-08-26T06:30:00Z,DAY_SHIFT,119,76,78,96,36.3,6.5,1,0,240,False,False,False,False,FIT,SELF_SERVICE_KIOSK,
dcu-W-00192-20260827,worker-uuid-00192,W-00192,2026-08-27T18:30:00Z,NIGHT_SHIFT,123,78,82,98,36.6,6.5,3,0,300,False,False,False,False,FIT,PARAMEDIC_ASSISTED,user-paramedic-01
dcu-W-00192-20260828,worker-uuid-00192,W-00192,2026-08-28T18:30:00Z,NIGHT_SHIFT,127,83,82,98,36.4,4.9,4,0,354,False,False,False,False,FIT,PARAMEDIC_ASSISTED,user-paramedic-01
dcu-W-00192-20260829,worker-uuid-00192,W-00192,2026-08-29T18:30:00Z,NIGHT_SHIFT,114,74,72,99,36.0,5.0,4,0,259,False,False,False,False,FIT,SELF_SERVICE_KIOSK,
dcu-W-00192-20260830,worker-uuid-00192,W-00192,2026-08-30T18:30:00Z,NIGHT_SHIFT,128,82,86,97,36.5,2.0,1,0,305,False,False,False,False,RESTRICTED,SELF_SERVICE_KIOSK,
dcu-W-00192-20260831,worker-uuid-00192,W-00192,2026-08-31T18:30:00Z,NIGHT_SHIFT,122,73,84,98,36.2,3.4,3,0,328,False,False,False,False,RESTRICTED,SELF_SERVICE_KIOSK,
dcu-W-00192-20260901,worker-uuid-00192,W-00192,2026-09-01T18:30:00Z,NIGHT_SHIFT,123,71,82,98,36.5,5.7,3,0,312,False,False,False,False,FIT,SELF_SERVICE_KIOSK,
dcu-W-00192-20260902,worker-uuid-00192,W-00192,2026-09-02T18:30:00Z,NIGHT_SHIFT,133,80,76,99,36.5,4.0,1,0,326,False,False,True,False,RESTRICTED,SELF_SERVICE_KIOSK,
dcu-W-00192-20260903,worker-uuid-00192,W-00192,2026-09-03T18:30:00Z,NIGHT_SHIFT,123,73,77,98,36.2,5.4,1,0,301,False,False,False,False,FIT,SELF_SERVICE_KIOSK,
dcu-W-00192-20260905,worker-uuid-00192,W-00192,2026-09-05T18:30:00Z,NIGHT_SHIFT,129,79,73,99,36.1,3.5,3,0,298,False,False,True,False,RESTRICTED,SELF_SERVICE_KIOSK,
dcu-W-00192-20260906,worker-uuid-00192,W-00192,2026-09-06T18:30:00Z,NIGHT_SHIFT,132,77,77,99,36.6,3.8,1,0,303,False,False,True,False,RESTRICTED,PARAMEDIC_ASSISTED,user-paramedic-01
dcu-W-00192-20260907,worker-uuid-00192,W-00192,2026-09-07T18:30:00Z,NIGHT_SHIFT,129,81,90,96,36.4,4.3,3,0,329,False,False,True,False,RESTRICTED,SELF_SERVICE_KIOSK,
dcu-W-00192-20260908,worker-uuid-00192,W-00192,2026-09-08T18:30:00Z,NIGHT_SHIFT,123,74,74,97,36.7,7.1,4,0,313,False,False,False,False,FIT,PARAMEDIC_ASSISTED,user-paramedic-01
dcu-W-00192-20260909,worker-uuid-00192,W-00192,2026-09-09T18:30:00Z,NIGHT_SHIFT,117,74,81,100,36.5,5.4,1,0,259,False,False,False,False,FIT,SELF_SERVICE_KIOSK,
dcu-W-00192-20260910,worker-uuid-00192,W-00192,2026-09-10T06:30:00Z,DAY_SHIFT,117,76,64,98,36.8,7.6,2,0,259,False,False,False,False,FIT,SELF_SERVICE_KIOSK,
dcu-W-00192-20260912,worker-uuid-00192,W-00192,2026-09-12T06:30:00Z,DAY_SHIFT,122,74,74,97,36.0,7.4,1,0,277,False,False,False,False,FIT,PARAMEDIC_ASSISTED,user-paramedic-01
dcu-W-00192-20260913,worker-uuid-00192,W-00192,2026-09-13T06:30:00Z,DAY_SHIFT,122,79,74,98,36.6,6.6,0,0,254,False,False,False,False,FIT,SELF_SERVICE_KIOSK,
dcu-W-00192-20260914,worker-uuid-00192,W-00192,2026-09-14T06:30:00Z,DAY_SHIFT,122,79,71,100,36.9,6.8,2,0,234,False,False,False,False,FIT,SELF_SERVICE_KIOSK,
dcu-W-00192-20260915,worker-uuid-00192,W-00192,2026-09-15T06:30:00Z,DAY_SHIFT,117,74,76,98,36.7,7.3,0,0,225,False,False,False,False,FIT,PARAMEDIC_ASSISTED,user-paramedic-01
dcu-W-00192-20260916,worker-uuid-00192,W-00192,2026-09-16T06:30:00Z,DAY_SHIFT,115,73,73,99,36.1,9.0,0,0,208,False,False,False,False,FIT,SELF_SERVICE_KIOSK,
dcu-W-00192-20260917,worker-uuid-00192,W-00192,2026-09-17T06:30:00Z,DAY_SHIFT,113,75,73,98,36.7,5.1,2,0,273,False,False,False,False,FIT,SELF_SERVICE_KIOSK,
dcu-W-00192-20260918,worker-uuid-00192,W-00192,2026-09-18T06:30:00Z,DAY_SHIFT,117,81,65,98,35.8,6.7,0,0,235,False,False,False,False,FIT,SELF_SERVICE_KIOSK,
dcu-W-00192-20260919,worker-uuid-00192,W-00192,2026-09-19T06:30:00Z,DAY_SHIFT,113,65,79,97,36.6,7.7,2,0,201,False,False,False,False,FIT,SELF_SERVICE_KIOSK,
dcu-W-00192-20260920,worker-uuid-00192,W-00192,2026-09-20T06:30:00Z,DAY_SHIFT,119,78,71,97,36.6,8.0,1,0,255,False,False,False,False,FIT,SELF_SERVICE_KIOSK,
dcu-W-00192-20260921,worker-uuid-00192,W-00192,2026-09-21T06:30:00Z,DAY_SHIFT,114,74,75,98,36.5,6.0,1,0,262,False,False,False,False,FIT,PARAMEDIC_ASSISTED,user-paramedic-01
dcu-W-00192-20260922,worker-uuid-00192,W-00192,2026-09-22T06:30:00Z,DAY_SHIFT,121,75,78,98,36.3,7.6,2,0,230,False,False,False,False,FIT,SELF_SERVICE_KIOSK,
dcu-W-00192-20260924,worker-uuid-00192,W-00192,2026-09-24T18:30:00Z,NIGHT_SHIFT,116,73,82,97,36.7,5.7,2,0,311,False,False,False,False,FIT,SELF_SERVICE_KIOSK,
dcu-W-00192-20260926,worker-uuid-00192,W-00192,2026-09-26T18:30:00Z,NIGHT_SHIFT,120,75,85,99,36.8,6.4,4,0,286,False,False,False,False,FIT,SELF_SERVICE_KIOSK,
dcu-W-00192-20260927,worker-uuid-00192,W-00192,2026-09-27T18:30:00Z,NIGHT_SHIFT,113,74,77,96,36.3,5.9,2,0,317,False,False,False,False,FIT,PARAMEDIC_ASSISTED,user-paramedic-01
dcu-W-00192-20260928,worker-uuid-00192,W-00192,2026-09-28T18:30:00Z,NIGHT_SHIFT,111,75,79,98,36.5,5.2,4,0,281,False,False,False,False,FIT,SELF_SERVICE_KIOSK,
dcu-W-00192-20260930,worker-uuid-00192,W-00192,2026-09-30T18:30:00Z,NIGHT_SHIFT,125,76,79,97,36.7,5.8,3,0,321,False,False,False,False,FIT,PARAMEDIC_ASSISTED,user-paramedic-01
dcu-W-00192-20261001,worker-uuid-00192,W-00192,2026-10-01T18:30:00Z,NIGHT_SHIFT,123,81,90,97,36.5,3.5,3,0,275,False,False,False,False,RESTRICTED,SELF_SERVICE_KIOSK,
dcu-W-00192-20261002,worker-uuid-00192,W-00192,2026-10-02T18:30:00Z,NIGHT_SHIFT,130,75,82,97,36.6,3.7,1,0,316,False,False,False,False,RESTRICTED,SELF_SERVICE_KIOSK,
dcu-W-00192-20261003,worker-uuid-00192,W-00192,2026-10-03T18:30:00Z,NIGHT_SHIFT,124,77,82,99,36.7,3.7,4,0,327,False,False,False,False,RESTRICTED,SELF_SERVICE_KIOSK,
dcu-W-00192-20261004,worker-uuid-00192,W-00192,2026-10-04T18:30:00Z,NIGHT_SHIFT,114,66,76,98,36.1,6.8,3,0,252,False,False,False,False,FIT,SELF_SERVICE_KIOSK,
dcu-W-00192-20261005,worker-uuid-00192,W-00192,2026-10-05T18:30:00Z,NIGHT_SHIFT,139,92,77,98,36.5,3.5,2,0,344,False,False,False,False,RESTRICTED,SELF_SERVICE_KIOSK,
dcu-W-00192-20261006,worker-uuid-00192,W-00192,2026-10-06T18:30:00Z,NIGHT_SHIFT,119,71,81,97,36.2,6.0,1,0,293,False,False,False,False,FIT,PARAMEDIC_ASSISTED,user-paramedic-01
dcu-W-00192-20261007,worker-uuid-00192,W-00192,2026-10-07T18:30:00Z,NIGHT_SHIFT,133,80,79,98,36.6,3.7,4,0,306,False,False,False,False,RESTRICTED,SELF_SERVICE_KIOSK,
dcu-W-00192-20261008,worker-uuid-00192,W-00192,2026-10-08T06:30:00Z,DAY_SHIFT,127,73,71,98,36.5,7.5,1,0,242,False,False,False,False,FIT,SELF_SERVICE_KIOSK,
dcu-W-00192-20261009,worker-uuid-00192,W-00192,2026-10-09T06:30:00Z,DAY_SHIFT,122,73,73,99,36.7,5.6,1,0,251,False,False,False,False,FIT,PARAMEDIC_ASSISTED,user-paramedic-01
dcu-W-00192-20261010,worker-uuid-00192,W-00192,2026-10-10T06:30:00Z,DAY_SHIFT,125,77,72,97,36.7,7.5,1,0,253,False,False,False,False,FIT,SELF_SERVICE_KIOSK,
dcu-W-00192-20261011,worker-uuid-00192,W-00192,2026-10-11T06:30:00Z,DAY_SHIFT,119,73,77,98,36.7,5.5,2,0,220,False,False,False,False,FIT,SELF_SERVICE_KIOSK,
dcu-W-00192-20261012,worker-uuid-00192,W-00192,2026-10-12T06:30:00Z,DAY_SHIFT,120,76,78,98,36.4,8.7,0,0,240,False,False,False,False,FIT,SELF_SERVICE_KIOSK,
dcu-W-00192-20261013,worker-uuid-00192,W-00192,2026-10-13T06:30:00Z,DAY_SHIFT,119,75,65,97,36.2,7.8,0,0,251,False,False,False,False,FIT,PARAMEDIC_ASSISTED,user-paramedic-01
dcu-W-00192-20261014,worker-uuid-00192,W-00192,2026-10-14T06:30:00Z,DAY_SHIFT,121,73,72,98,36.1,7.4,2,0,233,False,False,False,False,FIT,PARAMEDIC_ASSISTED,user-paramedic-01
dcu-W-00192-20261015,worker-uuid-00192,W-00192,2026-10-15T06:30:00Z,DAY_SHIFT,119,73,79,97,36.8,6.1,2,0,214,False,False,False,False,FIT,SELF_SERVICE_KIOSK,
dcu-W-00192-20261016,worker-uuid-00192,W-00192,2026-10-16T06:30:00Z,DAY_SHIFT,126,70,73,96,36.8,7.8,1,0,195,False,False,False,False,FIT,PARAMEDIC_ASSISTED,user-paramedic-01
dcu-W-00192-20261017,worker-uuid-00192,W-00192,2026-10-17T06:30:00Z,DAY_SHIFT,112,68,73,98,37.1,6.2,0,0,265,False,False,False,False,FIT,SELF_SERVICE_KIOSK,
dcu-W-00192-20261018,worker-uuid-00192,W-00192,2026-10-18T06:30:00Z,DAY_SHIFT,115,79,71,97,36.4,7.3,0,0,233,False,False,False,False,FIT,SELF_SERVICE_KIOSK,
dcu-W-00192-20261019,worker-uuid-00192,W-00192,2026-10-19T06:30:00Z,DAY_SHIFT,114,67,68,97,36.3,7.9,2,0,212,False,False,False,False,FIT,PARAMEDIC_ASSISTED,user-paramedic-01
dcu-W-00192-20261020,worker-uuid-00192,W-00192,2026-10-20T06:30:00Z,DAY_SHIFT,117,78,80,98,35.9,7.5,1,0,206,False,False,False,False,FIT,SELF_SERVICE_KIOSK,
dcu-W-00192-20261021,worker-uuid-00192,W-00192,2026-10-21T06:30:00Z,DAY_SHIFT,121,79,75,98,36.4,6.6,0,0,230,False,False,False,False,FIT,SELF_SERVICE_KIOSK,
dcu-W-00192-20261022,worker-uuid-00192,W-00192,2026-10-22T18:30:00Z,NIGHT_SHIFT,127,82,87,96,36.0,4.7,4,0,356,False,False,False,False,FIT,PARAMEDIC_ASSISTED,user-paramedic-01
dcu-W-00192-20261023,worker-uuid-00192,W-00192,2026-10-23T18:30:00Z,NIGHT_SHIFT,117,77,85,96,36.9,5.4,2,0,266,False,False,False,False,FIT,SELF_SERVICE_KIOSK,
dcu-W-00192-20261024,worker-uuid-00192,W-00192,2026-10-24T18:30:00Z,NIGHT_SHIFT,123,83,79,98,36.4,6.6,3,0,269,False,False,False,False,FIT,SELF_SERVICE_KIOSK,
dcu-W-00192-20261025,worker-uuid-00192,W-00192,2026-10-25T18:30:00Z,NIGHT_SHIFT,120,77,77,97,36.2,5.6,4,0,337,False,False,False,False,FIT,SELF_SERVICE_KIOSK,
dcu-W-00192-20261026,worker-uuid-00192,W-00192,2026-10-26T18:30:00Z,NIGHT_SHIFT,126,81,83,97,36.5,5.5,3,0,292,False,False,False,False,FIT,SELF_SERVICE_KIOSK,
dcu-W-00192-20261027,worker-uuid-00192,W-00192,2026-10-27T18:30:00Z,NIGHT_SHIFT,116,77,76,98,37.1,7.5,4,0,324,False,False,False,False,FIT,PARAMEDIC_ASSISTED,user-paramedic-01
dcu-W-00192-20261028,worker-uuid-00192,W-00192,2026-10-28T18:30:00Z,NIGHT_SHIFT,126,79,72,97,37.0,6.8,2,0,315,False,False,False,False,FIT,SELF_SERVICE_KIOSK,
dcu-W-00192-20261029,worker-uuid-00192,W-00192,2026-10-29T18:30:00Z,NIGHT_SHIFT,113,71,83,97,36.4,4.8,3,0,226,False,False,False,False,FIT,PARAMEDIC_ASSISTED,user-paramedic-01
dcu-W-00192-20261030,worker-uuid-00192,W-00192,2026-10-30T18:30:00Z,NIGHT_SHIFT,131,83,83,97,36.4,4.9,3,0,310,False,False,False,False,FIT,SELF_SERVICE_KIOSK,
dcu-W-00192-20261031,worker-uuid-00192,W-00192,2026-10-31T18:30:00Z,NIGHT_SHIFT,118,72,83,97,36.5,6.2,3,0,328,False,False,False,False,FIT,SELF_SERVICE_KIOSK,
dcu-W-00192-20261102,worker-uuid-00192,W-00192,2026-11-02T18:30:00Z,NIGHT_SHIFT,126,77,74,97,36.3,4.5,3,0,332,False,False,False,False,FIT,SELF_SERVICE_KIOSK,
dcu-W-00192-20261103,worker-uuid-00192,W-00192,2026-11-03T18:30:00Z,NIGHT_SHIFT,125,81,75,97,36.8,4.3,2,0,289,False,False,True,False,RESTRICTED,SELF_SERVICE_KIOSK,
dcu-W-00192-20261104,worker-uuid-00192,W-00192,2026-11-04T18:30:00Z,NIGHT_SHIFT,122,72,78,97,36.6,7.6,1,0,348,False,False,False,False,FIT,PARAMEDIC_ASSISTED,user-paramedic-01
dcu-W-00192-20261106,worker-uuid-00192,W-00192,2026-11-06T06:30:00Z,DAY_SHIFT,122,77,63,98,36.2,8.0,1,0,248,False,False,False,False,FIT,SELF_SERVICE_KIOSK,
dcu-W-00192-20261107,worker-uuid-00192,W-00192,2026-11-07T06:30:00Z,DAY_SHIFT,117,75,72,97,36.3,7.2,0,0,213,False,False,False,False,FIT,SELF_SERVICE_KIOSK,
dcu-W-00192-20261108,worker-uuid-00192,W-00192,2026-11-08T06:30:00Z,DAY_SHIFT,119,68,70,97,36.1,7.1,1,0,216,False,False,False,False,FIT,SELF_SERVICE_KIOSK,
dcu-W-00192-20261109,worker-uuid-00192,W-00192,2026-11-09T06:30:00Z,DAY_SHIFT,126,76,69,99,35.7,7.1,1,0,263,False,False,False,False,FIT,SELF_SERVICE_KIOSK,
dcu-W-00192-20261110,worker-uuid-00192,W-00192,2026-11-10T06:30:00Z,DAY_SHIFT,116,72,69,98,36.4,7.8,1,0,267,False,False,False,False,FIT,SELF_SERVICE_KIOSK,
dcu-W-00192-20261111,worker-uuid-00192,W-00192,2026-11-11T06:30:00Z,DAY_SHIFT,114,73,69,98,36.0,8.7,1,0,246,False,False,False,False,FIT,SELF_SERVICE_KIOSK,
dcu-W-00192-20261112,worker-uuid-00192,W-00192,2026-11-12T06:30:00Z,DAY_SHIFT,126,80,69,97,36.2,6.5,2,0,214,False,False,False,False,FIT,SELF_SERVICE_KIOSK,
dcu-W-00192-20261113,worker-uuid-00192,W-00192,2026-11-13T06:30:00Z,DAY_SHIFT,122,77,73,97,36.4,8.1,1,0,288,False,False,False,False,FIT,SELF_SERVICE_KIOSK,
dcu-W-00192-20261114,worker-uuid-00192,W-00192,2026-11-14T06:30:00Z,DAY_SHIFT,122,78,71,98,36.5,6.6,2,0,272,False,False,False,False,FIT,SELF_SERVICE_KIOSK,
dcu-W-00192-20261115,worker-uuid-00192,W-00192,2026-11-15T06:30:00Z,DAY_SHIFT,106,72,72,98,36.7,6.6,0,0,260,False,False,False,False,FIT,SELF_SERVICE_KIOSK,
dcu-W-00192-20261116,worker-uuid-00192,W-00192,2026-11-16T06:30:00Z,DAY_SHIFT,120,76,70,98,36.6,7.5,2,0,217,False,False,False,False,FIT,SELF_SERVICE_KIOSK,
dcu-W-00192-20261118,worker-uuid-00192,W-00192,2026-11-18T06:30:00Z,DAY_SHIFT,123,78,77,97,35.9,6.7,0,0,244,False,False,False,False,FIT,SELF_SERVICE_KIOSK,
dcu-W-00192-20261119,worker-uuid-00192,W-00192,2026-11-19T18:30:00Z,NIGHT_SHIFT,126,83,77,98,36.8,5.3,4,0,303,False,False,False,False,FIT,PARAMEDIC_ASSISTED,user-paramedic-01
dcu-W-00192-20261120,worker-uuid-00192,W-00192,2026-11-20T18:30:00Z,NIGHT_SHIFT,123,81,79,96,36.2,4.6,3,0,256,False,False,False,False,FIT,PARAMEDIC_ASSISTED,user-paramedic-01
dcu-W-00192-20261121,worker-uuid-00192,W-00192,2026-11-21T18:30:00Z,NIGHT_SHIFT,123,78,81,97,36.4,6.5,4,0,285,False,False,False,False,FIT,PARAMEDIC_ASSISTED,user-paramedic-01
dcu-W-00192-20261122,worker-uuid-00192,W-00192,2026-11-22T18:30:00Z,NIGHT_SHIFT,129,73,82,99,36.6,6.1,3,0,316,False,False,False,False,FIT,PARAMEDIC_ASSISTED,user-paramedic-01
dcu-W-00192-20261123,worker-uuid-00192,W-00192,2026-11-23T18:30:00Z,NIGHT_SHIFT,123,78,80,98,36.7,3.6,1,0,288,False,False,False,False,RESTRICTED,PARAMEDIC_ASSISTED,user-paramedic-01
dcu-W-00192-20261124,worker-uuid-00192,W-00192,2026-11-24T18:30:00Z,NIGHT_SHIFT,123,74,79,97,36.4,5.3,2,0,327,False,False,False,False,FIT,PARAMEDIC_ASSISTED,user-paramedic-01
dcu-W-00192-20261125,worker-uuid-00192,W-00192,2026-11-25T18:30:00Z,NIGHT_SHIFT,131,81,83,98,36.6,6.4,2,0,313,False,False,False,False,FIT,SELF_SERVICE_KIOSK,
dcu-W-00192-20261126,worker-uuid-00192,W-00192,2026-11-26T18:30:00Z,NIGHT_SHIFT,119,76,79,99,36.2,5.1,3,0,332,False,False,False,False,FIT,SELF_SERVICE_KIOSK,
dcu-W-00192-20261127,worker-uuid-00192,W-00192,2026-11-27T18:30:00Z,NIGHT_SHIFT,121,75,85,97,36.0,5.8,1,0,294,False,False,False,False,FIT,SELF_SERVICE_KIOSK,
dcu-W-00192-20261128,worker-uuid-00192,W-00192,2026-11-28T18:30:00Z,NIGHT_SHIFT,126,83,82,98,36.7,5.3,3,0,265,False,False,False,False,FIT,SELF_SERVICE_KIOSK,
dcu-W-00192-20261129,worker-uuid-00192,W-00192,2026-11-29T18:30:00Z,NIGHT_SHIFT,114,73,83,97,36.6,6.9,4,0,285,False,False,False,False,FIT,SELF_SERVICE_KIOSK,
dcu-W-00192-20261130,worker-uuid-00192,W-00192,2026-11-30T18:30:00Z,NIGHT_SHIFT,123,77,79,98,36.6,5.5,1,0,266,False,False,False,False,FIT,SELF_SERVICE_KIOSK,
dcu-W-00192-20261201,worker-uuid-00192,W-00192,2026-12-01T18:30:00Z,NIGHT_SHIFT,120,76,78,97,36.5,4.7,1,0,323,False,False,False,False,FIT,SELF_SERVICE_KIOSK,
dcu-W-00192-20261204,worker-uuid-00192,W-00192,2026-12-04T06:30:00Z,DAY_SHIFT,121,79,75,99,36.6,7.9,1,0,238,False,False,False,False,FIT,PARAMEDIC_ASSISTED,user-paramedic-01
dcu-W-00192-20261205,worker-uuid-00192,W-00192,2026-12-05T06:30:00Z,DAY_SHIFT,120,70,74,99,36.6,6.1,0,0,260,False,False,False,False,FIT,SELF_SERVICE_KIOSK,
dcu-W-00192-20261206,worker-uuid-00192,W-00192,2026-12-06T06:30:00Z,DAY_SHIFT,119,70,69,97,36.0,6.6,0,0,219,False,False,False,False,FIT,PARAMEDIC_ASSISTED,user-paramedic-01
dcu-W-00192-20261207,worker-uuid-00192,W-00192,2026-12-07T06:30:00Z,DAY_SHIFT,109,70,73,98,36.7,7.3,2,0,269,False,False,False,False,FIT,SELF_SERVICE_KIOSK,
dcu-W-00192-20261209,worker-uuid-00192,W-00192,2026-12-09T06:30:00Z,DAY_SHIFT,114,69,61,95,37.1,6.7,1,0,254,False,False,False,False,FIT,PARAMEDIC_ASSISTED,user-paramedic-01
dcu-W-00192-20261210,worker-uuid-00192,W-00192,2026-12-10T06:30:00Z,DAY_SHIFT,113,71,75,97,36.6,7.8,1,0,233,False,False,False,False,FIT,SELF_SERVICE_KIOSK,
dcu-W-00192-20261212,worker-uuid-00192,W-00192,2026-12-12T06:30:00Z,DAY_SHIFT,119,77,76,99,36.3,7.7,0,0,227,False,False,False,False,FIT,SELF_SERVICE_KIOSK,
dcu-W-00192-20261213,worker-uuid-00192,W-00192,2026-12-13T06:30:00Z,DAY_SHIFT,117,71,75,97,36.2,7.6,0,0,227,False,False,False,False,FIT,PARAMEDIC_ASSISTED,user-paramedic-01
dcu-W-00192-20261214,worker-uuid-00192,W-00192,2026-12-14T06:30:00Z,DAY_SHIFT,108,71,71,97,36.7,6.6,0,0,249,False,False,False,False,FIT,PARAMEDIC_ASSISTED,user-paramedic-01
dcu-W-00192-20261215,worker-uuid-00192,W-00192,2026-12-15T06:30:00Z,DAY_SHIFT,115,74,70,95,36.4,6.6,1,0,229,False,False,False,False,FIT,SELF_SERVICE_KIOSK,
dcu-W-00192-20261216,worker-uuid-00192,W-00192,2026-12-16T06:30:00Z,DAY_SHIFT,117,73,70,96,36.5,7.0,1,0,281,False,False,False,False,FIT,SELF_SERVICE_KIOSK,
dcu-W-00192-20261217,worker-uuid-00192,W-00192,2026-12-17T18:30:00Z,NIGHT_SHIFT,122,79,88,99,36.6,5.7,2,0,310,False,False,False,False,FIT,SELF_SERVICE_KIOSK,
dcu-W-00192-20261218,worker-uuid-00192,W-00192,2026-12-18T18:30:00Z,NIGHT_SHIFT,133,88,83,97,36.5,3.5,2,0,307,False,False,False,False,RESTRICTED,PARAMEDIC_ASSISTED,user-paramedic-01
dcu-W-00192-20261219,worker-uuid-00192,W-00192,2026-12-19T18:30:00Z,NIGHT_SHIFT,120,77,73,97,37.2,5.7,1,0,305,False,False,False,False,FIT,PARAMEDIC_ASSISTED,user-paramedic-01
dcu-W-00192-20261221,worker-uuid-00192,W-00192,2026-12-21T18:30:00Z,NIGHT_SHIFT,122,70,82,97,36.2,5.0,3,0,250,False,False,False,False,FIT,SELF_SERVICE_KIOSK,
dcu-W-00192-20261222,worker-uuid-00192,W-00192,2026-12-22T18:30:00Z,NIGHT_SHIFT,133,79,84,98,36.9,4.6,4,0,258,False,False,False,False,FIT,SELF_SERVICE_KIOSK,
dcu-W-00192-20261223,worker-uuid-00192,W-00192,2026-12-23T18:30:00Z,NIGHT_SHIFT,126,77,72,98,36.0,4.9,1,0,340,False,False,False,False,FIT,SELF_SERVICE_KIOSK,
dcu-W-00192-20261224,worker-uuid-00192,W-00192,2026-12-24T18:30:00Z,NIGHT_SHIFT,137,84,71,98,36.5,2.7,1,0,285,False,False,False,False,RESTRICTED,SELF_SERVICE_KIOSK,
dcu-W-00192-20261225,worker-uuid-00192,W-00192,2026-12-25T18:30:00Z,NIGHT_SHIFT,140,87,75,98,36.7,4.2,1,0,349,False,False,False,False,RESTRICTED,SELF_SERVICE_KIOSK,
dcu-W-00192-20261226,worker-uuid-00192,W-00192,2026-12-26T18:30:00Z,NIGHT_SHIFT,140,82,76,98,36.9,2.9,4,0,322,False,False,False,False,RESTRICTED,SELF_SERVICE_KIOSK,
dcu-W-00192-20261227,worker-uuid-00192,W-00192,2026-12-27T18:30:00Z,NIGHT_SHIFT,127,78,81,98,36.1,4.8,4,0,293,False,False,False,False,FIT,SELF_SERVICE_KIOSK,
dcu-W-00192-20261228,worker-uuid-00192,W-00192,2026-12-28T18:30:00Z,NIGHT_SHIFT,126,75,80,98,35.9,3.8,3,0,335,False,False,False,False,RESTRICTED,PARAMEDIC_ASSISTED,user-paramedic-01
dcu-W-00192-20261229,worker-uuid-00192,W-00192,2026-12-29T18:30:00Z,NIGHT_SHIFT,127,79,74,98,36.3,4.5,2,0,313,False,False,False,False,FIT,SELF_SERVICE_KIOSK,
dcu-W-00192-20261230,worker-uuid-00192,W-00192,2026-12-30T18:30:00Z,NIGHT_SHIFT,132,84,79,100,36.1,4.3,1,0,350,False,False,False,False,RESTRICTED,PARAMEDIC_ASSISTED,user-paramedic-01
dcu-W-00192-20261231,worker-uuid-00192,W-00192,2026-12-31T06:30:00Z,DAY_SHIFT,111,64,73,100,36.8,7.3,0,0,218,False,False,False,False,FIT,PARAMEDIC_ASSISTED,user-paramedic-01
dcu-W-00193-20260101,worker-uuid-00193,W-00193,2026-01-01T06:30:00Z,DAY_SHIFT,138,80,84,98,36.6,6.7,0,0,219,False,False,False,False,FIT,SELF_SERVICE_KIOSK,
dcu-W-00193-20260102,worker-uuid-00193,W-00193,2026-01-02T06:30:00Z,DAY_SHIFT,128,82,77,98,36.6,5.8,2,0,201,False,False,False,False,FIT,PARAMEDIC_ASSISTED,user-paramedic-01
dcu-W-00193-20260103,worker-uuid-00193,W-00193,2026-01-03T06:30:00Z,DAY_SHIFT,139,92,85,97,36.5,6.9,2,0,184,False,False,False,False,FIT,SELF_SERVICE_KIOSK,
dcu-W-00193-20260104,worker-uuid-00193,W-00193,2026-01-04T06:30:00Z,DAY_SHIFT,134,83,74,96,36.3,5.5,1,0,249,False,False,False,False,FIT,PARAMEDIC_ASSISTED,user-paramedic-01
dcu-W-00193-20260105,worker-uuid-00193,W-00193,2026-01-05T06:30:00Z,DAY_SHIFT,134,94,74,97,36.7,8.5,2,0,225,False,False,False,False,FIT,PARAMEDIC_ASSISTED,user-paramedic-01
dcu-W-00193-20260106,worker-uuid-00193,W-00193,2026-01-06T06:30:00Z,DAY_SHIFT,143,82,82,97,36.7,7.5,0,0,266,False,False,False,False,FIT,SELF_SERVICE_KIOSK,
dcu-W-00193-20260107,worker-uuid-00193,W-00193,2026-01-07T06:30:00Z,DAY_SHIFT,153,92,77,98,36.3,7.4,1,0,259,False,False,False,False,RESTRICTED,PARAMEDIC_ASSISTED,user-paramedic-01
dcu-W-00193-20260109,worker-uuid-00193,W-00193,2026-01-09T06:30:00Z,DAY_SHIFT,131,79,74,100,36.5,6.3,1,0,216,False,False,False,False,FIT,PARAMEDIC_ASSISTED,user-paramedic-01
dcu-W-00193-20260110,worker-uuid-00193,W-00193,2026-01-10T06:30:00Z,DAY_SHIFT,143,82,75,98,36.1,7.5,0,0,223,False,False,False,False,FIT,PARAMEDIC_ASSISTED,user-paramedic-01
dcu-W-00193-20260111,worker-uuid-00193,W-00193,2026-01-11T06:30:00Z,DAY_SHIFT,143,86,74,96,36.3,6.2,2,0,256,False,False,False,False,FIT,SELF_SERVICE_KIOSK,
dcu-W-00193-20260112,worker-uuid-00193,W-00193,2026-01-12T06:30:00Z,DAY_SHIFT,137,82,79,99,36.7,7.1,0,0,229,False,False,False,False,FIT,SELF_SERVICE_KIOSK,
dcu-W-00193-20260114,worker-uuid-00193,W-00193,2026-01-14T06:30:00Z,DAY_SHIFT,136,77,68,97,36.9,8.0,1,0,231,False,False,False,False,FIT,PARAMEDIC_ASSISTED,user-paramedic-01
dcu-W-00193-20260115,worker-uuid-00193,W-00193,2026-01-15T18:30:00Z,NIGHT_SHIFT,140,88,83,98,36.6,6.6,3,0,310,False,False,False,False,FIT,SELF_SERVICE_KIOSK,
dcu-W-00193-20260116,worker-uuid-00193,W-00193,2026-01-16T18:30:00Z,NIGHT_SHIFT,144,85,80,98,36.5,6.2,3,0,277,False,False,False,False,FIT,PARAMEDIC_ASSISTED,user-paramedic-01
dcu-W-00193-20260117,worker-uuid-00193,W-00193,2026-01-17T18:30:00Z,NIGHT_SHIFT,161,93,88,99,36.9,3.3,3,0,280,False,False,False,False,RESTRICTED,PARAMEDIC_ASSISTED,user-paramedic-01
dcu-W-00193-20260120,worker-uuid-00193,W-00193,2026-01-20T18:30:00Z,NIGHT_SHIFT,156,98,88,99,36.3,4.6,2,0,260,False,False,False,False,RESTRICTED,PARAMEDIC_ASSISTED,user-paramedic-01
dcu-W-00193-20260121,worker-uuid-00193,W-00193,2026-01-21T18:30:00Z,NIGHT_SHIFT,136,88,85,98,35.9,5.2,4,0,281,False,False,False,False,FIT,SELF_SERVICE_KIOSK,
dcu-W-00193-20260122,worker-uuid-00193,W-00193,2026-01-22T18:30:00Z,NIGHT_SHIFT,147,83,81,99,36.6,3.9,3,0,374,False,False,False,False,RESTRICTED,SELF_SERVICE_KIOSK,
dcu-W-00193-20260123,worker-uuid-00193,W-00193,2026-01-23T18:30:00Z,NIGHT_SHIFT,147,98,76,99,37.0,4.7,1,0,352,False,False,False,False,RESTRICTED,SELF_SERVICE_KIOSK,
dcu-W-00193-20260124,worker-uuid-00193,W-00193,2026-01-24T18:30:00Z,NIGHT_SHIFT,150,91,88,100,36.2,5.7,2,0,286,False,False,False,False,RESTRICTED,SELF_SERVICE_KIOSK,
dcu-W-00193-20260126,worker-uuid-00193,W-00193,2026-01-26T18:30:00Z,NIGHT_SHIFT,135,87,93,98,36.7,5.4,1,0,316,False,False,False,False,FIT,PARAMEDIC_ASSISTED,user-paramedic-01
dcu-W-00193-20260127,worker-uuid-00193,W-00193,2026-01-27T18:30:00Z,NIGHT_SHIFT,141,82,86,99,36.0,2.8,1,0,254,False,False,False,False,RESTRICTED,PARAMEDIC_ASSISTED,user-paramedic-01
dcu-W-00193-20260128,worker-uuid-00193,W-00193,2026-01-28T18:30:00Z,NIGHT_SHIFT,150,98,81,97,36.7,5.8,1,0,368,False,False,False,False,RESTRICTED,SELF_SERVICE_KIOSK,
dcu-W-00193-20260129,worker-uuid-00193,W-00193,2026-01-29T06:30:00Z,DAY_SHIFT,138,88,72,95,36.3,8.0,0,0,216,False,False,False,False,FIT,SELF_SERVICE_KIOSK,
dcu-W-00193-20260130,worker-uuid-00193,W-00193,2026-01-30T06:30:00Z,DAY_SHIFT,132,95,80,96,36.3,9.1,1,0,288,False,False,False,False,RESTRICTED,SELF_SERVICE_KIOSK,
dcu-W-00193-20260131,worker-uuid-00193,W-00193,2026-01-31T06:30:00Z,DAY_SHIFT,133,83,74,98,35.7,6.7,1,0,241,False,False,False,False,FIT,SELF_SERVICE_KIOSK,
dcu-W-00193-20260201,worker-uuid-00193,W-00193,2026-02-01T06:30:00Z,DAY_SHIFT,146,92,75,97,36.6,7.2,2,0,253,False,False,False,False,FIT,SELF_SERVICE_KIOSK,
dcu-W-00193-20260202,worker-uuid-00193,W-00193,2026-02-02T06:30:00Z,DAY_SHIFT,139,84,81,97,36.4,7.8,0,0,252,False,False,False,False,FIT,PARAMEDIC_ASSISTED,user-paramedic-01
dcu-W-00193-20260203,worker-uuid-00193,W-00193,2026-02-03T06:30:00Z,DAY_SHIFT,135,87,73,97,37.2,7.6,1,0,228,False,False,False,False,FIT,SELF_SERVICE_KIOSK,
dcu-W-00193-20260204,worker-uuid-00193,W-00193,2026-02-04T06:30:00Z,DAY_SHIFT,141,93,81,98,35.8,7.6,2,0,260,False,False,False,False,FIT,PARAMEDIC_ASSISTED,user-paramedic-01
dcu-W-00193-20260205,worker-uuid-00193,W-00193,2026-02-05T06:30:00Z,DAY_SHIFT,136,81,77,99,37.0,7.5,1,0,212,False,False,False,False,FIT,SELF_SERVICE_KIOSK,
dcu-W-00193-20260207,worker-uuid-00193,W-00193,2026-02-07T06:30:00Z,DAY_SHIFT,138,85,70,98,36.6,8.4,2,0,246,False,False,False,False,FIT,SELF_SERVICE_KIOSK,
dcu-W-00193-20260208,worker-uuid-00193,W-00193,2026-02-08T06:30:00Z,DAY_SHIFT,133,89,74,97,36.5,6.1,1,0,232,False,False,False,False,FIT,PARAMEDIC_ASSISTED,user-paramedic-01
dcu-W-00193-20260211,worker-uuid-00193,W-00193,2026-02-11T06:30:00Z,DAY_SHIFT,141,85,79,98,36.8,8.3,2,0,253,False,False,False,False,FIT,SELF_SERVICE_KIOSK,
dcu-W-00193-20260212,worker-uuid-00193,W-00193,2026-02-12T18:30:00Z,NIGHT_SHIFT,147,91,83,99,36.6,4.6,4,0,349,False,False,False,False,FIT,SELF_SERVICE_KIOSK,
dcu-W-00193-20260213,worker-uuid-00193,W-00193,2026-02-13T18:30:00Z,NIGHT_SHIFT,145,96,81,96,36.4,6.3,3,0,310,False,False,False,False,RESTRICTED,SELF_SERVICE_KIOSK,
dcu-W-00193-20260214,worker-uuid-00193,W-00193,2026-02-14T18:30:00Z,NIGHT_SHIFT,153,101,80,97,36.7,3.3,1,0,310,False,False,False,False,RESTRICTED,PARAMEDIC_ASSISTED,user-paramedic-01
dcu-W-00193-20260215,worker-uuid-00193,W-00193,2026-02-15T18:30:00Z,NIGHT_SHIFT,138,83,83,99,37.1,7.3,4,0,344,False,False,False,False,FIT,SELF_SERVICE_KIOSK,
dcu-W-00193-20260216,worker-uuid-00193,W-00193,2026-02-16T18:30:00Z,NIGHT_SHIFT,143,92,85,97,36.8,6.6,2,0,338,False,False,False,False,FIT,SELF_SERVICE_KIOSK,
dcu-W-00193-20260218,worker-uuid-00193,W-00193,2026-02-18T18:30:00Z,NIGHT_SHIFT,150,100,78,98,36.8,5.0,1,0,304,False,False,False,False,RESTRICTED,SELF_SERVICE_KIOSK,
dcu-W-00193-20260222,worker-uuid-00193,W-00193,2026-02-22T18:30:00Z,NIGHT_SHIFT,137,87,80,97,36.3,8.2,3,0,312,False,False,False,False,FIT,PARAMEDIC_ASSISTED,user-paramedic-01
dcu-W-00193-20260223,worker-uuid-00193,W-00193,2026-02-23T18:30:00Z,NIGHT_SHIFT,139,90,81,96,36.6,5.4,4,0,329,False,False,False,False,FIT,SELF_SERVICE_KIOSK,
dcu-W-00193-20260224,worker-uuid-00193,W-00193,2026-02-24T18:30:00Z,NIGHT_SHIFT,138,89,75,99,36.8,5.5,4,0,261,False,False,False,False,FIT,SELF_SERVICE_KIOSK,
dcu-W-00193-20260225,worker-uuid-00193,W-00193,2026-02-25T18:30:00Z,NIGHT_SHIFT,141,92,75,98,36.7,6.0,2,0,334,False,False,False,False,FIT,SELF_SERVICE_KIOSK,
dcu-W-00193-20260226,worker-uuid-00193,W-00193,2026-02-26T06:30:00Z,DAY_SHIFT,151,92,77,97,36.6,6.8,0,0,282,False,False,True,False,RESTRICTED,PARAMEDIC_ASSISTED,user-paramedic-01
dcu-W-00193-20260227,worker-uuid-00193,W-00193,2026-02-27T06:30:00Z,DAY_SHIFT,133,88,68,98,36.6,7.7,2,0,239,False,False,False,False,FIT,PARAMEDIC_ASSISTED,user-paramedic-01
dcu-W-00193-20260228,worker-uuid-00193,W-00193,2026-02-28T06:30:00Z,DAY_SHIFT,129,77,85,99,36.1,6.9,1,0,231,False,False,False,False,FIT,PARAMEDIC_ASSISTED,user-paramedic-01
dcu-W-00193-20260301,worker-uuid-00193,W-00193,2026-03-01T06:30:00Z,DAY_SHIFT,132,83,71,98,35.9,7.3,0,0,192,False,False,False,False,FIT,SELF_SERVICE_KIOSK,
dcu-W-00193-20260302,worker-uuid-00193,W-00193,2026-03-02T06:30:00Z,DAY_SHIFT,141,92,72,98,36.6,5.9,1,0,217,False,False,False,False,FIT,PARAMEDIC_ASSISTED,user-paramedic-01
dcu-W-00193-20260306,worker-uuid-00193,W-00193,2026-03-06T06:30:00Z,DAY_SHIFT,131,84,69,98,36.5,8.7,2,0,210,False,False,False,False,FIT,SELF_SERVICE_KIOSK,
dcu-W-00193-20260307,worker-uuid-00193,W-00193,2026-03-07T06:30:00Z,DAY_SHIFT,144,87,77,99,36.6,7.0,2,0,238,False,False,False,False,FIT,SELF_SERVICE_KIOSK,
dcu-W-00193-20260308,worker-uuid-00193,W-00193,2026-03-08T06:30:00Z,DAY_SHIFT,141,85,79,98,36.4,7.0,0,0,261,False,False,False,False,FIT,SELF_SERVICE_KIOSK,
dcu-W-00193-20260309,worker-uuid-00193,W-00193,2026-03-09T06:30:00Z,DAY_SHIFT,141,89,74,98,36.4,6.8,0,0,244,False,False,False,False,FIT,SELF_SERVICE_KIOSK,
dcu-W-00193-20260310,worker-uuid-00193,W-00193,2026-03-10T06:30:00Z,DAY_SHIFT,145,88,72,99,36.6,7.7,0,0,270,False,False,False,False,FIT,SELF_SERVICE_KIOSK,
dcu-W-00193-20260311,worker-uuid-00193,W-00193,2026-03-11T06:30:00Z,DAY_SHIFT,147,85,74,97,36.0,6.2,2,0,216,False,False,False,False,FIT,SELF_SERVICE_KIOSK,
dcu-W-00193-20260312,worker-uuid-00193,W-00193,2026-03-12T18:30:00Z,NIGHT_SHIFT,137,79,73,98,36.3,5.3,1,0,330,False,False,False,False,FIT,SELF_SERVICE_KIOSK,
dcu-W-00193-20260313,worker-uuid-00193,W-00193,2026-03-13T18:30:00Z,NIGHT_SHIFT,140,83,86,98,36.0,5.7,1,0,372,False,False,False,False,FIT,SELF_SERVICE_KIOSK,
dcu-W-00193-20260314,worker-uuid-00193,W-00193,2026-03-14T18:30:00Z,NIGHT_SHIFT,145,91,85,96,36.4,6.0,3,0,279,False,False,False,False,FIT,SELF_SERVICE_KIOSK,
dcu-W-00193-20260315,worker-uuid-00193,W-00193,2026-03-15T18:30:00Z,NIGHT_SHIFT,146,90,84,98,36.7,5.5,4,0,299,False,False,False,False,FIT,PARAMEDIC_ASSISTED,user-paramedic-01
dcu-W-00193-20260316,worker-uuid-00193,W-00193,2026-03-16T18:30:00Z,NIGHT_SHIFT,147,94,83,97,36.2,5.4,3,0,238,False,False,False,False,FIT,SELF_SERVICE_KIOSK,
dcu-W-00193-20260317,worker-uuid-00193,W-00193,2026-03-17T18:30:00Z,NIGHT_SHIFT,145,84,85,97,36.8,4.9,3,0,312,False,False,False,False,FIT,SELF_SERVICE_KIOSK,
dcu-W-00193-20260318,worker-uuid-00193,W-00193,2026-03-18T18:30:00Z,NIGHT_SHIFT,144,95,84,98,36.4,5.8,3,0,248,False,False,False,False,RESTRICTED,SELF_SERVICE_KIOSK,
dcu-W-00193-20260320,worker-uuid-00193,W-00193,2026-03-20T18:30:00Z,NIGHT_SHIFT,156,102,69,99,36.0,3.7,1,0,223,False,False,True,False,RESTRICTED,SELF_SERVICE_KIOSK,
dcu-W-00193-20260321,worker-uuid-00193,W-00193,2026-03-21T18:30:00Z,NIGHT_SHIFT,155,93,78,98,36.4,6.6,4,0,292,False,False,True,False,RESTRICTED,SELF_SERVICE_KIOSK,
dcu-W-00193-20260322,worker-uuid-00193,W-00193,2026-03-22T18:30:00Z,NIGHT_SHIFT,150,95,77,98,35.8,5.2,1,0,310,False,False,False,False,RESTRICTED,SELF_SERVICE_KIOSK,
dcu-W-00193-20260323,worker-uuid-00193,W-00193,2026-03-23T18:30:00Z,NIGHT_SHIFT,153,98,86,97,36.4,2.8,4,0,362,False,False,False,False,RESTRICTED,PARAMEDIC_ASSISTED,user-paramedic-01
dcu-W-00193-20260324,worker-uuid-00193,W-00193,2026-03-24T18:30:00Z,NIGHT_SHIFT,150,88,81,96,36.5,4.9,3,0,330,False,False,False,False,RESTRICTED,PARAMEDIC_ASSISTED,user-paramedic-01
dcu-W-00193-20260325,worker-uuid-00193,W-00193,2026-03-25T18:30:00Z,NIGHT_SHIFT,141,95,84,97,36.6,5.8,3,0,317,False,False,False,False,RESTRICTED,SELF_SERVICE_KIOSK,
dcu-W-00193-20260326,worker-uuid-00193,W-00193,2026-03-26T06:30:00Z,DAY_SHIFT,140,97,79,97,37.0,6.9,0,0,214,False,False,False,False,RESTRICTED,PARAMEDIC_ASSISTED,user-paramedic-01
dcu-W-00193-20260327,worker-uuid-00193,W-00193,2026-03-27T06:30:00Z,DAY_SHIFT,150,93,73,97,36.4,7.3,2,0,238,False,False,False,False,RESTRICTED,PARAMEDIC_ASSISTED,user-paramedic-01
dcu-W-00193-20260328,worker-uuid-00193,W-00193,2026-03-28T06:30:00Z,DAY_SHIFT,140,87,70,96,35.8,7.9,0,0,244,False,False,False,False,FIT,SELF_SERVICE_KIOSK,
dcu-W-00193-20260329,worker-uuid-00193,W-00193,2026-03-29T06:30:00Z,DAY_SHIFT,136,87,71,98,36.0,7.2,0,0,255,False,False,False,False,FIT,PARAMEDIC_ASSISTED,user-paramedic-01
dcu-W-00193-20260330,worker-uuid-00193,W-00193,2026-03-30T06:30:00Z,DAY_SHIFT,131,85,78,98,36.1,7.7,0,0,231,False,False,False,False,FIT,PARAMEDIC_ASSISTED,user-paramedic-01
dcu-W-00193-20260331,worker-uuid-00193,W-00193,2026-03-31T06:30:00Z,DAY_SHIFT,135,87,78,98,36.0,7.2,0,0,270,False,False,False,False,FIT,SELF_SERVICE_KIOSK,
dcu-W-00193-20260401,worker-uuid-00193,W-00193,2026-04-01T06:30:00Z,DAY_SHIFT,140,85,66,99,36.1,6.5,0,0,223,False,False,False,False,FIT,PARAMEDIC_ASSISTED,user-paramedic-01
dcu-W-00193-20260402,worker-uuid-00193,W-00193,2026-04-02T06:30:00Z,DAY_SHIFT,140,85,74,98,36.3,7.1,1,0,191,False,False,False,False,FIT,PARAMEDIC_ASSISTED,user-paramedic-01
dcu-W-00193-20260403,worker-uuid-00193,W-00193,2026-04-03T06:30:00Z,DAY_SHIFT,154,94,70,98,36.5,8.0,1,0,261,False,False,False,False,RESTRICTED,SELF_SERVICE_KIOSK,
dcu-W-00193-20260404,worker-uuid-00193,W-00193,2026-04-04T06:30:00Z,DAY_SHIFT,136,84,74,99,37.2,5.7,1,0,225,False,False,False,False,FIT,SELF_SERVICE_KIOSK,
dcu-W-00193-20260405,worker-uuid-00193,W-00193,2026-04-05T06:30:00Z,DAY_SHIFT,143,93,76,97,36.8,9.0,0,0,161,False,False,False,False,FIT,PARAMEDIC_ASSISTED,user-paramedic-01
dcu-W-00193-20260406,worker-uuid-00193,W-00193,2026-04-06T06:30:00Z,DAY_SHIFT,141,84,69,97,36.5,8.7,0,0,283,False,False,False,False,FIT,SELF_SERVICE_KIOSK,
dcu-W-00193-20260407,worker-uuid-00193,W-00193,2026-04-07T06:30:00Z,DAY_SHIFT,141,83,74,98,36.0,6.8,2,0,216,False,False,False,False,FIT,SELF_SERVICE_KIOSK,
dcu-W-00193-20260408,worker-uuid-00193,W-00193,2026-04-08T06:30:00Z,DAY_SHIFT,142,89,78,96,36.9,6.1,0,0,225,False,False,False,False,FIT,SELF_SERVICE_KIOSK,
dcu-W-00193-20260409,worker-uuid-00193,W-00193,2026-04-09T18:30:00Z,NIGHT_SHIFT,144,87,88,98,36.6,5.2,2,0,317,False,False,False,False,FIT,SELF_SERVICE_KIOSK,
dcu-W-00193-20260411,worker-uuid-00193,W-00193,2026-04-11T18:30:00Z,NIGHT_SHIFT,141,87,88,96,36.6,5.6,4,0,307,False,False,False,False,FIT,PARAMEDIC_ASSISTED,user-paramedic-01
dcu-W-00193-20260412,worker-uuid-00193,W-00193,2026-04-12T18:30:00Z,NIGHT_SHIFT,155,98,74,99,36.6,5.7,4,0,317,False,False,False,False,RESTRICTED,PARAMEDIC_ASSISTED,user-paramedic-01
dcu-W-00193-20260413,worker-uuid-00193,W-00193,2026-04-13T18:30:00Z,NIGHT_SHIFT,151,99,88,96,36.7,4.5,2,0,294,False,False,True,False,RESTRICTED,SELF_SERVICE_KIOSK,
dcu-W-00193-20260414,worker-uuid-00193,W-00193,2026-04-14T18:30:00Z,NIGHT_SHIFT,147,98,77,98,36.4,4.7,2,0,344,False,False,False,False,RESTRICTED,SELF_SERVICE_KIOSK,
dcu-W-00193-20260415,worker-uuid-00193,W-00193,2026-04-15T18:30:00Z,NIGHT_SHIFT,150,98,83,97,36.9,5.5,3,0,322,False,False,False,False,RESTRICTED,SELF_SERVICE_KIOSK,
dcu-W-00193-20260416,worker-uuid-00193,W-00193,2026-04-16T18:30:00Z,NIGHT_SHIFT,153,97,78,98,36.1,4.8,2,0,357,False,False,False,False,RESTRICTED,SELF_SERVICE_KIOSK,
dcu-W-00193-20260417,worker-uuid-00193,W-00193,2026-04-17T18:30:00Z,NIGHT_SHIFT,142,88,84,98,35.9,6.1,3,0,351,False,False,False,False,FIT,PARAMEDIC_ASSISTED,user-paramedic-01
dcu-W-00193-20260418,worker-uuid-00193,W-00193,2026-04-18T18:30:00Z,NIGHT_SHIFT,148,82,82,98,36.7,5.9,2,0,271,False,False,False,False,FIT,SELF_SERVICE_KIOSK,
dcu-W-00193-20260419,worker-uuid-00193,W-00193,2026-04-19T18:30:00Z,NIGHT_SHIFT,146,94,84,99,37.2,4.3,1,0,326,False,False,False,False,RESTRICTED,SELF_SERVICE_KIOSK,
dcu-W-00193-20260420,worker-uuid-00193,W-00193,2026-04-20T18:30:00Z,NIGHT_SHIFT,149,92,81,95,36.5,4.2,2,0,315,False,False,False,False,RESTRICTED,PARAMEDIC_ASSISTED,user-paramedic-01
dcu-W-00193-20260421,worker-uuid-00193,W-00193,2026-04-21T18:30:00Z,NIGHT_SHIFT,155,100,88,97,36.0,3.2,4,0,294,False,False,True,False,RESTRICTED,PARAMEDIC_ASSISTED,user-paramedic-01
dcu-W-00193-20260422,worker-uuid-00193,W-00193,2026-04-22T18:30:00Z,NIGHT_SHIFT,156,98,82,97,36.6,4.6,2,0,293,False,False,False,False,RESTRICTED,PARAMEDIC_ASSISTED,user-paramedic-01
dcu-W-00193-20260423,worker-uuid-00193,W-00193,2026-04-23T06:30:00Z,DAY_SHIFT,142,89,77,98,36.9,7.9,1,0,225,False,False,False,False,FIT,PARAMEDIC_ASSISTED,user-paramedic-01
dcu-W-00193-20260424,worker-uuid-00193,W-00193,2026-04-24T06:30:00Z,DAY_SHIFT,130,78,73,99,36.6,7.3,2,0,221,False,False,False,False,FIT,SELF_SERVICE_KIOSK,
dcu-W-00193-20260425,worker-uuid-00193,W-00193,2026-04-25T06:30:00Z,DAY_SHIFT,139,85,77,98,36.5,6.7,0,0,231,False,False,False,False,FIT,PARAMEDIC_ASSISTED,user-paramedic-01
dcu-W-00193-20260426,worker-uuid-00193,W-00193,2026-04-26T06:30:00Z,DAY_SHIFT,139,83,71,98,36.8,6.3,1,0,260,False,False,False,False,FIT,SELF_SERVICE_KIOSK,
dcu-W-00193-20260427,worker-uuid-00193,W-00193,2026-04-27T06:30:00Z,DAY_SHIFT,145,93,68,97,36.4,7.1,0,0,247,False,False,False,False,FIT,PARAMEDIC_ASSISTED,user-paramedic-01
dcu-W-00193-20260428,worker-uuid-00193,W-00193,2026-04-28T06:30:00Z,DAY_SHIFT,137,78,74,99,36.9,7.3,1,0,263,False,False,False,False,FIT,SELF_SERVICE_KIOSK,
dcu-W-00193-20260429,worker-uuid-00193,W-00193,2026-04-29T06:30:00Z,DAY_SHIFT,140,87,78,97,36.8,7.3,1,0,258,False,False,False,False,FIT,SELF_SERVICE_KIOSK,
dcu-W-00193-20260430,worker-uuid-00193,W-00193,2026-04-30T06:30:00Z,DAY_SHIFT,148,88,80,99,35.9,6.9,0,0,226,False,False,False,False,FIT,PARAMEDIC_ASSISTED,user-paramedic-01
dcu-W-00193-20260501,worker-uuid-00193,W-00193,2026-05-01T06:30:00Z,DAY_SHIFT,143,85,72,97,36.4,7.1,0,0,206,False,False,False,False,FIT,PARAMEDIC_ASSISTED,user-paramedic-01
dcu-W-00193-20260502,worker-uuid-00193,W-00193,2026-05-02T06:30:00Z,DAY_SHIFT,141,90,77,97,37.1,8.8,2,0,266,False,False,False,False,FIT,SELF_SERVICE_KIOSK,
dcu-W-00193-20260503,worker-uuid-00193,W-00193,2026-05-03T06:30:00Z,DAY_SHIFT,129,84,72,99,36.6,8.0,2,0,241,False,False,False,False,FIT,SELF_SERVICE_KIOSK,
dcu-W-00193-20260504,worker-uuid-00193,W-00193,2026-05-04T06:30:00Z,DAY_SHIFT,133,84,78,98,36.0,6.8,0,0,288,False,False,False,False,FIT,PARAMEDIC_ASSISTED,user-paramedic-01
dcu-W-00193-20260505,worker-uuid-00193,W-00193,2026-05-05T06:30:00Z,DAY_SHIFT,132,83,82,97,36.5,7.0,2,0,230,False,False,False,False,FIT,PARAMEDIC_ASSISTED,user-paramedic-01
dcu-W-00193-20260506,worker-uuid-00193,W-00193,2026-05-06T06:30:00Z,DAY_SHIFT,142,90,70,99,36.5,7.1,0,0,180,False,False,False,False,FIT,SELF_SERVICE_KIOSK,
dcu-W-00193-20260507,worker-uuid-00193,W-00193,2026-05-07T18:30:00Z,NIGHT_SHIFT,140,97,87,98,36.4,6.3,4,0,273,False,False,False,False,RESTRICTED,SELF_SERVICE_KIOSK,
dcu-W-00193-20260508,worker-uuid-00193,W-00193,2026-05-08T18:30:00Z,NIGHT_SHIFT,142,95,79,98,36.1,4.5,4,0,251,False,False,True,False,RESTRICTED,SELF_SERVICE_KIOSK,
dcu-W-00193-20260509,worker-uuid-00193,W-00193,2026-05-09T18:30:00Z,NIGHT_SHIFT,151,87,76,97,36.4,5.8,2,0,290,False,False,False,False,RESTRICTED,SELF_SERVICE_KIOSK,
dcu-W-00193-20260511,worker-uuid-00193,W-00193,2026-05-11T18:30:00Z,NIGHT_SHIFT,139,89,79,98,37.1,6.0,2,0,320,False,False,False,False,FIT,SELF_SERVICE_KIOSK,
dcu-W-00193-20260512,worker-uuid-00193,W-00193,2026-05-12T18:30:00Z,NIGHT_SHIFT,144,92,93,98,36.1,6.0,2,0,280,False,False,False,False,FIT,PARAMEDIC_ASSISTED,user-paramedic-01
dcu-W-00193-20260513,worker-uuid-00193,W-00193,2026-05-13T18:30:00Z,NIGHT_SHIFT,145,86,81,96,36.5,6.7,4,0,326,False,False,False,False,FIT,SELF_SERVICE_KIOSK,
dcu-W-00193-20260514,worker-uuid-00193,W-00193,2026-05-14T18:30:00Z,NIGHT_SHIFT,143,91,79,100,36.1,5.7,2,0,305,False,False,False,False,FIT,SELF_SERVICE_KIOSK,
dcu-W-00193-20260515,worker-uuid-00193,W-00193,2026-05-15T18:30:00Z,NIGHT_SHIFT,155,96,74,98,36.6,4.6,3,0,341,False,False,False,False,RESTRICTED,SELF_SERVICE_KIOSK,
dcu-W-00193-20260516,worker-uuid-00193,W-00193,2026-05-16T18:30:00Z,NIGHT_SHIFT,154,94,88,98,36.9,4.9,1,0,321,False,False,False,False,RESTRICTED,PARAMEDIC_ASSISTED,user-paramedic-01
dcu-W-00193-20260518,worker-uuid-00193,W-00193,2026-05-18T18:30:00Z,NIGHT_SHIFT,157,100,82,99,36.5,4.6,1,0,316,False,False,True,False,RESTRICTED,SELF_SERVICE_KIOSK,
dcu-W-00193-20260519,worker-uuid-00193,W-00193,2026-05-19T18:30:00Z,NIGHT_SHIFT,141,89,91,98,36.4,5.5,3,0,290,False,False,False,False,FIT,SELF_SERVICE_KIOSK,
dcu-W-00193-20260520,worker-uuid-00193,W-00193,2026-05-20T18:30:00Z,NIGHT_SHIFT,141,87,74,97,37.2,5.8,3,0,304,False,False,False,False,FIT,SELF_SERVICE_KIOSK,
dcu-W-00193-20260521,worker-uuid-00193,W-00193,2026-05-21T06:30:00Z,DAY_SHIFT,132,84,74,98,36.5,6.4,0,0,264,False,False,False,False,FIT,SELF_SERVICE_KIOSK,
dcu-W-00193-20260522,worker-uuid-00193,W-00193,2026-05-22T06:30:00Z,DAY_SHIFT,128,78,78,98,36.3,7.8,1,0,251,False,False,False,False,FIT,PARAMEDIC_ASSISTED,user-paramedic-01
dcu-W-00193-20260523,worker-uuid-00193,W-00193,2026-05-23T06:30:00Z,DAY_SHIFT,142,95,69,97,36.7,6.5,1,0,246,False,False,True,False,RESTRICTED,SELF_SERVICE_KIOSK,
dcu-W-00193-20260524,worker-uuid-00193,W-00193,2026-05-24T06:30:00Z,DAY_SHIFT,135,86,78,98,35.7,6.8,1,0,240,False,False,False,False,FIT,PARAMEDIC_ASSISTED,user-paramedic-01
dcu-W-00193-20260525,worker-uuid-00193,W-00193,2026-05-25T06:30:00Z,DAY_SHIFT,131,75,75,100,36.8,7.4,2,0,229,False,False,False,False,FIT,SELF_SERVICE_KIOSK,
dcu-W-00193-20260526,worker-uuid-00193,W-00193,2026-05-26T06:30:00Z,DAY_SHIFT,150,92,75,99,36.5,7.0,2,0,226,False,False,False,False,RESTRICTED,SELF_SERVICE_KIOSK,
dcu-W-00193-20260527,worker-uuid-00193,W-00193,2026-05-27T06:30:00Z,DAY_SHIFT,148,95,67,95,36.2,7.2,0,0,192,False,False,True,False,RESTRICTED,SELF_SERVICE_KIOSK,
dcu-W-00193-20260529,worker-uuid-00193,W-00193,2026-05-29T06:30:00Z,DAY_SHIFT,132,86,77,97,36.6,4.8,0,0,190,False,False,False,False,FIT,PARAMEDIC_ASSISTED,user-paramedic-01
dcu-W-00193-20260530,worker-uuid-00193,W-00193,2026-05-30T06:30:00Z,DAY_SHIFT,137,92,74,96,36.8,6.3,1,0,253,False,False,False,False,FIT,PARAMEDIC_ASSISTED,user-paramedic-01
dcu-W-00193-20260531,worker-uuid-00193,W-00193,2026-05-31T06:30:00Z,DAY_SHIFT,144,90,74,96,36.6,6.5,2,0,228,False,False,False,False,FIT,SELF_SERVICE_KIOSK,
dcu-W-00193-20260601,worker-uuid-00193,W-00193,2026-06-01T06:30:00Z,DAY_SHIFT,138,79,74,99,36.3,8.2,0,0,236,False,False,False,False,FIT,SELF_SERVICE_KIOSK,
dcu-W-00193-20260602,worker-uuid-00193,W-00193,2026-06-02T06:30:00Z,DAY_SHIFT,142,84,71,96,36.9,7.6,1,0,269,False,False,False,False,FIT,PARAMEDIC_ASSISTED,user-paramedic-01
dcu-W-00193-20260603,worker-uuid-00193,W-00193,2026-06-03T06:30:00Z,DAY_SHIFT,139,86,73,99,36.4,7.5,2,0,191,False,False,False,False,FIT,SELF_SERVICE_KIOSK,
dcu-W-00193-20260604,worker-uuid-00193,W-00193,2026-06-04T18:30:00Z,NIGHT_SHIFT,146,97,75,97,36.6,5.3,1,0,360,False,False,False,False,RESTRICTED,PARAMEDIC_ASSISTED,user-paramedic-01
dcu-W-00193-20260605,worker-uuid-00193,W-00193,2026-06-05T18:30:00Z,NIGHT_SHIFT,145,92,84,98,36.5,7.7,3,0,282,False,False,False,False,FIT,SELF_SERVICE_KIOSK,
dcu-W-00193-20260606,worker-uuid-00193,W-00193,2026-06-06T18:30:00Z,NIGHT_SHIFT,155,91,83,98,36.7,4.0,2,0,315,False,False,False,False,RESTRICTED,PARAMEDIC_ASSISTED,user-paramedic-01
dcu-W-00193-20260607,worker-uuid-00193,W-00193,2026-06-07T18:30:00Z,NIGHT_SHIFT,141,93,75,97,36.7,6.1,2,0,306,False,False,False,False,FIT,SELF_SERVICE_KIOSK,
dcu-W-00193-20260608,worker-uuid-00193,W-00193,2026-06-08T18:30:00Z,NIGHT_SHIFT,159,97,71,96,36.5,4.7,3,0,347,False,False,True,False,RESTRICTED,SELF_SERVICE_KIOSK,
dcu-W-00193-20260609,worker-uuid-00193,W-00193,2026-06-09T18:30:00Z,NIGHT_SHIFT,149,82,84,98,36.2,4.8,4,0,300,False,False,False,False,FIT,SELF_SERVICE_KIOSK,
dcu-W-00193-20260611,worker-uuid-00193,W-00193,2026-06-11T18:30:00Z,NIGHT_SHIFT,149,97,82,98,36.4,6.2,3,0,337,False,False,False,False,RESTRICTED,SELF_SERVICE_KIOSK,
dcu-W-00193-20260612,worker-uuid-00193,W-00193,2026-06-12T18:30:00Z,NIGHT_SHIFT,158,97,88,98,36.3,5.2,2,0,253,False,False,False,False,RESTRICTED,PARAMEDIC_ASSISTED,user-paramedic-01
dcu-W-00193-20260613,worker-uuid-00193,W-00193,2026-06-13T18:30:00Z,NIGHT_SHIFT,147,84,77,99,36.4,6.1,2,0,340,False,False,False,False,FIT,SELF_SERVICE_KIOSK,
dcu-W-00193-20260614,worker-uuid-00193,W-00193,2026-06-14T18:30:00Z,NIGHT_SHIFT,142,88,76,98,36.5,5.8,4,0,316,False,False,False,False,FIT,SELF_SERVICE_KIOSK,
dcu-W-00193-20260615,worker-uuid-00193,W-00193,2026-06-15T18:30:00Z,NIGHT_SHIFT,139,93,79,98,36.5,6.3,3,0,316,False,False,False,False,FIT,PARAMEDIC_ASSISTED,user-paramedic-01
dcu-W-00193-20260616,worker-uuid-00193,W-00193,2026-06-16T18:30:00Z,NIGHT_SHIFT,146,95,87,98,35.9,3.7,2,0,315,False,False,False,False,RESTRICTED,SELF_SERVICE_KIOSK,
dcu-W-00193-20260617,worker-uuid-00193,W-00193,2026-06-17T18:30:00Z,NIGHT_SHIFT,162,105,87,97,36.0,4.7,3,0,280,False,False,False,False,RESTRICTED,PARAMEDIC_ASSISTED,user-paramedic-01
dcu-W-00193-20260618,worker-uuid-00193,W-00193,2026-06-18T06:30:00Z,DAY_SHIFT,136,84,75,97,36.4,7.0,1,0,178,False,False,False,False,FIT,SELF_SERVICE_KIOSK,
dcu-W-00193-20260619,worker-uuid-00193,W-00193,2026-06-19T06:30:00Z,DAY_SHIFT,132,80,70,98,36.5,7.4,1,0,276,False,False,False,False,FIT,SELF_SERVICE_KIOSK,
dcu-W-00193-20260621,worker-uuid-00193,W-00193,2026-06-21T06:30:00Z,DAY_SHIFT,153,88,81,98,36.4,5.8,1,0,251,False,False,False,False,RESTRICTED,PARAMEDIC_ASSISTED,user-paramedic-01
dcu-W-00193-20260622,worker-uuid-00193,W-00193,2026-06-22T06:30:00Z,DAY_SHIFT,130,83,70,98,36.1,6.9,2,0,218,False,False,False,False,FIT,SELF_SERVICE_KIOSK,
dcu-W-00193-20260623,worker-uuid-00193,W-00193,2026-06-23T06:30:00Z,DAY_SHIFT,137,80,73,98,36.3,5.6,2,0,239,False,False,False,False,FIT,SELF_SERVICE_KIOSK,
dcu-W-00193-20260624,worker-uuid-00193,W-00193,2026-06-24T06:30:00Z,DAY_SHIFT,123,73,83,98,36.7,7.9,0,0,224,False,False,False,False,FIT,SELF_SERVICE_KIOSK,
dcu-W-00193-20260625,worker-uuid-00193,W-00193,2026-06-25T06:30:00Z,DAY_SHIFT,138,84,83,96,36.8,7.7,2,0,232,False,False,False,False,FIT,PARAMEDIC_ASSISTED,user-paramedic-01
dcu-W-00193-20260626,worker-uuid-00193,W-00193,2026-06-26T06:30:00Z,DAY_SHIFT,142,91,78,97,36.5,7.0,1,0,229,False,False,False,False,FIT,SELF_SERVICE_KIOSK,
dcu-W-00193-20260627,worker-uuid-00193,W-00193,2026-06-27T06:30:00Z,DAY_SHIFT,140,85,71,97,36.9,7.1,1,0,184,False,False,False,False,FIT,PARAMEDIC_ASSISTED,user-paramedic-01
dcu-W-00193-20260629,worker-uuid-00193,W-00193,2026-06-29T06:30:00Z,DAY_SHIFT,136,80,74,99,36.3,6.7,2,0,218,False,False,False,False,FIT,PARAMEDIC_ASSISTED,user-paramedic-01
dcu-W-00193-20260630,worker-uuid-00193,W-00193,2026-06-30T06:30:00Z,DAY_SHIFT,138,83,76,95,36.0,6.2,2,0,214,False,False,False,False,FIT,SELF_SERVICE_KIOSK,
dcu-W-00193-20260702,worker-uuid-00193,W-00193,2026-07-02T18:30:00Z,NIGHT_SHIFT,154,100,86,99,36.0,4.5,3,0,326,False,False,False,False,RESTRICTED,SELF_SERVICE_KIOSK,
dcu-W-00193-20260703,worker-uuid-00193,W-00193,2026-07-03T18:30:00Z,NIGHT_SHIFT,148,95,86,97,36.4,5.9,4,0,307,False,False,True,False,RESTRICTED,PARAMEDIC_ASSISTED,user-paramedic-01
dcu-W-00193-20260706,worker-uuid-00193,W-00193,2026-07-06T18:30:00Z,NIGHT_SHIFT,151,92,75,97,36.9,3.3,4,0,300,False,False,True,False,RESTRICTED,SELF_SERVICE_KIOSK,
dcu-W-00193-20260707,worker-uuid-00193,W-00193,2026-07-07T18:30:00Z,NIGHT_SHIFT,155,105,81,96,36.4,4.1,2,0,327,False,False,False,False,RESTRICTED,SELF_SERVICE_KIOSK,
dcu-W-00193-20260708,worker-uuid-00193,W-00193,2026-07-08T18:30:00Z,NIGHT_SHIFT,153,99,83,99,36.6,4.3,1,0,308,False,False,False,False,RESTRICTED,SELF_SERVICE_KIOSK,
dcu-W-00193-20260709,worker-uuid-00193,W-00193,2026-07-09T18:30:00Z,NIGHT_SHIFT,146,89,80,98,36.2,5.2,3,0,351,False,False,False,False,FIT,PARAMEDIC_ASSISTED,user-paramedic-01
dcu-W-00193-20260710,worker-uuid-00193,W-00193,2026-07-10T18:30:00Z,NIGHT_SHIFT,144,91,79,98,36.2,4.7,4,0,290,False,False,False,False,FIT,PARAMEDIC_ASSISTED,user-paramedic-01
dcu-W-00193-20260711,worker-uuid-00193,W-00193,2026-07-11T18:30:00Z,NIGHT_SHIFT,140,89,88,98,36.3,5.3,3,0,331,False,False,False,False,FIT,SELF_SERVICE_KIOSK,
dcu-W-00193-20260712,worker-uuid-00193,W-00193,2026-07-12T18:30:00Z,NIGHT_SHIFT,147,93,74,97,36.3,3.6,2,0,383,False,False,True,False,RESTRICTED,SELF_SERVICE_KIOSK,
dcu-W-00193-20260713,worker-uuid-00193,W-00193,2026-07-13T18:30:00Z,NIGHT_SHIFT,144,85,91,98,36.3,7.2,4,0,308,False,False,False,False,FIT,PARAMEDIC_ASSISTED,user-paramedic-01
dcu-W-00193-20260714,worker-uuid-00193,W-00193,2026-07-14T18:30:00Z,NIGHT_SHIFT,144,86,85,98,36.1,4.4,3,0,320,False,False,True,False,RESTRICTED,SELF_SERVICE_KIOSK,
dcu-W-00193-20260716,worker-uuid-00193,W-00193,2026-07-16T06:30:00Z,DAY_SHIFT,157,100,78,97,36.6,7.2,1,0,217,False,False,False,False,RESTRICTED,PARAMEDIC_ASSISTED,user-paramedic-01
dcu-W-00193-20260717,worker-uuid-00193,W-00193,2026-07-17T06:30:00Z,DAY_SHIFT,145,89,76,98,36.4,6.4,0,0,255,False,False,False,False,FIT,SELF_SERVICE_KIOSK,
dcu-W-00193-20260718,worker-uuid-00193,W-00193,2026-07-18T06:30:00Z,DAY_SHIFT,144,94,75,97,36.4,5.9,0,0,235,False,False,False,False,FIT,PARAMEDIC_ASSISTED,user-paramedic-01
dcu-W-00193-20260719,worker-uuid-00193,W-00193,2026-07-19T06:30:00Z,DAY_SHIFT,143,89,67,97,37.0,7.2,2,0,236,False,False,False,False,FIT,SELF_SERVICE_KIOSK,
dcu-W-00193-20260723,worker-uuid-00193,W-00193,2026-07-23T06:30:00Z,DAY_SHIFT,128,84,69,98,36.8,6.3,2,0,208,False,False,False,False,FIT,PARAMEDIC_ASSISTED,user-paramedic-01
dcu-W-00193-20260724,worker-uuid-00193,W-00193,2026-07-24T06:30:00Z,DAY_SHIFT,141,96,80,100,36.5,7.3,2,0,209,False,False,False,False,RESTRICTED,PARAMEDIC_ASSISTED,user-paramedic-01
dcu-W-00193-20260725,worker-uuid-00193,W-00193,2026-07-25T06:30:00Z,DAY_SHIFT,145,94,82,97,36.2,8.4,2,0,246,False,False,False,False,FIT,SELF_SERVICE_KIOSK,
dcu-W-00193-20260726,worker-uuid-00193,W-00193,2026-07-26T06:30:00Z,DAY_SHIFT,131,74,66,98,36.4,7.9,0,0,243,False,False,False,False,FIT,SELF_SERVICE_KIOSK,
dcu-W-00193-20260727,worker-uuid-00193,W-00193,2026-07-27T06:30:00Z,DAY_SHIFT,139,94,77,97,36.6,7.6,1,0,270,False,False,False,False,FIT,SELF_SERVICE_KIOSK,
dcu-W-00193-20260728,worker-uuid-00193,W-00193,2026-07-28T06:30:00Z,DAY_SHIFT,137,85,79,97,36.4,6.1,1,0,248,False,False,False,False,FIT,PARAMEDIC_ASSISTED,user-paramedic-01
dcu-W-00193-20260729,worker-uuid-00193,W-00193,2026-07-29T06:30:00Z,DAY_SHIFT,132,89,77,96,36.4,6.4,0,0,242,False,False,False,False,FIT,SELF_SERVICE_KIOSK,
dcu-W-00193-20260730,worker-uuid-00193,W-00193,2026-07-30T18:30:00Z,NIGHT_SHIFT,147,93,84,97,36.6,4.1,2,0,350,False,False,False,False,RESTRICTED,SELF_SERVICE_KIOSK,
dcu-W-00193-20260731,worker-uuid-00193,W-00193,2026-07-31T18:30:00Z,NIGHT_SHIFT,145,89,85,98,37.4,5.6,2,0,306,False,False,False,False,FIT,PARAMEDIC_ASSISTED,user-paramedic-01
dcu-W-00193-20260801,worker-uuid-00193,W-00193,2026-08-01T18:30:00Z,NIGHT_SHIFT,153,96,83,95,36.1,4.3,2,0,313,False,False,True,False,RESTRICTED,PARAMEDIC_ASSISTED,user-paramedic-01
dcu-W-00193-20260802,worker-uuid-00193,W-00193,2026-08-02T18:30:00Z,NIGHT_SHIFT,135,83,76,98,36.7,7.7,4,0,312,False,False,False,False,FIT,PARAMEDIC_ASSISTED,user-paramedic-01
dcu-W-00193-20260803,worker-uuid-00193,W-00193,2026-08-03T18:30:00Z,NIGHT_SHIFT,140,79,85,96,36.5,8.1,4,0,238,False,False,False,False,FIT,PARAMEDIC_ASSISTED,user-paramedic-01
dcu-W-00193-20260804,worker-uuid-00193,W-00193,2026-08-04T18:30:00Z,NIGHT_SHIFT,141,94,82,97,36.7,5.3,3,0,294,False,False,False,False,FIT,PARAMEDIC_ASSISTED,user-paramedic-01
dcu-W-00193-20260805,worker-uuid-00193,W-00193,2026-08-05T18:30:00Z,NIGHT_SHIFT,152,99,85,100,36.9,6.6,2,0,293,False,False,False,False,RESTRICTED,SELF_SERVICE_KIOSK,
dcu-W-00193-20260806,worker-uuid-00193,W-00193,2026-08-06T18:30:00Z,NIGHT_SHIFT,139,86,89,98,37.4,5.3,2,0,314,False,False,False,False,FIT,SELF_SERVICE_KIOSK,
dcu-W-00193-20260807,worker-uuid-00193,W-00193,2026-08-07T18:30:00Z,NIGHT_SHIFT,141,90,82,98,36.4,6.0,4,0,257,False,False,False,False,FIT,SELF_SERVICE_KIOSK,
dcu-W-00193-20260808,worker-uuid-00193,W-00193,2026-08-08T18:30:00Z,NIGHT_SHIFT,143,93,77,99,36.6,5.4,2,0,294,False,False,False,False,FIT,SELF_SERVICE_KIOSK,
dcu-W-00193-20260809,worker-uuid-00193,W-00193,2026-08-09T18:30:00Z,NIGHT_SHIFT,140,96,80,97,36.2,5.5,4,0,283,False,False,False,False,RESTRICTED,SELF_SERVICE_KIOSK,
dcu-W-00193-20260810,worker-uuid-00193,W-00193,2026-08-10T18:30:00Z,NIGHT_SHIFT,144,88,88,97,36.3,5.5,1,0,344,False,False,False,False,FIT,PARAMEDIC_ASSISTED,user-paramedic-01
dcu-W-00193-20260811,worker-uuid-00193,W-00193,2026-08-11T18:30:00Z,NIGHT_SHIFT,160,98,72,98,36.5,4.7,2,0,238,False,False,True,False,RESTRICTED,PARAMEDIC_ASSISTED,user-paramedic-01
dcu-W-00193-20260813,worker-uuid-00193,W-00193,2026-08-13T06:30:00Z,DAY_SHIFT,142,80,72,97,36.9,9.1,0,0,268,False,False,False,False,FIT,PARAMEDIC_ASSISTED,user-paramedic-01
dcu-W-00193-20260814,worker-uuid-00193,W-00193,2026-08-14T06:30:00Z,DAY_SHIFT,145,95,75,96,36.2,7.0,2,0,262,False,False,False,False,RESTRICTED,PARAMEDIC_ASSISTED,user-paramedic-01
dcu-W-00193-20260815,worker-uuid-00193,W-00193,2026-08-15T06:30:00Z,DAY_SHIFT,133,86,72,99,36.4,8.1,0,0,218,False,False,False,False,FIT,SELF_SERVICE_KIOSK,
dcu-W-00193-20260817,worker-uuid-00193,W-00193,2026-08-17T06:30:00Z,DAY_SHIFT,135,89,75,97,36.1,5.0,0,0,273,False,False,False,False,FIT,SELF_SERVICE_KIOSK,
dcu-W-00193-20260819,worker-uuid-00193,W-00193,2026-08-19T06:30:00Z,DAY_SHIFT,142,93,72,98,36.9,6.1,0,0,241,False,False,False,False,FIT,SELF_SERVICE_KIOSK,
dcu-W-00193-20260820,worker-uuid-00193,W-00193,2026-08-20T06:30:00Z,DAY_SHIFT,147,87,82,97,36.5,7.7,1,0,259,False,False,False,False,FIT,SELF_SERVICE_KIOSK,
dcu-W-00193-20260821,worker-uuid-00193,W-00193,2026-08-21T06:30:00Z,DAY_SHIFT,134,91,75,97,36.7,6.1,2,0,226,False,False,False,False,FIT,PARAMEDIC_ASSISTED,user-paramedic-01
dcu-W-00193-20260822,worker-uuid-00193,W-00193,2026-08-22T06:30:00Z,DAY_SHIFT,146,90,64,98,36.8,7.5,2,0,205,False,False,False,False,FIT,SELF_SERVICE_KIOSK,
dcu-W-00193-20260823,worker-uuid-00193,W-00193,2026-08-23T06:30:00Z,DAY_SHIFT,139,90,80,99,36.7,6.8,2,0,187,False,False,False,False,FIT,SELF_SERVICE_KIOSK,
dcu-W-00193-20260824,worker-uuid-00193,W-00193,2026-08-24T06:30:00Z,DAY_SHIFT,138,84,74,97,36.4,7.5,2,0,233,False,False,False,False,FIT,PARAMEDIC_ASSISTED,user-paramedic-01
dcu-W-00193-20260825,worker-uuid-00193,W-00193,2026-08-25T06:30:00Z,DAY_SHIFT,134,83,76,96,36.7,8.1,1,0,226,False,False,False,False,FIT,PARAMEDIC_ASSISTED,user-paramedic-01
dcu-W-00193-20260826,worker-uuid-00193,W-00193,2026-08-26T06:30:00Z,DAY_SHIFT,138,85,75,99,36.5,6.6,2,0,215,False,False,False,False,FIT,SELF_SERVICE_KIOSK,
dcu-W-00193-20260827,worker-uuid-00193,W-00193,2026-08-27T18:30:00Z,NIGHT_SHIFT,141,85,88,97,36.7,5.8,4,0,316,False,False,False,False,FIT,SELF_SERVICE_KIOSK,
dcu-W-00193-20260828,worker-uuid-00193,W-00193,2026-08-28T18:30:00Z,NIGHT_SHIFT,142,92,75,97,36.1,6.9,1,0,286,False,False,False,False,FIT,SELF_SERVICE_KIOSK,
dcu-W-00193-20260829,worker-uuid-00193,W-00193,2026-08-29T18:30:00Z,NIGHT_SHIFT,148,97,85,98,36.6,3.0,3,0,272,False,False,False,False,RESTRICTED,SELF_SERVICE_KIOSK,
dcu-W-00193-20260830,worker-uuid-00193,W-00193,2026-08-30T18:30:00Z,NIGHT_SHIFT,151,88,87,99,36.3,4.9,4,0,286,False,False,False,False,RESTRICTED,PARAMEDIC_ASSISTED,user-paramedic-01
dcu-W-00193-20260831,worker-uuid-00193,W-00193,2026-08-31T18:30:00Z,NIGHT_SHIFT,138,91,84,99,36.4,5.9,4,0,327,False,False,False,False,FIT,SELF_SERVICE_KIOSK,
dcu-W-00193-20260901,worker-uuid-00193,W-00193,2026-09-01T18:30:00Z,NIGHT_SHIFT,144,87,85,97,36.1,5.5,4,0,319,False,False,False,False,FIT,PARAMEDIC_ASSISTED,user-paramedic-01
dcu-W-00193-20260902,worker-uuid-00193,W-00193,2026-09-02T18:30:00Z,NIGHT_SHIFT,151,102,82,98,36.6,6.1,1,0,294,False,False,False,False,RESTRICTED,PARAMEDIC_ASSISTED,user-paramedic-01
dcu-W-00193-20260903,worker-uuid-00193,W-00193,2026-09-03T18:30:00Z,NIGHT_SHIFT,153,97,79,98,36.5,2.7,3,0,266,False,False,False,False,RESTRICTED,PARAMEDIC_ASSISTED,user-paramedic-01
dcu-W-00193-20260905,worker-uuid-00193,W-00193,2026-09-05T18:30:00Z,NIGHT_SHIFT,149,92,86,99,36.2,5.3,3,0,297,False,False,False,False,FIT,PARAMEDIC_ASSISTED,user-paramedic-01
dcu-W-00193-20260906,worker-uuid-00193,W-00193,2026-09-06T18:30:00Z,NIGHT_SHIFT,148,91,86,97,37.2,2.6,2,0,318,False,False,False,False,RESTRICTED,SELF_SERVICE_KIOSK,
dcu-W-00193-20260908,worker-uuid-00193,W-00193,2026-09-08T18:30:00Z,NIGHT_SHIFT,137,83,85,99,37.0,6.4,2,0,341,False,False,False,False,FIT,PARAMEDIC_ASSISTED,user-paramedic-01
dcu-W-00193-20260909,worker-uuid-00193,W-00193,2026-09-09T18:30:00Z,NIGHT_SHIFT,155,88,88,99,36.7,3.6,2,0,257,False,False,False,False,RESTRICTED,SELF_SERVICE_KIOSK,
dcu-W-00193-20260910,worker-uuid-00193,W-00193,2026-09-10T06:30:00Z,DAY_SHIFT,147,93,75,99,36.1,6.7,1,0,212,False,False,False,False,FIT,PARAMEDIC_ASSISTED,user-paramedic-01
dcu-W-00193-20260911,worker-uuid-00193,W-00193,2026-09-11T06:30:00Z,DAY_SHIFT,148,89,69,97,36.6,7.2,2,0,212,False,False,False,False,FIT,PARAMEDIC_ASSISTED,user-paramedic-01
dcu-W-00193-20260912,worker-uuid-00193,W-00193,2026-09-12T06:30:00Z,DAY_SHIFT,145,89,75,97,36.1,6.1,2,0,197,False,False,False,False,FIT,SELF_SERVICE_KIOSK,
dcu-W-00193-20260913,worker-uuid-00193,W-00193,2026-09-13T06:30:00Z,DAY_SHIFT,142,93,74,99,36.4,7.2,2,0,262,False,False,False,False,FIT,SELF_SERVICE_KIOSK,
dcu-W-00193-20260914,worker-uuid-00193,W-00193,2026-09-14T06:30:00Z,DAY_SHIFT,145,85,79,100,36.3,7.0,0,0,261,False,False,False,False,FIT,SELF_SERVICE_KIOSK,
dcu-W-00193-20260915,worker-uuid-00193,W-00193,2026-09-15T06:30:00Z,DAY_SHIFT,133,78,74,98,36.8,6.9,0,0,208,False,False,False,False,FIT,SELF_SERVICE_KIOSK,
dcu-W-00193-20260916,worker-uuid-00193,W-00193,2026-09-16T06:30:00Z,DAY_SHIFT,136,86,77,99,36.6,7.3,1,0,250,False,False,False,False,FIT,PARAMEDIC_ASSISTED,user-paramedic-01
dcu-W-00193-20260917,worker-uuid-00193,W-00193,2026-09-17T06:30:00Z,DAY_SHIFT,141,90,73,96,36.5,6.6,0,0,214,False,False,False,False,FIT,SELF_SERVICE_KIOSK,
dcu-W-00193-20260919,worker-uuid-00193,W-00193,2026-09-19T06:30:00Z,DAY_SHIFT,147,90,74,98,36.6,7.5,2,0,205,False,False,False,False,FIT,SELF_SERVICE_KIOSK,
dcu-W-00193-20260922,worker-uuid-00193,W-00193,2026-09-22T06:30:00Z,DAY_SHIFT,143,94,81,98,36.4,9.2,0,0,238,False,False,False,False,FIT,SELF_SERVICE_KIOSK,
dcu-W-00193-20260924,worker-uuid-00193,W-00193,2026-09-24T18:30:00Z,NIGHT_SHIFT,150,92,75,99,36.2,2.6,1,0,287,False,False,False,False,RESTRICTED,PARAMEDIC_ASSISTED,user-paramedic-01
dcu-W-00193-20260925,worker-uuid-00193,W-00193,2026-09-25T18:30:00Z,NIGHT_SHIFT,147,94,79,100,36.5,4.4,3,0,292,False,False,False,False,RESTRICTED,PARAMEDIC_ASSISTED,user-paramedic-01
dcu-W-00193-20260927,worker-uuid-00193,W-00193,2026-09-27T18:30:00Z,NIGHT_SHIFT,143,87,85,98,35.9,5.1,3,0,305,False,False,False,False,FIT,PARAMEDIC_ASSISTED,user-paramedic-01
dcu-W-00193-20260928,worker-uuid-00193,W-00193,2026-09-28T18:30:00Z,NIGHT_SHIFT,153,100,84,97,36.3,7.4,1,0,274,False,False,True,False,RESTRICTED,PARAMEDIC_ASSISTED,user-paramedic-01
dcu-W-00193-20260930,worker-uuid-00193,W-00193,2026-09-30T18:30:00Z,NIGHT_SHIFT,150,86,81,99,36.3,4.3,2,0,349,False,False,False,False,RESTRICTED,SELF_SERVICE_KIOSK,
dcu-W-00193-20261002,worker-uuid-00193,W-00193,2026-10-02T18:30:00Z,NIGHT_SHIFT,151,88,88,98,36.4,5.5,3,0,198,False,False,True,False,RESTRICTED,SELF_SERVICE_KIOSK,
dcu-W-00193-20261003,worker-uuid-00193,W-00193,2026-10-03T18:30:00Z,NIGHT_SHIFT,145,95,83,97,36.3,6.1,4,0,309,False,False,True,False,RESTRICTED,SELF_SERVICE_KIOSK,
dcu-W-00193-20261004,worker-uuid-00193,W-00193,2026-10-04T18:30:00Z,NIGHT_SHIFT,149,97,87,98,36.2,4.7,4,0,302,False,False,False,False,RESTRICTED,SELF_SERVICE_KIOSK,
dcu-W-00193-20261005,worker-uuid-00193,W-00193,2026-10-05T18:30:00Z,NIGHT_SHIFT,143,94,81,98,37.0,5.1,1,0,320,False,False,False,False,FIT,PARAMEDIC_ASSISTED,user-paramedic-01
dcu-W-00193-20261006,worker-uuid-00193,W-00193,2026-10-06T18:30:00Z,NIGHT_SHIFT,155,94,82,97,36.1,4.5,3,0,357,False,False,False,False,RESTRICTED,PARAMEDIC_ASSISTED,user-paramedic-01
dcu-W-00193-20261007,worker-uuid-00193,W-00193,2026-10-07T18:30:00Z,NIGHT_SHIFT,144,91,78,98,36.0,7.6,4,0,247,False,False,False,False,FIT,PARAMEDIC_ASSISTED,user-paramedic-01
dcu-W-00193-20261008,worker-uuid-00193,W-00193,2026-10-08T06:30:00Z,DAY_SHIFT,140,82,73,98,36.2,6.4,2,0,250,False,False,False,False,FIT,SELF_SERVICE_KIOSK,
dcu-W-00193-20261010,worker-uuid-00193,W-00193,2026-10-10T06:30:00Z,DAY_SHIFT,138,92,74,99,36.4,8.4,2,0,204,False,False,False,False,FIT,PARAMEDIC_ASSISTED,user-paramedic-01
dcu-W-00193-20261011,worker-uuid-00193,W-00193,2026-10-11T06:30:00Z,DAY_SHIFT,141,89,77,96,36.5,7.5,0,0,247,False,False,False,False,FIT,PARAMEDIC_ASSISTED,user-paramedic-01
dcu-W-00193-20261012,worker-uuid-00193,W-00193,2026-10-12T06:30:00Z,DAY_SHIFT,150,90,73,100,36.8,6.3,2,0,257,False,False,True,False,RESTRICTED,SELF_SERVICE_KIOSK,
dcu-W-00193-20261013,worker-uuid-00193,W-00193,2026-10-13T06:30:00Z,DAY_SHIFT,135,91,75,98,36.2,7.2,1,0,275,False,False,False,False,FIT,SELF_SERVICE_KIOSK,
dcu-W-00193-20261014,worker-uuid-00193,W-00193,2026-10-14T06:30:00Z,DAY_SHIFT,142,97,68,98,36.2,8.0,0,0,237,False,False,False,False,RESTRICTED,PARAMEDIC_ASSISTED,user-paramedic-01
dcu-W-00193-20261015,worker-uuid-00193,W-00193,2026-10-15T06:30:00Z,DAY_SHIFT,139,86,71,97,36.2,6.5,0,0,263,False,False,False,False,FIT,SELF_SERVICE_KIOSK,
dcu-W-00193-20261016,worker-uuid-00193,W-00193,2026-10-16T06:30:00Z,DAY_SHIFT,125,81,83,98,36.9,6.7,0,0,235,False,False,False,False,FIT,SELF_SERVICE_KIOSK,
dcu-W-00193-20261018,worker-uuid-00193,W-00193,2026-10-18T06:30:00Z,DAY_SHIFT,142,89,82,97,36.5,7.3,2,0,180,False,False,False,False,FIT,SELF_SERVICE_KIOSK,
dcu-W-00193-20261020,worker-uuid-00193,W-00193,2026-10-20T06:30:00Z,DAY_SHIFT,138,89,77,98,36.4,7.4,2,0,272,False,False,False,False,FIT,SELF_SERVICE_KIOSK,
dcu-W-00193-20261021,worker-uuid-00193,W-00193,2026-10-21T06:30:00Z,DAY_SHIFT,143,90,73,97,36.2,7.1,2,0,265,False,False,False,False,FIT,SELF_SERVICE_KIOSK,
dcu-W-00193-20261022,worker-uuid-00193,W-00193,2026-10-22T18:30:00Z,NIGHT_SHIFT,148,98,85,97,36.5,5.7,1,0,259,False,False,False,False,RESTRICTED,PARAMEDIC_ASSISTED,user-paramedic-01
dcu-W-00193-20261023,worker-uuid-00193,W-00193,2026-10-23T18:30:00Z,NIGHT_SHIFT,134,86,80,97,36.6,6.2,3,0,322,False,False,False,False,FIT,SELF_SERVICE_KIOSK,
dcu-W-00193-20261024,worker-uuid-00193,W-00193,2026-10-24T18:30:00Z,NIGHT_SHIFT,140,87,89,99,36.6,4.4,2,0,268,False,False,False,False,RESTRICTED,PARAMEDIC_ASSISTED,user-paramedic-01
dcu-W-00193-20261025,worker-uuid-00193,W-00193,2026-10-25T18:30:00Z,NIGHT_SHIFT,149,94,87,99,36.8,5.9,1,0,275,False,False,False,False,FIT,SELF_SERVICE_KIOSK,
dcu-W-00193-20261027,worker-uuid-00193,W-00193,2026-10-27T18:30:00Z,NIGHT_SHIFT,155,97,83,98,37.1,3.9,2,0,287,False,False,False,False,RESTRICTED,SELF_SERVICE_KIOSK,
dcu-W-00193-20261029,worker-uuid-00193,W-00193,2026-10-29T18:30:00Z,NIGHT_SHIFT,139,89,75,97,36.6,5.2,3,0,305,False,False,False,False,FIT,SELF_SERVICE_KIOSK,
dcu-W-00193-20261030,worker-uuid-00193,W-00193,2026-10-30T18:30:00Z,NIGHT_SHIFT,159,97,79,98,36.5,3.2,1,0,335,False,False,True,False,RESTRICTED,SELF_SERVICE_KIOSK,
dcu-W-00193-20261031,worker-uuid-00193,W-00193,2026-10-31T18:30:00Z,NIGHT_SHIFT,156,96,77,97,36.3,2.2,4,0,333,False,False,False,False,RESTRICTED,SELF_SERVICE_KIOSK,
dcu-W-00193-20261101,worker-uuid-00193,W-00193,2026-11-01T18:30:00Z,NIGHT_SHIFT,137,82,85,98,36.5,6.2,1,0,312,False,False,False,False,FIT,PARAMEDIC_ASSISTED,user-paramedic-01
dcu-W-00193-20261102,worker-uuid-00193,W-00193,2026-11-02T18:30:00Z,NIGHT_SHIFT,146,88,86,96,36.9,3.1,1,0,370,False,False,False,False,RESTRICTED,SELF_SERVICE_KIOSK,
dcu-W-00193-20261103,worker-uuid-00193,W-00193,2026-11-03T18:30:00Z,NIGHT_SHIFT,143,88,90,98,36.3,5.9,3,0,286,False,False,False,False,FIT,SELF_SERVICE_KIOSK,
dcu-W-00193-20261104,worker-uuid-00193,W-00193,2026-11-04T18:30:00Z,NIGHT_SHIFT,160,98,75,96,36.6,3.9,4,0,366,False,False,False,False,RESTRICTED,PARAMEDIC_ASSISTED,user-paramedic-01
dcu-W-00193-20261105,worker-uuid-00193,W-00193,2026-11-05T06:30:00Z,DAY_SHIFT,133,87,77,99,36.2,6.8,2,0,260,False,False,False,False,FIT,SELF_SERVICE_KIOSK,
dcu-W-00193-20261106,worker-uuid-00193,W-00193,2026-11-06T06:30:00Z,DAY_SHIFT,139,89,74,99,36.1,6.3,2,0,231,False,False,False,False,FIT,SELF_SERVICE_KIOSK,
dcu-W-00193-20261107,worker-uuid-00193,W-00193,2026-11-07T06:30:00Z,DAY_SHIFT,146,87,82,97,36.4,7.8,0,0,293,False,False,False,False,FIT,SELF_SERVICE_KIOSK,
dcu-W-00193-20261109,worker-uuid-00193,W-00193,2026-11-09T06:30:00Z,DAY_SHIFT,136,87,77,99,36.4,7.5,0,0,227,False,False,False,False,FIT,SELF_SERVICE_KIOSK,
dcu-W-00193-20261110,worker-uuid-00193,W-00193,2026-11-10T06:30:00Z,DAY_SHIFT,146,90,80,95,36.6,6.8,2,0,192,False,False,False,False,FIT,PARAMEDIC_ASSISTED,user-paramedic-01
dcu-W-00193-20261111,worker-uuid-00193,W-00193,2026-11-11T06:30:00Z,DAY_SHIFT,147,90,77,99,36.5,8.8,1,0,274,False,False,False,False,FIT,SELF_SERVICE_KIOSK,
dcu-W-00193-20261112,worker-uuid-00193,W-00193,2026-11-12T06:30:00Z,DAY_SHIFT,128,73,77,98,36.8,8.3,1,0,219,False,False,False,False,FIT,PARAMEDIC_ASSISTED,user-paramedic-01
dcu-W-00193-20261113,worker-uuid-00193,W-00193,2026-11-13T06:30:00Z,DAY_SHIFT,144,92,71,96,36.2,7.0,2,0,295,False,False,False,False,FIT,PARAMEDIC_ASSISTED,user-paramedic-01
dcu-W-00193-20261114,worker-uuid-00193,W-00193,2026-11-14T06:30:00Z,DAY_SHIFT,130,80,76,96,37.0,8.5,2,0,249,False,False,False,False,FIT,PARAMEDIC_ASSISTED,user-paramedic-01
dcu-W-00193-20261115,worker-uuid-00193,W-00193,2026-11-15T06:30:00Z,DAY_SHIFT,146,101,75,98,36.5,7.0,0,0,232,False,False,True,False,RESTRICTED,PARAMEDIC_ASSISTED,user-paramedic-01
dcu-W-00193-20261116,worker-uuid-00193,W-00193,2026-11-16T06:30:00Z,DAY_SHIFT,137,84,79,98,36.6,7.5,1,0,260,False,False,False,False,FIT,SELF_SERVICE_KIOSK,
dcu-W-00193-20261117,worker-uuid-00193,W-00193,2026-11-17T06:30:00Z,DAY_SHIFT,131,80,81,97,36.2,6.8,2,0,209,False,False,False,False,FIT,SELF_SERVICE_KIOSK,
dcu-W-00193-20261118,worker-uuid-00193,W-00193,2026-11-18T06:30:00Z,DAY_SHIFT,137,78,77,99,36.2,6.0,1,0,226,False,False,False,False,FIT,PARAMEDIC_ASSISTED,user-paramedic-01
dcu-W-00193-20261120,worker-uuid-00193,W-00193,2026-11-20T18:30:00Z,NIGHT_SHIFT,146,88,78,99,36.9,5.7,3,0,285,False,False,False,False,FIT,PARAMEDIC_ASSISTED,user-paramedic-01
dcu-W-00193-20261122,worker-uuid-00193,W-00193,2026-11-22T18:30:00Z,NIGHT_SHIFT,152,100,85,97,36.4,3.8,4,0,261,False,False,False,False,RESTRICTED,SELF_SERVICE_KIOSK,
dcu-W-00193-20261123,worker-uuid-00193,W-00193,2026-11-23T18:30:00Z,NIGHT_SHIFT,152,90,83,97,36.5,4.3,2,0,310,False,False,False,False,RESTRICTED,SELF_SERVICE_KIOSK,
dcu-W-00193-20261124,worker-uuid-00193,W-00193,2026-11-24T18:30:00Z,NIGHT_SHIFT,147,101,85,98,37.3,5.3,1,0,303,False,False,False,False,RESTRICTED,SELF_SERVICE_KIOSK,
dcu-W-00193-20261125,worker-uuid-00193,W-00193,2026-11-25T18:30:00Z,NIGHT_SHIFT,148,106,88,97,36.7,5.4,1,0,304,False,False,False,False,RESTRICTED,SELF_SERVICE_KIOSK,
dcu-W-00193-20261126,worker-uuid-00193,W-00193,2026-11-26T18:30:00Z,NIGHT_SHIFT,138,88,87,97,37.1,5.7,4,0,334,False,False,False,False,FIT,SELF_SERVICE_KIOSK,
dcu-W-00193-20261127,worker-uuid-00193,W-00193,2026-11-27T18:30:00Z,NIGHT_SHIFT,150,96,88,98,36.2,5.3,2,0,253,False,False,False,False,RESTRICTED,PARAMEDIC_ASSISTED,user-paramedic-01
dcu-W-00193-20261128,worker-uuid-00193,W-00193,2026-11-28T18:30:00Z,NIGHT_SHIFT,139,82,84,99,36.0,6.2,4,0,296,False,False,False,False,FIT,PARAMEDIC_ASSISTED,user-paramedic-01
dcu-W-00193-20261129,worker-uuid-00193,W-00193,2026-11-29T18:30:00Z,NIGHT_SHIFT,155,94,79,98,36.9,4.9,4,0,365,False,False,False,False,RESTRICTED,PARAMEDIC_ASSISTED,user-paramedic-01
dcu-W-00193-20261202,worker-uuid-00193,W-00193,2026-12-02T18:30:00Z,NIGHT_SHIFT,153,90,81,97,36.6,4.6,2,0,305,False,False,False,False,RESTRICTED,SELF_SERVICE_KIOSK,
dcu-W-00193-20261203,worker-uuid-00193,W-00193,2026-12-03T06:30:00Z,DAY_SHIFT,146,89,78,99,36.2,5.8,1,0,258,False,False,False,False,FIT,PARAMEDIC_ASSISTED,user-paramedic-01
dcu-W-00193-20261204,worker-uuid-00193,W-00193,2026-12-04T06:30:00Z,DAY_SHIFT,134,85,75,97,36.4,7.8,2,0,263,False,False,False,False,FIT,SELF_SERVICE_KIOSK,
dcu-W-00193-20261205,worker-uuid-00193,W-00193,2026-12-05T06:30:00Z,DAY_SHIFT,134,83,76,97,36.2,8.1,0,0,240,False,False,False,False,FIT,SELF_SERVICE_KIOSK,
dcu-W-00193-20261206,worker-uuid-00193,W-00193,2026-12-06T06:30:00Z,DAY_SHIFT,142,95,77,98,36.5,8.1,2,0,230,False,False,False,False,RESTRICTED,SELF_SERVICE_KIOSK,
dcu-W-00193-20261207,worker-uuid-00193,W-00193,2026-12-07T06:30:00Z,DAY_SHIFT,137,92,77,97,36.9,6.2,1,0,221,False,False,False,False,FIT,SELF_SERVICE_KIOSK,
dcu-W-00193-20261212,worker-uuid-00193,W-00193,2026-12-12T06:30:00Z,DAY_SHIFT,131,84,76,99,35.9,6.8,1,0,225,False,False,False,False,FIT,PARAMEDIC_ASSISTED,user-paramedic-01
dcu-W-00193-20261213,worker-uuid-00193,W-00193,2026-12-13T06:30:00Z,DAY_SHIFT,143,87,79,97,36.1,8.2,0,0,266,False,False,False,False,FIT,SELF_SERVICE_KIOSK,
dcu-W-00193-20261214,worker-uuid-00193,W-00193,2026-12-14T06:30:00Z,DAY_SHIFT,151,101,79,98,36.4,7.9,1,0,248,False,False,False,False,RESTRICTED,SELF_SERVICE_KIOSK,
dcu-W-00193-20261216,worker-uuid-00193,W-00193,2026-12-16T06:30:00Z,DAY_SHIFT,146,89,77,97,36.5,7.2,1,0,236,False,False,False,False,FIT,SELF_SERVICE_KIOSK,
dcu-W-00193-20261218,worker-uuid-00193,W-00193,2026-12-18T18:30:00Z,NIGHT_SHIFT,134,83,89,97,36.6,6.1,1,0,325,False,False,False,False,FIT,SELF_SERVICE_KIOSK,
dcu-W-00193-20261220,worker-uuid-00193,W-00193,2026-12-20T18:30:00Z,NIGHT_SHIFT,156,102,84,96,36.2,4.4,1,0,321,False,False,True,False,RESTRICTED,SELF_SERVICE_KIOSK,
dcu-W-00193-20261221,worker-uuid-00193,W-00193,2026-12-21T18:30:00Z,NIGHT_SHIFT,151,102,76,98,37.0,6.2,1,0,322,False,False,True,False,RESTRICTED,SELF_SERVICE_KIOSK,
dcu-W-00193-20261222,worker-uuid-00193,W-00193,2026-12-22T18:30:00Z,NIGHT_SHIFT,140,81,76,97,36.3,6.1,2,0,327,False,False,False,False,FIT,PARAMEDIC_ASSISTED,user-paramedic-01
dcu-W-00193-20261224,worker-uuid-00193,W-00193,2026-12-24T18:30:00Z,NIGHT_SHIFT,156,101,85,99,36.7,3.6,1,0,311,False,False,True,False,RESTRICTED,SELF_SERVICE_KIOSK,
dcu-W-00193-20261225,worker-uuid-00193,W-00193,2026-12-25T18:30:00Z,NIGHT_SHIFT,147,97,80,98,36.1,4.7,3,0,294,False,False,False,False,RESTRICTED,PARAMEDIC_ASSISTED,user-paramedic-01
dcu-W-00193-20261226,worker-uuid-00193,W-00193,2026-12-26T18:30:00Z,NIGHT_SHIFT,154,98,88,98,36.3,2.9,3,0,323,False,False,True,False,RESTRICTED,SELF_SERVICE_KIOSK,
dcu-W-00193-20261227,worker-uuid-00193,W-00193,2026-12-27T18:30:00Z,NIGHT_SHIFT,150,98,81,97,36.7,4.9,4,0,359,False,False,False,False,RESTRICTED,SELF_SERVICE_KIOSK,
dcu-W-00193-20261228,worker-uuid-00193,W-00193,2026-12-28T18:30:00Z,NIGHT_SHIFT,145,94,88,98,36.8,6.1,1,0,380,False,False,False,False,FIT,SELF_SERVICE_KIOSK,
dcu-W-00193-20261229,worker-uuid-00193,W-00193,2026-12-29T18:30:00Z,NIGHT_SHIFT,148,91,80,97,36.7,6.1,2,0,259,False,False,False,False,FIT,PARAMEDIC_ASSISTED,user-paramedic-01
dcu-W-00193-20261230,worker-uuid-00193,W-00193,2026-12-30T18:30:00Z,NIGHT_SHIFT,142,87,81,98,36.8,7.4,3,0,311,False,False,False,False,FIT,PARAMEDIC_ASSISTED,user-paramedic-01
dcu-W-00193-20261231,worker-uuid-00193,W-00193,2026-12-31T06:30:00Z,DAY_SHIFT,137,94,75,97,36.3,7.1,1,0,266,False,False,False,False,FIT,SELF_SERVICE_KIOSK,
dcu-W-00194-20260101,worker-uuid-00194,W-00194,2026-01-01T06:30:00Z,DAY_SHIFT,135,83,75,99,36.3,6.8,0,0,225,False,False,False,False,FIT,PARAMEDIC_ASSISTED,user-paramedic-01
dcu-W-00194-20260102,worker-uuid-00194,W-00194,2026-01-02T06:30:00Z,DAY_SHIFT,124,75,72,97,36.4,6.3,2,0,231,False,False,False,False,FIT,PARAMEDIC_ASSISTED,user-paramedic-01
dcu-W-00194-20260104,worker-uuid-00194,W-00194,2026-01-04T06:30:00Z,DAY_SHIFT,130,83,75,98,36.5,7.2,1,0,257,False,False,False,False,FIT,SELF_SERVICE_KIOSK,
dcu-W-00194-20260105,worker-uuid-00194,W-00194,2026-01-05T06:30:00Z,DAY_SHIFT,126,82,65,97,36.7,7.8,1,0,245,False,False,False,False,FIT,PARAMEDIC_ASSISTED,user-paramedic-01
dcu-W-00194-20260106,worker-uuid-00194,W-00194,2026-01-06T06:30:00Z,DAY_SHIFT,124,77,74,99,36.1,6.5,1,0,222,False,False,False,False,FIT,PARAMEDIC_ASSISTED,user-paramedic-01
dcu-W-00194-20260108,worker-uuid-00194,W-00194,2026-01-08T06:30:00Z,DAY_SHIFT,122,74,70,98,36.8,7.5,0,0,249,False,False,False,False,FIT,SELF_SERVICE_KIOSK,
dcu-W-00194-20260109,worker-uuid-00194,W-00194,2026-01-09T06:30:00Z,DAY_SHIFT,136,87,72,98,36.5,8.4,1,0,241,False,False,False,False,FIT,SELF_SERVICE_KIOSK,
dcu-W-00194-20260110,worker-uuid-00194,W-00194,2026-01-10T06:30:00Z,DAY_SHIFT,122,81,71,98,36.5,7.3,2,0,193,False,False,False,False,FIT,SELF_SERVICE_KIOSK,
dcu-W-00194-20260111,worker-uuid-00194,W-00194,2026-01-11T06:30:00Z,DAY_SHIFT,128,79,76,98,36.1,7.7,0,0,202,False,False,False,False,FIT,SELF_SERVICE_KIOSK,
dcu-W-00194-20260113,worker-uuid-00194,W-00194,2026-01-13T06:30:00Z,DAY_SHIFT,115,68,78,97,36.1,9.0,0,0,259,False,False,False,False,FIT,SELF_SERVICE_KIOSK,
dcu-W-00194-20260114,worker-uuid-00194,W-00194,2026-01-14T06:30:00Z,DAY_SHIFT,126,77,74,97,36.7,8.2,0,0,257,False,False,False,False,FIT,SELF_SERVICE_KIOSK,
dcu-W-00194-20260115,worker-uuid-00194,W-00194,2026-01-15T18:30:00Z,NIGHT_SHIFT,138,84,79,97,36.8,5.5,4,0,285,False,False,False,False,FIT,SELF_SERVICE_KIOSK,
dcu-W-00194-20260117,worker-uuid-00194,W-00194,2026-01-17T18:30:00Z,NIGHT_SHIFT,133,85,82,96,36.3,5.8,2,0,290,False,False,False,False,FIT,SELF_SERVICE_KIOSK,
dcu-W-00194-20260118,worker-uuid-00194,W-00194,2026-01-18T18:30:00Z,NIGHT_SHIFT,142,87,86,97,36.3,4.1,4,0,326,False,False,False,False,RESTRICTED,SELF_SERVICE_KIOSK,
dcu-W-00194-20260119,worker-uuid-00194,W-00194,2026-01-19T18:30:00Z,NIGHT_SHIFT,130,80,79,98,36.4,4.4,1,0,322,False,False,False,False,RESTRICTED,SELF_SERVICE_KIOSK,
dcu-W-00194-20260120,worker-uuid-00194,W-00194,2026-01-20T18:30:00Z,NIGHT_SHIFT,131,78,72,97,36.1,5.1,2,0,250,False,False,False,False,FIT,PARAMEDIC_ASSISTED,user-paramedic-01
dcu-W-00194-20260121,worker-uuid-00194,W-00194,2026-01-21T18:30:00Z,NIGHT_SHIFT,149,94,77,96,37.2,4.4,2,0,324,False,False,False,False,RESTRICTED,PARAMEDIC_ASSISTED,user-paramedic-01
dcu-W-00194-20260122,worker-uuid-00194,W-00194,2026-01-22T18:30:00Z,NIGHT_SHIFT,139,86,78,98,37.0,4.9,3,0,313,False,False,False,False,FIT,SELF_SERVICE_KIOSK,
dcu-W-00194-20260124,worker-uuid-00194,W-00194,2026-01-24T18:30:00Z,NIGHT_SHIFT,132,85,78,97,36.3,5.5,2,0,312,False,False,False,False,FIT,SELF_SERVICE_KIOSK,
dcu-W-00194-20260125,worker-uuid-00194,W-00194,2026-01-25T18:30:00Z,NIGHT_SHIFT,135,84,81,99,36.3,5.2,3,0,247,False,False,False,False,FIT,PARAMEDIC_ASSISTED,user-paramedic-01
dcu-W-00194-20260126,worker-uuid-00194,W-00194,2026-01-26T18:30:00Z,NIGHT_SHIFT,148,95,84,96,36.6,3.7,3,0,347,False,False,False,False,RESTRICTED,SELF_SERVICE_KIOSK,
dcu-W-00194-20260127,worker-uuid-00194,W-00194,2026-01-27T18:30:00Z,NIGHT_SHIFT,151,94,80,98,37.1,3.7,4,0,298,False,False,False,False,RESTRICTED,SELF_SERVICE_KIOSK,
dcu-W-00194-20260130,worker-uuid-00194,W-00194,2026-01-30T06:30:00Z,DAY_SHIFT,113,69,63,96,36.3,6.8,2,0,202,False,False,False,False,FIT,SELF_SERVICE_KIOSK,
dcu-W-00194-20260131,worker-uuid-00194,W-00194,2026-01-31T06:30:00Z,DAY_SHIFT,134,88,68,98,36.4,6.3,2,0,260,False,False,False,False,FIT,PARAMEDIC_ASSISTED,user-paramedic-01
dcu-W-00194-20260201,worker-uuid-00194,W-00194,2026-02-01T06:30:00Z,DAY_SHIFT,132,89,74,98,36.3,6.8,2,0,264,False,False,False,False,FIT,SELF_SERVICE_KIOSK,
dcu-W-00194-20260202,worker-uuid-00194,W-00194,2026-02-02T06:30:00Z,DAY_SHIFT,123,73,71,100,36.2,8.4,0,0,242,False,False,False,False,FIT,SELF_SERVICE_KIOSK,
dcu-W-00194-20260204,worker-uuid-00194,W-00194,2026-02-04T06:30:00Z,DAY_SHIFT,133,79,72,99,36.3,7.4,2,0,272,False,False,False,False,FIT,PARAMEDIC_ASSISTED,user-paramedic-01
dcu-W-00194-20260205,worker-uuid-00194,W-00194,2026-02-05T06:30:00Z,DAY_SHIFT,125,79,77,99,36.7,5.7,2,0,245,False,False,False,False,FIT,PARAMEDIC_ASSISTED,user-paramedic-01
dcu-W-00194-20260206,worker-uuid-00194,W-00194,2026-02-06T06:30:00Z,DAY_SHIFT,120,77,67,97,36.4,6.3,1,0,192,False,False,False,False,FIT,PARAMEDIC_ASSISTED,user-paramedic-01
dcu-W-00194-20260207,worker-uuid-00194,W-00194,2026-02-07T06:30:00Z,DAY_SHIFT,118,70,70,97,36.2,7.0,2,0,265,False,False,False,False,FIT,SELF_SERVICE_KIOSK,
dcu-W-00194-20260208,worker-uuid-00194,W-00194,2026-02-08T06:30:00Z,DAY_SHIFT,123,83,77,98,36.7,7.5,1,0,201,False,False,False,False,FIT,PARAMEDIC_ASSISTED,user-paramedic-01
dcu-W-00194-20260209,worker-uuid-00194,W-00194,2026-02-09T06:30:00Z,DAY_SHIFT,132,82,72,97,36.7,6.7,2,0,224,False,False,False,False,FIT,SELF_SERVICE_KIOSK,
dcu-W-00194-20260211,worker-uuid-00194,W-00194,2026-02-11T06:30:00Z,DAY_SHIFT,128,77,72,99,36.1,6.9,0,0,228,False,False,False,False,FIT,SELF_SERVICE_KIOSK,
dcu-W-00194-20260212,worker-uuid-00194,W-00194,2026-02-12T18:30:00Z,NIGHT_SHIFT,136,90,77,98,36.3,5.2,3,0,331,False,False,False,False,FIT,SELF_SERVICE_KIOSK,
dcu-W-00194-20260213,worker-uuid-00194,W-00194,2026-02-13T18:30:00Z,NIGHT_SHIFT,139,86,79,100,36.9,2.9,3,0,236,False,False,True,False,RESTRICTED,SELF_SERVICE_KIOSK,
dcu-W-00194-20260214,worker-uuid-00194,W-00194,2026-02-14T18:30:00Z,NIGHT_SHIFT,135,85,90,98,36.3,6.3,3,0,363,False,False,False,False,FIT,SELF_SERVICE_KIOSK,
dcu-W-00194-20260215,worker-uuid-00194,W-00194,2026-02-15T18:30:00Z,NIGHT_SHIFT,149,88,80,97,36.8,7.0,2,0,251,False,False,False,False,FIT,SELF_SERVICE_KIOSK,
dcu-W-00194-20260216,worker-uuid-00194,W-00194,2026-02-16T18:30:00Z,NIGHT_SHIFT,131,78,76,97,36.6,6.2,3,0,243,False,False,False,False,FIT,PARAMEDIC_ASSISTED,user-paramedic-01
dcu-W-00194-20260217,worker-uuid-00194,W-00194,2026-02-17T18:30:00Z,NIGHT_SHIFT,139,83,86,97,36.3,5.7,3,0,262,False,False,False,False,FIT,SELF_SERVICE_KIOSK,
dcu-W-00194-20260218,worker-uuid-00194,W-00194,2026-02-18T18:30:00Z,NIGHT_SHIFT,135,84,77,97,36.9,4.4,2,0,255,False,False,False,False,RESTRICTED,PARAMEDIC_ASSISTED,user-paramedic-01
dcu-W-00194-20260219,worker-uuid-00194,W-00194,2026-02-19T18:30:00Z,NIGHT_SHIFT,127,83,80,97,36.4,5.2,3,0,269,False,False,False,False,FIT,PARAMEDIC_ASSISTED,user-paramedic-01
dcu-W-00194-20260220,worker-uuid-00194,W-00194,2026-02-20T18:30:00Z,NIGHT_SHIFT,142,88,78,99,36.4,4.6,4,0,320,False,False,False,False,FIT,PARAMEDIC_ASSISTED,user-paramedic-01
dcu-W-00194-20260221,worker-uuid-00194,W-00194,2026-02-21T18:30:00Z,NIGHT_SHIFT,129,83,80,97,36.8,5.8,1,0,315,False,False,False,False,FIT,PARAMEDIC_ASSISTED,user-paramedic-01
dcu-W-00194-20260222,worker-uuid-00194,W-00194,2026-02-22T18:30:00Z,NIGHT_SHIFT,136,82,85,98,37.0,4.4,3,0,298,False,False,False,False,RESTRICTED,SELF_SERVICE_KIOSK,
dcu-W-00194-20260223,worker-uuid-00194,W-00194,2026-02-23T18:30:00Z,NIGHT_SHIFT,127,76,73,98,36.6,5.6,3,0,314,False,False,False,False,FIT,SELF_SERVICE_KIOSK,
dcu-W-00194-20260224,worker-uuid-00194,W-00194,2026-02-24T18:30:00Z,NIGHT_SHIFT,142,88,77,97,36.3,4.9,2,0,297,False,False,False,False,FIT,SELF_SERVICE_KIOSK,
dcu-W-00194-20260226,worker-uuid-00194,W-00194,2026-02-26T06:30:00Z,DAY_SHIFT,119,72,68,99,36.3,8.1,1,0,247,False,False,False,False,FIT,PARAMEDIC_ASSISTED,user-paramedic-01
dcu-W-00194-20260228,worker-uuid-00194,W-00194,2026-02-28T06:30:00Z,DAY_SHIFT,133,81,76,98,36.7,5.9,2,0,234,False,False,False,False,FIT,SELF_SERVICE_KIOSK,
dcu-W-00194-20260301,worker-uuid-00194,W-00194,2026-03-01T06:30:00Z,DAY_SHIFT,129,78,81,99,36.1,8.0,0,0,242,False,False,False,False,FIT,SELF_SERVICE_KIOSK,
dcu-W-00194-20260303,worker-uuid-00194,W-00194,2026-03-03T06:30:00Z,DAY_SHIFT,126,81,75,97,36.7,7.1,0,0,210,False,False,False,False,FIT,PARAMEDIC_ASSISTED,user-paramedic-01
dcu-W-00194-20260304,worker-uuid-00194,W-00194,2026-03-04T06:30:00Z,DAY_SHIFT,124,75,64,97,36.3,7.6,2,0,241,False,False,False,False,FIT,SELF_SERVICE_KIOSK,
dcu-W-00194-20260305,worker-uuid-00194,W-00194,2026-03-05T06:30:00Z,DAY_SHIFT,128,84,66,98,36.8,8.0,2,0,191,False,False,False,False,FIT,PARAMEDIC_ASSISTED,user-paramedic-01
dcu-W-00194-20260306,worker-uuid-00194,W-00194,2026-03-06T06:30:00Z,DAY_SHIFT,125,69,66,100,36.3,6.7,1,0,277,False,False,False,False,FIT,SELF_SERVICE_KIOSK,
dcu-W-00194-20260307,worker-uuid-00194,W-00194,2026-03-07T06:30:00Z,DAY_SHIFT,121,76,69,97,36.5,6.6,1,0,283,False,False,False,False,FIT,SELF_SERVICE_KIOSK,
dcu-W-00194-20260308,worker-uuid-00194,W-00194,2026-03-08T06:30:00Z,DAY_SHIFT,126,78,75,96,36.2,8.4,0,0,225,False,False,False,False,FIT,SELF_SERVICE_KIOSK,
dcu-W-00194-20260309,worker-uuid-00194,W-00194,2026-03-09T06:30:00Z,DAY_SHIFT,134,87,65,97,35.9,6.8,1,0,218,False,False,False,False,FIT,PARAMEDIC_ASSISTED,user-paramedic-01
dcu-W-00194-20260310,worker-uuid-00194,W-00194,2026-03-10T06:30:00Z,DAY_SHIFT,133,78,67,99,36.6,6.8,0,0,242,False,False,False,False,FIT,PARAMEDIC_ASSISTED,user-paramedic-01
dcu-W-00194-20260315,worker-uuid-00194,W-00194,2026-03-15T18:30:00Z,NIGHT_SHIFT,138,84,78,99,36.0,4.5,1,0,384,False,False,False,False,FIT,PARAMEDIC_ASSISTED,user-paramedic-01
dcu-W-00194-20260316,worker-uuid-00194,W-00194,2026-03-16T18:30:00Z,NIGHT_SHIFT,134,83,77,97,36.7,6.1,3,0,268,False,False,False,False,FIT,SELF_SERVICE_KIOSK,
dcu-W-00194-20260317,worker-uuid-00194,W-00194,2026-03-17T18:30:00Z,NIGHT_SHIFT,125,75,76,98,36.1,6.1,4,0,342,False,False,False,False,FIT,SELF_SERVICE_KIOSK,
dcu-W-00194-20260318,worker-uuid-00194,W-00194,2026-03-18T18:30:00Z,NIGHT_SHIFT,131,84,85,98,36.3,5.4,4,0,335,False,False,False,False,FIT,SELF_SERVICE_KIOSK,
dcu-W-00194-20260319,worker-uuid-00194,W-00194,2026-03-19T18:30:00Z,NIGHT_SHIFT,126,80,78,99,36.6,5.4,1,0,277,False,False,False,False,FIT,SELF_SERVICE_KIOSK,
dcu-W-00194-20260322,worker-uuid-00194,W-00194,2026-03-22T18:30:00Z,NIGHT_SHIFT,139,83,76,98,36.7,5.4,3,0,253,False,False,False,False,FIT,SELF_SERVICE_KIOSK,
dcu-W-00194-20260323,worker-uuid-00194,W-00194,2026-03-23T18:30:00Z,NIGHT_SHIFT,138,88,76,96,36.1,4.4,2,0,311,False,False,False,False,RESTRICTED,SELF_SERVICE_KIOSK,
dcu-W-00194-20260324,worker-uuid-00194,W-00194,2026-03-24T18:30:00Z,NIGHT_SHIFT,126,85,87,99,36.3,4.0,4,0,253,False,False,False,False,RESTRICTED,SELF_SERVICE_KIOSK,
dcu-W-00194-20260326,worker-uuid-00194,W-00194,2026-03-26T06:30:00Z,DAY_SHIFT,120,74,67,97,36.6,5.7,2,0,274,False,False,False,False,FIT,SELF_SERVICE_KIOSK,
dcu-W-00194-20260329,worker-uuid-00194,W-00194,2026-03-29T06:30:00Z,DAY_SHIFT,125,72,69,99,36.5,8.8,2,0,229,False,False,False,False,FIT,SELF_SERVICE_KIOSK,
dcu-W-00194-20260330,worker-uuid-00194,W-00194,2026-03-30T06:30:00Z,DAY_SHIFT,126,76,73,100,36.4,7.7,1,0,224,False,False,False,False,FIT,SELF_SERVICE_KIOSK,
dcu-W-00194-20260331,worker-uuid-00194,W-00194,2026-03-31T06:30:00Z,DAY_SHIFT,135,82,77,97,36.3,6.8,2,0,236,False,False,False,False,FIT,SELF_SERVICE_KIOSK,
dcu-W-00194-20260401,worker-uuid-00194,W-00194,2026-04-01T06:30:00Z,DAY_SHIFT,122,81,68,95,36.7,6.6,1,0,222,False,False,False,False,FIT,SELF_SERVICE_KIOSK,
dcu-W-00194-20260402,worker-uuid-00194,W-00194,2026-04-02T06:30:00Z,DAY_SHIFT,130,74,70,100,36.5,7.1,0,0,266,False,False,False,False,FIT,SELF_SERVICE_KIOSK,
dcu-W-00194-20260403,worker-uuid-00194,W-00194,2026-04-03T06:30:00Z,DAY_SHIFT,126,79,65,97,36.0,6.2,1,0,235,False,False,False,False,FIT,SELF_SERVICE_KIOSK,
dcu-W-00194-20260404,worker-uuid-00194,W-00194,2026-04-04T06:30:00Z,DAY_SHIFT,129,80,70,97,36.3,7.5,2,0,266,False,False,False,False,FIT,PARAMEDIC_ASSISTED,user-paramedic-01
dcu-W-00194-20260405,worker-uuid-00194,W-00194,2026-04-05T06:30:00Z,DAY_SHIFT,122,71,72,97,36.4,7.3,0,0,243,False,False,False,False,FIT,SELF_SERVICE_KIOSK,
dcu-W-00194-20260406,worker-uuid-00194,W-00194,2026-04-06T06:30:00Z,DAY_SHIFT,120,73,80,97,36.2,6.2,0,0,231,False,False,False,False,FIT,SELF_SERVICE_KIOSK,
dcu-W-00194-20260407,worker-uuid-00194,W-00194,2026-04-07T06:30:00Z,DAY_SHIFT,121,67,72,98,36.0,7.8,2,0,246,False,False,False,False,FIT,PARAMEDIC_ASSISTED,user-paramedic-01
dcu-W-00194-20260408,worker-uuid-00194,W-00194,2026-04-08T06:30:00Z,DAY_SHIFT,128,79,74,98,36.6,8.8,0,0,218,False,False,False,False,FIT,SELF_SERVICE_KIOSK,
dcu-W-00194-20260409,worker-uuid-00194,W-00194,2026-04-09T18:30:00Z,NIGHT_SHIFT,135,87,70,97,36.9,5.5,3,0,331,False,False,False,False,FIT,PARAMEDIC_ASSISTED,user-paramedic-01
dcu-W-00194-20260410,worker-uuid-00194,W-00194,2026-04-10T18:30:00Z,NIGHT_SHIFT,128,85,73,97,36.3,5.2,4,0,266,False,False,False,False,FIT,PARAMEDIC_ASSISTED,user-paramedic-01
dcu-W-00194-20260411,worker-uuid-00194,W-00194,2026-04-11T18:30:00Z,NIGHT_SHIFT,138,87,83,97,36.6,3.7,3,0,287,False,False,True,False,RESTRICTED,SELF_SERVICE_KIOSK,
dcu-W-00194-20260412,worker-uuid-00194,W-00194,2026-04-12T18:30:00Z,NIGHT_SHIFT,132,83,81,97,36.2,5.0,3,0,339,False,False,False,False,FIT,SELF_SERVICE_KIOSK,
dcu-W-00194-20260413,worker-uuid-00194,W-00194,2026-04-13T18:30:00Z,NIGHT_SHIFT,131,82,77,97,36.4,5.7,4,0,333,False,False,False,False,FIT,PARAMEDIC_ASSISTED,user-paramedic-01
dcu-W-00194-20260414,worker-uuid-00194,W-00194,2026-04-14T18:30:00Z,NIGHT_SHIFT,131,77,87,98,36.1,5.1,4,0,267,False,False,False,False,FIT,PARAMEDIC_ASSISTED,user-paramedic-01
dcu-W-00194-20260415,worker-uuid-00194,W-00194,2026-04-15T18:30:00Z,NIGHT_SHIFT,126,84,80,98,36.4,7.5,1,0,312,False,False,False,False,FIT,SELF_SERVICE_KIOSK,
dcu-W-00194-20260417,worker-uuid-00194,W-00194,2026-04-17T18:30:00Z,NIGHT_SHIFT,138,81,83,98,36.6,3.5,1,0,237,False,False,False,False,RESTRICTED,SELF_SERVICE_KIOSK,
dcu-W-00194-20260418,worker-uuid-00194,W-00194,2026-04-18T18:30:00Z,NIGHT_SHIFT,131,79,84,99,36.2,4.7,4,0,327,False,False,False,False,FIT,SELF_SERVICE_KIOSK,
dcu-W-00194-20260420,worker-uuid-00194,W-00194,2026-04-20T18:30:00Z,NIGHT_SHIFT,131,75,77,98,36.4,5.4,2,0,320,False,False,False,False,FIT,SELF_SERVICE_KIOSK,
dcu-W-00194-20260421,worker-uuid-00194,W-00194,2026-04-21T18:30:00Z,NIGHT_SHIFT,127,86,83,97,36.3,5.8,3,0,357,False,False,False,False,FIT,SELF_SERVICE_KIOSK,
dcu-W-00194-20260423,worker-uuid-00194,W-00194,2026-04-23T06:30:00Z,DAY_SHIFT,125,78,72,98,36.4,7.7,2,0,222,False,False,False,False,FIT,SELF_SERVICE_KIOSK,
dcu-W-00194-20260424,worker-uuid-00194,W-00194,2026-04-24T06:30:00Z,DAY_SHIFT,124,72,79,99,36.4,7.4,1,0,206,False,False,False,False,FIT,PARAMEDIC_ASSISTED,user-paramedic-01
dcu-W-00194-20260426,worker-uuid-00194,W-00194,2026-04-26T06:30:00Z,DAY_SHIFT,122,81,75,98,36.8,7.0,2,0,250,False,False,False,False,FIT,SELF_SERVICE_KIOSK,
dcu-W-00194-20260427,worker-uuid-00194,W-00194,2026-04-27T06:30:00Z,DAY_SHIFT,121,73,70,97,36.8,6.0,0,0,251,False,False,False,False,FIT,PARAMEDIC_ASSISTED,user-paramedic-01
dcu-W-00194-20260428,worker-uuid-00194,W-00194,2026-04-28T06:30:00Z,DAY_SHIFT,124,79,69,99,36.3,7.1,2,0,233,False,False,False,False,FIT,SELF_SERVICE_KIOSK,
dcu-W-00194-20260429,worker-uuid-00194,W-00194,2026-04-29T06:30:00Z,DAY_SHIFT,138,80,73,99,36.5,6.7,2,0,242,False,False,False,False,FIT,SELF_SERVICE_KIOSK,
dcu-W-00194-20260430,worker-uuid-00194,W-00194,2026-04-30T06:30:00Z,DAY_SHIFT,127,78,65,98,36.7,6.7,1,0,238,False,False,False,False,FIT,SELF_SERVICE_KIOSK,
dcu-W-00194-20260501,worker-uuid-00194,W-00194,2026-05-01T06:30:00Z,DAY_SHIFT,128,80,77,98,36.1,6.4,0,0,220,False,False,False,False,FIT,PARAMEDIC_ASSISTED,user-paramedic-01
dcu-W-00194-20260502,worker-uuid-00194,W-00194,2026-05-02T06:30:00Z,DAY_SHIFT,124,74,74,99,37.2,6.1,1,0,228,False,False,False,False,FIT,SELF_SERVICE_KIOSK,
dcu-W-00194-20260503,worker-uuid-00194,W-00194,2026-05-03T06:30:00Z,DAY_SHIFT,120,77,74,97,36.6,6.5,1,0,209,False,False,False,False,FIT,SELF_SERVICE_KIOSK,
dcu-W-00194-20260504,worker-uuid-00194,W-00194,2026-05-04T06:30:00Z,DAY_SHIFT,137,80,74,96,36.5,7.0,2,0,232,False,False,False,False,FIT,PARAMEDIC_ASSISTED,user-paramedic-01
dcu-W-00194-20260505,worker-uuid-00194,W-00194,2026-05-05T06:30:00Z,DAY_SHIFT,116,65,70,97,36.3,7.7,1,0,285,False,False,False,False,FIT,PARAMEDIC_ASSISTED,user-paramedic-01
dcu-W-00194-20260506,worker-uuid-00194,W-00194,2026-05-06T06:30:00Z,DAY_SHIFT,124,79,75,99,36.6,7.2,2,0,238,False,False,False,False,FIT,PARAMEDIC_ASSISTED,user-paramedic-01
dcu-W-00194-20260507,worker-uuid-00194,W-00194,2026-05-07T18:30:00Z,NIGHT_SHIFT,142,87,77,98,36.9,3.8,2,0,311,False,False,False,False,RESTRICTED,PARAMEDIC_ASSISTED,user-paramedic-01
dcu-W-00194-20260508,worker-uuid-00194,W-00194,2026-05-08T18:30:00Z,NIGHT_SHIFT,138,89,78,98,36.3,2.5,2,0,282,False,False,False,False,RESTRICTED,SELF_SERVICE_KIOSK,
dcu-W-00194-20260509,worker-uuid-00194,W-00194,2026-05-09T18:30:00Z,NIGHT_SHIFT,132,86,87,99,36.4,6.3,2,0,292,False,False,False,False,FIT,SELF_SERVICE_KIOSK,
dcu-W-00194-20260510,worker-uuid-00194,W-00194,2026-05-10T18:30:00Z,NIGHT_SHIFT,133,84,84,97,37.0,6.2,4,0,277,False,False,False,False,FIT,SELF_SERVICE_KIOSK,
dcu-W-00194-20260511,worker-uuid-00194,W-00194,2026-05-11T18:30:00Z,NIGHT_SHIFT,137,88,76,98,36.7,4.7,2,0,280,False,False,False,False,FIT,PARAMEDIC_ASSISTED,user-paramedic-01
dcu-W-00194-20260513,worker-uuid-00194,W-00194,2026-05-13T18:30:00Z,NIGHT_SHIFT,135,83,89,97,36.9,6.2,2,0,276,False,False,False,False,FIT,PARAMEDIC_ASSISTED,user-paramedic-01
dcu-W-00194-20260514,worker-uuid-00194,W-00194,2026-05-14T18:30:00Z,NIGHT_SHIFT,131,79,79,98,36.4,5.4,2,0,288,False,False,False,False,FIT,SELF_SERVICE_KIOSK,
dcu-W-00194-20260515,worker-uuid-00194,W-00194,2026-05-15T18:30:00Z,NIGHT_SHIFT,130,78,73,97,36.7,6.4,3,0,347,False,False,False,False,FIT,PARAMEDIC_ASSISTED,user-paramedic-01
dcu-W-00194-20260516,worker-uuid-00194,W-00194,2026-05-16T18:30:00Z,NIGHT_SHIFT,142,92,81,98,36.0,5.9,3,0,289,False,False,False,False,FIT,SELF_SERVICE_KIOSK,
dcu-W-00194-20260517,worker-uuid-00194,W-00194,2026-05-17T18:30:00Z,NIGHT_SHIFT,142,90,76,99,36.4,4.8,1,0,325,False,False,False,False,FIT,SELF_SERVICE_KIOSK,
dcu-W-00194-20260519,worker-uuid-00194,W-00194,2026-05-19T18:30:00Z,NIGHT_SHIFT,141,93,82,97,36.4,4.8,2,0,301,False,False,False,False,FIT,SELF_SERVICE_KIOSK,
dcu-W-00194-20260520,worker-uuid-00194,W-00194,2026-05-20T18:30:00Z,NIGHT_SHIFT,140,88,75,97,36.6,4.3,2,0,292,False,False,True,False,RESTRICTED,PARAMEDIC_ASSISTED,user-paramedic-01
dcu-W-00194-20260521,worker-uuid-00194,W-00194,2026-05-21T06:30:00Z,DAY_SHIFT,129,82,75,98,36.8,6.7,2,0,240,False,False,False,False,FIT,SELF_SERVICE_KIOSK,
dcu-W-00194-20260522,worker-uuid-00194,W-00194,2026-05-22T06:30:00Z,DAY_SHIFT,127,78,81,99,36.3,8.0,0,0,192,False,False,False,False,FIT,SELF_SERVICE_KIOSK,
dcu-W-00194-20260523,worker-uuid-00194,W-00194,2026-05-23T06:30:00Z,DAY_SHIFT,125,73,69,96,36.9,6.3,1,0,251,False,False,False,False,FIT,SELF_SERVICE_KIOSK,
dcu-W-00194-20260524,worker-uuid-00194,W-00194,2026-05-24T06:30:00Z,DAY_SHIFT,129,78,78,96,35.9,6.8,1,0,241,False,False,False,False,FIT,PARAMEDIC_ASSISTED,user-paramedic-01
dcu-W-00194-20260525,worker-uuid-00194,W-00194,2026-05-25T06:30:00Z,DAY_SHIFT,126,77,74,97,36.3,6.9,2,0,254,False,False,False,False,FIT,SELF_SERVICE_KIOSK,
dcu-W-00194-20260526,worker-uuid-00194,W-00194,2026-05-26T06:30:00Z,DAY_SHIFT,128,77,72,96,36.4,7.8,0,0,255,False,False,False,False,FIT,SELF_SERVICE_KIOSK,
dcu-W-00194-20260529,worker-uuid-00194,W-00194,2026-05-29T06:30:00Z,DAY_SHIFT,119,73,72,98,36.7,7.3,2,0,249,False,False,False,False,FIT,PARAMEDIC_ASSISTED,user-paramedic-01
dcu-W-00194-20260530,worker-uuid-00194,W-00194,2026-05-30T06:30:00Z,DAY_SHIFT,117,74,76,100,36.2,6.9,0,0,221,False,False,False,False,FIT,SELF_SERVICE_KIOSK,
dcu-W-00194-20260531,worker-uuid-00194,W-00194,2026-05-31T06:30:00Z,DAY_SHIFT,126,80,63,96,36.4,7.4,2,0,207,False,False,False,False,FIT,SELF_SERVICE_KIOSK,
dcu-W-00194-20260601,worker-uuid-00194,W-00194,2026-06-01T06:30:00Z,DAY_SHIFT,121,72,70,98,36.4,6.3,1,0,192,False,False,False,False,FIT,SELF_SERVICE_KIOSK,
dcu-W-00194-20260602,worker-uuid-00194,W-00194,2026-06-02T06:30:00Z,DAY_SHIFT,126,72,69,99,36.3,7.1,2,0,209,False,False,False,False,FIT,SELF_SERVICE_KIOSK,
dcu-W-00194-20260603,worker-uuid-00194,W-00194,2026-06-03T06:30:00Z,DAY_SHIFT,130,73,76,98,35.9,6.8,0,0,234,False,False,False,False,FIT,PARAMEDIC_ASSISTED,user-paramedic-01
dcu-W-00194-20260606,worker-uuid-00194,W-00194,2026-06-06T18:30:00Z,NIGHT_SHIFT,132,86,80,98,36.0,6.9,3,0,225,False,False,False,False,FIT,SELF_SERVICE_KIOSK,
dcu-W-00194-20260607,worker-uuid-00194,W-00194,2026-06-07T18:30:00Z,NIGHT_SHIFT,135,84,88,97,36.0,5.5,3,0,259,False,False,False,False,FIT,SELF_SERVICE_KIOSK,
dcu-W-00194-20260608,worker-uuid-00194,W-00194,2026-06-08T18:30:00Z,NIGHT_SHIFT,133,86,76,99,36.4,5.5,2,0,394,False,False,False,False,FIT,SELF_SERVICE_KIOSK,
dcu-W-00194-20260610,worker-uuid-00194,W-00194,2026-06-10T18:30:00Z,NIGHT_SHIFT,133,87,87,99,36.5,5.6,3,0,357,False,False,False,False,FIT,SELF_SERVICE_KIOSK,
dcu-W-00194-20260611,worker-uuid-00194,W-00194,2026-06-11T18:30:00Z,NIGHT_SHIFT,128,76,68,98,36.1,5.0,3,0,303,False,False,False,False,FIT,PARAMEDIC_ASSISTED,user-paramedic-01
dcu-W-00194-20260612,worker-uuid-00194,W-00194,2026-06-12T18:30:00Z,NIGHT_SHIFT,132,81,75,99,37.0,5.0,3,0,292,False,False,False,False,FIT,SELF_SERVICE_KIOSK,
dcu-W-00194-20260613,worker-uuid-00194,W-00194,2026-06-13T18:30:00Z,NIGHT_SHIFT,134,80,73,97,36.6,5.0,1,0,346,False,False,False,False,FIT,PARAMEDIC_ASSISTED,user-paramedic-01
dcu-W-00194-20260614,worker-uuid-00194,W-00194,2026-06-14T18:30:00Z,NIGHT_SHIFT,133,82,80,97,36.3,6.9,3,0,315,False,False,False,False,FIT,PARAMEDIC_ASSISTED,user-paramedic-01
dcu-W-00194-20260615,worker-uuid-00194,W-00194,2026-06-15T18:30:00Z,NIGHT_SHIFT,126,75,82,97,37.0,5.0,3,0,389,False,False,False,False,FIT,SELF_SERVICE_KIOSK,
dcu-W-00194-20260616,worker-uuid-00194,W-00194,2026-06-16T18:30:00Z,NIGHT_SHIFT,134,81,85,99,36.5,4.5,4,0,278,False,False,False,False,FIT,PARAMEDIC_ASSISTED,user-paramedic-01
dcu-W-00194-20260617,worker-uuid-00194,W-00194,2026-06-17T18:30:00Z,NIGHT_SHIFT,130,85,82,98,36.4,3.5,2,0,369,False,False,False,False,RESTRICTED,SELF_SERVICE_KIOSK,
dcu-W-00194-20260618,worker-uuid-00194,W-00194,2026-06-18T06:30:00Z,DAY_SHIFT,125,83,72,97,36.1,8.8,0,0,261,False,False,False,False,FIT,SELF_SERVICE_KIOSK,
dcu-W-00194-20260619,worker-uuid-00194,W-00194,2026-06-19T06:30:00Z,DAY_SHIFT,122,77,71,100,36.6,7.0,2,0,215,False,False,False,False,FIT,SELF_SERVICE_KIOSK,
dcu-W-00194-20260621,worker-uuid-00194,W-00194,2026-06-21T06:30:00Z,DAY_SHIFT,125,83,73,96,36.7,7.3,1,0,276,False,False,False,False,FIT,PARAMEDIC_ASSISTED,user-paramedic-01
dcu-W-00194-20260623,worker-uuid-00194,W-00194,2026-06-23T06:30:00Z,DAY_SHIFT,131,84,70,98,36.4,7.7,0,0,232,False,False,False,False,FIT,SELF_SERVICE_KIOSK,
dcu-W-00194-20260624,worker-uuid-00194,W-00194,2026-06-24T06:30:00Z,DAY_SHIFT,133,79,78,96,36.3,5.4,1,0,208,False,False,False,False,FIT,SELF_SERVICE_KIOSK,
dcu-W-00194-20260625,worker-uuid-00194,W-00194,2026-06-25T06:30:00Z,DAY_SHIFT,121,75,73,99,36.2,7.3,1,0,264,False,False,False,False,FIT,SELF_SERVICE_KIOSK,
dcu-W-00194-20260626,worker-uuid-00194,W-00194,2026-06-26T06:30:00Z,DAY_SHIFT,123,76,81,98,36.2,6.7,2,0,256,False,False,False,False,FIT,SELF_SERVICE_KIOSK,
dcu-W-00194-20260627,worker-uuid-00194,W-00194,2026-06-27T06:30:00Z,DAY_SHIFT,120,72,81,97,36.9,5.6,2,0,221,False,False,False,False,FIT,SELF_SERVICE_KIOSK,
dcu-W-00194-20260628,worker-uuid-00194,W-00194,2026-06-28T06:30:00Z,DAY_SHIFT,126,73,75,96,36.6,7.8,0,0,217,False,False,False,False,FIT,SELF_SERVICE_KIOSK,
dcu-W-00194-20260629,worker-uuid-00194,W-00194,2026-06-29T06:30:00Z,DAY_SHIFT,123,75,68,98,36.7,5.5,2,0,193,False,False,False,False,FIT,SELF_SERVICE_KIOSK,
dcu-W-00194-20260630,worker-uuid-00194,W-00194,2026-06-30T06:30:00Z,DAY_SHIFT,134,81,72,96,36.6,6.3,0,0,215,False,False,False,False,FIT,SELF_SERVICE_KIOSK,
dcu-W-00194-20260701,worker-uuid-00194,W-00194,2026-07-01T06:30:00Z,DAY_SHIFT,135,82,67,98,36.8,6.9,1,0,205,False,False,False,False,FIT,PARAMEDIC_ASSISTED,user-paramedic-01
dcu-W-00194-20260702,worker-uuid-00194,W-00194,2026-07-02T18:30:00Z,NIGHT_SHIFT,133,89,87,98,36.1,5.1,2,0,326,False,False,False,False,FIT,SELF_SERVICE_KIOSK,
dcu-W-00194-20260703,worker-uuid-00194,W-00194,2026-07-03T18:30:00Z,NIGHT_SHIFT,133,76,70,98,36.1,3.9,1,0,286,False,False,False,False,RESTRICTED,PARAMEDIC_ASSISTED,user-paramedic-01
dcu-W-00194-20260704,worker-uuid-00194,W-00194,2026-07-04T18:30:00Z,NIGHT_SHIFT,138,87,78,98,36.5,4.0,1,0,394,False,False,False,False,RESTRICTED,PARAMEDIC_ASSISTED,user-paramedic-01
dcu-W-00194-20260705,worker-uuid-00194,W-00194,2026-07-05T18:30:00Z,NIGHT_SHIFT,140,90,71,98,37.2,2.3,4,0,278,False,False,False,False,RESTRICTED,SELF_SERVICE_KIOSK,
dcu-W-00194-20260706,worker-uuid-00194,W-00194,2026-07-06T18:30:00Z,NIGHT_SHIFT,129,77,84,97,37.0,4.0,4,0,289,False,False,False,False,RESTRICTED,SELF_SERVICE_KIOSK,
dcu-W-00194-20260707,worker-uuid-00194,W-00194,2026-07-07T18:30:00Z,NIGHT_SHIFT,128,80,75,98,37.0,5.8,4,0,323,False,False,False,False,FIT,PARAMEDIC_ASSISTED,user-paramedic-01
dcu-W-00194-20260708,worker-uuid-00194,W-00194,2026-07-08T18:30:00Z,NIGHT_SHIFT,136,82,78,97,35.9,5.1,3,0,333,False,False,False,False,FIT,SELF_SERVICE_KIOSK,
dcu-W-00194-20260709,worker-uuid-00194,W-00194,2026-07-09T18:30:00Z,NIGHT_SHIFT,123,77,78,96,36.7,5.0,1,0,352,False,False,False,False,FIT,SELF_SERVICE_KIOSK,
dcu-W-00194-20260710,worker-uuid-00194,W-00194,2026-07-10T18:30:00Z,NIGHT_SHIFT,129,77,80,98,36.6,2.7,2,0,374,False,False,False,False,RESTRICTED,SELF_SERVICE_KIOSK,
dcu-W-00194-20260711,worker-uuid-00194,W-00194,2026-07-11T18:30:00Z,NIGHT_SHIFT,130,83,80,99,36.9,6.4,1,0,348,False,False,False,False,FIT,SELF_SERVICE_KIOSK,
dcu-W-00194-20260712,worker-uuid-00194,W-00194,2026-07-12T18:30:00Z,NIGHT_SHIFT,128,80,83,97,36.1,5.0,3,0,242,False,False,False,False,FIT,PARAMEDIC_ASSISTED,user-paramedic-01
dcu-W-00194-20260713,worker-uuid-00194,W-00194,2026-07-13T18:30:00Z,NIGHT_SHIFT,139,87,78,98,36.3,3.9,1,0,289,False,False,False,False,RESTRICTED,SELF_SERVICE_KIOSK,
dcu-W-00194-20260714,worker-uuid-00194,W-00194,2026-07-14T18:30:00Z,NIGHT_SHIFT,129,78,80,99,36.8,5.4,2,0,287,False,False,False,False,FIT,PARAMEDIC_ASSISTED,user-paramedic-01
dcu-W-00194-20260715,worker-uuid-00194,W-00194,2026-07-15T18:30:00Z,NIGHT_SHIFT,137,85,83,99,36.5,5.5,2,0,292,False,False,False,False,FIT,SELF_SERVICE_KIOSK,
dcu-W-00194-20260717,worker-uuid-00194,W-00194,2026-07-17T06:30:00Z,DAY_SHIFT,125,77,76,99,36.5,6.3,0,0,254,False,False,False,False,FIT,PARAMEDIC_ASSISTED,user-paramedic-01
dcu-W-00194-20260718,worker-uuid-00194,W-00194,2026-07-18T06:30:00Z,DAY_SHIFT,135,82,68,95,36.9,8.0,2,0,264,False,False,False,False,FIT,PARAMEDIC_ASSISTED,user-paramedic-01
dcu-W-00194-20260719,worker-uuid-00194,W-00194,2026-07-19T06:30:00Z,DAY_SHIFT,128,75,82,97,36.7,6.7,1,0,232,False,False,False,False,FIT,PARAMEDIC_ASSISTED,user-paramedic-01
dcu-W-00194-20260721,worker-uuid-00194,W-00194,2026-07-21T06:30:00Z,DAY_SHIFT,131,84,67,96,36.6,6.0,1,0,265,False,False,False,False,FIT,SELF_SERVICE_KIOSK,
dcu-W-00194-20260722,worker-uuid-00194,W-00194,2026-07-22T06:30:00Z,DAY_SHIFT,127,79,59,100,36.1,7.7,2,0,279,False,False,False,False,FIT,SELF_SERVICE_KIOSK,
dcu-W-00194-20260723,worker-uuid-00194,W-00194,2026-07-23T06:30:00Z,DAY_SHIFT,121,76,78,98,36.3,6.8,1,0,263,False,False,False,False,FIT,SELF_SERVICE_KIOSK,
dcu-W-00194-20260724,worker-uuid-00194,W-00194,2026-07-24T06:30:00Z,DAY_SHIFT,128,77,73,96,37.0,7.0,1,0,172,False,False,False,False,FIT,PARAMEDIC_ASSISTED,user-paramedic-01
dcu-W-00194-20260725,worker-uuid-00194,W-00194,2026-07-25T06:30:00Z,DAY_SHIFT,132,82,69,98,36.1,7.3,0,0,217,False,False,False,False,FIT,PARAMEDIC_ASSISTED,user-paramedic-01
dcu-W-00194-20260727,worker-uuid-00194,W-00194,2026-07-27T06:30:00Z,DAY_SHIFT,127,89,68,96,36.8,5.5,2,0,235,False,False,False,False,FIT,PARAMEDIC_ASSISTED,user-paramedic-01
dcu-W-00194-20260728,worker-uuid-00194,W-00194,2026-07-28T06:30:00Z,DAY_SHIFT,123,73,74,99,37.0,6.7,1,0,214,False,False,False,False,FIT,SELF_SERVICE_KIOSK,
dcu-W-00194-20260729,worker-uuid-00194,W-00194,2026-07-29T06:30:00Z,DAY_SHIFT,134,87,73,95,36.4,5.5,0,0,194,False,False,False,False,FIT,SELF_SERVICE_KIOSK,
dcu-W-00194-20260730,worker-uuid-00194,W-00194,2026-07-30T18:30:00Z,NIGHT_SHIFT,138,81,82,96,36.3,4.1,3,0,307,False,False,False,False,RESTRICTED,SELF_SERVICE_KIOSK,
dcu-W-00194-20260731,worker-uuid-00194,W-00194,2026-07-31T18:30:00Z,NIGHT_SHIFT,138,89,74,96,36.5,4.5,2,0,316,False,False,False,False,FIT,SELF_SERVICE_KIOSK,
dcu-W-00194-20260802,worker-uuid-00194,W-00194,2026-08-02T18:30:00Z,NIGHT_SHIFT,142,81,78,97,36.8,4.0,1,0,321,False,False,False,False,RESTRICTED,SELF_SERVICE_KIOSK,
dcu-W-00194-20260803,worker-uuid-00194,W-00194,2026-08-03T18:30:00Z,NIGHT_SHIFT,136,90,72,98,36.6,5.8,3,0,311,False,False,False,False,FIT,SELF_SERVICE_KIOSK,
dcu-W-00194-20260804,worker-uuid-00194,W-00194,2026-08-04T18:30:00Z,NIGHT_SHIFT,130,84,72,98,36.7,5.6,1,0,321,False,False,False,False,FIT,SELF_SERVICE_KIOSK,
dcu-W-00194-20260805,worker-uuid-00194,W-00194,2026-08-05T18:30:00Z,NIGHT_SHIFT,134,90,81,96,36.2,7.1,1,0,308,False,False,False,False,FIT,SELF_SERVICE_KIOSK,
dcu-W-00194-20260806,worker-uuid-00194,W-00194,2026-08-06T18:30:00Z,NIGHT_SHIFT,134,84,79,97,36.8,5.5,3,0,355,False,False,False,False,FIT,SELF_SERVICE_KIOSK,
dcu-W-00194-20260810,worker-uuid-00194,W-00194,2026-08-10T18:30:00Z,NIGHT_SHIFT,132,76,89,100,36.5,6.3,2,0,328,False,False,False,False,FIT,PARAMEDIC_ASSISTED,user-paramedic-01
dcu-W-00194-20260812,worker-uuid-00194,W-00194,2026-08-12T18:30:00Z,NIGHT_SHIFT,136,90,77,96,36.1,5.0,2,0,288,False,False,False,False,FIT,SELF_SERVICE_KIOSK,
dcu-W-00194-20260813,worker-uuid-00194,W-00194,2026-08-13T06:30:00Z,DAY_SHIFT,123,73,71,100,36.5,8.0,2,0,248,False,False,False,False,FIT,SELF_SERVICE_KIOSK,
dcu-W-00194-20260814,worker-uuid-00194,W-00194,2026-08-14T06:30:00Z,DAY_SHIFT,119,72,77,97,36.5,6.9,2,0,220,False,False,False,False,FIT,SELF_SERVICE_KIOSK,
dcu-W-00194-20260815,worker-uuid-00194,W-00194,2026-08-15T06:30:00Z,DAY_SHIFT,137,91,73,96,37.0,7.3,0,0,266,False,False,False,False,FIT,SELF_SERVICE_KIOSK,
dcu-W-00194-20260816,worker-uuid-00194,W-00194,2026-08-16T06:30:00Z,DAY_SHIFT,130,81,78,97,36.4,6.3,1,0,244,False,False,False,False,FIT,PARAMEDIC_ASSISTED,user-paramedic-01
dcu-W-00194-20260817,worker-uuid-00194,W-00194,2026-08-17T06:30:00Z,DAY_SHIFT,124,77,67,97,36.8,8.1,0,0,256,False,False,False,False,FIT,SELF_SERVICE_KIOSK,
dcu-W-00194-20260819,worker-uuid-00194,W-00194,2026-08-19T06:30:00Z,DAY_SHIFT,133,83,75,97,36.4,7.3,1,0,198,False,False,False,False,FIT,SELF_SERVICE_KIOSK,
dcu-W-00194-20260821,worker-uuid-00194,W-00194,2026-08-21T06:30:00Z,DAY_SHIFT,118,68,67,98,36.6,6.7,0,0,272,False,False,False,False,FIT,SELF_SERVICE_KIOSK,
dcu-W-00194-20260824,worker-uuid-00194,W-00194,2026-08-24T06:30:00Z,DAY_SHIFT,131,82,74,99,36.8,5.6,1,0,233,False,False,False,False,FIT,SELF_SERVICE_KIOSK,
dcu-W-00194-20260825,worker-uuid-00194,W-00194,2026-08-25T06:30:00Z,DAY_SHIFT,134,84,77,99,36.3,7.0,0,0,223,False,False,False,False,FIT,SELF_SERVICE_KIOSK,
dcu-W-00194-20260826,worker-uuid-00194,W-00194,2026-08-26T06:30:00Z,DAY_SHIFT,123,74,64,97,36.5,6.4,0,0,229,False,False,False,False,FIT,PARAMEDIC_ASSISTED,user-paramedic-01
dcu-W-00194-20260827,worker-uuid-00194,W-00194,2026-08-27T18:30:00Z,NIGHT_SHIFT,131,75,80,97,36.8,5.8,2,0,334,False,False,False,False,FIT,PARAMEDIC_ASSISTED,user-paramedic-01
dcu-W-00194-20260829,worker-uuid-00194,W-00194,2026-08-29T18:30:00Z,NIGHT_SHIFT,134,78,72,98,36.5,6.4,4,0,296,False,False,False,False,FIT,SELF_SERVICE_KIOSK,
dcu-W-00194-20260830,worker-uuid-00194,W-00194,2026-08-30T18:30:00Z,NIGHT_SHIFT,131,81,77,97,36.5,6.4,4,0,383,False,False,False,False,FIT,SELF_SERVICE_KIOSK,
dcu-W-00194-20260831,worker-uuid-00194,W-00194,2026-08-31T18:30:00Z,NIGHT_SHIFT,136,85,77,99,36.4,5.6,3,0,327,False,False,False,False,FIT,SELF_SERVICE_KIOSK,
dcu-W-00194-20260901,worker-uuid-00194,W-00194,2026-09-01T18:30:00Z,NIGHT_SHIFT,132,82,77,98,36.8,5.1,4,0,305,False,False,False,False,FIT,SELF_SERVICE_KIOSK,
dcu-W-00194-20260902,worker-uuid-00194,W-00194,2026-09-02T18:30:00Z,NIGHT_SHIFT,141,84,81,98,37.0,4.5,1,0,258,False,False,False,False,FIT,PARAMEDIC_ASSISTED,user-paramedic-01
dcu-W-00194-20260903,worker-uuid-00194,W-00194,2026-09-03T18:30:00Z,NIGHT_SHIFT,133,89,80,97,36.4,3.6,3,0,308,False,False,False,False,RESTRICTED,SELF_SERVICE_KIOSK,
dcu-W-00194-20260904,worker-uuid-00194,W-00194,2026-09-04T18:30:00Z,NIGHT_SHIFT,131,83,88,98,36.9,6.5,2,0,353,False,False,False,False,FIT,PARAMEDIC_ASSISTED,user-paramedic-01
dcu-W-00194-20260905,worker-uuid-00194,W-00194,2026-09-05T18:30:00Z,NIGHT_SHIFT,133,86,82,99,36.2,4.9,3,0,339,False,False,False,False,FIT,SELF_SERVICE_KIOSK,
dcu-W-00194-20260906,worker-uuid-00194,W-00194,2026-09-06T18:30:00Z,NIGHT_SHIFT,145,90,79,98,36.0,4.6,1,0,224,False,False,False,False,FIT,SELF_SERVICE_KIOSK,
dcu-W-00194-20260907,worker-uuid-00194,W-00194,2026-09-07T18:30:00Z,NIGHT_SHIFT,138,90,71,97,37.2,6.2,1,0,349,False,False,False,False,FIT,SELF_SERVICE_KIOSK,
dcu-W-00194-20260908,worker-uuid-00194,W-00194,2026-09-08T18:30:00Z,NIGHT_SHIFT,135,81,73,97,36.7,5.3,4,0,302,False,False,False,False,FIT,SELF_SERVICE_KIOSK,
dcu-W-00194-20260909,worker-uuid-00194,W-00194,2026-09-09T18:30:00Z,NIGHT_SHIFT,142,90,76,98,36.5,3.6,2,0,288,False,False,False,False,RESTRICTED,SELF_SERVICE_KIOSK,
dcu-W-00194-20260910,worker-uuid-00194,W-00194,2026-09-10T06:30:00Z,DAY_SHIFT,131,78,77,97,36.9,6.4,0,0,176,False,False,False,False,FIT,SELF_SERVICE_KIOSK,
dcu-W-00194-20260911,worker-uuid-00194,W-00194,2026-09-11T06:30:00Z,DAY_SHIFT,134,80,72,98,36.3,6.2,1,0,198,False,False,False,False,FIT,PARAMEDIC_ASSISTED,user-paramedic-01
dcu-W-00194-20260912,worker-uuid-00194,W-00194,2026-09-12T06:30:00Z,DAY_SHIFT,130,78,75,97,36.4,7.9,2,0,244,False,False,False,False,FIT,SELF_SERVICE_KIOSK,
dcu-W-00194-20260913,worker-uuid-00194,W-00194,2026-09-13T06:30:00Z,DAY_SHIFT,135,86,71,98,36.7,7.2,0,0,210,False,False,False,False,FIT,PARAMEDIC_ASSISTED,user-paramedic-01
dcu-W-00194-20260914,worker-uuid-00194,W-00194,2026-09-14T06:30:00Z,DAY_SHIFT,125,76,72,99,36.3,7.3,0,0,216,False,False,False,False,FIT,PARAMEDIC_ASSISTED,user-paramedic-01
dcu-W-00194-20260916,worker-uuid-00194,W-00194,2026-09-16T06:30:00Z,DAY_SHIFT,137,91,66,97,36.1,7.8,2,0,207,False,False,False,False,FIT,SELF_SERVICE_KIOSK,
dcu-W-00194-20260917,worker-uuid-00194,W-00194,2026-09-17T06:30:00Z,DAY_SHIFT,128,82,65,96,37.3,7.1,1,0,235,False,False,False,False,FIT,SELF_SERVICE_KIOSK,
dcu-W-00194-20260918,worker-uuid-00194,W-00194,2026-09-18T06:30:00Z,DAY_SHIFT,134,84,81,99,36.7,5.5,0,0,212,False,False,False,False,FIT,PARAMEDIC_ASSISTED,user-paramedic-01
dcu-W-00194-20260921,worker-uuid-00194,W-00194,2026-09-21T06:30:00Z,DAY_SHIFT,129,77,67,99,36.6,7.5,2,0,188,False,False,False,False,FIT,PARAMEDIC_ASSISTED,user-paramedic-01
dcu-W-00194-20260922,worker-uuid-00194,W-00194,2026-09-22T06:30:00Z,DAY_SHIFT,133,82,69,97,35.9,7.6,1,0,249,False,False,False,False,FIT,PARAMEDIC_ASSISTED,user-paramedic-01
dcu-W-00194-20260924,worker-uuid-00194,W-00194,2026-09-24T18:30:00Z,NIGHT_SHIFT,128,77,87,98,36.5,6.1,3,0,297,False,False,False,False,FIT,PARAMEDIC_ASSISTED,user-paramedic-01
dcu-W-00194-20260925,worker-uuid-00194,W-00194,2026-09-25T18:30:00Z,NIGHT_SHIFT,145,93,79,97,36.8,4.6,3,0,314,False,False,False,False,FIT,SELF_SERVICE_KIOSK,
dcu-W-00194-20260926,worker-uuid-00194,W-00194,2026-09-26T18:30:00Z,NIGHT_SHIFT,125,73,86,98,36.7,5.0,3,0,286,False,False,False,False,FIT,SELF_SERVICE_KIOSK,
dcu-W-00194-20260927,worker-uuid-00194,W-00194,2026-09-27T18:30:00Z,NIGHT_SHIFT,146,87,81,96,36.4,4.7,4,0,308,False,False,False,False,FIT,SELF_SERVICE_KIOSK,
dcu-W-00194-20260928,worker-uuid-00194,W-00194,2026-09-28T18:30:00Z,NIGHT_SHIFT,136,86,80,97,36.8,5.1,4,0,365,False,False,False,False,FIT,SELF_SERVICE_KIOSK,
dcu-W-00194-20260929,worker-uuid-00194,W-00194,2026-09-29T18:30:00Z,NIGHT_SHIFT,145,91,71,98,36.2,4.6,2,0,318,False,False,False,False,FIT,PARAMEDIC_ASSISTED,user-paramedic-01
dcu-W-00194-20260930,worker-uuid-00194,W-00194,2026-09-30T18:30:00Z,NIGHT_SHIFT,127,75,91,97,36.5,6.1,3,0,251,False,False,False,False,FIT,PARAMEDIC_ASSISTED,user-paramedic-01
dcu-W-00194-20261001,worker-uuid-00194,W-00194,2026-10-01T18:30:00Z,NIGHT_SHIFT,125,76,78,98,36.4,5.5,1,0,334,False,False,False,False,FIT,SELF_SERVICE_KIOSK,
dcu-W-00194-20261003,worker-uuid-00194,W-00194,2026-10-03T18:30:00Z,NIGHT_SHIFT,130,80,77,97,36.3,6.9,1,0,349,False,False,False,False,FIT,SELF_SERVICE_KIOSK,
dcu-W-00194-20261007,worker-uuid-00194,W-00194,2026-10-07T18:30:00Z,NIGHT_SHIFT,135,76,71,98,36.5,6.8,1,0,305,False,False,False,False,FIT,SELF_SERVICE_KIOSK,
dcu-W-00194-20261008,worker-uuid-00194,W-00194,2026-10-08T06:30:00Z,DAY_SHIFT,133,80,77,98,36.6,7.2,2,0,259,False,False,False,False,FIT,PARAMEDIC_ASSISTED,user-paramedic-01
dcu-W-00194-20261009,worker-uuid-00194,W-00194,2026-10-09T06:30:00Z,DAY_SHIFT,121,77,70,100,36.4,7.5,2,0,255,False,False,False,False,FIT,PARAMEDIC_ASSISTED,user-paramedic-01
dcu-W-00194-20261010,worker-uuid-00194,W-00194,2026-10-10T06:30:00Z,DAY_SHIFT,120,72,76,95,36.3,5.7,2,0,280,False,False,False,False,FIT,SELF_SERVICE_KIOSK,
dcu-W-00194-20261012,worker-uuid-00194,W-00194,2026-10-12T06:30:00Z,DAY_SHIFT,122,82,70,99,36.5,6.3,0,0,213,False,False,False,False,FIT,PARAMEDIC_ASSISTED,user-paramedic-01
dcu-W-00194-20261013,worker-uuid-00194,W-00194,2026-10-13T06:30:00Z,DAY_SHIFT,122,75,69,98,36.5,7.2,1,0,240,False,False,False,False,FIT,SELF_SERVICE_KIOSK,
dcu-W-00194-20261015,worker-uuid-00194,W-00194,2026-10-15T06:30:00Z,DAY_SHIFT,135,87,81,99,36.1,7.1,0,0,237,False,False,False,False,FIT,SELF_SERVICE_KIOSK,
dcu-W-00194-20261016,worker-uuid-00194,W-00194,2026-10-16T06:30:00Z,DAY_SHIFT,125,81,69,98,36.3,7.3,1,0,201,False,False,False,False,FIT,SELF_SERVICE_KIOSK,
dcu-W-00194-20261017,worker-uuid-00194,W-00194,2026-10-17T06:30:00Z,DAY_SHIFT,136,81,71,97,36.5,7.2,2,0,223,False,False,False,False,FIT,SELF_SERVICE_KIOSK,
dcu-W-00194-20261018,worker-uuid-00194,W-00194,2026-10-18T06:30:00Z,DAY_SHIFT,136,82,75,96,36.0,7.8,0,0,272,False,False,False,False,FIT,SELF_SERVICE_KIOSK,
dcu-W-00194-20261020,worker-uuid-00194,W-00194,2026-10-20T06:30:00Z,DAY_SHIFT,130,82,64,99,36.6,6.6,0,0,199,False,False,False,False,FIT,PARAMEDIC_ASSISTED,user-paramedic-01
dcu-W-00194-20261021,worker-uuid-00194,W-00194,2026-10-21T06:30:00Z,DAY_SHIFT,126,74,67,96,36.6,7.3,2,0,238,False,False,False,False,FIT,SELF_SERVICE_KIOSK,
dcu-W-00194-20261023,worker-uuid-00194,W-00194,2026-10-23T18:30:00Z,NIGHT_SHIFT,129,77,84,97,36.5,4.8,2,0,295,False,False,False,False,FIT,PARAMEDIC_ASSISTED,user-paramedic-01
dcu-W-00194-20261024,worker-uuid-00194,W-00194,2026-10-24T18:30:00Z,NIGHT_SHIFT,133,82,83,97,36.8,6.5,4,0,243,False,False,False,False,FIT,PARAMEDIC_ASSISTED,user-paramedic-01
dcu-W-00194-20261025,worker-uuid-00194,W-00194,2026-10-25T18:30:00Z,NIGHT_SHIFT,135,85,80,98,36.4,5.3,4,0,288,False,False,False,False,FIT,PARAMEDIC_ASSISTED,user-paramedic-01
dcu-W-00194-20261026,worker-uuid-00194,W-00194,2026-10-26T18:30:00Z,NIGHT_SHIFT,134,85,73,98,36.1,4.8,3,0,315,False,False,False,False,FIT,PARAMEDIC_ASSISTED,user-paramedic-01
dcu-W-00194-20261027,worker-uuid-00194,W-00194,2026-10-27T18:30:00Z,NIGHT_SHIFT,134,85,81,96,36.2,6.3,3,0,254,False,False,False,False,FIT,SELF_SERVICE_KIOSK,
dcu-W-00194-20261029,worker-uuid-00194,W-00194,2026-10-29T18:30:00Z,NIGHT_SHIFT,158,105,80,98,36.3,2.8,2,0,285,False,False,False,False,RESTRICTED,SELF_SERVICE_KIOSK,
dcu-W-00194-20261030,worker-uuid-00194,W-00194,2026-10-30T18:30:00Z,NIGHT_SHIFT,151,99,86,99,36.7,4.8,4,0,306,False,False,False,False,RESTRICTED,SELF_SERVICE_KIOSK,
dcu-W-00194-20261031,worker-uuid-00194,W-00194,2026-10-31T18:30:00Z,NIGHT_SHIFT,138,91,77,97,36.6,6.4,4,0,309,False,False,False,False,FIT,SELF_SERVICE_KIOSK,
dcu-W-00194-20261101,worker-uuid-00194,W-00194,2026-11-01T18:30:00Z,NIGHT_SHIFT,124,75,85,97,36.0,6.8,1,0,297,False,False,False,False,FIT,SELF_SERVICE_KIOSK,
dcu-W-00194-20261102,worker-uuid-00194,W-00194,2026-11-02T18:30:00Z,NIGHT_SHIFT,137,88,79,98,36.7,6.9,2,0,286,False,False,False,False,FIT,SELF_SERVICE_KIOSK,
dcu-W-00194-20261103,worker-uuid-00194,W-00194,2026-11-03T18:30:00Z,NIGHT_SHIFT,131,85,87,98,36.2,5.5,2,0,352,False,False,False,False,FIT,SELF_SERVICE_KIOSK,
dcu-W-00194-20261105,worker-uuid-00194,W-00194,2026-11-05T06:30:00Z,DAY_SHIFT,130,84,77,97,37.0,5.0,2,0,225,False,False,False,False,FIT,SELF_SERVICE_KIOSK,
dcu-W-00194-20261106,worker-uuid-00194,W-00194,2026-11-06T06:30:00Z,DAY_SHIFT,131,85,72,96,36.4,6.6,0,0,239,False,False,False,False,FIT,SELF_SERVICE_KIOSK,
dcu-W-00194-20261107,worker-uuid-00194,W-00194,2026-11-07T06:30:00Z,DAY_SHIFT,127,81,70,97,36.1,7.6,0,0,211,False,False,False,False,FIT,SELF_SERVICE_KIOSK,
dcu-W-00194-20261108,worker-uuid-00194,W-00194,2026-11-08T06:30:00Z,DAY_SHIFT,116,77,72,98,36.0,6.7,1,0,166,False,False,False,False,FIT,PARAMEDIC_ASSISTED,user-paramedic-01
dcu-W-00194-20261109,worker-uuid-00194,W-00194,2026-11-09T06:30:00Z,DAY_SHIFT,124,77,69,96,36.9,6.3,0,0,216,False,False,False,False,FIT,PARAMEDIC_ASSISTED,user-paramedic-01
dcu-W-00194-20261110,worker-uuid-00194,W-00194,2026-11-10T06:30:00Z,DAY_SHIFT,121,68,75,95,36.5,6.1,1,0,266,False,False,False,False,FIT,SELF_SERVICE_KIOSK,
dcu-W-00194-20261111,worker-uuid-00194,W-00194,2026-11-11T06:30:00Z,DAY_SHIFT,126,79,74,97,37.0,7.5,1,0,261,False,False,False,False,FIT,PARAMEDIC_ASSISTED,user-paramedic-01
dcu-W-00194-20261112,worker-uuid-00194,W-00194,2026-11-12T06:30:00Z,DAY_SHIFT,140,86,77,99,36.9,6.6,1,0,224,False,False,False,False,FIT,SELF_SERVICE_KIOSK,
dcu-W-00194-20261114,worker-uuid-00194,W-00194,2026-11-14T06:30:00Z,DAY_SHIFT,131,84,70,99,36.3,6.0,1,0,224,False,False,False,False,FIT,PARAMEDIC_ASSISTED,user-paramedic-01
dcu-W-00194-20261116,worker-uuid-00194,W-00194,2026-11-16T06:30:00Z,DAY_SHIFT,119,73,75,97,36.9,7.5,2,0,230,False,False,False,False,FIT,PARAMEDIC_ASSISTED,user-paramedic-01
dcu-W-00194-20261117,worker-uuid-00194,W-00194,2026-11-17T06:30:00Z,DAY_SHIFT,125,74,65,98,36.6,7.8,2,0,213,False,False,False,False,FIT,SELF_SERVICE_KIOSK,
dcu-W-00194-20261118,worker-uuid-00194,W-00194,2026-11-18T06:30:00Z,DAY_SHIFT,130,74,63,96,36.2,6.7,1,0,209,False,False,False,False,FIT,SELF_SERVICE_KIOSK,
dcu-W-00194-20261121,worker-uuid-00194,W-00194,2026-11-21T18:30:00Z,NIGHT_SHIFT,135,75,79,98,36.8,6.1,2,0,283,False,False,False,False,FIT,SELF_SERVICE_KIOSK,
dcu-W-00194-20261122,worker-uuid-00194,W-00194,2026-11-22T18:30:00Z,NIGHT_SHIFT,130,85,75,97,37.1,6.8,2,0,317,False,False,False,False,FIT,SELF_SERVICE_KIOSK,
dcu-W-00194-20261123,worker-uuid-00194,W-00194,2026-11-23T18:30:00Z,NIGHT_SHIFT,139,76,83,97,36.6,6.2,4,0,285,False,False,False,False,FIT,SELF_SERVICE_KIOSK,
dcu-W-00194-20261124,worker-uuid-00194,W-00194,2026-11-24T18:30:00Z,NIGHT_SHIFT,141,87,77,99,36.7,5.6,2,0,333,False,False,False,False,FIT,SELF_SERVICE_KIOSK,
dcu-W-00194-20261125,worker-uuid-00194,W-00194,2026-11-25T18:30:00Z,NIGHT_SHIFT,144,92,83,98,36.8,4.8,3,0,299,False,False,False,False,FIT,PARAMEDIC_ASSISTED,user-paramedic-01
dcu-W-00194-20261126,worker-uuid-00194,W-00194,2026-11-26T18:30:00Z,NIGHT_SHIFT,148,95,75,98,36.0,3.8,3,0,375,False,False,True,False,RESTRICTED,PARAMEDIC_ASSISTED,user-paramedic-01
dcu-W-00194-20261127,worker-uuid-00194,W-00194,2026-11-27T18:30:00Z,NIGHT_SHIFT,138,89,82,98,36.9,5.0,1,0,370,False,False,False,False,FIT,SELF_SERVICE_KIOSK,
dcu-W-00194-20261128,worker-uuid-00194,W-00194,2026-11-28T18:30:00Z,NIGHT_SHIFT,139,92,80,98,36.6,4.4,4,0,335,False,False,False,False,RESTRICTED,PARAMEDIC_ASSISTED,user-paramedic-01
dcu-W-00194-20261129,worker-uuid-00194,W-00194,2026-11-29T18:30:00Z,NIGHT_SHIFT,138,91,78,98,36.5,3.1,4,0,307,False,False,False,False,RESTRICTED,SELF_SERVICE_KIOSK,
dcu-W-00194-20261202,worker-uuid-00194,W-00194,2026-12-02T18:30:00Z,NIGHT_SHIFT,127,77,84,98,36.5,6.6,4,0,299,False,False,False,False,FIT,PARAMEDIC_ASSISTED,user-paramedic-01
dcu-W-00194-20261205,worker-uuid-00194,W-00194,2026-12-05T06:30:00Z,DAY_SHIFT,133,81,74,98,36.7,7.7,0,0,229,False,False,False,False,FIT,SELF_SERVICE_KIOSK,
dcu-W-00194-20261206,worker-uuid-00194,W-00194,2026-12-06T06:30:00Z,DAY_SHIFT,130,81,71,98,36.3,7.7,2,0,220,False,False,False,False,FIT,PARAMEDIC_ASSISTED,user-paramedic-01
dcu-W-00194-20261207,worker-uuid-00194,W-00194,2026-12-07T06:30:00Z,DAY_SHIFT,130,84,75,98,37.1,6.2,0,0,215,False,False,False,False,FIT,SELF_SERVICE_KIOSK,
dcu-W-00194-20261210,worker-uuid-00194,W-00194,2026-12-10T06:30:00Z,DAY_SHIFT,116,68,71,96,37.0,7.2,0,0,246,False,False,False,False,FIT,SELF_SERVICE_KIOSK,
dcu-W-00194-20261211,worker-uuid-00194,W-00194,2026-12-11T06:30:00Z,DAY_SHIFT,125,77,71,97,36.9,7.8,2,0,267,False,False,False,False,FIT,PARAMEDIC_ASSISTED,user-paramedic-01
dcu-W-00194-20261212,worker-uuid-00194,W-00194,2026-12-12T06:30:00Z,DAY_SHIFT,132,87,72,97,37.1,8.4,1,0,189,False,False,False,False,FIT,PARAMEDIC_ASSISTED,user-paramedic-01
dcu-W-00194-20261214,worker-uuid-00194,W-00194,2026-12-14T06:30:00Z,DAY_SHIFT,130,80,73,97,36.6,7.6,2,0,268,False,False,False,False,FIT,SELF_SERVICE_KIOSK,
dcu-W-00194-20261215,worker-uuid-00194,W-00194,2026-12-15T06:30:00Z,DAY_SHIFT,117,75,69,99,36.2,6.1,0,0,293,False,False,False,False,FIT,PARAMEDIC_ASSISTED,user-paramedic-01
dcu-W-00194-20261216,worker-uuid-00194,W-00194,2026-12-16T06:30:00Z,DAY_SHIFT,123,79,68,97,36.4,6.1,2,0,236,False,False,False,False,FIT,SELF_SERVICE_KIOSK,
dcu-W-00194-20261217,worker-uuid-00194,W-00194,2026-12-17T18:30:00Z,NIGHT_SHIFT,150,94,81,98,36.7,4.6,2,0,322,False,False,False,False,RESTRICTED,SELF_SERVICE_KIOSK,
dcu-W-00194-20261220,worker-uuid-00194,W-00194,2026-12-20T18:30:00Z,NIGHT_SHIFT,133,80,80,97,36.1,4.7,1,0,311,False,False,False,False,FIT,PARAMEDIC_ASSISTED,user-paramedic-01
dcu-W-00194-20261221,worker-uuid-00194,W-00194,2026-12-21T18:30:00Z,NIGHT_SHIFT,133,84,78,98,36.6,6.2,4,0,346,False,False,False,False,FIT,SELF_SERVICE_KIOSK,
dcu-W-00194-20261222,worker-uuid-00194,W-00194,2026-12-22T18:30:00Z,NIGHT_SHIFT,123,78,77,98,36.7,7.6,2,0,265,False,False,False,False,FIT,PARAMEDIC_ASSISTED,user-paramedic-01
dcu-W-00194-20261223,worker-uuid-00194,W-00194,2026-12-23T18:30:00Z,NIGHT_SHIFT,145,94,78,98,36.6,4.2,2,0,285,False,False,False,False,RESTRICTED,PARAMEDIC_ASSISTED,user-paramedic-01
dcu-W-00194-20261224,worker-uuid-00194,W-00194,2026-12-24T18:30:00Z,NIGHT_SHIFT,140,91,76,97,36.9,5.2,3,0,288,False,False,False,False,FIT,SELF_SERVICE_KIOSK,
dcu-W-00194-20261225,worker-uuid-00194,W-00194,2026-12-25T18:30:00Z,NIGHT_SHIFT,138,82,73,97,36.3,2.7,1,0,342,False,False,False,False,RESTRICTED,SELF_SERVICE_KIOSK,
dcu-W-00194-20261226,worker-uuid-00194,W-00194,2026-12-26T18:30:00Z,NIGHT_SHIFT,133,81,84,98,36.5,5.4,1,0,350,False,False,False,False,FIT,PARAMEDIC_ASSISTED,user-paramedic-01
dcu-W-00194-20261227,worker-uuid-00194,W-00194,2026-12-27T18:30:00Z,NIGHT_SHIFT,134,84,81,100,36.9,6.5,1,0,262,False,False,False,False,FIT,PARAMEDIC_ASSISTED,user-paramedic-01
dcu-W-00194-20261228,worker-uuid-00194,W-00194,2026-12-28T18:30:00Z,NIGHT_SHIFT,123,76,82,97,36.5,6.0,3,0,328,False,False,False,False,FIT,SELF_SERVICE_KIOSK,
dcu-W-00194-20261229,worker-uuid-00194,W-00194,2026-12-29T18:30:00Z,NIGHT_SHIFT,133,72,76,99,36.3,6.0,4,0,311,False,False,False,False,FIT,SELF_SERVICE_KIOSK,
dcu-W-00194-20261230,worker-uuid-00194,W-00194,2026-12-30T18:30:00Z,NIGHT_SHIFT,132,79,86,99,35.8,4.5,3,0,290,False,False,False,False,FIT,SELF_SERVICE_KIOSK,
dcu-W-00194-20261231,worker-uuid-00194,W-00194,2026-12-31T06:30:00Z,DAY_SHIFT,131,78,75,97,36.3,6.7,0,0,229,False,False,False,False,FIT,SELF_SERVICE_KIOSK,
dcu-W-00195-20260101,worker-uuid-00195,W-00195,2026-01-01T06:30:00Z,DAY_SHIFT,115,71,78,98,36.9,7.6,1,12,204,False,False,False,False,FIT,PARAMEDIC_ASSISTED,user-paramedic-01
dcu-W-00195-20260102,worker-uuid-00195,W-00195,2026-01-02T06:30:00Z,DAY_SHIFT,121,75,87,96,36.3,5.8,2,13,252,False,False,False,False,FIT,SELF_SERVICE_KIOSK,
dcu-W-00195-20260103,worker-uuid-00195,W-00195,2026-01-03T06:30:00Z,DAY_SHIFT,134,84,91,98,36.3,6.0,0,12,196,False,False,False,False,FIT,PARAMEDIC_ASSISTED,user-paramedic-01
dcu-W-00195-20260105,worker-uuid-00195,W-00195,2026-01-05T06:30:00Z,DAY_SHIFT,122,77,87,98,36.7,6.4,0,11,249,False,False,False,False,FIT,SELF_SERVICE_KIOSK,
dcu-W-00195-20260106,worker-uuid-00195,W-00195,2026-01-06T06:30:00Z,DAY_SHIFT,128,75,78,97,36.9,7.8,0,7,252,False,False,False,False,FIT,SELF_SERVICE_KIOSK,
dcu-W-00195-20260107,worker-uuid-00195,W-00195,2026-01-07T06:30:00Z,DAY_SHIFT,111,75,82,98,36.7,6.5,2,13,260,False,False,False,False,FIT,PARAMEDIC_ASSISTED,user-paramedic-01
dcu-W-00195-20260108,worker-uuid-00195,W-00195,2026-01-08T06:30:00Z,DAY_SHIFT,121,75,84,96,36.3,5.8,0,20,230,False,False,False,False,FIT,PARAMEDIC_ASSISTED,user-paramedic-01
dcu-W-00195-20260109,worker-uuid-00195,W-00195,2026-01-09T06:30:00Z,DAY_SHIFT,126,79,76,97,36.6,6.9,1,16,207,False,False,False,False,FIT,SELF_SERVICE_KIOSK,
dcu-W-00195-20260110,worker-uuid-00195,W-00195,2026-01-10T06:30:00Z,DAY_SHIFT,115,67,95,99,36.3,7.1,0,18,190,False,False,False,False,FIT,PARAMEDIC_ASSISTED,user-paramedic-01
dcu-W-00195-20260111,worker-uuid-00195,W-00195,2026-01-11T06:30:00Z,DAY_SHIFT,118,76,81,99,36.8,6.0,1,18,187,False,False,False,False,FIT,SELF_SERVICE_KIOSK,
dcu-W-00195-20260112,worker-uuid-00195,W-00195,2026-01-12T06:30:00Z,DAY_SHIFT,118,78,88,96,37.0,5.8,2,6,231,False,False,False,False,FIT,SELF_SERVICE_KIOSK,
dcu-W-00195-20260114,worker-uuid-00195,W-00195,2026-01-14T06:30:00Z,DAY_SHIFT,115,63,85,97,36.4,6.5,2,14,246,False,False,False,False,FIT,SELF_SERVICE_KIOSK,
dcu-W-00195-20260115,worker-uuid-00195,W-00195,2026-01-15T18:30:00Z,NIGHT_SHIFT,124,81,85,98,37.0,5.1,1,8,311,False,False,False,False,FIT,SELF_SERVICE_KIOSK,
dcu-W-00195-20260116,worker-uuid-00195,W-00195,2026-01-16T18:30:00Z,NIGHT_SHIFT,124,83,87,97,36.9,8.0,1,12,324,False,False,False,False,FIT,SELF_SERVICE_KIOSK,
dcu-W-00195-20260117,worker-uuid-00195,W-00195,2026-01-17T18:30:00Z,NIGHT_SHIFT,127,83,105,98,36.3,5.7,3,8,284,False,False,False,False,FIT,PARAMEDIC_ASSISTED,user-paramedic-01
dcu-W-00195-20260118,worker-uuid-00195,W-00195,2026-01-18T18:30:00Z,NIGHT_SHIFT,118,72,92,97,36.6,6.6,2,16,278,False,False,False,False,FIT,SELF_SERVICE_KIOSK,
dcu-W-00195-20260119,worker-uuid-00195,W-00195,2026-01-19T18:30:00Z,NIGHT_SHIFT,126,80,89,96,36.8,3.7,1,13,318,False,False,True,False,RESTRICTED,SELF_SERVICE_KIOSK,
dcu-W-00195-20260123,worker-uuid-00195,W-00195,2026-01-23T18:30:00Z,NIGHT_SHIFT,123,77,95,99,36.2,3.7,4,14,293,False,False,True,False,RESTRICTED,SELF_SERVICE_KIOSK,
dcu-W-00195-20260124,worker-uuid-00195,W-00195,2026-01-24T18:30:00Z,NIGHT_SHIFT,129,82,83,98,36.9,4.5,3,18,402,False,False,False,False,FIT,SELF_SERVICE_KIOSK,
dcu-W-00195-20260125,worker-uuid-00195,W-00195,2026-01-25T18:30:00Z,NIGHT_SHIFT,127,82,87,98,36.4,5.9,2,8,307,False,False,False,False,FIT,SELF_SERVICE_KIOSK,
dcu-W-00195-20260126,worker-uuid-00195,W-00195,2026-01-26T18:30:00Z,NIGHT_SHIFT,126,77,88,96,36.2,5.5,2,8,348,False,False,False,False,FIT,SELF_SERVICE_KIOSK,
dcu-W-00195-20260128,worker-uuid-00195,W-00195,2026-01-28T18:30:00Z,NIGHT_SHIFT,139,95,93,98,37.1,4.1,4,16,364,False,False,True,False,RESTRICTED,PARAMEDIC_ASSISTED,user-paramedic-01
dcu-W-00195-20260129,worker-uuid-00195,W-00195,2026-01-29T06:30:00Z,DAY_SHIFT,117,66,86,97,36.4,6.4,0,16,239,False,False,False,False,FIT,SELF_SERVICE_KIOSK,
dcu-W-00195-20260130,worker-uuid-00195,W-00195,2026-01-30T06:30:00Z,DAY_SHIFT,117,70,90,98,36.7,5.9,1,14,237,False,False,False,False,FIT,SELF_SERVICE_KIOSK,
dcu-W-00195-20260131,worker-uuid-00195,W-00195,2026-01-31T06:30:00Z,DAY_SHIFT,109,64,78,99,36.3,6.6,1,9,245,False,False,False,False,FIT,SELF_SERVICE_KIOSK,
dcu-W-00195-20260202,worker-uuid-00195,W-00195,2026-02-02T06:30:00Z,DAY_SHIFT,125,80,91,97,36.7,6.2,0,15,209,False,False,False,False,FIT,SELF_SERVICE_KIOSK,
dcu-W-00195-20260203,worker-uuid-00195,W-00195,2026-02-03T06:30:00Z,DAY_SHIFT,123,83,83,98,36.7,6.8,0,12,222,False,False,False,False,FIT,SELF_SERVICE_KIOSK,
dcu-W-00195-20260204,worker-uuid-00195,W-00195,2026-02-04T06:30:00Z,DAY_SHIFT,117,72,78,100,37.0,6.2,1,15,211,False,False,False,False,FIT,PARAMEDIC_ASSISTED,user-paramedic-01
dcu-W-00195-20260205,worker-uuid-00195,W-00195,2026-02-05T06:30:00Z,DAY_SHIFT,110,72,75,96,36.3,7.7,2,11,231,False,False,False,False,FIT,SELF_SERVICE_KIOSK,
dcu-W-00195-20260206,worker-uuid-00195,W-00195,2026-02-06T06:30:00Z,DAY_SHIFT,117,75,88,97,37.1,6.1,1,8,234,False,False,False,False,FIT,PARAMEDIC_ASSISTED,user-paramedic-01
dcu-W-00195-20260207,worker-uuid-00195,W-00195,2026-02-07T06:30:00Z,DAY_SHIFT,117,70,85,97,36.2,6.6,1,17,256,False,False,False,False,FIT,SELF_SERVICE_KIOSK,
dcu-W-00195-20260208,worker-uuid-00195,W-00195,2026-02-08T06:30:00Z,DAY_SHIFT,124,79,76,97,36.7,6.1,1,17,220,False,False,False,False,FIT,PARAMEDIC_ASSISTED,user-paramedic-01
dcu-W-00195-20260209,worker-uuid-00195,W-00195,2026-02-09T06:30:00Z,DAY_SHIFT,116,68,81,97,36.7,6.8,1,14,231,False,False,False,False,FIT,PARAMEDIC_ASSISTED,user-paramedic-01
dcu-W-00195-20260210,worker-uuid-00195,W-00195,2026-02-10T06:30:00Z,DAY_SHIFT,104,64,85,97,36.7,6.1,0,16,207,False,False,False,False,FIT,SELF_SERVICE_KIOSK,
dcu-W-00195-20260212,worker-uuid-00195,W-00195,2026-02-12T18:30:00Z,NIGHT_SHIFT,115,64,91,96,36.1,8.0,2,10,263,False,False,False,False,FIT,SELF_SERVICE_KIOSK,
dcu-W-00195-20260213,worker-uuid-00195,W-00195,2026-02-13T18:30:00Z,NIGHT_SHIFT,124,72,96,98,36.6,6.0,1,6,321,False,False,False,False,FIT,SELF_SERVICE_KIOSK,
dcu-W-00195-20260214,worker-uuid-00195,W-00195,2026-02-14T18:30:00Z,NIGHT_SHIFT,128,73,88,100,37.1,5.1,3,12,295,False,False,False,False,FIT,PARAMEDIC_ASSISTED,user-paramedic-01
dcu-W-00195-20260215,worker-uuid-00195,W-00195,2026-02-15T18:30:00Z,NIGHT_SHIFT,119,70,93,97,36.4,5.6,4,18,328,False,False,False,False,FIT,SELF_SERVICE_KIOSK,
dcu-W-00195-20260216,worker-uuid-00195,W-00195,2026-02-16T18:30:00Z,NIGHT_SHIFT,132,86,94,98,36.2,3.7,3,8,335,False,False,False,False,RESTRICTED,SELF_SERVICE_KIOSK,
dcu-W-00195-20260217,worker-uuid-00195,W-00195,2026-02-17T18:30:00Z,NIGHT_SHIFT,136,86,86,99,36.3,5.2,2,7,360,False,False,False,False,FIT,SELF_SERVICE_KIOSK,
dcu-W-00195-20260218,worker-uuid-00195,W-00195,2026-02-18T18:30:00Z,NIGHT_SHIFT,136,82,91,97,36.3,4.9,3,14,319,False,False,False,False,FIT,PARAMEDIC_ASSISTED,user-paramedic-01
dcu-W-00195-20260219,worker-uuid-00195,W-00195,2026-02-19T18:30:00Z,NIGHT_SHIFT,133,78,99,96,36.6,7.0,1,12,328,False,False,False,False,FIT,SELF_SERVICE_KIOSK,
dcu-W-00195-20260220,worker-uuid-00195,W-00195,2026-02-20T18:30:00Z,NIGHT_SHIFT,132,81,93,97,36.8,4.7,3,19,330,False,False,False,False,FIT,SELF_SERVICE_KIOSK,
dcu-W-00195-20260221,worker-uuid-00195,W-00195,2026-02-21T18:30:00Z,NIGHT_SHIFT,136,85,84,99,36.6,5.9,2,20,269,False,False,False,False,FIT,SELF_SERVICE_KIOSK,
dcu-W-00195-20260222,worker-uuid-00195,W-00195,2026-02-22T18:30:00Z,NIGHT_SHIFT,124,75,83,98,36.2,5.4,3,17,332,False,False,False,False,FIT,SELF_SERVICE_KIOSK,
dcu-W-00195-20260223,worker-uuid-00195,W-00195,2026-02-23T18:30:00Z,NIGHT_SHIFT,126,70,97,97,36.7,3.6,2,10,318,False,False,False,False,RESTRICTED,PARAMEDIC_ASSISTED,user-paramedic-01
dcu-W-00195-20260224,worker-uuid-00195,W-00195,2026-02-24T18:30:00Z,NIGHT_SHIFT,133,85,91,98,36.4,4.1,2,7,256,False,False,False,False,RESTRICTED,SELF_SERVICE_KIOSK,
dcu-W-00195-20260225,worker-uuid-00195,W-00195,2026-02-25T18:30:00Z,NIGHT_SHIFT,132,76,90,98,36.8,7.2,1,7,365,False,False,False,False,FIT,PARAMEDIC_ASSISTED,user-paramedic-01
dcu-W-00195-20260227,worker-uuid-00195,W-00195,2026-02-27T06:30:00Z,DAY_SHIFT,118,76,89,95,36.6,5.8,2,14,257,False,False,False,False,FIT,PARAMEDIC_ASSISTED,user-paramedic-01
dcu-W-00195-20260228,worker-uuid-00195,W-00195,2026-02-28T06:30:00Z,DAY_SHIFT,123,78,82,99,36.8,6.6,2,9,202,False,False,False,False,FIT,SELF_SERVICE_KIOSK,
dcu-W-00195-20260301,worker-uuid-00195,W-00195,2026-03-01T06:30:00Z,DAY_SHIFT,119,72,84,97,36.5,6.8,0,19,229,False,False,False,False,FIT,SELF_SERVICE_KIOSK,
dcu-W-00195-20260303,worker-uuid-00195,W-00195,2026-03-03T06:30:00Z,DAY_SHIFT,118,70,70,95,35.8,6.8,1,20,277,False,False,False,False,FIT,PARAMEDIC_ASSISTED,user-paramedic-01
dcu-W-00195-20260304,worker-uuid-00195,W-00195,2026-03-04T06:30:00Z,DAY_SHIFT,107,64,84,98,36.3,7.3,0,8,201,False,False,False,False,FIT,PARAMEDIC_ASSISTED,user-paramedic-01
dcu-W-00195-20260305,worker-uuid-00195,W-00195,2026-03-05T06:30:00Z,DAY_SHIFT,125,77,79,98,36.2,6.1,0,15,255,False,False,False,False,FIT,SELF_SERVICE_KIOSK,
dcu-W-00195-20260306,worker-uuid-00195,W-00195,2026-03-06T06:30:00Z,DAY_SHIFT,120,73,88,97,36.6,7.6,1,20,234,False,False,False,False,FIT,SELF_SERVICE_KIOSK,
dcu-W-00195-20260307,worker-uuid-00195,W-00195,2026-03-07T06:30:00Z,DAY_SHIFT,122,72,84,97,36.8,7.2,2,15,231,False,False,False,False,FIT,SELF_SERVICE_KIOSK,
dcu-W-00195-20260308,worker-uuid-00195,W-00195,2026-03-08T06:30:00Z,DAY_SHIFT,115,72,89,99,36.5,6.7,1,12,202,False,False,False,False,FIT,PARAMEDIC_ASSISTED,user-paramedic-01
dcu-W-00195-20260309,worker-uuid-00195,W-00195,2026-03-09T06:30:00Z,DAY_SHIFT,122,75,87,99,36.5,8.1,0,18,265,False,False,False,False,FIT,SELF_SERVICE_KIOSK,
dcu-W-00195-20260310,worker-uuid-00195,W-00195,2026-03-10T06:30:00Z,DAY_SHIFT,120,72,80,99,36.5,8.0,0,17,195,False,False,False,False,FIT,SELF_SERVICE_KIOSK,
dcu-W-00195-20260314,worker-uuid-00195,W-00195,2026-03-14T18:30:00Z,NIGHT_SHIFT,129,72,91,97,36.1,3.9,4,16,324,False,False,False,False,RESTRICTED,PARAMEDIC_ASSISTED,user-paramedic-01
dcu-W-00195-20260315,worker-uuid-00195,W-00195,2026-03-15T18:30:00Z,NIGHT_SHIFT,130,84,100,97,36.3,3.6,2,13,279,False,False,False,False,RESTRICTED,SELF_SERVICE_KIOSK,
dcu-W-00195-20260316,worker-uuid-00195,W-00195,2026-03-16T18:30:00Z,NIGHT_SHIFT,140,89,90,98,36.6,4.6,3,14,318,False,False,False,False,FIT,SELF_SERVICE_KIOSK,
dcu-W-00195-20260317,worker-uuid-00195,W-00195,2026-03-17T18:30:00Z,NIGHT_SHIFT,120,69,90,97,36.1,5.6,3,18,291,False,False,False,False,FIT,SELF_SERVICE_KIOSK,
dcu-W-00195-20260318,worker-uuid-00195,W-00195,2026-03-18T18:30:00Z,NIGHT_SHIFT,135,86,95,97,36.4,4.1,1,19,287,False,False,False,False,RESTRICTED,PARAMEDIC_ASSISTED,user-paramedic-01
dcu-W-00195-20260319,worker-uuid-00195,W-00195,2026-03-19T18:30:00Z,NIGHT_SHIFT,123,79,80,99,36.1,5.7,1,20,353,False,False,False,False,FIT,SELF_SERVICE_KIOSK,
dcu-W-00195-20260320,worker-uuid-00195,W-00195,2026-03-20T18:30:00Z,NIGHT_SHIFT,126,78,97,97,37.3,5.3,3,8,334,False,False,False,False,FIT,SELF_SERVICE_KIOSK,
dcu-W-00195-20260321,worker-uuid-00195,W-00195,2026-03-21T18:30:00Z,NIGHT_SHIFT,122,85,88,97,36.4,4.9,1,16,304,False,False,False,False,FIT,SELF_SERVICE_KIOSK,
dcu-W-00195-20260322,worker-uuid-00195,W-00195,2026-03-22T18:30:00Z,NIGHT_SHIFT,123,78,94,99,37.1,4.4,4,19,272,False,False,True,False,RESTRICTED,SELF_SERVICE_KIOSK,
dcu-W-00195-20260323,worker-uuid-00195,W-00195,2026-03-23T18:30:00Z,NIGHT_SHIFT,122,71,87,99,36.0,5.0,1,16,308,False,False,False,False,FIT,PARAMEDIC_ASSISTED,user-paramedic-01
dcu-W-00195-20260324,worker-uuid-00195,W-00195,2026-03-24T18:30:00Z,NIGHT_SHIFT,135,80,86,99,36.4,4.8,4,7,278,False,False,False,False,FIT,SELF_SERVICE_KIOSK,
dcu-W-00195-20260325,worker-uuid-00195,W-00195,2026-03-25T18:30:00Z,NIGHT_SHIFT,129,87,102,98,37.2,5.1,3,15,369,False,False,False,False,FIT,SELF_SERVICE_KIOSK,
dcu-W-00195-20260326,worker-uuid-00195,W-00195,2026-03-26T06:30:00Z,DAY_SHIFT,113,69,84,98,36.7,7.5,1,12,231,False,False,False,False,FIT,SELF_SERVICE_KIOSK,
dcu-W-00195-20260328,worker-uuid-00195,W-00195,2026-03-28T06:30:00Z,DAY_SHIFT,118,74,79,97,36.3,6.8,1,12,239,False,False,False,False,FIT,SELF_SERVICE_KIOSK,
dcu-W-00195-20260329,worker-uuid-00195,W-00195,2026-03-29T06:30:00Z,DAY_SHIFT,119,72,85,97,36.3,6.9,1,7,225,False,False,False,False,FIT,SELF_SERVICE_KIOSK,
dcu-W-00195-20260330,worker-uuid-00195,W-00195,2026-03-30T06:30:00Z,DAY_SHIFT,117,75,78,99,36.7,6.9,0,11,177,False,False,False,False,FIT,SELF_SERVICE_KIOSK,
dcu-W-00195-20260401,worker-uuid-00195,W-00195,2026-04-01T06:30:00Z,DAY_SHIFT,123,81,88,98,36.2,6.3,0,8,242,False,False,False,False,FIT,SELF_SERVICE_KIOSK,
dcu-W-00195-20260402,worker-uuid-00195,W-00195,2026-04-02T06:30:00Z,DAY_SHIFT,121,66,77,99,36.6,7.2,0,11,282,False,False,False,False,FIT,SELF_SERVICE_KIOSK,
dcu-W-00195-20260405,worker-uuid-00195,W-00195,2026-04-05T06:30:00Z,DAY_SHIFT,116,77,87,99,36.5,6.6,0,19,240,False,False,False,False,FIT,PARAMEDIC_ASSISTED,user-paramedic-01
dcu-W-00195-20260406,worker-uuid-00195,W-00195,2026-04-06T06:30:00Z,DAY_SHIFT,127,83,83,98,36.5,7.4,2,8,274,False,False,False,False,FIT,PARAMEDIC_ASSISTED,user-paramedic-01
dcu-W-00195-20260407,worker-uuid-00195,W-00195,2026-04-07T06:30:00Z,DAY_SHIFT,120,74,84,100,36.4,6.7,0,15,233,False,False,False,False,FIT,PARAMEDIC_ASSISTED,user-paramedic-01
dcu-W-00195-20260408,worker-uuid-00195,W-00195,2026-04-08T06:30:00Z,DAY_SHIFT,111,70,94,99,36.6,7.1,0,16,240,False,False,False,False,FIT,PARAMEDIC_ASSISTED,user-paramedic-01
dcu-W-00195-20260409,worker-uuid-00195,W-00195,2026-04-09T18:30:00Z,NIGHT_SHIFT,123,83,93,98,36.3,6.2,1,6,382,False,False,False,False,FIT,SELF_SERVICE_KIOSK,
dcu-W-00195-20260410,worker-uuid-00195,W-00195,2026-04-10T18:30:00Z,NIGHT_SHIFT,125,80,97,99,36.8,4.4,4,6,305,False,False,False,False,RESTRICTED,SELF_SERVICE_KIOSK,
dcu-W-00195-20260411,worker-uuid-00195,W-00195,2026-04-11T18:30:00Z,NIGHT_SHIFT,125,77,89,98,36.8,5.2,2,10,280,False,False,False,False,FIT,SELF_SERVICE_KIOSK,
dcu-W-00195-20260412,worker-uuid-00195,W-00195,2026-04-12T18:30:00Z,NIGHT_SHIFT,125,82,90,97,36.4,4.8,3,9,279,False,False,False,False,FIT,SELF_SERVICE_KIOSK,
dcu-W-00195-20260413,worker-uuid-00195,W-00195,2026-04-13T18:30:00Z,NIGHT_SHIFT,133,82,90,99,36.3,4.8,1,15,273,False,False,False,False,FIT,SELF_SERVICE_KIOSK,
dcu-W-00195-20260414,worker-uuid-00195,W-00195,2026-04-14T18:30:00Z,NIGHT_SHIFT,129,79,93,98,36.5,3.8,4,20,297,False,False,False,False,RESTRICTED,PARAMEDIC_ASSISTED,user-paramedic-01
dcu-W-00195-20260415,worker-uuid-00195,W-00195,2026-04-15T18:30:00Z,NIGHT_SHIFT,133,83,88,99,36.5,4.9,2,18,359,False,False,False,False,FIT,PARAMEDIC_ASSISTED,user-paramedic-01
dcu-W-00195-20260416,worker-uuid-00195,W-00195,2026-04-16T18:30:00Z,NIGHT_SHIFT,128,83,85,97,37.2,5.6,2,12,300,False,False,False,False,FIT,SELF_SERVICE_KIOSK,
dcu-W-00195-20260417,worker-uuid-00195,W-00195,2026-04-17T18:30:00Z,NIGHT_SHIFT,132,85,97,97,36.5,4.5,2,12,325,False,False,False,False,FIT,SELF_SERVICE_KIOSK,
dcu-W-00195-20260418,worker-uuid-00195,W-00195,2026-04-18T18:30:00Z,NIGHT_SHIFT,124,77,95,98,36.1,6.4,1,7,291,False,False,False,False,FIT,SELF_SERVICE_KIOSK,
dcu-W-00195-20260419,worker-uuid-00195,W-00195,2026-04-19T18:30:00Z,NIGHT_SHIFT,133,86,96,99,36.0,4.7,1,6,322,False,False,False,False,FIT,PARAMEDIC_ASSISTED,user-paramedic-01
dcu-W-00195-20260420,worker-uuid-00195,W-00195,2026-04-20T18:30:00Z,NIGHT_SHIFT,115,69,89,97,36.5,6.0,2,15,403,False,False,False,False,FIT,SELF_SERVICE_KIOSK,
dcu-W-00195-20260421,worker-uuid-00195,W-00195,2026-04-21T18:30:00Z,NIGHT_SHIFT,127,77,92,99,36.4,6.3,4,8,345,False,False,False,False,FIT,PARAMEDIC_ASSISTED,user-paramedic-01
dcu-W-00195-20260422,worker-uuid-00195,W-00195,2026-04-22T18:30:00Z,NIGHT_SHIFT,125,83,92,98,36.8,5.6,4,9,365,False,False,False,False,FIT,SELF_SERVICE_KIOSK,
dcu-W-00195-20260423,worker-uuid-00195,W-00195,2026-04-23T06:30:00Z,DAY_SHIFT,125,79,82,97,36.5,6.8,0,7,227,False,False,False,False,FIT,PARAMEDIC_ASSISTED,user-paramedic-01
dcu-W-00195-20260424,worker-uuid-00195,W-00195,2026-04-24T06:30:00Z,DAY_SHIFT,124,81,92,98,36.6,6.8,2,13,244,False,False,False,False,FIT,SELF_SERVICE_KIOSK,
dcu-W-00195-20260425,worker-uuid-00195,W-00195,2026-04-25T06:30:00Z,DAY_SHIFT,120,76,82,98,36.0,8.0,1,13,230,False,False,False,False,FIT,SELF_SERVICE_KIOSK,
dcu-W-00195-20260426,worker-uuid-00195,W-00195,2026-04-26T06:30:00Z,DAY_SHIFT,129,83,90,98,37.0,7.5,1,14,274,False,False,False,False,FIT,PARAMEDIC_ASSISTED,user-paramedic-01
dcu-W-00195-20260427,worker-uuid-00195,W-00195,2026-04-27T06:30:00Z,DAY_SHIFT,120,72,84,96,36.1,7.4,2,6,217,False,False,False,False,FIT,PARAMEDIC_ASSISTED,user-paramedic-01
dcu-W-00195-20260428,worker-uuid-00195,W-00195,2026-04-28T06:30:00Z,DAY_SHIFT,113,69,84,99,36.7,7.1,1,8,230,False,False,False,False,FIT,SELF_SERVICE_KIOSK,
dcu-W-00195-20260429,worker-uuid-00195,W-00195,2026-04-29T06:30:00Z,DAY_SHIFT,121,77,82,99,36.6,6.7,2,8,237,False,False,False,False,FIT,PARAMEDIC_ASSISTED,user-paramedic-01
dcu-W-00195-20260430,worker-uuid-00195,W-00195,2026-04-30T06:30:00Z,DAY_SHIFT,120,75,88,96,36.1,7.6,0,8,243,False,False,False,False,FIT,SELF_SERVICE_KIOSK,
dcu-W-00195-20260501,worker-uuid-00195,W-00195,2026-05-01T06:30:00Z,DAY_SHIFT,119,74,87,97,36.7,7.4,2,18,247,False,False,False,False,FIT,SELF_SERVICE_KIOSK,
dcu-W-00195-20260502,worker-uuid-00195,W-00195,2026-05-02T06:30:00Z,DAY_SHIFT,124,67,83,99,36.4,7.1,1,19,218,False,False,False,False,FIT,PARAMEDIC_ASSISTED,user-paramedic-01
dcu-W-00195-20260503,worker-uuid-00195,W-00195,2026-05-03T06:30:00Z,DAY_SHIFT,120,69,87,99,36.6,6.1,0,9,237,False,False,False,False,FIT,SELF_SERVICE_KIOSK,
dcu-W-00195-20260506,worker-uuid-00195,W-00195,2026-05-06T06:30:00Z,DAY_SHIFT,115,66,79,97,36.0,5.6,1,17,231,False,False,False,False,FIT,SELF_SERVICE_KIOSK,
dcu-W-00195-20260507,worker-uuid-00195,W-00195,2026-05-07T18:30:00Z,NIGHT_SHIFT,127,85,91,99,36.2,3.6,3,14,276,False,False,False,False,RESTRICTED,PARAMEDIC_ASSISTED,user-paramedic-01
dcu-W-00195-20260508,worker-uuid-00195,W-00195,2026-05-08T18:30:00Z,NIGHT_SHIFT,125,83,89,96,36.1,4.6,3,20,309,False,False,False,False,FIT,SELF_SERVICE_KIOSK,
dcu-W-00195-20260510,worker-uuid-00195,W-00195,2026-05-10T18:30:00Z,NIGHT_SHIFT,123,76,91,99,36.6,6.2,1,7,357,False,False,False,False,FIT,SELF_SERVICE_KIOSK,
dcu-W-00195-20260511,worker-uuid-00195,W-00195,2026-05-11T18:30:00Z,NIGHT_SHIFT,133,83,88,99,36.5,4.0,1,8,352,False,False,False,False,RESTRICTED,SELF_SERVICE_KIOSK,
dcu-W-00195-20260513,worker-uuid-00195,W-00195,2026-05-13T18:30:00Z,NIGHT_SHIFT,128,77,92,97,36.8,4.0,1,9,297,False,False,False,False,RESTRICTED,PARAMEDIC_ASSISTED,user-paramedic-01
dcu-W-00195-20260514,worker-uuid-00195,W-00195,2026-05-14T18:30:00Z,NIGHT_SHIFT,122,77,85,98,36.2,3.0,3,19,311,False,False,False,False,RESTRICTED,SELF_SERVICE_KIOSK,
dcu-W-00195-20260515,worker-uuid-00195,W-00195,2026-05-15T18:30:00Z,NIGHT_SHIFT,128,74,91,98,35.9,4.9,4,7,300,False,False,False,False,FIT,PARAMEDIC_ASSISTED,user-paramedic-01
dcu-W-00195-20260516,worker-uuid-00195,W-00195,2026-05-16T18:30:00Z,NIGHT_SHIFT,121,86,85,99,36.7,6.1,3,10,281,False,False,False,False,FIT,PARAMEDIC_ASSISTED,user-paramedic-01
dcu-W-00195-20260517,worker-uuid-00195,W-00195,2026-05-17T18:30:00Z,NIGHT_SHIFT,136,85,94,99,36.3,3.4,4,18,292,False,False,False,False,RESTRICTED,SELF_SERVICE_KIOSK,
dcu-W-00195-20260518,worker-uuid-00195,W-00195,2026-05-18T18:30:00Z,NIGHT_SHIFT,124,77,93,97,36.3,4.6,3,11,290,False,False,False,False,FIT,SELF_SERVICE_KIOSK,
dcu-W-00195-20260520,worker-uuid-00195,W-00195,2026-05-20T18:30:00Z,NIGHT_SHIFT,127,74,100,98,36.9,6.9,3,17,277,False,False,False,False,FIT,SELF_SERVICE_KIOSK,
dcu-W-00195-20260522,worker-uuid-00195,W-00195,2026-05-22T06:30:00Z,DAY_SHIFT,126,84,80,98,36.7,6.1,2,10,237,False,False,False,False,FIT,PARAMEDIC_ASSISTED,user-paramedic-01
dcu-W-00195-20260523,worker-uuid-00195,W-00195,2026-05-23T06:30:00Z,DAY_SHIFT,127,82,90,98,35.6,9.6,0,7,240,False,False,False,False,FIT,PARAMEDIC_ASSISTED,user-paramedic-01
dcu-W-00195-20260524,worker-uuid-00195,W-00195,2026-05-24T06:30:00Z,DAY_SHIFT,115,69,81,98,36.3,5.8,2,11,275,False,False,False,False,FIT,SELF_SERVICE_KIOSK,
dcu-W-00195-20260525,worker-uuid-00195,W-00195,2026-05-25T06:30:00Z,DAY_SHIFT,114,80,79,98,36.5,5.9,0,12,223,False,False,False,False,FIT,SELF_SERVICE_KIOSK,
dcu-W-00195-20260526,worker-uuid-00195,W-00195,2026-05-26T06:30:00Z,DAY_SHIFT,105,66,86,97,36.3,5.8,0,13,262,False,False,False,False,FIT,PARAMEDIC_ASSISTED,user-paramedic-01
dcu-W-00195-20260528,worker-uuid-00195,W-00195,2026-05-28T06:30:00Z,DAY_SHIFT,122,84,85,96,36.7,5.9,0,17,191,False,False,False,False,FIT,PARAMEDIC_ASSISTED,user-paramedic-01
dcu-W-00195-20260529,worker-uuid-00195,W-00195,2026-05-29T06:30:00Z,DAY_SHIFT,115,68,78,98,36.2,6.6,0,10,250,False,False,False,False,FIT,SELF_SERVICE_KIOSK,
dcu-W-00195-20260530,worker-uuid-00195,W-00195,2026-05-30T06:30:00Z,DAY_SHIFT,123,71,86,97,36.2,6.6,2,13,234,False,False,False,False,FIT,SELF_SERVICE_KIOSK,
dcu-W-00195-20260531,worker-uuid-00195,W-00195,2026-05-31T06:30:00Z,DAY_SHIFT,111,73,85,96,36.6,7.6,0,8,235,False,False,False,False,FIT,SELF_SERVICE_KIOSK,
dcu-W-00195-20260601,worker-uuid-00195,W-00195,2026-06-01T06:30:00Z,DAY_SHIFT,117,76,84,97,36.8,5.5,1,14,238,False,False,False,False,FIT,PARAMEDIC_ASSISTED,user-paramedic-01
dcu-W-00195-20260602,worker-uuid-00195,W-00195,2026-06-02T06:30:00Z,DAY_SHIFT,119,78,87,98,36.4,6.7,1,11,228,False,False,False,False,FIT,SELF_SERVICE_KIOSK,
dcu-W-00195-20260604,worker-uuid-00195,W-00195,2026-06-04T18:30:00Z,NIGHT_SHIFT,127,81,94,98,36.9,5.5,1,12,324,False,False,False,False,FIT,SELF_SERVICE_KIOSK,
dcu-W-00195-20260606,worker-uuid-00195,W-00195,2026-06-06T18:30:00Z,NIGHT_SHIFT,135,86,90,98,36.5,3.7,3,12,280,False,False,False,False,RESTRICTED,PARAMEDIC_ASSISTED,user-paramedic-01
dcu-W-00195-20260607,worker-uuid-00195,W-00195,2026-06-07T18:30:00Z,NIGHT_SHIFT,124,82,83,98,36.0,6.4,2,17,339,False,False,False,False,FIT,SELF_SERVICE_KIOSK,
dcu-W-00195-20260608,worker-uuid-00195,W-00195,2026-06-08T18:30:00Z,NIGHT_SHIFT,123,75,89,96,36.7,5.7,3,8,296,False,False,False,False,FIT,SELF_SERVICE_KIOSK,
dcu-W-00195-20260609,worker-uuid-00195,W-00195,2026-06-09T18:30:00Z,NIGHT_SHIFT,130,85,96,97,36.5,5.3,2,10,281,False,False,False,False,FIT,SELF_SERVICE_KIOSK,
dcu-W-00195-20260610,worker-uuid-00195,W-00195,2026-06-10T18:30:00Z,NIGHT_SHIFT,115,75,97,98,36.5,5.0,4,9,309,False,False,False,False,FIT,SELF_SERVICE_KIOSK,
dcu-W-00195-20260611,worker-uuid-00195,W-00195,2026-06-11T18:30:00Z,NIGHT_SHIFT,122,77,87,98,36.9,4.3,4,7,301,False,False,True,False,RESTRICTED,PARAMEDIC_ASSISTED,user-paramedic-01
dcu-W-00195-20260613,worker-uuid-00195,W-00195,2026-06-13T18:30:00Z,NIGHT_SHIFT,125,79,91,99,37.1,4.7,4,15,360,False,False,False,False,FIT,SELF_SERVICE_KIOSK,
dcu-W-00195-20260616,worker-uuid-00195,W-00195,2026-06-16T18:30:00Z,NIGHT_SHIFT,127,76,98,98,36.6,4.2,4,11,343,False,False,False,False,RESTRICTED,PARAMEDIC_ASSISTED,user-paramedic-01
dcu-W-00195-20260617,worker-uuid-00195,W-00195,2026-06-17T18:30:00Z,NIGHT_SHIFT,136,81,97,99,36.1,4.6,4,19,321,False,False,False,False,FIT,PARAMEDIC_ASSISTED,user-paramedic-01
dcu-W-00195-20260618,worker-uuid-00195,W-00195,2026-06-18T06:30:00Z,DAY_SHIFT,117,77,81,98,36.6,6.1,0,14,214,False,False,False,False,FIT,SELF_SERVICE_KIOSK,
dcu-W-00195-20260619,worker-uuid-00195,W-00195,2026-06-19T06:30:00Z,DAY_SHIFT,120,75,92,97,36.2,8.4,0,7,199,False,False,False,False,FIT,SELF_SERVICE_KIOSK,
dcu-W-00195-20260621,worker-uuid-00195,W-00195,2026-06-21T06:30:00Z,DAY_SHIFT,113,69,86,97,36.8,8.2,2,20,239,False,False,False,False,FIT,PARAMEDIC_ASSISTED,user-paramedic-01
dcu-W-00195-20260622,worker-uuid-00195,W-00195,2026-06-22T06:30:00Z,DAY_SHIFT,126,83,93,98,36.4,7.0,2,13,222,False,False,False,False,FIT,SELF_SERVICE_KIOSK,
dcu-W-00195-20260623,worker-uuid-00195,W-00195,2026-06-23T06:30:00Z,DAY_SHIFT,115,73,91,98,36.7,7.2,2,20,232,False,False,False,False,FIT,PARAMEDIC_ASSISTED,user-paramedic-01
dcu-W-00195-20260624,worker-uuid-00195,W-00195,2026-06-24T06:30:00Z,DAY_SHIFT,126,79,86,99,36.6,7.9,2,8,204,False,False,False,False,FIT,PARAMEDIC_ASSISTED,user-paramedic-01
dcu-W-00195-20260625,worker-uuid-00195,W-00195,2026-06-25T06:30:00Z,DAY_SHIFT,123,71,89,97,36.3,7.9,2,11,215,False,False,False,False,FIT,PARAMEDIC_ASSISTED,user-paramedic-01
dcu-W-00195-20260626,worker-uuid-00195,W-00195,2026-06-26T06:30:00Z,DAY_SHIFT,119,72,81,100,36.8,8.0,0,18,268,False,False,False,False,FIT,PARAMEDIC_ASSISTED,user-paramedic-01
dcu-W-00195-20260627,worker-uuid-00195,W-00195,2026-06-27T06:30:00Z,DAY_SHIFT,114,68,82,98,36.8,6.8,1,16,274,False,False,False,False,FIT,PARAMEDIC_ASSISTED,user-paramedic-01
dcu-W-00195-20260628,worker-uuid-00195,W-00195,2026-06-28T06:30:00Z,DAY_SHIFT,118,74,85,96,36.5,7.2,0,14,275,False,False,False,False,FIT,SELF_SERVICE_KIOSK,
dcu-W-00195-20260629,worker-uuid-00195,W-00195,2026-06-29T06:30:00Z,DAY_SHIFT,112,73,85,97,36.7,7.0,0,10,187,False,False,False,False,FIT,SELF_SERVICE_KIOSK,
dcu-W-00195-20260703,worker-uuid-00195,W-00195,2026-07-03T18:30:00Z,NIGHT_SHIFT,122,77,94,98,36.1,5.1,1,20,324,False,False,False,False,FIT,SELF_SERVICE_KIOSK,
dcu-W-00195-20260705,worker-uuid-00195,W-00195,2026-07-05T18:30:00Z,NIGHT_SHIFT,126,87,104,96,36.4,4.2,3,11,310,False,False,True,False,RESTRICTED,SELF_SERVICE_KIOSK,
dcu-W-00195-20260707,worker-uuid-00195,W-00195,2026-07-07T18:30:00Z,NIGHT_SHIFT,124,71,92,99,36.2,6.9,1,11,279,False,False,False,False,FIT,SELF_SERVICE_KIOSK,
dcu-W-00195-20260708,worker-uuid-00195,W-00195,2026-07-08T18:30:00Z,NIGHT_SHIFT,125,79,96,98,36.4,5.0,2,20,349,False,False,False,False,FIT,SELF_SERVICE_KIOSK,
dcu-W-00195-20260709,worker-uuid-00195,W-00195,2026-07-09T18:30:00Z,NIGHT_SHIFT,122,84,93,99,36.0,6.2,2,17,334,False,False,False,False,FIT,SELF_SERVICE_KIOSK,
dcu-W-00195-20260710,worker-uuid-00195,W-00195,2026-07-10T18:30:00Z,NIGHT_SHIFT,137,86,99,98,36.8,4.9,4,14,350,False,False,False,False,FIT,SELF_SERVICE_KIOSK,
dcu-W-00195-20260711,worker-uuid-00195,W-00195,2026-07-11T18:30:00Z,NIGHT_SHIFT,122,75,96,97,36.3,5.3,2,8,282,False,False,False,False,FIT,SELF_SERVICE_KIOSK,
dcu-W-00195-20260712,worker-uuid-00195,W-00195,2026-07-12T18:30:00Z,NIGHT_SHIFT,125,69,83,97,36.4,3.7,3,10,270,False,False,True,False,RESTRICTED,PARAMEDIC_ASSISTED,user-paramedic-01
dcu-W-00195-20260713,worker-uuid-00195,W-00195,2026-07-13T18:30:00Z,NIGHT_SHIFT,125,74,97,98,37.0,5.1,2,14,313,False,False,False,False,FIT,PARAMEDIC_ASSISTED,user-paramedic-01
dcu-W-00195-20260714,worker-uuid-00195,W-00195,2026-07-14T18:30:00Z,NIGHT_SHIFT,127,78,94,98,37.0,2.8,2,8,357,False,False,False,False,RESTRICTED,PARAMEDIC_ASSISTED,user-paramedic-01
dcu-W-00195-20260715,worker-uuid-00195,W-00195,2026-07-15T18:30:00Z,NIGHT_SHIFT,137,86,91,98,36.8,4.7,4,15,298,False,False,False,False,FIT,SELF_SERVICE_KIOSK,
dcu-W-00195-20260716,worker-uuid-00195,W-00195,2026-07-16T06:30:00Z,DAY_SHIFT,132,82,80,98,36.8,6.8,1,18,223,False,False,False,False,FIT,SELF_SERVICE_KIOSK,
dcu-W-00195-20260717,worker-uuid-00195,W-00195,2026-07-17T06:30:00Z,DAY_SHIFT,124,78,84,97,36.4,6.2,0,20,230,False,False,False,False,FIT,PARAMEDIC_ASSISTED,user-paramedic-01
dcu-W-00195-20260719,worker-uuid-00195,W-00195,2026-07-19T06:30:00Z,DAY_SHIFT,127,77,76,98,36.1,8.3,1,20,283,False,False,False,False,FIT,SELF_SERVICE_KIOSK,
dcu-W-00195-20260720,worker-uuid-00195,W-00195,2026-07-20T06:30:00Z,DAY_SHIFT,113,68,92,98,36.7,6.8,2,20,216,False,False,False,False,FIT,SELF_SERVICE_KIOSK,
dcu-W-00195-20260721,worker-uuid-00195,W-00195,2026-07-21T06:30:00Z,DAY_SHIFT,120,78,84,97,36.3,7.5,2,10,234,False,False,False,False,FIT,PARAMEDIC_ASSISTED,user-paramedic-01
dcu-W-00195-20260722,worker-uuid-00195,W-00195,2026-07-22T06:30:00Z,DAY_SHIFT,119,68,83,97,36.2,6.7,0,9,244,False,False,False,False,FIT,PARAMEDIC_ASSISTED,user-paramedic-01
dcu-W-00195-20260723,worker-uuid-00195,W-00195,2026-07-23T06:30:00Z,DAY_SHIFT,111,68,87,97,36.5,4.9,2,18,209,False,False,False,False,FIT,PARAMEDIC_ASSISTED,user-paramedic-01
dcu-W-00195-20260724,worker-uuid-00195,W-00195,2026-07-24T06:30:00Z,DAY_SHIFT,111,70,86,100,36.3,7.8,0,8,260,False,False,False,False,FIT,SELF_SERVICE_KIOSK,
dcu-W-00195-20260725,worker-uuid-00195,W-00195,2026-07-25T06:30:00Z,DAY_SHIFT,124,73,79,97,36.4,7.8,1,12,185,False,False,False,False,FIT,SELF_SERVICE_KIOSK,
dcu-W-00195-20260726,worker-uuid-00195,W-00195,2026-07-26T06:30:00Z,DAY_SHIFT,121,74,84,96,36.8,7.4,0,8,259,False,False,False,False,FIT,SELF_SERVICE_KIOSK,
dcu-W-00195-20260727,worker-uuid-00195,W-00195,2026-07-27T06:30:00Z,DAY_SHIFT,109,69,88,98,36.9,6.9,1,18,264,False,False,False,False,FIT,PARAMEDIC_ASSISTED,user-paramedic-01
dcu-W-00195-20260728,worker-uuid-00195,W-00195,2026-07-28T06:30:00Z,DAY_SHIFT,125,81,89,97,36.5,8.2,1,17,247,False,False,False,False,FIT,SELF_SERVICE_KIOSK,
dcu-W-00195-20260729,worker-uuid-00195,W-00195,2026-07-29T06:30:00Z,DAY_SHIFT,123,76,90,97,36.7,7.1,2,12,255,False,False,False,False,FIT,SELF_SERVICE_KIOSK,
dcu-W-00195-20260730,worker-uuid-00195,W-00195,2026-07-30T18:30:00Z,NIGHT_SHIFT,128,78,90,98,36.6,6.7,4,18,311,False,False,False,False,FIT,SELF_SERVICE_KIOSK,
dcu-W-00195-20260731,worker-uuid-00195,W-00195,2026-07-31T18:30:00Z,NIGHT_SHIFT,134,88,87,97,36.8,5.4,1,19,334,False,False,False,False,FIT,PARAMEDIC_ASSISTED,user-paramedic-01
dcu-W-00195-20260801,worker-uuid-00195,W-00195,2026-08-01T18:30:00Z,NIGHT_SHIFT,134,81,93,96,36.7,4.8,2,7,306,False,False,False,False,FIT,PARAMEDIC_ASSISTED,user-paramedic-01
dcu-W-00195-20260804,worker-uuid-00195,W-00195,2026-08-04T18:30:00Z,NIGHT_SHIFT,139,87,94,99,36.1,4.2,4,11,353,False,False,True,False,RESTRICTED,SELF_SERVICE_KIOSK,
dcu-W-00195-20260806,worker-uuid-00195,W-00195,2026-08-06T18:30:00Z,NIGHT_SHIFT,128,76,89,99,36.8,4.6,2,17,328,False,False,False,False,FIT,SELF_SERVICE_KIOSK,
dcu-W-00195-20260807,worker-uuid-00195,W-00195,2026-08-07T18:30:00Z,NIGHT_SHIFT,130,83,96,99,36.8,4.6,4,12,320,False,False,False,False,FIT,SELF_SERVICE_KIOSK,
dcu-W-00195-20260808,worker-uuid-00195,W-00195,2026-08-08T18:30:00Z,NIGHT_SHIFT,129,77,91,99,36.3,6.2,4,9,276,False,False,False,False,FIT,PARAMEDIC_ASSISTED,user-paramedic-01
dcu-W-00195-20260810,worker-uuid-00195,W-00195,2026-08-10T18:30:00Z,NIGHT_SHIFT,131,83,86,96,36.3,3.3,2,10,298,False,False,True,False,RESTRICTED,SELF_SERVICE_KIOSK,
dcu-W-00195-20260811,worker-uuid-00195,W-00195,2026-08-11T18:30:00Z,NIGHT_SHIFT,123,80,85,99,36.7,4.6,1,6,340,False,False,False,False,FIT,PARAMEDIC_ASSISTED,user-paramedic-01
dcu-W-00195-20260812,worker-uuid-00195,W-00195,2026-08-12T18:30:00Z,NIGHT_SHIFT,129,84,97,100,36.0,5.0,2,20,305,False,False,False,False,FIT,SELF_SERVICE_KIOSK,
dcu-W-00195-20260813,worker-uuid-00195,W-00195,2026-08-13T06:30:00Z,DAY_SHIFT,117,71,84,99,36.3,5.4,0,20,223,False,False,False,False,FIT,SELF_SERVICE_KIOSK,
dcu-W-00195-20260814,worker-uuid-00195,W-00195,2026-08-14T06:30:00Z,DAY_SHIFT,115,65,77,95,37.3,8.2,0,17,199,False,False,False,False,FIT,SELF_SERVICE_KIOSK,
dcu-W-00195-20260815,worker-uuid-00195,W-00195,2026-08-15T06:30:00Z,DAY_SHIFT,120,81,84,98,36.3,7.2,1,16,272,False,False,False,False,FIT,PARAMEDIC_ASSISTED,user-paramedic-01
dcu-W-00195-20260816,worker-uuid-00195,W-00195,2026-08-16T06:30:00Z,DAY_SHIFT,127,81,79,97,36.3,6.2,1,13,303,False,False,False,False,FIT,PARAMEDIC_ASSISTED,user-paramedic-01
dcu-W-00195-20260817,worker-uuid-00195,W-00195,2026-08-17T06:30:00Z,DAY_SHIFT,136,84,88,97,36.8,7.0,0,12,226,False,False,False,False,FIT,PARAMEDIC_ASSISTED,user-paramedic-01
dcu-W-00195-20260818,worker-uuid-00195,W-00195,2026-08-18T06:30:00Z,DAY_SHIFT,114,75,77,97,37.1,7.9,2,8,253,False,False,False,False,FIT,SELF_SERVICE_KIOSK,
dcu-W-00195-20260819,worker-uuid-00195,W-00195,2026-08-19T06:30:00Z,DAY_SHIFT,121,70,77,99,36.6,6.7,2,20,217,False,False,False,False,FIT,SELF_SERVICE_KIOSK,
dcu-W-00195-20260820,worker-uuid-00195,W-00195,2026-08-20T06:30:00Z,DAY_SHIFT,126,77,85,98,36.5,7.1,0,19,186,False,False,False,False,FIT,SELF_SERVICE_KIOSK,
dcu-W-00195-20260821,worker-uuid-00195,W-00195,2026-08-21T06:30:00Z,DAY_SHIFT,117,67,91,96,36.8,6.7,2,18,243,False,False,False,False,FIT,SELF_SERVICE_KIOSK,
dcu-W-00195-20260822,worker-uuid-00195,W-00195,2026-08-22T06:30:00Z,DAY_SHIFT,124,82,88,97,37.1,6.5,1,10,217,False,False,False,False,FIT,SELF_SERVICE_KIOSK,
dcu-W-00195-20260823,worker-uuid-00195,W-00195,2026-08-23T06:30:00Z,DAY_SHIFT,122,77,86,99,36.3,7.7,0,19,239,False,False,False,False,FIT,SELF_SERVICE_KIOSK,
dcu-W-00195-20260824,worker-uuid-00195,W-00195,2026-08-24T06:30:00Z,DAY_SHIFT,109,72,93,99,36.6,7.0,2,16,271,False,False,False,False,FIT,SELF_SERVICE_KIOSK,
dcu-W-00195-20260825,worker-uuid-00195,W-00195,2026-08-25T06:30:00Z,DAY_SHIFT,118,70,88,99,35.7,8.4,0,8,187,False,False,False,False,FIT,SELF_SERVICE_KIOSK,
dcu-W-00195-20260826,worker-uuid-00195,W-00195,2026-08-26T06:30:00Z,DAY_SHIFT,118,78,84,99,36.4,5.7,1,7,236,False,False,False,False,FIT,SELF_SERVICE_KIOSK,
dcu-W-00195-20260827,worker-uuid-00195,W-00195,2026-08-27T18:30:00Z,NIGHT_SHIFT,112,66,90,99,36.7,6.3,3,15,298,False,False,False,False,FIT,PARAMEDIC_ASSISTED,user-paramedic-01
dcu-W-00195-20260828,worker-uuid-00195,W-00195,2026-08-28T18:30:00Z,NIGHT_SHIFT,129,80,85,97,36.4,5.8,3,15,273,False,False,False,False,FIT,PARAMEDIC_ASSISTED,user-paramedic-01
dcu-W-00195-20260829,worker-uuid-00195,W-00195,2026-08-29T18:30:00Z,NIGHT_SHIFT,122,77,93,98,36.5,5.5,2,10,284,False,False,False,False,FIT,PARAMEDIC_ASSISTED,user-paramedic-01
dcu-W-00195-20260902,worker-uuid-00195,W-00195,2026-09-02T18:30:00Z,NIGHT_SHIFT,125,75,88,96,36.0,5.9,1,15,347,False,False,False,False,FIT,SELF_SERVICE_KIOSK,
dcu-W-00195-20260903,worker-uuid-00195,W-00195,2026-09-03T18:30:00Z,NIGHT_SHIFT,127,81,94,98,36.6,3.9,2,20,289,False,False,False,False,RESTRICTED,PARAMEDIC_ASSISTED,user-paramedic-01
dcu-W-00195-20260904,worker-uuid-00195,W-00195,2026-09-04T18:30:00Z,NIGHT_SHIFT,127,79,93,97,36.4,4.4,3,13,301,False,False,False,False,RESTRICTED,SELF_SERVICE_KIOSK,
dcu-W-00195-20260905,worker-uuid-00195,W-00195,2026-09-05T18:30:00Z,NIGHT_SHIFT,121,74,89,99,36.5,5.6,2,19,291,False,False,False,False,FIT,SELF_SERVICE_KIOSK,
dcu-W-00195-20260906,worker-uuid-00195,W-00195,2026-09-06T18:30:00Z,NIGHT_SHIFT,130,82,90,96,36.8,5.4,2,19,229,False,False,False,False,FIT,SELF_SERVICE_KIOSK,
dcu-W-00195-20260907,worker-uuid-00195,W-00195,2026-09-07T18:30:00Z,NIGHT_SHIFT,123,75,97,97,36.4,7.2,3,12,302,False,False,False,False,FIT,SELF_SERVICE_KIOSK,
dcu-W-00195-20260908,worker-uuid-00195,W-00195,2026-09-08T18:30:00Z,NIGHT_SHIFT,129,75,94,99,36.4,5.8,3,15,278,False,False,False,False,FIT,PARAMEDIC_ASSISTED,user-paramedic-01
dcu-W-00195-20260909,worker-uuid-00195,W-00195,2026-09-09T18:30:00Z,NIGHT_SHIFT,132,80,90,99,36.6,5.9,1,7,305,False,False,False,False,FIT,PARAMEDIC_ASSISTED,user-paramedic-01
dcu-W-00195-20260910,worker-uuid-00195,W-00195,2026-09-10T06:30:00Z,DAY_SHIFT,121,77,86,98,36.7,7.4,0,7,226,False,False,False,False,FIT,SELF_SERVICE_KIOSK,
dcu-W-00195-20260911,worker-uuid-00195,W-00195,2026-09-11T06:30:00Z,DAY_SHIFT,130,84,86,99,36.0,6.4,1,9,230,False,False,False,False,FIT,SELF_SERVICE_KIOSK,
dcu-W-00195-20260912,worker-uuid-00195,W-00195,2026-09-12T06:30:00Z,DAY_SHIFT,115,68,91,99,36.7,6.6,1,6,234,False,False,False,False,FIT,PARAMEDIC_ASSISTED,user-paramedic-01
dcu-W-00195-20260913,worker-uuid-00195,W-00195,2026-09-13T06:30:00Z,DAY_SHIFT,127,85,83,98,36.6,6.5,1,17,247,False,False,False,False,FIT,SELF_SERVICE_KIOSK,
dcu-W-00195-20260915,worker-uuid-00195,W-00195,2026-09-15T06:30:00Z,DAY_SHIFT,119,75,82,97,36.5,7.0,0,6,251,False,False,False,False,FIT,SELF_SERVICE_KIOSK,
dcu-W-00195-20260916,worker-uuid-00195,W-00195,2026-09-16T06:30:00Z,DAY_SHIFT,124,70,88,98,36.8,6.8,1,14,207,False,False,False,False,FIT,SELF_SERVICE_KIOSK,
dcu-W-00195-20260917,worker-uuid-00195,W-00195,2026-09-17T06:30:00Z,DAY_SHIFT,117,73,81,99,36.5,8.6,1,18,263,False,False,False,False,FIT,SELF_SERVICE_KIOSK,
dcu-W-00195-20260918,worker-uuid-00195,W-00195,2026-09-18T06:30:00Z,DAY_SHIFT,114,66,81,98,36.3,8.2,1,14,266,False,False,False,False,FIT,SELF_SERVICE_KIOSK,
dcu-W-00195-20260919,worker-uuid-00195,W-00195,2026-09-19T06:30:00Z,DAY_SHIFT,118,79,84,97,36.5,6.8,2,18,249,False,False,False,False,FIT,SELF_SERVICE_KIOSK,
dcu-W-00195-20260920,worker-uuid-00195,W-00195,2026-09-20T06:30:00Z,DAY_SHIFT,115,75,81,98,36.5,6.9,2,16,274,False,False,False,False,FIT,SELF_SERVICE_KIOSK,
dcu-W-00195-20260921,worker-uuid-00195,W-00195,2026-09-21T06:30:00Z,DAY_SHIFT,111,67,82,97,36.4,8.5,2,10,224,False,False,False,False,FIT,SELF_SERVICE_KIOSK,
dcu-W-00195-20260922,worker-uuid-00195,W-00195,2026-09-22T06:30:00Z,DAY_SHIFT,112,67,95,97,36.1,7.7,1,7,298,False,False,False,False,FIT,PARAMEDIC_ASSISTED,user-paramedic-01
dcu-W-00195-20260923,worker-uuid-00195,W-00195,2026-09-23T06:30:00Z,DAY_SHIFT,115,71,74,100,36.4,7.5,2,20,251,False,False,False,False,FIT,PARAMEDIC_ASSISTED,user-paramedic-01
dcu-W-00195-20260924,worker-uuid-00195,W-00195,2026-09-24T18:30:00Z,NIGHT_SHIFT,138,82,95,97,36.7,5.3,4,6,355,False,False,False,False,FIT,PARAMEDIC_ASSISTED,user-paramedic-01
dcu-W-00195-20260925,worker-uuid-00195,W-00195,2026-09-25T18:30:00Z,NIGHT_SHIFT,123,66,89,96,36.5,5.9,1,9,284,False,False,False,False,FIT,PARAMEDIC_ASSISTED,user-paramedic-01
dcu-W-00195-20260927,worker-uuid-00195,W-00195,2026-09-27T18:30:00Z,NIGHT_SHIFT,121,76,96,97,36.7,4.4,4,10,277,False,False,False,False,RESTRICTED,SELF_SERVICE_KIOSK,
dcu-W-00195-20260928,worker-uuid-00195,W-00195,2026-09-28T18:30:00Z,NIGHT_SHIFT,131,87,90,96,36.7,6.8,3,10,296,False,False,False,False,FIT,PARAMEDIC_ASSISTED,user-paramedic-01
dcu-W-00195-20260929,worker-uuid-00195,W-00195,2026-09-29T18:30:00Z,NIGHT_SHIFT,131,82,85,99,36.4,5.0,3,11,343,False,False,False,False,FIT,SELF_SERVICE_KIOSK,
dcu-W-00195-20260930,worker-uuid-00195,W-00195,2026-09-30T18:30:00Z,NIGHT_SHIFT,124,78,96,98,36.7,5.8,3,18,314,False,False,False,False,FIT,SELF_SERVICE_KIOSK,
dcu-W-00195-20261001,worker-uuid-00195,W-00195,2026-10-01T18:30:00Z,NIGHT_SHIFT,127,81,98,97,36.7,4.1,4,19,326,False,False,False,False,RESTRICTED,SELF_SERVICE_KIOSK,
dcu-W-00195-20261002,worker-uuid-00195,W-00195,2026-10-02T18:30:00Z,NIGHT_SHIFT,121,79,88,98,36.6,7.4,2,12,310,False,False,False,False,FIT,SELF_SERVICE_KIOSK,
dcu-W-00195-20261003,worker-uuid-00195,W-00195,2026-10-03T18:30:00Z,NIGHT_SHIFT,128,90,89,99,36.3,6.6,3,13,307,False,False,False,False,FIT,PARAMEDIC_ASSISTED,user-paramedic-01
dcu-W-00195-20261004,worker-uuid-00195,W-00195,2026-10-04T18:30:00Z,NIGHT_SHIFT,117,78,87,97,36.5,6.1,4,18,382,False,False,False,False,FIT,SELF_SERVICE_KIOSK,
dcu-W-00195-20261005,worker-uuid-00195,W-00195,2026-10-05T18:30:00Z,NIGHT_SHIFT,123,84,89,98,36.7,6.5,1,14,352,False,False,False,False,FIT,PARAMEDIC_ASSISTED,user-paramedic-01
dcu-W-00195-20261006,worker-uuid-00195,W-00195,2026-10-06T18:30:00Z,NIGHT_SHIFT,141,78,92,98,36.7,4.5,1,18,339,False,False,False,False,FIT,SELF_SERVICE_KIOSK,
dcu-W-00195-20261007,worker-uuid-00195,W-00195,2026-10-07T18:30:00Z,NIGHT_SHIFT,135,78,87,97,36.7,6.3,2,19,318,False,False,False,False,FIT,SELF_SERVICE_KIOSK,
dcu-W-00195-20261008,worker-uuid-00195,W-00195,2026-10-08T06:30:00Z,DAY_SHIFT,109,62,84,99,36.5,6.9,2,10,288,False,False,False,False,FIT,PARAMEDIC_ASSISTED,user-paramedic-01
dcu-W-00195-20261009,worker-uuid-00195,W-00195,2026-10-09T06:30:00Z,DAY_SHIFT,111,70,85,97,36.8,8.5,2,10,222,False,False,False,False,FIT,PARAMEDIC_ASSISTED,user-paramedic-01
dcu-W-00195-20261010,worker-uuid-00195,W-00195,2026-10-10T06:30:00Z,DAY_SHIFT,123,75,92,98,37.1,7.0,0,14,205,False,False,False,False,FIT,SELF_SERVICE_KIOSK,
dcu-W-00195-20261011,worker-uuid-00195,W-00195,2026-10-11T06:30:00Z,DAY_SHIFT,114,78,81,100,36.6,7.0,2,6,252,False,False,False,False,FIT,SELF_SERVICE_KIOSK,
dcu-W-00195-20261012,worker-uuid-00195,W-00195,2026-10-12T06:30:00Z,DAY_SHIFT,107,66,74,98,36.5,8.3,0,18,263,False,False,False,False,FIT,SELF_SERVICE_KIOSK,
dcu-W-00195-20261013,worker-uuid-00195,W-00195,2026-10-13T06:30:00Z,DAY_SHIFT,118,78,82,96,36.7,7.9,1,11,241,False,False,False,False,FIT,PARAMEDIC_ASSISTED,user-paramedic-01
dcu-W-00195-20261014,worker-uuid-00195,W-00195,2026-10-14T06:30:00Z,DAY_SHIFT,121,73,80,98,36.6,7.9,2,18,208,False,False,False,False,FIT,PARAMEDIC_ASSISTED,user-paramedic-01
dcu-W-00195-20261015,worker-uuid-00195,W-00195,2026-10-15T06:30:00Z,DAY_SHIFT,114,67,81,98,36.4,5.5,1,13,211,False,False,False,False,FIT,SELF_SERVICE_KIOSK,
dcu-W-00195-20261016,worker-uuid-00195,W-00195,2026-10-16T06:30:00Z,DAY_SHIFT,130,75,82,99,36.7,8.1,0,20,248,False,False,False,False,FIT,SELF_SERVICE_KIOSK,
dcu-W-00195-20261018,worker-uuid-00195,W-00195,2026-10-18T06:30:00Z,DAY_SHIFT,117,66,92,99,36.4,6.3,0,20,217,False,False,False,False,FIT,SELF_SERVICE_KIOSK,
dcu-W-00195-20261020,worker-uuid-00195,W-00195,2026-10-20T06:30:00Z,DAY_SHIFT,120,74,85,98,36.7,7.5,2,14,257,False,False,False,False,FIT,SELF_SERVICE_KIOSK,
dcu-W-00195-20261021,worker-uuid-00195,W-00195,2026-10-21T06:30:00Z,DAY_SHIFT,105,65,88,99,36.1,7.0,1,14,242,False,False,False,False,FIT,SELF_SERVICE_KIOSK,
dcu-W-00195-20261022,worker-uuid-00195,W-00195,2026-10-22T18:30:00Z,NIGHT_SHIFT,125,76,93,99,36.4,5.4,2,8,338,False,False,False,False,FIT,PARAMEDIC_ASSISTED,user-paramedic-01
dcu-W-00195-20261023,worker-uuid-00195,W-00195,2026-10-23T18:30:00Z,NIGHT_SHIFT,114,68,90,99,36.2,6.5,2,11,244,False,False,False,False,FIT,PARAMEDIC_ASSISTED,user-paramedic-01
dcu-W-00195-20261026,worker-uuid-00195,W-00195,2026-10-26T18:30:00Z,NIGHT_SHIFT,122,77,86,96,36.6,7.1,1,8,317,False,False,False,False,FIT,PARAMEDIC_ASSISTED,user-paramedic-01
dcu-W-00195-20261027,worker-uuid-00195,W-00195,2026-10-27T18:30:00Z,NIGHT_SHIFT,126,81,93,99,36.8,4.9,2,9,356,False,False,False,False,FIT,SELF_SERVICE_KIOSK,
dcu-W-00195-20261028,worker-uuid-00195,W-00195,2026-10-28T18:30:00Z,NIGHT_SHIFT,127,77,89,97,36.7,5.8,3,16,309,False,False,False,False,FIT,SELF_SERVICE_KIOSK,
dcu-W-00195-20261029,worker-uuid-00195,W-00195,2026-10-29T18:30:00Z,NIGHT_SHIFT,119,73,96,98,36.1,5.4,4,12,309,False,False,False,False,FIT,PARAMEDIC_ASSISTED,user-paramedic-01
dcu-W-00195-20261030,worker-uuid-00195,W-00195,2026-10-30T18:30:00Z,NIGHT_SHIFT,130,78,88,99,36.3,6.3,2,13,243,False,False,False,False,FIT,SELF_SERVICE_KIOSK,
dcu-W-00195-20261101,worker-uuid-00195,W-00195,2026-11-01T18:30:00Z,NIGHT_SHIFT,141,102,93,97,36.3,4.1,1,17,331,False,False,False,False,RESTRICTED,SELF_SERVICE_KIOSK,
dcu-W-00195-20261103,worker-uuid-00195,W-00195,2026-11-03T18:30:00Z,NIGHT_SHIFT,124,80,94,99,36.0,6.0,4,16,328,False,False,False,False,FIT,SELF_SERVICE_KIOSK,
dcu-W-00195-20261104,worker-uuid-00195,W-00195,2026-11-04T18:30:00Z,NIGHT_SHIFT,126,84,94,98,36.4,4.0,1,14,325,False,False,False,False,RESTRICTED,PARAMEDIC_ASSISTED,user-paramedic-01
dcu-W-00195-20261105,worker-uuid-00195,W-00195,2026-11-05T06:30:00Z,DAY_SHIFT,116,64,78,97,36.4,7.4,0,16,257,False,False,False,False,FIT,SELF_SERVICE_KIOSK,
dcu-W-00195-20261106,worker-uuid-00195,W-00195,2026-11-06T06:30:00Z,DAY_SHIFT,118,65,79,98,36.5,7.8,2,10,223,False,False,False,False,FIT,PARAMEDIC_ASSISTED,user-paramedic-01
dcu-W-00195-20261107,worker-uuid-00195,W-00195,2026-11-07T06:30:00Z,DAY_SHIFT,121,68,75,98,36.6,7.8,2,7,196,False,False,False,False,FIT,SELF_SERVICE_KIOSK,
dcu-W-00195-20261109,worker-uuid-00195,W-00195,2026-11-09T06:30:00Z,DAY_SHIFT,118,79,82,98,36.7,6.3,1,6,231,False,False,False,False,FIT,SELF_SERVICE_KIOSK,
dcu-W-00195-20261111,worker-uuid-00195,W-00195,2026-11-11T06:30:00Z,DAY_SHIFT,125,76,81,96,36.5,7.3,0,12,302,False,False,False,False,FIT,SELF_SERVICE_KIOSK,
dcu-W-00195-20261112,worker-uuid-00195,W-00195,2026-11-12T06:30:00Z,DAY_SHIFT,123,77,85,98,36.1,8.3,1,20,242,False,False,False,False,FIT,SELF_SERVICE_KIOSK,
dcu-W-00195-20261113,worker-uuid-00195,W-00195,2026-11-13T06:30:00Z,DAY_SHIFT,118,75,85,98,36.2,6.5,0,15,193,False,False,False,False,FIT,PARAMEDIC_ASSISTED,user-paramedic-01
dcu-W-00195-20261114,worker-uuid-00195,W-00195,2026-11-14T06:30:00Z,DAY_SHIFT,131,83,78,97,36.4,6.3,1,13,246,False,False,False,False,FIT,SELF_SERVICE_KIOSK,
dcu-W-00195-20261115,worker-uuid-00195,W-00195,2026-11-15T06:30:00Z,DAY_SHIFT,112,76,84,97,36.8,7.2,1,15,245,False,False,False,False,FIT,SELF_SERVICE_KIOSK,
dcu-W-00195-20261116,worker-uuid-00195,W-00195,2026-11-16T06:30:00Z,DAY_SHIFT,124,71,83,98,36.5,6.9,0,11,243,False,False,False,False,FIT,PARAMEDIC_ASSISTED,user-paramedic-01
dcu-W-00195-20261117,worker-uuid-00195,W-00195,2026-11-17T06:30:00Z,DAY_SHIFT,114,70,97,98,36.8,7.2,0,9,239,False,False,False,False,FIT,PARAMEDIC_ASSISTED,user-paramedic-01
dcu-W-00195-20261118,worker-uuid-00195,W-00195,2026-11-18T06:30:00Z,DAY_SHIFT,116,77,87,97,36.3,8.0,0,20,255,False,False,False,False,FIT,SELF_SERVICE_KIOSK,
dcu-W-00195-20261119,worker-uuid-00195,W-00195,2026-11-19T18:30:00Z,NIGHT_SHIFT,130,79,94,99,36.3,4.9,3,6,331,False,False,False,False,FIT,PARAMEDIC_ASSISTED,user-paramedic-01
dcu-W-00195-20261120,worker-uuid-00195,W-00195,2026-11-20T18:30:00Z,NIGHT_SHIFT,115,65,98,98,36.1,6.2,3,11,278,False,False,False,False,FIT,PARAMEDIC_ASSISTED,user-paramedic-01
dcu-W-00195-20261121,worker-uuid-00195,W-00195,2026-11-21T18:30:00Z,NIGHT_SHIFT,119,76,88,97,36.4,7.5,3,13,286,False,False,False,False,FIT,PARAMEDIC_ASSISTED,user-paramedic-01
dcu-W-00195-20261123,worker-uuid-00195,W-00195,2026-11-23T18:30:00Z,NIGHT_SHIFT,120,81,92,96,36.1,5.6,1,19,352,False,False,False,False,FIT,SELF_SERVICE_KIOSK,
dcu-W-00195-20261124,worker-uuid-00195,W-00195,2026-11-24T18:30:00Z,NIGHT_SHIFT,122,74,98,100,36.9,6.1,4,12,361,False,False,False,False,FIT,PARAMEDIC_ASSISTED,user-paramedic-01
dcu-W-00195-20261125,worker-uuid-00195,W-00195,2026-11-25T18:30:00Z,NIGHT_SHIFT,119,77,97,98,36.5,6.6,4,14,332,False,False,False,False,FIT,PARAMEDIC_ASSISTED,user-paramedic-01
dcu-W-00195-20261128,worker-uuid-00195,W-00195,2026-11-28T18:30:00Z,NIGHT_SHIFT,122,80,97,98,36.1,7.3,1,8,383,False,False,False,False,FIT,SELF_SERVICE_KIOSK,
dcu-W-00195-20261129,worker-uuid-00195,W-00195,2026-11-29T18:30:00Z,NIGHT_SHIFT,140,80,86,97,36.8,4.7,4,6,282,False,False,False,False,FIT,PARAMEDIC_ASSISTED,user-paramedic-01
dcu-W-00195-20261130,worker-uuid-00195,W-00195,2026-11-30T18:30:00Z,NIGHT_SHIFT,131,87,88,98,36.7,7.2,4,8,263,False,False,False,False,FIT,SELF_SERVICE_KIOSK,
dcu-W-00195-20261201,worker-uuid-00195,W-00195,2026-12-01T18:30:00Z,NIGHT_SHIFT,139,90,95,97,36.1,4.8,4,19,316,False,False,False,False,FIT,PARAMEDIC_ASSISTED,user-paramedic-01
dcu-W-00195-20261202,worker-uuid-00195,W-00195,2026-12-02T18:30:00Z,NIGHT_SHIFT,126,81,92,99,36.2,5.1,4,7,272,False,False,False,False,FIT,PARAMEDIC_ASSISTED,user-paramedic-01
dcu-W-00195-20261205,worker-uuid-00195,W-00195,2026-12-05T06:30:00Z,DAY_SHIFT,114,75,80,95,36.5,8.1,1,19,248,False,False,False,False,FIT,PARAMEDIC_ASSISTED,user-paramedic-01
dcu-W-00195-20261206,worker-uuid-00195,W-00195,2026-12-06T06:30:00Z,DAY_SHIFT,117,81,91,98,36.4,8.1,2,14,244,False,False,False,False,FIT,SELF_SERVICE_KIOSK,
dcu-W-00195-20261208,worker-uuid-00195,W-00195,2026-12-08T06:30:00Z,DAY_SHIFT,121,78,85,97,35.8,7.1,1,7,229,False,False,False,False,FIT,SELF_SERVICE_KIOSK,
dcu-W-00195-20261209,worker-uuid-00195,W-00195,2026-12-09T06:30:00Z,DAY_SHIFT,114,79,90,99,36.5,6.4,0,20,221,False,False,False,False,FIT,PARAMEDIC_ASSISTED,user-paramedic-01
dcu-W-00195-20261211,worker-uuid-00195,W-00195,2026-12-11T06:30:00Z,DAY_SHIFT,123,78,77,98,36.4,7.5,0,8,219,False,False,False,False,FIT,SELF_SERVICE_KIOSK,
dcu-W-00195-20261212,worker-uuid-00195,W-00195,2026-12-12T06:30:00Z,DAY_SHIFT,119,69,78,98,36.2,5.4,1,11,281,False,False,False,False,FIT,PARAMEDIC_ASSISTED,user-paramedic-01
dcu-W-00195-20261214,worker-uuid-00195,W-00195,2026-12-14T06:30:00Z,DAY_SHIFT,123,78,88,96,36.5,7.3,1,9,206,False,False,False,False,FIT,PARAMEDIC_ASSISTED,user-paramedic-01
dcu-W-00195-20261215,worker-uuid-00195,W-00195,2026-12-15T06:30:00Z,DAY_SHIFT,115,75,79,97,36.0,8.4,2,6,247,False,False,False,False,FIT,PARAMEDIC_ASSISTED,user-paramedic-01
dcu-W-00195-20261216,worker-uuid-00195,W-00195,2026-12-16T06:30:00Z,DAY_SHIFT,122,75,84,97,36.7,6.4,0,15,259,False,False,False,False,FIT,PARAMEDIC_ASSISTED,user-paramedic-01
dcu-W-00195-20261218,worker-uuid-00195,W-00195,2026-12-18T18:30:00Z,NIGHT_SHIFT,126,75,89,97,36.5,4.7,3,10,345,False,False,False,False,FIT,SELF_SERVICE_KIOSK,
dcu-W-00195-20261219,worker-uuid-00195,W-00195,2026-12-19T18:30:00Z,NIGHT_SHIFT,118,74,87,97,36.2,5.9,3,15,295,False,False,False,False,FIT,SELF_SERVICE_KIOSK,
dcu-W-00195-20261220,worker-uuid-00195,W-00195,2026-12-20T18:30:00Z,NIGHT_SHIFT,132,83,95,97,36.1,4.7,1,13,296,False,False,False,False,FIT,SELF_SERVICE_KIOSK,
dcu-W-00195-20261221,worker-uuid-00195,W-00195,2026-12-21T18:30:00Z,NIGHT_SHIFT,130,75,92,98,36.5,5.9,1,9,296,False,False,False,False,FIT,SELF_SERVICE_KIOSK,
dcu-W-00195-20261222,worker-uuid-00195,W-00195,2026-12-22T18:30:00Z,NIGHT_SHIFT,119,70,86,99,36.6,5.6,3,9,389,False,False,False,False,FIT,SELF_SERVICE_KIOSK,
dcu-W-00195-20261223,worker-uuid-00195,W-00195,2026-12-23T18:30:00Z,NIGHT_SHIFT,121,78,87,98,36.5,4.7,2,16,323,False,False,False,False,FIT,SELF_SERVICE_KIOSK,
dcu-W-00195-20261225,worker-uuid-00195,W-00195,2026-12-25T18:30:00Z,NIGHT_SHIFT,122,78,96,98,36.8,3.6,2,17,342,False,False,True,False,RESTRICTED,SELF_SERVICE_KIOSK,
dcu-W-00195-20261227,worker-uuid-00195,W-00195,2026-12-27T18:30:00Z,NIGHT_SHIFT,130,81,93,97,36.4,5.7,2,6,290,False,False,False,False,FIT,SELF_SERVICE_KIOSK,
dcu-W-00195-20261228,worker-uuid-00195,W-00195,2026-12-28T18:30:00Z,NIGHT_SHIFT,135,78,98,98,36.3,4.5,2,12,313,False,False,False,False,FIT,SELF_SERVICE_KIOSK,
dcu-W-00195-20261229,worker-uuid-00195,W-00195,2026-12-29T18:30:00Z,NIGHT_SHIFT,134,85,87,98,36.4,2.6,3,17,294,False,False,False,False,RESTRICTED,SELF_SERVICE_KIOSK,
dcu-W-00195-20261230,worker-uuid-00195,W-00195,2026-12-30T18:30:00Z,NIGHT_SHIFT,128,89,96,98,36.4,4.2,2,9,342,False,False,False,False,RESTRICTED,PARAMEDIC_ASSISTED,user-paramedic-01
dcu-W-00195-20261231,worker-uuid-00195,W-00195,2026-12-31T06:30:00Z,DAY_SHIFT,115,69,74,99,36.6,6.5,2,13,223,False,False,False,False,FIT,PARAMEDIC_ASSISTED,user-paramedic-01
dcu-W-00196-20260101,worker-uuid-00196,W-00196,2026-01-01T06:30:00Z,DAY_SHIFT,122,78,80,97,36.0,6.3,2,0,245,False,False,False,False,FIT,SELF_SERVICE_KIOSK,
dcu-W-00196-20260102,worker-uuid-00196,W-00196,2026-01-02T06:30:00Z,DAY_SHIFT,110,73,78,98,36.3,7.0,0,0,243,False,False,False,False,FIT,PARAMEDIC_ASSISTED,user-paramedic-01
dcu-W-00196-20260103,worker-uuid-00196,W-00196,2026-01-03T06:30:00Z,DAY_SHIFT,122,77,80,98,36.7,7.2,0,0,208,False,False,False,False,FIT,SELF_SERVICE_KIOSK,
dcu-W-00196-20260104,worker-uuid-00196,W-00196,2026-01-04T06:30:00Z,DAY_SHIFT,131,82,82,99,36.5,6.1,2,0,265,False,False,False,False,FIT,PARAMEDIC_ASSISTED,user-paramedic-01
dcu-W-00196-20260105,worker-uuid-00196,W-00196,2026-01-05T06:30:00Z,DAY_SHIFT,116,74,76,97,36.5,5.0,1,0,233,False,False,False,False,FIT,SELF_SERVICE_KIOSK,
dcu-W-00196-20260106,worker-uuid-00196,W-00196,2026-01-06T06:30:00Z,DAY_SHIFT,136,91,75,99,36.4,7.4,0,0,201,False,False,False,False,FIT,SELF_SERVICE_KIOSK,
dcu-W-00196-20260107,worker-uuid-00196,W-00196,2026-01-07T06:30:00Z,DAY_SHIFT,119,75,76,99,36.1,5.8,0,0,230,False,False,False,False,FIT,SELF_SERVICE_KIOSK,
dcu-W-00196-20260110,worker-uuid-00196,W-00196,2026-01-10T06:30:00Z,DAY_SHIFT,133,79,83,98,36.5,7.4,2,0,262,False,False,False,False,FIT,SELF_SERVICE_KIOSK,
dcu-W-00196-20260112,worker-uuid-00196,W-00196,2026-01-12T06:30:00Z,DAY_SHIFT,127,73,80,99,36.6,7.2,2,0,234,False,False,False,False,FIT,PARAMEDIC_ASSISTED,user-paramedic-01
dcu-W-00196-20260114,worker-uuid-00196,W-00196,2026-01-14T06:30:00Z,DAY_SHIFT,118,81,80,97,36.0,6.4,2,0,233,False,False,False,False,FIT,PARAMEDIC_ASSISTED,user-paramedic-01
dcu-W-00196-20260116,worker-uuid-00196,W-00196,2026-01-16T18:30:00Z,NIGHT_SHIFT,130,91,95,97,36.6,4.5,2,0,311,False,False,False,False,FIT,PARAMEDIC_ASSISTED,user-paramedic-01
dcu-W-00196-20260117,worker-uuid-00196,W-00196,2026-01-17T18:30:00Z,NIGHT_SHIFT,138,88,92,99,36.1,5.1,2,0,289,False,False,False,False,FIT,PARAMEDIC_ASSISTED,user-paramedic-01
dcu-W-00196-20260119,worker-uuid-00196,W-00196,2026-01-19T18:30:00Z,NIGHT_SHIFT,125,85,88,98,36.6,6.3,1,0,308,False,False,False,False,FIT,SELF_SERVICE_KIOSK,
dcu-W-00196-20260121,worker-uuid-00196,W-00196,2026-01-21T18:30:00Z,NIGHT_SHIFT,126,68,83,100,36.3,5.3,4,0,251,False,False,False,False,FIT,SELF_SERVICE_KIOSK,
dcu-W-00196-20260122,worker-uuid-00196,W-00196,2026-01-22T18:30:00Z,NIGHT_SHIFT,141,91,87,99,36.8,4.4,3,0,368,False,False,False,False,RESTRICTED,PARAMEDIC_ASSISTED,user-paramedic-01
dcu-W-00196-20260123,worker-uuid-00196,W-00196,2026-01-23T18:30:00Z,NIGHT_SHIFT,134,85,85,99,36.5,5.5,4,0,287,False,False,False,False,FIT,SELF_SERVICE_KIOSK,
dcu-W-00196-20260124,worker-uuid-00196,W-00196,2026-01-24T18:30:00Z,NIGHT_SHIFT,123,82,91,99,37.3,6.2,3,0,436,False,False,False,False,FIT,SELF_SERVICE_KIOSK,
dcu-W-00196-20260127,worker-uuid-00196,W-00196,2026-01-27T18:30:00Z,NIGHT_SHIFT,123,74,82,99,35.7,5.4,3,0,326,False,False,False,False,FIT,PARAMEDIC_ASSISTED,user-paramedic-01
dcu-W-00196-20260128,worker-uuid-00196,W-00196,2026-01-28T18:30:00Z,NIGHT_SHIFT,144,89,89,98,36.5,3.8,1,0,327,False,False,False,False,RESTRICTED,SELF_SERVICE_KIOSK,
dcu-W-00196-20260129,worker-uuid-00196,W-00196,2026-01-29T06:30:00Z,DAY_SHIFT,126,82,78,95,36.2,7.1,0,0,203,False,False,False,False,FIT,SELF_SERVICE_KIOSK,
dcu-W-00196-20260130,worker-uuid-00196,W-00196,2026-01-30T06:30:00Z,DAY_SHIFT,130,79,78,100,37.2,5.7,1,0,263,False,False,False,False,FIT,SELF_SERVICE_KIOSK,
dcu-W-00196-20260204,worker-uuid-00196,W-00196,2026-02-04T06:30:00Z,DAY_SHIFT,122,78,75,98,36.1,7.6,1,0,253,False,False,False,False,FIT,PARAMEDIC_ASSISTED,user-paramedic-01
dcu-W-00196-20260205,worker-uuid-00196,W-00196,2026-02-05T06:30:00Z,DAY_SHIFT,108,59,78,96,36.9,4.9,1,0,203,False,False,False,False,FIT,SELF_SERVICE_KIOSK,
dcu-W-00196-20260207,worker-uuid-00196,W-00196,2026-02-07T06:30:00Z,DAY_SHIFT,125,83,80,98,36.7,7.3,2,0,227,False,False,False,False,FIT,SELF_SERVICE_KIOSK,
dcu-W-00196-20260208,worker-uuid-00196,W-00196,2026-02-08T06:30:00Z,DAY_SHIFT,131,79,72,99,36.9,7.3,1,0,228,False,False,False,False,FIT,PARAMEDIC_ASSISTED,user-paramedic-01
dcu-W-00196-20260209,worker-uuid-00196,W-00196,2026-02-09T06:30:00Z,DAY_SHIFT,129,80,80,98,36.3,7.9,0,0,192,False,False,False,False,FIT,PARAMEDIC_ASSISTED,user-paramedic-01
dcu-W-00196-20260210,worker-uuid-00196,W-00196,2026-02-10T06:30:00Z,DAY_SHIFT,108,71,75,97,36.4,6.9,2,0,245,False,False,False,False,FIT,SELF_SERVICE_KIOSK,
dcu-W-00196-20260212,worker-uuid-00196,W-00196,2026-02-12T18:30:00Z,NIGHT_SHIFT,128,83,84,99,36.5,4.5,3,0,245,False,False,False,False,FIT,SELF_SERVICE_KIOSK,
dcu-W-00196-20260215,worker-uuid-00196,W-00196,2026-02-15T18:30:00Z,NIGHT_SHIFT,128,77,85,100,37.0,4.9,2,0,323,False,False,False,False,FIT,SELF_SERVICE_KIOSK,
dcu-W-00196-20260216,worker-uuid-00196,W-00196,2026-02-16T18:30:00Z,NIGHT_SHIFT,131,86,93,100,36.5,5.0,2,0,252,False,False,False,False,FIT,SELF_SERVICE_KIOSK,
dcu-W-00196-20260217,worker-uuid-00196,W-00196,2026-02-17T18:30:00Z,NIGHT_SHIFT,135,87,82,97,36.5,4.5,2,0,308,False,False,False,False,FIT,PARAMEDIC_ASSISTED,user-paramedic-01
dcu-W-00196-20260218,worker-uuid-00196,W-00196,2026-02-18T18:30:00Z,NIGHT_SHIFT,132,75,86,96,36.5,4.3,2,0,297,False,False,True,False,RESTRICTED,SELF_SERVICE_KIOSK,
dcu-W-00196-20260220,worker-uuid-00196,W-00196,2026-02-20T18:30:00Z,NIGHT_SHIFT,134,82,84,98,37.3,5.1,2,0,319,False,False,False,False,FIT,SELF_SERVICE_KIOSK,
dcu-W-00196-20260222,worker-uuid-00196,W-00196,2026-02-22T18:30:00Z,NIGHT_SHIFT,126,77,88,96,36.4,7.3,4,0,308,False,False,False,False,FIT,PARAMEDIC_ASSISTED,user-paramedic-01
dcu-W-00196-20260223,worker-uuid-00196,W-00196,2026-02-23T18:30:00Z,NIGHT_SHIFT,124,76,91,100,36.9,4.0,2,0,313,False,False,False,False,RESTRICTED,SELF_SERVICE_KIOSK,
dcu-W-00196-20260224,worker-uuid-00196,W-00196,2026-02-24T18:30:00Z,NIGHT_SHIFT,135,87,89,97,36.6,5.3,4,0,392,False,False,False,False,FIT,PARAMEDIC_ASSISTED,user-paramedic-01
dcu-W-00196-20260227,worker-uuid-00196,W-00196,2026-02-27T06:30:00Z,DAY_SHIFT,119,77,79,96,36.8,8.2,0,0,213,False,False,False,False,FIT,SELF_SERVICE_KIOSK,
dcu-W-00196-20260228,worker-uuid-00196,W-00196,2026-02-28T06:30:00Z,DAY_SHIFT,112,76,81,98,36.3,7.3,2,0,204,False,False,False,False,FIT,PARAMEDIC_ASSISTED,user-paramedic-01
dcu-W-00196-20260301,worker-uuid-00196,W-00196,2026-03-01T06:30:00Z,DAY_SHIFT,124,78,80,98,36.6,6.8,2,0,208,False,False,False,False,FIT,PARAMEDIC_ASSISTED,user-paramedic-01
dcu-W-00196-20260302,worker-uuid-00196,W-00196,2026-03-02T06:30:00Z,DAY_SHIFT,123,79,88,96,36.2,5.6,1,0,240,False,False,False,False,FIT,SELF_SERVICE_KIOSK,
dcu-W-00196-20260303,worker-uuid-00196,W-00196,2026-03-03T06:30:00Z,DAY_SHIFT,119,82,75,97,36.2,7.7,1,0,265,False,False,False,False,FIT,PARAMEDIC_ASSISTED,user-paramedic-01
dcu-W-00196-20260305,worker-uuid-00196,W-00196,2026-03-05T06:30:00Z,DAY_SHIFT,117,71,80,97,36.4,6.0,0,0,214,False,False,False,False,FIT,SELF_SERVICE_KIOSK,
dcu-W-00196-20260306,worker-uuid-00196,W-00196,2026-03-06T06:30:00Z,DAY_SHIFT,124,86,77,97,36.6,9.4,2,0,301,False,False,False,False,FIT,PARAMEDIC_ASSISTED,user-paramedic-01
dcu-W-00196-20260307,worker-uuid-00196,W-00196,2026-03-07T06:30:00Z,DAY_SHIFT,119,72,74,98,36.2,7.6,2,0,264,False,False,False,False,FIT,SELF_SERVICE_KIOSK,
dcu-W-00196-20260309,worker-uuid-00196,W-00196,2026-03-09T06:30:00Z,DAY_SHIFT,117,73,78,99,36.3,5.8,2,0,254,False,False,False,False,FIT,PARAMEDIC_ASSISTED,user-paramedic-01
dcu-W-00196-20260310,worker-uuid-00196,W-00196,2026-03-10T06:30:00Z,DAY_SHIFT,124,80,84,98,36.6,7.0,2,0,233,False,False,False,False,FIT,SELF_SERVICE_KIOSK,
dcu-W-00196-20260311,worker-uuid-00196,W-00196,2026-03-11T06:30:00Z,DAY_SHIFT,129,81,75,98,36.3,6.9,1,0,212,False,False,False,False,FIT,SELF_SERVICE_KIOSK,
dcu-W-00196-20260312,worker-uuid-00196,W-00196,2026-03-12T18:30:00Z,NIGHT_SHIFT,131,88,84,98,36.6,4.3,3,0,284,False,False,True,False,RESTRICTED,SELF_SERVICE_KIOSK,
dcu-W-00196-20260313,worker-uuid-00196,W-00196,2026-03-13T18:30:00Z,NIGHT_SHIFT,130,84,85,97,36.4,3.4,2,0,309,False,False,False,False,RESTRICTED,SELF_SERVICE_KIOSK,
dcu-W-00196-20260314,worker-uuid-00196,W-00196,2026-03-14T18:30:00Z,NIGHT_SHIFT,127,77,91,98,35.8,5.3,3,0,292,False,False,False,False,FIT,SELF_SERVICE_KIOSK,
dcu-W-00196-20260315,worker-uuid-00196,W-00196,2026-03-15T18:30:00Z,NIGHT_SHIFT,134,80,86,100,36.6,4.9,1,0,310,False,False,False,False,FIT,SELF_SERVICE_KIOSK,
dcu-W-00196-20260317,worker-uuid-00196,W-00196,2026-03-17T18:30:00Z,NIGHT_SHIFT,138,83,83,99,36.1,5.4,2,0,295,False,False,False,False,FIT,PARAMEDIC_ASSISTED,user-paramedic-01
dcu-W-00196-20260318,worker-uuid-00196,W-00196,2026-03-18T18:30:00Z,NIGHT_SHIFT,126,75,86,98,37.0,4.9,2,0,319,False,False,False,False,FIT,PARAMEDIC_ASSISTED,user-paramedic-01
dcu-W-00196-20260319,worker-uuid-00196,W-00196,2026-03-19T18:30:00Z,NIGHT_SHIFT,129,89,86,97,35.8,5.0,3,0,297,False,False,False,False,FIT,PARAMEDIC_ASSISTED,user-paramedic-01
dcu-W-00196-20260320,worker-uuid-00196,W-00196,2026-03-20T18:30:00Z,NIGHT_SHIFT,136,82,86,98,36.8,3.9,2,0,348,False,False,True,False,RESTRICTED,PARAMEDIC_ASSISTED,user-paramedic-01
dcu-W-00196-20260321,worker-uuid-00196,W-00196,2026-03-21T18:30:00Z,NIGHT_SHIFT,122,74,79,97,36.6,5.1,3,0,252,False,False,False,False,FIT,SELF_SERVICE_KIOSK,
dcu-W-00196-20260322,worker-uuid-00196,W-00196,2026-03-22T18:30:00Z,NIGHT_SHIFT,128,78,82,96,36.6,6.1,2,0,300,False,False,False,False,FIT,PARAMEDIC_ASSISTED,user-paramedic-01
dcu-W-00196-20260323,worker-uuid-00196,W-00196,2026-03-23T18:30:00Z,NIGHT_SHIFT,118,77,94,100,36.5,5.6,1,0,324,False,False,False,False,FIT,SELF_SERVICE_KIOSK,
dcu-W-00196-20260324,worker-uuid-00196,W-00196,2026-03-24T18:30:00Z,NIGHT_SHIFT,126,79,84,96,36.5,8.1,1,0,254,False,False,False,False,FIT,SELF_SERVICE_KIOSK,
dcu-W-00196-20260325,worker-uuid-00196,W-00196,2026-03-25T18:30:00Z,NIGHT_SHIFT,125,76,89,100,36.4,5.7,2,0,335,False,False,False,False,FIT,SELF_SERVICE_KIOSK,
dcu-W-00196-20260327,worker-uuid-00196,W-00196,2026-03-27T06:30:00Z,DAY_SHIFT,121,67,75,98,36.3,5.3,1,0,206,False,False,False,False,FIT,SELF_SERVICE_KIOSK,
dcu-W-00196-20260328,worker-uuid-00196,W-00196,2026-03-28T06:30:00Z,DAY_SHIFT,121,80,89,97,36.4,6.7,0,0,229,False,False,False,False,FIT,SELF_SERVICE_KIOSK,
dcu-W-00196-20260329,worker-uuid-00196,W-00196,2026-03-29T06:30:00Z,DAY_SHIFT,130,84,80,96,36.7,7.7,2,0,261,False,False,False,False,FIT,SELF_SERVICE_KIOSK,
dcu-W-00196-20260330,worker-uuid-00196,W-00196,2026-03-30T06:30:00Z,DAY_SHIFT,122,76,69,97,36.9,7.4,0,0,230,False,False,False,False,FIT,SELF_SERVICE_KIOSK,
dcu-W-00196-20260331,worker-uuid-00196,W-00196,2026-03-31T06:30:00Z,DAY_SHIFT,121,69,83,100,36.6,8.2,2,0,214,False,False,False,False,FIT,SELF_SERVICE_KIOSK,
dcu-W-00196-20260401,worker-uuid-00196,W-00196,2026-04-01T06:30:00Z,DAY_SHIFT,130,78,81,97,36.7,7.5,0,0,243,False,False,False,False,FIT,SELF_SERVICE_KIOSK,
dcu-W-00196-20260402,worker-uuid-00196,W-00196,2026-04-02T06:30:00Z,DAY_SHIFT,121,77,72,98,36.5,8.9,2,0,209,False,False,False,False,FIT,SELF_SERVICE_KIOSK,
dcu-W-00196-20260403,worker-uuid-00196,W-00196,2026-04-03T06:30:00Z,DAY_SHIFT,122,71,77,97,36.5,7.5,1,0,233,False,False,False,False,FIT,SELF_SERVICE_KIOSK,
dcu-W-00196-20260405,worker-uuid-00196,W-00196,2026-04-05T06:30:00Z,DAY_SHIFT,126,79,80,98,36.5,5.3,2,0,254,False,False,False,False,FIT,SELF_SERVICE_KIOSK,
dcu-W-00196-20260407,worker-uuid-00196,W-00196,2026-04-07T06:30:00Z,DAY_SHIFT,123,74,89,98,36.4,7.1,2,0,210,False,False,False,False,FIT,SELF_SERVICE_KIOSK,
dcu-W-00196-20260408,worker-uuid-00196,W-00196,2026-04-08T06:30:00Z,DAY_SHIFT,114,74,74,98,36.6,6.1,0,0,286,False,False,False,False,FIT,PARAMEDIC_ASSISTED,user-paramedic-01
dcu-W-00196-20260410,worker-uuid-00196,W-00196,2026-04-10T18:30:00Z,NIGHT_SHIFT,141,88,82,97,36.7,4.3,1,0,345,False,False,True,False,RESTRICTED,SELF_SERVICE_KIOSK,
dcu-W-00196-20260411,worker-uuid-00196,W-00196,2026-04-11T18:30:00Z,NIGHT_SHIFT,118,72,80,98,36.1,6.4,1,0,400,False,False,False,False,FIT,PARAMEDIC_ASSISTED,user-paramedic-01
dcu-W-00196-20260413,worker-uuid-00196,W-00196,2026-04-13T18:30:00Z,NIGHT_SHIFT,125,78,89,99,36.7,5.9,3,0,348,False,False,False,False,FIT,SELF_SERVICE_KIOSK,
dcu-W-00196-20260415,worker-uuid-00196,W-00196,2026-04-15T18:30:00Z,NIGHT_SHIFT,133,87,79,97,36.7,5.4,3,0,284,False,False,False,False,FIT,SELF_SERVICE_KIOSK,
dcu-W-00196-20260416,worker-uuid-00196,W-00196,2026-04-16T18:30:00Z,NIGHT_SHIFT,138,88,84,98,36.7,6.6,1,0,299,False,False,False,False,FIT,PARAMEDIC_ASSISTED,user-paramedic-01
dcu-W-00196-20260417,worker-uuid-00196,W-00196,2026-04-17T18:30:00Z,NIGHT_SHIFT,125,76,88,99,36.4,6.4,1,0,282,False,False,False,False,FIT,SELF_SERVICE_KIOSK,
dcu-W-00196-20260418,worker-uuid-00196,W-00196,2026-04-18T18:30:00Z,NIGHT_SHIFT,116,75,86,98,36.8,6.6,2,0,263,False,False,False,False,FIT,SELF_SERVICE_KIOSK,
dcu-W-00196-20260419,worker-uuid-00196,W-00196,2026-04-19T18:30:00Z,NIGHT_SHIFT,129,83,84,98,36.6,3.6,1,0,332,False,False,False,False,RESTRICTED,SELF_SERVICE_KIOSK,
dcu-W-00196-20260420,worker-uuid-00196,W-00196,2026-04-20T18:30:00Z,NIGHT_SHIFT,122,71,89,96,36.4,5.0,2,0,296,False,False,False,False,FIT,PARAMEDIC_ASSISTED,user-paramedic-01
dcu-W-00196-20260422,worker-uuid-00196,W-00196,2026-04-22T18:30:00Z,NIGHT_SHIFT,132,81,87,98,36.5,2.9,1,0,331,False,False,True,False,RESTRICTED,SELF_SERVICE_KIOSK,
dcu-W-00196-20260423,worker-uuid-00196,W-00196,2026-04-23T06:30:00Z,DAY_SHIFT,108,68,75,98,36.2,5.3,2,0,221,False,False,False,False,FIT,PARAMEDIC_ASSISTED,user-paramedic-01
dcu-W-00196-20260424,worker-uuid-00196,W-00196,2026-04-24T06:30:00Z,DAY_SHIFT,132,83,68,98,36.5,7.9,1,0,253,False,False,False,False,FIT,SELF_SERVICE_KIOSK,
dcu-W-00196-20260425,worker-uuid-00196,W-00196,2026-04-25T06:30:00Z,DAY_SHIFT,134,88,77,97,36.6,7.4,0,0,249,False,False,False,False,FIT,SELF_SERVICE_KIOSK,
dcu-W-00196-20260426,worker-uuid-00196,W-00196,2026-04-26T06:30:00Z,DAY_SHIFT,127,86,83,98,36.7,8.3,1,0,254,False,False,False,False,FIT,SELF_SERVICE_KIOSK,
dcu-W-00196-20260427,worker-uuid-00196,W-00196,2026-04-27T06:30:00Z,DAY_SHIFT,118,74,80,98,35.9,6.3,0,0,227,False,False,False,False,FIT,PARAMEDIC_ASSISTED,user-paramedic-01
dcu-W-00196-20260428,worker-uuid-00196,W-00196,2026-04-28T06:30:00Z,DAY_SHIFT,112,71,70,97,35.9,7.0,2,0,222,False,False,False,False,FIT,SELF_SERVICE_KIOSK,
dcu-W-00196-20260429,worker-uuid-00196,W-00196,2026-04-29T06:30:00Z,DAY_SHIFT,127,77,82,98,36.1,7.0,0,0,237,False,False,False,False,FIT,PARAMEDIC_ASSISTED,user-paramedic-01
dcu-W-00196-20260430,worker-uuid-00196,W-00196,2026-04-30T06:30:00Z,DAY_SHIFT,126,80,71,97,36.1,8.4,1,0,281,False,False,False,False,FIT,SELF_SERVICE_KIOSK,
dcu-W-00196-20260501,worker-uuid-00196,W-00196,2026-05-01T06:30:00Z,DAY_SHIFT,121,81,82,96,36.0,5.9,1,0,240,False,False,False,False,FIT,PARAMEDIC_ASSISTED,user-paramedic-01
dcu-W-00196-20260502,worker-uuid-00196,W-00196,2026-05-02T06:30:00Z,DAY_SHIFT,129,81,75,99,36.3,5.6,1,0,247,False,False,False,False,FIT,PARAMEDIC_ASSISTED,user-paramedic-01
dcu-W-00196-20260503,worker-uuid-00196,W-00196,2026-05-03T06:30:00Z,DAY_SHIFT,118,76,71,100,36.9,7.4,0,0,239,False,False,False,False,FIT,SELF_SERVICE_KIOSK,
dcu-W-00196-20260504,worker-uuid-00196,W-00196,2026-05-04T06:30:00Z,DAY_SHIFT,129,89,76,96,36.4,6.7,1,0,277,False,False,False,False,FIT,SELF_SERVICE_KIOSK,
dcu-W-00196-20260506,worker-uuid-00196,W-00196,2026-05-06T06:30:00Z,DAY_SHIFT,110,65,78,99,36.8,7.2,1,0,216,False,False,False,False,FIT,PARAMEDIC_ASSISTED,user-paramedic-01
dcu-W-00196-20260507,worker-uuid-00196,W-00196,2026-05-07T18:30:00Z,NIGHT_SHIFT,116,67,88,98,36.4,5.6,2,0,305,False,False,False,False,FIT,SELF_SERVICE_KIOSK,
dcu-W-00196-20260508,worker-uuid-00196,W-00196,2026-05-08T18:30:00Z,NIGHT_SHIFT,137,84,92,98,36.6,4.7,2,0,314,False,False,False,False,FIT,SELF_SERVICE_KIOSK,
dcu-W-00196-20260509,worker-uuid-00196,W-00196,2026-05-09T18:30:00Z,NIGHT_SHIFT,129,75,87,98,36.2,4.7,4,0,345,False,False,False,False,FIT,PARAMEDIC_ASSISTED,user-paramedic-01
dcu-W-00196-20260510,worker-uuid-00196,W-00196,2026-05-10T18:30:00Z,NIGHT_SHIFT,123,76,85,98,35.9,6.3,4,0,354,False,False,False,False,FIT,SELF_SERVICE_KIOSK,
dcu-W-00196-20260511,worker-uuid-00196,W-00196,2026-05-11T18:30:00Z,NIGHT_SHIFT,124,73,84,99,36.2,4.7,4,0,287,False,False,False,False,FIT,SELF_SERVICE_KIOSK,
dcu-W-00196-20260513,worker-uuid-00196,W-00196,2026-05-13T18:30:00Z,NIGHT_SHIFT,137,87,89,98,36.5,3.7,4,0,291,False,False,True,False,RESTRICTED,SELF_SERVICE_KIOSK,
dcu-W-00196-20260514,worker-uuid-00196,W-00196,2026-05-14T18:30:00Z,NIGHT_SHIFT,133,85,78,99,36.7,5.8,1,0,259,False,False,False,False,FIT,SELF_SERVICE_KIOSK,
dcu-W-00196-20260515,worker-uuid-00196,W-00196,2026-05-15T18:30:00Z,NIGHT_SHIFT,137,83,88,98,36.4,4.7,1,0,286,False,False,False,False,FIT,SELF_SERVICE_KIOSK,
dcu-W-00196-20260516,worker-uuid-00196,W-00196,2026-05-16T18:30:00Z,NIGHT_SHIFT,121,81,91,97,36.5,5.0,1,0,281,False,False,False,False,FIT,SELF_SERVICE_KIOSK,
dcu-W-00196-20260518,worker-uuid-00196,W-00196,2026-05-18T18:30:00Z,NIGHT_SHIFT,131,81,92,96,36.6,5.9,4,0,275,False,False,False,False,FIT,PARAMEDIC_ASSISTED,user-paramedic-01
dcu-W-00196-20260519,worker-uuid-00196,W-00196,2026-05-19T18:30:00Z,NIGHT_SHIFT,137,87,92,99,36.7,3.7,2,0,281,False,False,False,False,RESTRICTED,PARAMEDIC_ASSISTED,user-paramedic-01
dcu-W-00196-20260520,worker-uuid-00196,W-00196,2026-05-20T18:30:00Z,NIGHT_SHIFT,134,88,83,98,36.7,3.1,3,0,319,False,False,False,False,RESTRICTED,SELF_SERVICE_KIOSK,
dcu-W-00196-20260521,worker-uuid-00196,W-00196,2026-05-21T06:30:00Z,DAY_SHIFT,126,75,76,98,36.4,7.9,1,0,219,False,False,False,False,FIT,PARAMEDIC_ASSISTED,user-paramedic-01
dcu-W-00196-20260522,worker-uuid-00196,W-00196,2026-05-22T06:30:00Z,DAY_SHIFT,121,70,80,99,36.3,7.8,0,0,223,False,False,False,False,FIT,PARAMEDIC_ASSISTED,user-paramedic-01
dcu-W-00196-20260523,worker-uuid-00196,W-00196,2026-05-23T06:30:00Z,DAY_SHIFT,127,74,81,98,36.5,4.3,1,0,215,False,False,False,False,RESTRICTED,PARAMEDIC_ASSISTED,user-paramedic-01
dcu-W-00196-20260524,worker-uuid-00196,W-00196,2026-05-24T06:30:00Z,DAY_SHIFT,128,83,75,98,36.5,6.2,0,0,241,False,False,False,False,FIT,SELF_SERVICE_KIOSK,
dcu-W-00196-20260525,worker-uuid-00196,W-00196,2026-05-25T06:30:00Z,DAY_SHIFT,122,76,81,98,36.1,7.2,2,0,231,False,False,False,False,FIT,SELF_SERVICE_KIOSK,
dcu-W-00196-20260527,worker-uuid-00196,W-00196,2026-05-27T06:30:00Z,DAY_SHIFT,116,69,76,97,36.8,7.0,0,0,237,False,False,False,False,FIT,SELF_SERVICE_KIOSK,
dcu-W-00196-20260529,worker-uuid-00196,W-00196,2026-05-29T06:30:00Z,DAY_SHIFT,120,78,87,97,36.2,6.9,0,0,199,False,False,False,False,FIT,PARAMEDIC_ASSISTED,user-paramedic-01
dcu-W-00196-20260530,worker-uuid-00196,W-00196,2026-05-30T06:30:00Z,DAY_SHIFT,121,71,69,96,36.4,6.7,0,0,269,False,False,False,False,FIT,SELF_SERVICE_KIOSK,
dcu-W-00196-20260531,worker-uuid-00196,W-00196,2026-05-31T06:30:00Z,DAY_SHIFT,117,70,73,97,36.9,8.3,1,0,226,False,False,False,False,FIT,SELF_SERVICE_KIOSK,
dcu-W-00196-20260601,worker-uuid-00196,W-00196,2026-06-01T06:30:00Z,DAY_SHIFT,124,76,75,98,36.5,7.9,1,0,203,False,False,False,False,FIT,PARAMEDIC_ASSISTED,user-paramedic-01
dcu-W-00196-20260602,worker-uuid-00196,W-00196,2026-06-02T06:30:00Z,DAY_SHIFT,123,72,83,95,36.6,6.5,0,0,228,False,False,False,False,FIT,SELF_SERVICE_KIOSK,
dcu-W-00196-20260603,worker-uuid-00196,W-00196,2026-06-03T06:30:00Z,DAY_SHIFT,123,81,76,98,36.3,5.4,1,0,226,False,False,False,False,FIT,SELF_SERVICE_KIOSK,
dcu-W-00196-20260605,worker-uuid-00196,W-00196,2026-06-05T18:30:00Z,NIGHT_SHIFT,128,81,79,97,36.5,5.2,4,0,346,False,False,False,False,FIT,SELF_SERVICE_KIOSK,
dcu-W-00196-20260607,worker-uuid-00196,W-00196,2026-06-07T18:30:00Z,NIGHT_SHIFT,139,91,83,98,37.0,4.0,1,0,320,False,False,False,False,RESTRICTED,SELF_SERVICE_KIOSK,
dcu-W-00196-20260608,worker-uuid-00196,W-00196,2026-06-08T18:30:00Z,NIGHT_SHIFT,133,77,86,97,36.7,4.4,4,0,285,False,False,False,False,RESTRICTED,SELF_SERVICE_KIOSK,
dcu-W-00196-20260610,worker-uuid-00196,W-00196,2026-06-10T18:30:00Z,NIGHT_SHIFT,137,77,91,96,37.0,5.0,3,0,264,False,False,False,False,FIT,SELF_SERVICE_KIOSK,
dcu-W-00196-20260611,worker-uuid-00196,W-00196,2026-06-11T18:30:00Z,NIGHT_SHIFT,131,85,81,97,36.8,4.2,4,0,302,False,False,False,False,RESTRICTED,SELF_SERVICE_KIOSK,
dcu-W-00196-20260613,worker-uuid-00196,W-00196,2026-06-13T18:30:00Z,NIGHT_SHIFT,135,88,88,96,36.2,4.2,4,0,321,False,False,True,False,RESTRICTED,PARAMEDIC_ASSISTED,user-paramedic-01
dcu-W-00196-20260614,worker-uuid-00196,W-00196,2026-06-14T18:30:00Z,NIGHT_SHIFT,123,77,95,98,36.9,5.3,1,0,283,False,False,False,False,FIT,PARAMEDIC_ASSISTED,user-paramedic-01
dcu-W-00196-20260615,worker-uuid-00196,W-00196,2026-06-15T18:30:00Z,NIGHT_SHIFT,127,77,77,97,36.8,6.7,4,0,324,False,False,False,False,FIT,SELF_SERVICE_KIOSK,
dcu-W-00196-20260616,worker-uuid-00196,W-00196,2026-06-16T18:30:00Z,NIGHT_SHIFT,136,88,82,98,36.4,4.5,2,0,322,False,False,False,False,FIT,SELF_SERVICE_KIOSK,
dcu-W-00196-20260617,worker-uuid-00196,W-00196,2026-06-17T18:30:00Z,NIGHT_SHIFT,126,74,85,98,36.5,5.0,3,0,350,False,False,False,False,FIT,SELF_SERVICE_KIOSK,
dcu-W-00196-20260619,worker-uuid-00196,W-00196,2026-06-19T06:30:00Z,DAY_SHIFT,125,77,81,96,36.2,6.2,2,0,235,False,False,False,False,FIT,SELF_SERVICE_KIOSK,
dcu-W-00196-20260620,worker-uuid-00196,W-00196,2026-06-20T06:30:00Z,DAY_SHIFT,121,76,80,97,36.8,6.5,1,0,211,False,False,False,False,FIT,PARAMEDIC_ASSISTED,user-paramedic-01
dcu-W-00196-20260622,worker-uuid-00196,W-00196,2026-06-22T06:30:00Z,DAY_SHIFT,132,81,83,97,36.8,8.2,1,0,251,False,False,False,False,FIT,SELF_SERVICE_KIOSK,
dcu-W-00196-20260623,worker-uuid-00196,W-00196,2026-06-23T06:30:00Z,DAY_SHIFT,131,80,72,96,36.0,5.6,2,0,252,False,False,False,False,FIT,PARAMEDIC_ASSISTED,user-paramedic-01
dcu-W-00196-20260624,worker-uuid-00196,W-00196,2026-06-24T06:30:00Z,DAY_SHIFT,127,76,74,96,36.1,6.8,1,0,208,False,False,False,False,FIT,SELF_SERVICE_KIOSK,
dcu-W-00196-20260625,worker-uuid-00196,W-00196,2026-06-25T06:30:00Z,DAY_SHIFT,122,73,78,98,36.3,8.4,0,0,253,False,False,False,False,FIT,SELF_SERVICE_KIOSK,
dcu-W-00196-20260626,worker-uuid-00196,W-00196,2026-06-26T06:30:00Z,DAY_SHIFT,127,77,81,100,36.7,8.2,0,0,229,False,False,False,False,FIT,SELF_SERVICE_KIOSK,
dcu-W-00196-20260627,worker-uuid-00196,W-00196,2026-06-27T06:30:00Z,DAY_SHIFT,122,77,79,97,36.9,7.7,1,0,234,False,False,False,False,FIT,PARAMEDIC_ASSISTED,user-paramedic-01
dcu-W-00196-20260630,worker-uuid-00196,W-00196,2026-06-30T06:30:00Z,DAY_SHIFT,131,81,75,97,35.9,7.9,2,0,212,False,False,False,False,FIT,SELF_SERVICE_KIOSK,
dcu-W-00196-20260701,worker-uuid-00196,W-00196,2026-07-01T06:30:00Z,DAY_SHIFT,136,83,82,98,36.4,7.4,2,0,261,False,False,False,False,FIT,SELF_SERVICE_KIOSK,
dcu-W-00196-20260703,worker-uuid-00196,W-00196,2026-07-03T18:30:00Z,NIGHT_SHIFT,133,87,91,99,36.3,6.4,3,0,310,False,False,False,False,FIT,SELF_SERVICE_KIOSK,
dcu-W-00196-20260705,worker-uuid-00196,W-00196,2026-07-05T18:30:00Z,NIGHT_SHIFT,130,85,80,99,36.8,5.9,1,0,265,False,False,False,False,FIT,SELF_SERVICE_KIOSK,
dcu-W-00196-20260706,worker-uuid-00196,W-00196,2026-07-06T18:30:00Z,NIGHT_SHIFT,137,85,87,98,36.8,4.4,2,0,386,False,False,False,False,RESTRICTED,SELF_SERVICE_KIOSK,
dcu-W-00196-20260707,worker-uuid-00196,W-00196,2026-07-07T18:30:00Z,NIGHT_SHIFT,131,85,87,97,36.5,4.2,2,0,347,False,False,False,False,RESTRICTED,SELF_SERVICE_KIOSK,
dcu-W-00196-20260708,worker-uuid-00196,W-00196,2026-07-08T18:30:00Z,NIGHT_SHIFT,130,86,84,99,36.6,4.4,4,0,319,False,False,False,False,RESTRICTED,SELF_SERVICE_KIOSK,
dcu-W-00196-20260710,worker-uuid-00196,W-00196,2026-07-10T18:30:00Z,NIGHT_SHIFT,127,79,80,96,36.4,5.2,3,0,311,False,False,False,False,FIT,SELF_SERVICE_KIOSK,
dcu-W-00196-20260711,worker-uuid-00196,W-00196,2026-07-11T18:30:00Z,NIGHT_SHIFT,116,70,83,99,37.0,5.4,3,0,282,False,False,False,False,FIT,PARAMEDIC_ASSISTED,user-paramedic-01
dcu-W-00196-20260712,worker-uuid-00196,W-00196,2026-07-12T18:30:00Z,NIGHT_SHIFT,123,77,90,97,37.0,6.2,2,0,366,False,False,False,False,FIT,PARAMEDIC_ASSISTED,user-paramedic-01
dcu-W-00196-20260713,worker-uuid-00196,W-00196,2026-07-13T18:30:00Z,NIGHT_SHIFT,133,86,86,98,36.9,4.1,4,0,269,False,False,False,False,RESTRICTED,SELF_SERVICE_KIOSK,
dcu-W-00196-20260715,worker-uuid-00196,W-00196,2026-07-15T18:30:00Z,NIGHT_SHIFT,119,76,88,99,36.5,3.6,4,0,308,False,False,False,False,RESTRICTED,SELF_SERVICE_KIOSK,
dcu-W-00196-20260717,worker-uuid-00196,W-00196,2026-07-17T06:30:00Z,DAY_SHIFT,119,70,78,98,36.6,6.3,1,0,223,False,False,False,False,FIT,SELF_SERVICE_KIOSK,
dcu-W-00196-20260718,worker-uuid-00196,W-00196,2026-07-18T06:30:00Z,DAY_SHIFT,118,71,71,100,36.2,5.1,2,0,257,False,False,False,False,FIT,SELF_SERVICE_KIOSK,
dcu-W-00196-20260720,worker-uuid-00196,W-00196,2026-07-20T06:30:00Z,DAY_SHIFT,118,79,78,98,36.5,6.6,1,0,241,False,False,False,False,FIT,SELF_SERVICE_KIOSK,
dcu-W-00196-20260721,worker-uuid-00196,W-00196,2026-07-21T06:30:00Z,DAY_SHIFT,114,67,76,99,36.9,6.1,0,0,209,False,False,False,False,FIT,SELF_SERVICE_KIOSK,
dcu-W-00196-20260722,worker-uuid-00196,W-00196,2026-07-22T06:30:00Z,DAY_SHIFT,125,75,76,98,36.4,7.7,0,0,232,False,False,False,False,FIT,SELF_SERVICE_KIOSK,
dcu-W-00196-20260723,worker-uuid-00196,W-00196,2026-07-23T06:30:00Z,DAY_SHIFT,126,78,77,98,36.8,6.5,2,0,239,False,False,False,False,FIT,SELF_SERVICE_KIOSK,
dcu-W-00196-20260724,worker-uuid-00196,W-00196,2026-07-24T06:30:00Z,DAY_SHIFT,115,77,81,98,36.2,6.8,1,0,254,False,False,False,False,FIT,SELF_SERVICE_KIOSK,
dcu-W-00196-20260725,worker-uuid-00196,W-00196,2026-07-25T06:30:00Z,DAY_SHIFT,135,79,83,99,37.0,7.1,1,0,243,False,False,False,False,FIT,SELF_SERVICE_KIOSK,
dcu-W-00196-20260727,worker-uuid-00196,W-00196,2026-07-27T06:30:00Z,DAY_SHIFT,122,78,78,98,36.9,5.7,2,0,245,False,False,False,False,FIT,PARAMEDIC_ASSISTED,user-paramedic-01
dcu-W-00196-20260728,worker-uuid-00196,W-00196,2026-07-28T06:30:00Z,DAY_SHIFT,113,69,82,98,36.7,6.5,2,0,260,False,False,False,False,FIT,SELF_SERVICE_KIOSK,
dcu-W-00196-20260729,worker-uuid-00196,W-00196,2026-07-29T06:30:00Z,DAY_SHIFT,120,83,71,97,36.5,6.8,0,0,237,False,False,False,False,FIT,SELF_SERVICE_KIOSK,
dcu-W-00196-20260730,worker-uuid-00196,W-00196,2026-07-30T18:30:00Z,NIGHT_SHIFT,129,74,82,98,36.8,6.6,2,0,314,False,False,False,False,FIT,SELF_SERVICE_KIOSK,
dcu-W-00196-20260731,worker-uuid-00196,W-00196,2026-07-31T18:30:00Z,NIGHT_SHIFT,139,87,84,98,36.5,3.8,1,0,329,False,False,False,False,RESTRICTED,SELF_SERVICE_KIOSK,
dcu-W-00196-20260802,worker-uuid-00196,W-00196,2026-08-02T18:30:00Z,NIGHT_SHIFT,117,75,88,99,36.6,6.1,2,0,345,False,False,False,False,FIT,SELF_SERVICE_KIOSK,
dcu-W-00196-20260803,worker-uuid-00196,W-00196,2026-08-03T18:30:00Z,NIGHT_SHIFT,136,79,85,97,36.5,4.6,2,0,388,False,False,False,False,FIT,PARAMEDIC_ASSISTED,user-paramedic-01
dcu-W-00196-20260804,worker-uuid-00196,W-00196,2026-08-04T18:30:00Z,NIGHT_SHIFT,136,85,85,98,37.3,4.0,1,0,316,False,False,False,False,RESTRICTED,PARAMEDIC_ASSISTED,user-paramedic-01
dcu-W-00196-20260805,worker-uuid-00196,W-00196,2026-08-05T18:30:00Z,NIGHT_SHIFT,131,81,89,97,36.2,3.6,3,0,233,False,False,False,False,RESTRICTED,SELF_SERVICE_KIOSK,
dcu-W-00196-20260806,worker-uuid-00196,W-00196,2026-08-06T18:30:00Z,NIGHT_SHIFT,134,88,81,96,36.4,4.6,4,0,290,False,False,False,False,FIT,SELF_SERVICE_KIOSK,
dcu-W-00196-20260807,worker-uuid-00196,W-00196,2026-08-07T18:30:00Z,NIGHT_SHIFT,123,78,83,99,36.2,5.3,4,0,320,False,False,False,False,FIT,PARAMEDIC_ASSISTED,user-paramedic-01
dcu-W-00196-20260808,worker-uuid-00196,W-00196,2026-08-08T18:30:00Z,NIGHT_SHIFT,134,82,92,97,36.4,5.4,2,0,246,False,False,False,False,FIT,SELF_SERVICE_KIOSK,
dcu-W-00196-20260809,worker-uuid-00196,W-00196,2026-08-09T18:30:00Z,NIGHT_SHIFT,128,76,83,98,36.9,2.9,2,0,298,False,False,True,False,RESTRICTED,PARAMEDIC_ASSISTED,user-paramedic-01
dcu-W-00196-20260810,worker-uuid-00196,W-00196,2026-08-10T18:30:00Z,NIGHT_SHIFT,118,78,97,97,36.4,6.5,3,0,289,False,False,False,False,FIT,SELF_SERVICE_KIOSK,
dcu-W-00196-20260811,worker-uuid-00196,W-00196,2026-08-11T18:30:00Z,NIGHT_SHIFT,126,77,90,98,36.4,4.1,3,0,333,False,False,True,False,RESTRICTED,SELF_SERVICE_KIOSK,
dcu-W-00196-20260812,worker-uuid-00196,W-00196,2026-08-12T18:30:00Z,NIGHT_SHIFT,121,70,89,97,36.4,6.1,3,0,289,False,False,False,False,FIT,PARAMEDIC_ASSISTED,user-paramedic-01
dcu-W-00196-20260813,worker-uuid-00196,W-00196,2026-08-13T06:30:00Z,DAY_SHIFT,121,79,75,98,36.7,6.8,2,0,239,False,False,False,False,FIT,SELF_SERVICE_KIOSK,
dcu-W-00196-20260814,worker-uuid-00196,W-00196,2026-08-14T06:30:00Z,DAY_SHIFT,112,76,73,98,37.0,7.8,0,0,251,False,False,False,False,FIT,PARAMEDIC_ASSISTED,user-paramedic-01
dcu-W-00196-20260815,worker-uuid-00196,W-00196,2026-08-15T06:30:00Z,DAY_SHIFT,126,76,81,98,36.4,8.0,2,0,213,False,False,False,False,FIT,SELF_SERVICE_KIOSK,
dcu-W-00196-20260817,worker-uuid-00196,W-00196,2026-08-17T06:30:00Z,DAY_SHIFT,121,75,76,99,36.7,7.2,0,0,257,False,False,False,False,FIT,PARAMEDIC_ASSISTED,user-paramedic-01
dcu-W-00196-20260818,worker-uuid-00196,W-00196,2026-08-18T06:30:00Z,DAY_SHIFT,124,74,72,97,36.3,6.8,0,0,246,False,False,False,False,FIT,SELF_SERVICE_KIOSK,
dcu-W-00196-20260819,worker-uuid-00196,W-00196,2026-08-19T06:30:00Z,DAY_SHIFT,121,74,71,97,36.6,7.0,0,0,227,False,False,False,False,FIT,SELF_SERVICE_KIOSK,
dcu-W-00196-20260820,worker-uuid-00196,W-00196,2026-08-20T06:30:00Z,DAY_SHIFT,123,79,75,99,36.7,6.7,1,0,235,False,False,False,False,FIT,SELF_SERVICE_KIOSK,
dcu-W-00196-20260822,worker-uuid-00196,W-00196,2026-08-22T06:30:00Z,DAY_SHIFT,124,72,78,96,37.1,7.2,1,0,235,False,False,False,False,FIT,SELF_SERVICE_KIOSK,
dcu-W-00196-20260823,worker-uuid-00196,W-00196,2026-08-23T06:30:00Z,DAY_SHIFT,119,68,75,99,37.1,5.8,1,0,234,False,False,False,False,FIT,SELF_SERVICE_KIOSK,
dcu-W-00196-20260824,worker-uuid-00196,W-00196,2026-08-24T06:30:00Z,DAY_SHIFT,119,71,81,99,36.5,7.5,0,0,236,False,False,False,False,FIT,SELF_SERVICE_KIOSK,
dcu-W-00196-20260826,worker-uuid-00196,W-00196,2026-08-26T06:30:00Z,DAY_SHIFT,115,69,79,98,36.9,7.3,2,0,251,False,False,False,False,FIT,SELF_SERVICE_KIOSK,
dcu-W-00196-20260827,worker-uuid-00196,W-00196,2026-08-27T18:30:00Z,NIGHT_SHIFT,129,74,85,98,36.9,6.0,4,0,357,False,False,False,False,FIT,SELF_SERVICE_KIOSK,
dcu-W-00196-20260829,worker-uuid-00196,W-00196,2026-08-29T18:30:00Z,NIGHT_SHIFT,121,74,79,98,36.4,5.4,2,0,331,False,False,False,False,FIT,SELF_SERVICE_KIOSK,
dcu-W-00196-20260830,worker-uuid-00196,W-00196,2026-08-30T18:30:00Z,NIGHT_SHIFT,122,75,79,97,36.4,5.0,3,0,303,False,False,False,False,FIT,SELF_SERVICE_KIOSK,
dcu-W-00196-20260901,worker-uuid-00196,W-00196,2026-09-01T18:30:00Z,NIGHT_SHIFT,129,85,91,98,36.5,6.1,1,0,294,False,False,False,False,FIT,SELF_SERVICE_KIOSK,
dcu-W-00196-20260902,worker-uuid-00196,W-00196,2026-09-02T18:30:00Z,NIGHT_SHIFT,132,86,79,99,36.6,5.2,1,0,273,False,False,False,False,FIT,PARAMEDIC_ASSISTED,user-paramedic-01
dcu-W-00196-20260904,worker-uuid-00196,W-00196,2026-09-04T18:30:00Z,NIGHT_SHIFT,122,72,84,98,36.8,6.2,4,0,266,False,False,False,False,FIT,SELF_SERVICE_KIOSK,
dcu-W-00196-20260907,worker-uuid-00196,W-00196,2026-09-07T18:30:00Z,NIGHT_SHIFT,132,86,91,97,36.5,5.0,2,0,313,False,False,False,False,FIT,SELF_SERVICE_KIOSK,
dcu-W-00196-20260908,worker-uuid-00196,W-00196,2026-09-08T18:30:00Z,NIGHT_SHIFT,133,82,79,97,36.4,5.8,3,0,269,False,False,False,False,FIT,SELF_SERVICE_KIOSK,
dcu-W-00196-20260909,worker-uuid-00196,W-00196,2026-09-09T18:30:00Z,NIGHT_SHIFT,132,73,89,98,36.0,5.5,2,0,329,False,False,False,False,FIT,PARAMEDIC_ASSISTED,user-paramedic-01
dcu-W-00196-20260911,worker-uuid-00196,W-00196,2026-09-11T06:30:00Z,DAY_SHIFT,121,75,73,97,36.4,7.3,1,0,211,False,False,False,False,FIT,SELF_SERVICE_KIOSK,
dcu-W-00196-20260912,worker-uuid-00196,W-00196,2026-09-12T06:30:00Z,DAY_SHIFT,126,79,78,98,35.8,7.6,2,0,244,False,False,False,False,FIT,SELF_SERVICE_KIOSK,
dcu-W-00196-20260913,worker-uuid-00196,W-00196,2026-09-13T06:30:00Z,DAY_SHIFT,127,80,79,98,36.5,6.5,0,0,235,False,False,False,False,FIT,PARAMEDIC_ASSISTED,user-paramedic-01
dcu-W-00196-20260914,worker-uuid-00196,W-00196,2026-09-14T06:30:00Z,DAY_SHIFT,108,65,81,98,36.1,6.9,2,0,283,False,False,False,False,FIT,SELF_SERVICE_KIOSK,
dcu-W-00196-20260915,worker-uuid-00196,W-00196,2026-09-15T06:30:00Z,DAY_SHIFT,119,74,76,99,36.2,5.4,1,0,273,False,False,False,False,FIT,SELF_SERVICE_KIOSK,
dcu-W-00196-20260916,worker-uuid-00196,W-00196,2026-09-16T06:30:00Z,DAY_SHIFT,116,73,80,96,36.2,7.1,0,0,279,False,False,False,False,FIT,PARAMEDIC_ASSISTED,user-paramedic-01
dcu-W-00196-20260917,worker-uuid-00196,W-00196,2026-09-17T06:30:00Z,DAY_SHIFT,129,85,75,98,36.6,8.1,1,0,230,False,False,False,False,FIT,SELF_SERVICE_KIOSK,
dcu-W-00196-20260918,worker-uuid-00196,W-00196,2026-09-18T06:30:00Z,DAY_SHIFT,121,76,87,97,36.5,6.4,1,0,212,False,False,False,False,FIT,PARAMEDIC_ASSISTED,user-paramedic-01
dcu-W-00196-20260919,worker-uuid-00196,W-00196,2026-09-19T06:30:00Z,DAY_SHIFT,119,67,82,97,36.5,7.8,1,0,238,False,False,False,False,FIT,SELF_SERVICE_KIOSK,
dcu-W-00196-20260920,worker-uuid-00196,W-00196,2026-09-20T06:30:00Z,DAY_SHIFT,116,75,77,99,36.5,6.6,2,0,241,False,False,False,False,FIT,PARAMEDIC_ASSISTED,user-paramedic-01
dcu-W-00196-20260921,worker-uuid-00196,W-00196,2026-09-21T06:30:00Z,DAY_SHIFT,119,72,81,98,36.6,5.7,0,0,248,False,False,False,False,FIT,SELF_SERVICE_KIOSK,
dcu-W-00196-20260923,worker-uuid-00196,W-00196,2026-09-23T06:30:00Z,DAY_SHIFT,130,84,73,100,36.6,6.1,1,0,254,False,False,False,False,FIT,PARAMEDIC_ASSISTED,user-paramedic-01
dcu-W-00196-20260924,worker-uuid-00196,W-00196,2026-09-24T18:30:00Z,NIGHT_SHIFT,122,80,91,96,36.1,6.0,1,0,292,False,False,False,False,FIT,PARAMEDIC_ASSISTED,user-paramedic-01
dcu-W-00196-20260925,worker-uuid-00196,W-00196,2026-09-25T18:30:00Z,NIGHT_SHIFT,133,82,76,98,36.3,5.4,4,0,327,False,False,False,False,FIT,PARAMEDIC_ASSISTED,user-paramedic-01
dcu-W-00196-20260927,worker-uuid-00196,W-00196,2026-09-27T18:30:00Z,NIGHT_SHIFT,130,84,85,100,36.5,3.8,3,0,327,False,False,False,False,RESTRICTED,PARAMEDIC_ASSISTED,user-paramedic-01
dcu-W-00196-20260928,worker-uuid-00196,W-00196,2026-09-28T18:30:00Z,NIGHT_SHIFT,120,79,82,98,36.1,5.5,4,0,241,False,False,False,False,FIT,PARAMEDIC_ASSISTED,user-paramedic-01
dcu-W-00196-20260929,worker-uuid-00196,W-00196,2026-09-29T18:30:00Z,NIGHT_SHIFT,133,90,81,97,36.5,4.3,1,0,287,False,False,False,False,RESTRICTED,SELF_SERVICE_KIOSK,
dcu-W-00196-20260930,worker-uuid-00196,W-00196,2026-09-30T18:30:00Z,NIGHT_SHIFT,130,89,87,98,36.2,3.7,1,0,314,False,False,False,False,RESTRICTED,SELF_SERVICE_KIOSK,
dcu-W-00196-20261001,worker-uuid-00196,W-00196,2026-10-01T18:30:00Z,NIGHT_SHIFT,133,86,80,97,36.6,3.9,3,0,364,False,False,False,False,RESTRICTED,PARAMEDIC_ASSISTED,user-paramedic-01
dcu-W-00196-20261002,worker-uuid-00196,W-00196,2026-10-02T18:30:00Z,NIGHT_SHIFT,130,79,86,97,36.6,6.2,3,0,290,False,False,False,False,FIT,SELF_SERVICE_KIOSK,
dcu-W-00196-20261003,worker-uuid-00196,W-00196,2026-10-03T18:30:00Z,NIGHT_SHIFT,135,88,86,96,36.7,5.3,4,0,328,False,False,False,False,FIT,SELF_SERVICE_KIOSK,
dcu-W-00196-20261004,worker-uuid-00196,W-00196,2026-10-04T18:30:00Z,NIGHT_SHIFT,132,82,85,98,36.7,5.8,4,0,309,False,False,False,False,FIT,SELF_SERVICE_KIOSK,
dcu-W-00196-20261005,worker-uuid-00196,W-00196,2026-10-05T18:30:00Z,NIGHT_SHIFT,126,78,92,99,36.5,5.4,1,0,283,False,False,False,False,FIT,PARAMEDIC_ASSISTED,user-paramedic-01
dcu-W-00196-20261006,worker-uuid-00196,W-00196,2026-10-06T18:30:00Z,NIGHT_SHIFT,133,85,92,97,37.2,5.1,3,0,301,False,False,False,False,FIT,SELF_SERVICE_KIOSK,
dcu-W-00196-20261007,worker-uuid-00196,W-00196,2026-10-07T18:30:00Z,NIGHT_SHIFT,127,73,81,97,36.0,7.0,1,0,364,False,False,False,False,FIT,PARAMEDIC_ASSISTED,user-paramedic-01
dcu-W-00196-20261008,worker-uuid-00196,W-00196,2026-10-08T06:30:00Z,DAY_SHIFT,119,74,75,98,36.5,5.5,2,0,233,False,False,False,False,FIT,PARAMEDIC_ASSISTED,user-paramedic-01
dcu-W-00196-20261009,worker-uuid-00196,W-00196,2026-10-09T06:30:00Z,DAY_SHIFT,129,81,81,98,36.4,6.4,0,0,216,False,False,False,False,FIT,SELF_SERVICE_KIOSK,
dcu-W-00196-20261010,worker-uuid-00196,W-00196,2026-10-10T06:30:00Z,DAY_SHIFT,121,70,79,98,36.3,6.7,0,0,190,False,False,False,False,FIT,SELF_SERVICE_KIOSK,
dcu-W-00196-20261011,worker-uuid-00196,W-00196,2026-10-11T06:30:00Z,DAY_SHIFT,117,75,82,98,36.6,7.9,1,0,255,False,False,False,False,FIT,SELF_SERVICE_KIOSK,
dcu-W-00196-20261012,worker-uuid-00196,W-00196,2026-10-12T06:30:00Z,DAY_SHIFT,121,83,76,97,36.4,7.0,2,0,248,False,False,False,False,FIT,SELF_SERVICE_KIOSK,
dcu-W-00196-20261013,worker-uuid-00196,W-00196,2026-10-13T06:30:00Z,DAY_SHIFT,128,83,77,97,36.9,7.9,1,0,215,False,False,False,False,FIT,SELF_SERVICE_KIOSK,
dcu-W-00196-20261014,worker-uuid-00196,W-00196,2026-10-14T06:30:00Z,DAY_SHIFT,118,75,75,97,36.8,8.1,2,0,266,False,False,False,False,FIT,PARAMEDIC_ASSISTED,user-paramedic-01
dcu-W-00196-20261015,worker-uuid-00196,W-00196,2026-10-15T06:30:00Z,DAY_SHIFT,126,81,76,100,36.3,7.9,0,0,228,False,False,False,False,FIT,SELF_SERVICE_KIOSK,
dcu-W-00196-20261016,worker-uuid-00196,W-00196,2026-10-16T06:30:00Z,DAY_SHIFT,120,77,81,97,36.7,6.4,0,0,181,False,False,False,False,FIT,SELF_SERVICE_KIOSK,
dcu-W-00196-20261018,worker-uuid-00196,W-00196,2026-10-18T06:30:00Z,DAY_SHIFT,117,70,71,97,36.4,6.3,1,0,251,False,False,False,False,FIT,SELF_SERVICE_KIOSK,
dcu-W-00196-20261019,worker-uuid-00196,W-00196,2026-10-19T06:30:00Z,DAY_SHIFT,118,73,71,100,37.0,6.7,1,0,231,False,False,False,False,FIT,SELF_SERVICE_KIOSK,
dcu-W-00196-20261020,worker-uuid-00196,W-00196,2026-10-20T06:30:00Z,DAY_SHIFT,127,77,76,97,36.8,8.5,1,0,235,False,False,False,False,FIT,PARAMEDIC_ASSISTED,user-paramedic-01
dcu-W-00196-20261021,worker-uuid-00196,W-00196,2026-10-21T06:30:00Z,DAY_SHIFT,126,79,79,96,36.1,6.1,0,0,259,False,False,False,False,FIT,SELF_SERVICE_KIOSK,
dcu-W-00196-20261022,worker-uuid-00196,W-00196,2026-10-22T18:30:00Z,NIGHT_SHIFT,142,93,88,97,36.3,4.3,3,0,340,False,False,False,False,RESTRICTED,PARAMEDIC_ASSISTED,user-paramedic-01
dcu-W-00196-20261023,worker-uuid-00196,W-00196,2026-10-23T18:30:00Z,NIGHT_SHIFT,135,84,87,98,36.7,3.7,3,0,305,False,False,False,False,RESTRICTED,PARAMEDIC_ASSISTED,user-paramedic-01
dcu-W-00196-20261024,worker-uuid-00196,W-00196,2026-10-24T18:30:00Z,NIGHT_SHIFT,130,79,85,98,36.4,3.8,3,0,262,False,False,False,False,RESTRICTED,SELF_SERVICE_KIOSK,
dcu-W-00196-20261025,worker-uuid-00196,W-00196,2026-10-25T18:30:00Z,NIGHT_SHIFT,124,74,85,97,36.5,6.4,1,0,347,False,False,False,False,FIT,PARAMEDIC_ASSISTED,user-paramedic-01
dcu-W-00196-20261026,worker-uuid-00196,W-00196,2026-10-26T18:30:00Z,NIGHT_SHIFT,129,83,91,97,36.5,4.1,4,0,274,False,False,True,False,RESTRICTED,SELF_SERVICE_KIOSK,
dcu-W-00196-20261028,worker-uuid-00196,W-00196,2026-10-28T18:30:00Z,NIGHT_SHIFT,137,84,82,98,36.4,5.4,4,0,329,False,False,False,False,FIT,SELF_SERVICE_KIOSK,
dcu-W-00196-20261029,worker-uuid-00196,W-00196,2026-10-29T18:30:00Z,NIGHT_SHIFT,127,78,85,97,37.1,5.2,2,0,281,False,False,False,False,FIT,PARAMEDIC_ASSISTED,user-paramedic-01
dcu-W-00196-20261030,worker-uuid-00196,W-00196,2026-10-30T18:30:00Z,NIGHT_SHIFT,130,86,83,96,36.6,4.1,4,0,301,False,False,True,False,RESTRICTED,SELF_SERVICE_KIOSK,
dcu-W-00196-20261031,worker-uuid-00196,W-00196,2026-10-31T18:30:00Z,NIGHT_SHIFT,127,80,88,95,36.6,4.5,4,0,278,False,False,False,False,FIT,SELF_SERVICE_KIOSK,
dcu-W-00196-20261101,worker-uuid-00196,W-00196,2026-11-01T18:30:00Z,NIGHT_SHIFT,131,83,85,98,36.1,3.1,4,0,372,False,False,False,False,RESTRICTED,SELF_SERVICE_KIOSK,
dcu-W-00196-20261102,worker-uuid-00196,W-00196,2026-11-02T18:30:00Z,NIGHT_SHIFT,123,79,88,97,36.6,4.3,1,0,295,False,False,False,False,RESTRICTED,SELF_SERVICE_KIOSK,
dcu-W-00196-20261103,worker-uuid-00196,W-00196,2026-11-03T18:30:00Z,NIGHT_SHIFT,131,83,82,98,37.0,6.3,3,0,312,False,False,False,False,FIT,SELF_SERVICE_KIOSK,
dcu-W-00196-20261104,worker-uuid-00196,W-00196,2026-11-04T18:30:00Z,NIGHT_SHIFT,123,73,87,97,36.6,4.1,2,0,333,False,False,False,False,RESTRICTED,SELF_SERVICE_KIOSK,
dcu-W-00196-20261106,worker-uuid-00196,W-00196,2026-11-06T06:30:00Z,DAY_SHIFT,125,80,66,97,37.0,6.5,0,0,193,False,False,False,False,FIT,SELF_SERVICE_KIOSK,
dcu-W-00196-20261107,worker-uuid-00196,W-00196,2026-11-07T06:30:00Z,DAY_SHIFT,120,79,79,97,36.7,5.1,1,0,209,False,False,False,False,FIT,SELF_SERVICE_KIOSK,
dcu-W-00196-20261108,worker-uuid-00196,W-00196,2026-11-08T06:30:00Z,DAY_SHIFT,114,68,74,95,36.4,5.8,0,0,238,False,False,False,False,FIT,SELF_SERVICE_KIOSK,
dcu-W-00196-20261110,worker-uuid-00196,W-00196,2026-11-10T06:30:00Z,DAY_SHIFT,128,81,79,97,37.0,8.5,0,0,254,False,False,False,False,FIT,PARAMEDIC_ASSISTED,user-paramedic-01
dcu-W-00196-20261111,worker-uuid-00196,W-00196,2026-11-11T06:30:00Z,DAY_SHIFT,120,80,80,98,36.9,7.4,0,0,269,False,False,False,False,FIT,PARAMEDIC_ASSISTED,user-paramedic-01
dcu-W-00196-20261112,worker-uuid-00196,W-00196,2026-11-12T06:30:00Z,DAY_SHIFT,120,80,83,98,36.7,6.9,1,0,251,False,False,False,False,FIT,SELF_SERVICE_KIOSK,
dcu-W-00196-20261113,worker-uuid-00196,W-00196,2026-11-13T06:30:00Z,DAY_SHIFT,120,76,74,98,36.1,6.9,0,0,201,False,False,False,False,FIT,SELF_SERVICE_KIOSK,
dcu-W-00196-20261114,worker-uuid-00196,W-00196,2026-11-14T06:30:00Z,DAY_SHIFT,118,69,75,99,36.5,9.0,1,0,252,False,False,False,False,FIT,SELF_SERVICE_KIOSK,
dcu-W-00196-20261115,worker-uuid-00196,W-00196,2026-11-15T06:30:00Z,DAY_SHIFT,128,87,69,98,35.7,6.7,2,0,241,False,False,False,False,FIT,SELF_SERVICE_KIOSK,
dcu-W-00196-20261116,worker-uuid-00196,W-00196,2026-11-16T06:30:00Z,DAY_SHIFT,121,83,75,96,36.8,7.5,0,0,218,False,False,False,False,FIT,SELF_SERVICE_KIOSK,
dcu-W-00196-20261117,worker-uuid-00196,W-00196,2026-11-17T06:30:00Z,DAY_SHIFT,121,74,77,98,36.7,5.1,2,0,294,False,False,False,False,FIT,PARAMEDIC_ASSISTED,user-paramedic-01
dcu-W-00196-20261118,worker-uuid-00196,W-00196,2026-11-18T06:30:00Z,DAY_SHIFT,123,78,71,100,36.5,7.2,0,0,245,False,False,False,False,FIT,SELF_SERVICE_KIOSK,
dcu-W-00196-20261119,worker-uuid-00196,W-00196,2026-11-19T18:30:00Z,NIGHT_SHIFT,127,76,76,99,36.9,6.0,2,0,315,False,False,False,False,FIT,PARAMEDIC_ASSISTED,user-paramedic-01
dcu-W-00196-20261120,worker-uuid-00196,W-00196,2026-11-20T18:30:00Z,NIGHT_SHIFT,142,81,84,100,36.6,4.1,2,0,306,False,False,False,False,RESTRICTED,PARAMEDIC_ASSISTED,user-paramedic-01
dcu-W-00196-20261121,worker-uuid-00196,W-00196,2026-11-21T18:30:00Z,NIGHT_SHIFT,125,79,84,96,36.0,4.8,1,0,331,False,False,False,False,FIT,SELF_SERVICE_KIOSK,
dcu-W-00196-20261122,worker-uuid-00196,W-00196,2026-11-22T18:30:00Z,NIGHT_SHIFT,138,84,90,99,36.1,4.9,2,0,247,False,False,False,False,FIT,SELF_SERVICE_KIOSK,
dcu-W-00196-20261124,worker-uuid-00196,W-00196,2026-11-24T18:30:00Z,NIGHT_SHIFT,124,74,87,98,36.4,5.7,4,0,250,False,False,False,False,FIT,PARAMEDIC_ASSISTED,user-paramedic-01
dcu-W-00196-20261125,worker-uuid-00196,W-00196,2026-11-25T18:30:00Z,NIGHT_SHIFT,131,79,78,96,36.4,4.3,4,0,282,False,False,False,False,RESTRICTED,PARAMEDIC_ASSISTED,user-paramedic-01
dcu-W-00196-20261126,worker-uuid-00196,W-00196,2026-11-26T18:30:00Z,NIGHT_SHIFT,128,81,85,97,36.7,4.7,4,0,275,False,False,False,False,FIT,PARAMEDIC_ASSISTED,user-paramedic-01
dcu-W-00196-20261127,worker-uuid-00196,W-00196,2026-11-27T18:30:00Z,NIGHT_SHIFT,120,73,87,98,36.6,6.1,3,0,319,False,False,False,False,FIT,PARAMEDIC_ASSISTED,user-paramedic-01
dcu-W-00196-20261128,worker-uuid-00196,W-00196,2026-11-28T18:30:00Z,NIGHT_SHIFT,126,78,89,97,36.5,6.8,2,0,322,False,False,False,False,FIT,PARAMEDIC_ASSISTED,user-paramedic-01
dcu-W-00196-20261129,worker-uuid-00196,W-00196,2026-11-29T18:30:00Z,NIGHT_SHIFT,130,82,82,98,36.0,6.8,3,0,267,False,False,False,False,FIT,SELF_SERVICE_KIOSK,
dcu-W-00196-20261201,worker-uuid-00196,W-00196,2026-12-01T18:30:00Z,NIGHT_SHIFT,120,80,90,98,36.5,5.0,4,0,300,False,False,False,False,FIT,SELF_SERVICE_KIOSK,
dcu-W-00196-20261202,worker-uuid-00196,W-00196,2026-12-02T18:30:00Z,NIGHT_SHIFT,128,73,85,98,36.6,5.4,4,0,361,False,False,False,False,FIT,PARAMEDIC_ASSISTED,user-paramedic-01
dcu-W-00196-20261203,worker-uuid-00196,W-00196,2026-12-03T06:30:00Z,DAY_SHIFT,120,74,83,98,36.7,7.9,0,0,233,False,False,False,False,FIT,SELF_SERVICE_KIOSK,
dcu-W-00196-20261204,worker-uuid-00196,W-00196,2026-12-04T06:30:00Z,DAY_SHIFT,120,73,73,98,36.9,6.6,1,0,274,False,False,False,False,FIT,SELF_SERVICE_KIOSK,
dcu-W-00196-20261205,worker-uuid-00196,W-00196,2026-12-05T06:30:00Z,DAY_SHIFT,129,84,74,98,36.5,6.2,2,0,222,False,False,False,False,FIT,SELF_SERVICE_KIOSK,
dcu-W-00196-20261206,worker-uuid-00196,W-00196,2026-12-06T06:30:00Z,DAY_SHIFT,122,68,80,97,36.5,8.2,1,0,230,False,False,False,False,FIT,PARAMEDIC_ASSISTED,user-paramedic-01
dcu-W-00196-20261207,worker-uuid-00196,W-00196,2026-12-07T06:30:00Z,DAY_SHIFT,116,75,70,95,36.4,7.1,2,0,239,False,False,False,False,FIT,SELF_SERVICE_KIOSK,
dcu-W-00196-20261208,worker-uuid-00196,W-00196,2026-12-08T06:30:00Z,DAY_SHIFT,130,81,76,97,36.5,8.6,2,0,232,False,False,False,False,FIT,SELF_SERVICE_KIOSK,
dcu-W-00196-20261211,worker-uuid-00196,W-00196,2026-12-11T06:30:00Z,DAY_SHIFT,115,66,70,96,36.7,6.3,1,0,173,False,False,False,False,FIT,SELF_SERVICE_KIOSK,
dcu-W-00196-20261212,worker-uuid-00196,W-00196,2026-12-12T06:30:00Z,DAY_SHIFT,127,78,80,99,36.4,7.3,1,0,218,False,False,False,False,FIT,SELF_SERVICE_KIOSK,
dcu-W-00196-20261213,worker-uuid-00196,W-00196,2026-12-13T06:30:00Z,DAY_SHIFT,134,88,78,95,36.2,6.6,2,0,241,False,False,False,False,FIT,SELF_SERVICE_KIOSK,
dcu-W-00196-20261214,worker-uuid-00196,W-00196,2026-12-14T06:30:00Z,DAY_SHIFT,120,74,76,99,36.5,7.4,2,0,264,False,False,False,False,FIT,SELF_SERVICE_KIOSK,
dcu-W-00196-20261216,worker-uuid-00196,W-00196,2026-12-16T06:30:00Z,DAY_SHIFT,119,82,80,98,36.4,7.3,2,0,279,False,False,False,False,FIT,SELF_SERVICE_KIOSK,
dcu-W-00196-20261217,worker-uuid-00196,W-00196,2026-12-17T18:30:00Z,NIGHT_SHIFT,130,87,81,97,36.7,6.0,1,0,312,False,False,False,False,FIT,SELF_SERVICE_KIOSK,
dcu-W-00196-20261218,worker-uuid-00196,W-00196,2026-12-18T18:30:00Z,NIGHT_SHIFT,124,77,89,99,36.8,4.0,4,0,320,False,False,False,False,RESTRICTED,SELF_SERVICE_KIOSK,
dcu-W-00196-20261221,worker-uuid-00196,W-00196,2026-12-21T18:30:00Z,NIGHT_SHIFT,139,84,90,96,35.9,4.7,3,0,359,False,False,False,False,FIT,SELF_SERVICE_KIOSK,
dcu-W-00196-20261222,worker-uuid-00196,W-00196,2026-12-22T18:30:00Z,NIGHT_SHIFT,145,94,84,99,36.2,3.4,1,0,316,False,False,True,False,RESTRICTED,SELF_SERVICE_KIOSK,
dcu-W-00196-20261224,worker-uuid-00196,W-00196,2026-12-24T18:30:00Z,NIGHT_SHIFT,127,78,91,98,36.8,5.3,2,0,304,False,False,False,False,FIT,PARAMEDIC_ASSISTED,user-paramedic-01
dcu-W-00196-20261225,worker-uuid-00196,W-00196,2026-12-25T18:30:00Z,NIGHT_SHIFT,117,71,92,97,36.9,5.6,3,0,323,False,False,False,False,FIT,PARAMEDIC_ASSISTED,user-paramedic-01
dcu-W-00196-20261228,worker-uuid-00196,W-00196,2026-12-28T18:30:00Z,NIGHT_SHIFT,129,86,85,95,36.6,4.4,3,0,317,False,False,False,False,RESTRICTED,SELF_SERVICE_KIOSK,
dcu-W-00196-20261229,worker-uuid-00196,W-00196,2026-12-29T18:30:00Z,NIGHT_SHIFT,130,82,89,98,36.5,5.3,3,0,292,False,False,False,False,FIT,SELF_SERVICE_KIOSK,
dcu-W-00196-20261230,worker-uuid-00196,W-00196,2026-12-30T18:30:00Z,NIGHT_SHIFT,136,81,86,97,37.1,5.3,4,0,308,False,False,False,False,FIT,SELF_SERVICE_KIOSK,
dcu-W-00197-20260101,worker-uuid-00197,W-00197,2026-01-01T06:30:00Z,DAY_SHIFT,153,91,70,98,36.2,6.4,1,0,185,False,False,False,False,RESTRICTED,SELF_SERVICE_KIOSK,
dcu-W-00197-20260103,worker-uuid-00197,W-00197,2026-01-03T06:30:00Z,DAY_SHIFT,146,89,71,97,36.3,6.4,2,0,272,False,False,False,False,FIT,PARAMEDIC_ASSISTED,user-paramedic-01
dcu-W-00197-20260104,worker-uuid-00197,W-00197,2026-01-04T06:30:00Z,DAY_SHIFT,153,90,73,97,36.6,6.2,2,0,287,False,False,False,False,RESTRICTED,PARAMEDIC_ASSISTED,user-paramedic-01
dcu-W-00197-20260106,worker-uuid-00197,W-00197,2026-01-06T06:30:00Z,DAY_SHIFT,158,104,71,98,35.5,7.0,1,0,225,False,False,False,False,RESTRICTED,SELF_SERVICE_KIOSK,
dcu-W-00197-20260107,worker-uuid-00197,W-00197,2026-01-07T06:30:00Z,DAY_SHIFT,145,86,77,99,36.3,6.7,2,0,239,False,False,False,False,FIT,PARAMEDIC_ASSISTED,user-paramedic-01
dcu-W-00197-20260108,worker-uuid-00197,W-00197,2026-01-08T06:30:00Z,DAY_SHIFT,155,98,71,98,36.5,7.5,0,0,222,False,False,False,False,RESTRICTED,SELF_SERVICE_KIOSK,
dcu-W-00197-20260109,worker-uuid-00197,W-00197,2026-01-09T06:30:00Z,DAY_SHIFT,153,90,70,97,36.5,7.3,2,0,221,False,False,True,False,RESTRICTED,PARAMEDIC_ASSISTED,user-paramedic-01
dcu-W-00197-20260110,worker-uuid-00197,W-00197,2026-01-10T06:30:00Z,DAY_SHIFT,155,99,72,97,36.8,7.1,0,0,241,False,False,False,False,RESTRICTED,PARAMEDIC_ASSISTED,user-paramedic-01
dcu-W-00197-20260111,worker-uuid-00197,W-00197,2026-01-11T06:30:00Z,DAY_SHIFT,154,89,72,97,36.6,7.4,2,0,215,False,False,False,False,RESTRICTED,SELF_SERVICE_KIOSK,
dcu-W-00197-20260112,worker-uuid-00197,W-00197,2026-01-12T06:30:00Z,DAY_SHIFT,155,103,73,99,35.8,7.0,1,0,223,False,False,False,False,RESTRICTED,SELF_SERVICE_KIOSK,
dcu-W-00197-20260113,worker-uuid-00197,W-00197,2026-01-13T06:30:00Z,DAY_SHIFT,151,97,67,98,36.2,7.0,1,0,204,False,False,False,False,RESTRICTED,SELF_SERVICE_KIOSK,
dcu-W-00197-20260115,worker-uuid-00197,W-00197,2026-01-15T18:30:00Z,NIGHT_SHIFT,147,92,70,97,36.2,5.9,1,0,283,False,False,False,False,FIT,SELF_SERVICE_KIOSK,
dcu-W-00197-20260116,worker-uuid-00197,W-00197,2026-01-16T18:30:00Z,NIGHT_SHIFT,161,100,73,97,36.4,4.4,2,0,276,False,False,False,False,RESTRICTED,SELF_SERVICE_KIOSK,
dcu-W-00197-20260117,worker-uuid-00197,W-00197,2026-01-17T18:30:00Z,NIGHT_SHIFT,161,101,76,97,36.7,5.3,4,0,314,False,False,True,False,RESTRICTED,PARAMEDIC_ASSISTED,user-paramedic-01
dcu-W-00197-20260118,worker-uuid-00197,W-00197,2026-01-18T18:30:00Z,NIGHT_SHIFT,160,106,76,97,37.0,5.0,4,0,269,False,False,False,False,RESTRICTED,PARAMEDIC_ASSISTED,user-paramedic-01
dcu-W-00197-20260119,worker-uuid-00197,W-00197,2026-01-19T18:30:00Z,NIGHT_SHIFT,159,100,69,98,37.2,4.3,3,0,301,False,False,False,False,RESTRICTED,PARAMEDIC_ASSISTED,user-paramedic-01
dcu-W-00197-20260120,worker-uuid-00197,W-00197,2026-01-20T18:30:00Z,NIGHT_SHIFT,153,92,73,98,36.8,5.8,4,0,306,False,False,False,False,RESTRICTED,SELF_SERVICE_KIOSK,
dcu-W-00197-20260121,worker-uuid-00197,W-00197,2026-01-21T18:30:00Z,NIGHT_SHIFT,159,97,75,98,37.1,4.5,4,0,306,False,False,False,False,RESTRICTED,SELF_SERVICE_KIOSK,
dcu-W-00197-20260122,worker-uuid-00197,W-00197,2026-01-22T18:30:00Z,NIGHT_SHIFT,158,94,73,98,36.4,4.0,1,0,369,False,False,False,False,RESTRICTED,PARAMEDIC_ASSISTED,user-paramedic-01
dcu-W-00197-20260123,worker-uuid-00197,W-00197,2026-01-23T18:30:00Z,NIGHT_SHIFT,171,106,77,97,36.8,4.7,2,0,280,False,False,False,False,RESTRICTED,SELF_SERVICE_KIOSK,
dcu-W-00197-20260125,worker-uuid-00197,W-00197,2026-01-25T18:30:00Z,NIGHT_SHIFT,152,92,71,98,36.2,6.1,3,0,295,False,False,False,False,RESTRICTED,SELF_SERVICE_KIOSK,
dcu-W-00197-20260126,worker-uuid-00197,W-00197,2026-01-26T18:30:00Z,NIGHT_SHIFT,172,106,83,96,36.5,4.8,1,0,316,False,False,False,False,RESTRICTED,SELF_SERVICE_KIOSK,
dcu-W-00197-20260127,worker-uuid-00197,W-00197,2026-01-27T18:30:00Z,NIGHT_SHIFT,159,99,75,99,36.4,6.3,1,0,285,False,False,False,False,RESTRICTED,SELF_SERVICE_KIOSK,
dcu-W-00197-20260128,worker-uuid-00197,W-00197,2026-01-28T18:30:00Z,NIGHT_SHIFT,170,111,77,98,36.5,4.2,1,0,275,False,False,True,False,UNFIT,SELF_SERVICE_KIOSK,
dcu-W-00197-20260129,worker-uuid-00197,W-00197,2026-01-29T06:30:00Z,DAY_SHIFT,150,89,76,96,36.7,5.6,1,0,182,False,False,True,False,RESTRICTED,SELF_SERVICE_KIOSK,
dcu-W-00197-20260130,worker-uuid-00197,W-00197,2026-01-30T06:30:00Z,DAY_SHIFT,151,92,62,98,37.0,6.9,0,0,223,False,False,False,False,RESTRICTED,SELF_SERVICE_KIOSK,
dcu-W-00197-20260202,worker-uuid-00197,W-00197,2026-02-02T06:30:00Z,DAY_SHIFT,152,99,63,98,36.6,7.4,0,0,273,False,False,False,False,RESTRICTED,SELF_SERVICE_KIOSK,
dcu-W-00197-20260203,worker-uuid-00197,W-00197,2026-02-03T06:30:00Z,DAY_SHIFT,151,90,72,98,36.4,7.6,2,0,213,False,False,False,False,RESTRICTED,SELF_SERVICE_KIOSK,
dcu-W-00197-20260204,worker-uuid-00197,W-00197,2026-02-04T06:30:00Z,DAY_SHIFT,155,98,71,96,36.6,7.3,0,0,228,False,False,False,False,RESTRICTED,SELF_SERVICE_KIOSK,
dcu-W-00197-20260205,worker-uuid-00197,W-00197,2026-02-05T06:30:00Z,DAY_SHIFT,147,94,67,99,36.7,7.8,1,0,207,False,False,False,False,FIT,SELF_SERVICE_KIOSK,
dcu-W-00197-20260206,worker-uuid-00197,W-00197,2026-02-06T06:30:00Z,DAY_SHIFT,143,87,63,98,36.2,6.8,1,0,254,False,False,False,False,FIT,PARAMEDIC_ASSISTED,user-paramedic-01
dcu-W-00197-20260208,worker-uuid-00197,W-00197,2026-02-08T06:30:00Z,DAY_SHIFT,137,89,72,99,37.1,5.9,1,0,250,False,False,False,False,FIT,SELF_SERVICE_KIOSK,
dcu-W-00197-20260209,worker-uuid-00197,W-00197,2026-02-09T06:30:00Z,DAY_SHIFT,138,75,78,100,36.7,7.6,1,0,240,False,False,False,False,FIT,SELF_SERVICE_KIOSK,
dcu-W-00197-20260210,worker-uuid-00197,W-00197,2026-02-10T06:30:00Z,DAY_SHIFT,136,88,75,100,36.6,7.1,2,0,244,False,False,False,False,FIT,SELF_SERVICE_KIOSK,
dcu-W-00197-20260213,worker-uuid-00197,W-00197,2026-02-13T18:30:00Z,NIGHT_SHIFT,153,90,77,99,36.1,6.7,2,0,324,False,False,False,False,RESTRICTED,SELF_SERVICE_KIOSK,
dcu-W-00197-20260214,worker-uuid-00197,W-00197,2026-02-14T18:30:00Z,NIGHT_SHIFT,158,94,82,98,36.5,6.4,2,0,303,False,False,False,False,RESTRICTED,SELF_SERVICE_KIOSK,
dcu-W-00197-20260215,worker-uuid-00197,W-00197,2026-02-15T18:30:00Z,NIGHT_SHIFT,164,106,80,97,36.8,6.2,3,0,285,False,False,True,False,RESTRICTED,SELF_SERVICE_KIOSK,
dcu-W-00197-20260216,worker-uuid-00197,W-00197,2026-02-16T18:30:00Z,NIGHT_SHIFT,167,107,83,98,36.7,6.0,4,0,278,False,False,True,False,UNFIT,SELF_SERVICE_KIOSK,
dcu-W-00197-20260217,worker-uuid-00197,W-00197,2026-02-17T18:30:00Z,NIGHT_SHIFT,169,113,69,99,36.9,4.8,4,0,341,False,False,True,False,RESTRICTED,PARAMEDIC_ASSISTED,user-paramedic-01
dcu-W-00197-20260218,worker-uuid-00197,W-00197,2026-02-18T18:30:00Z,NIGHT_SHIFT,157,96,78,97,36.9,5.7,3,0,387,False,False,False,False,RESTRICTED,SELF_SERVICE_KIOSK,
dcu-W-00197-20260219,worker-uuid-00197,W-00197,2026-02-19T18:30:00Z,NIGHT_SHIFT,160,99,71,99,36.2,5.7,4,0,301,False,False,False,False,RESTRICTED,SELF_SERVICE_KIOSK,
dcu-W-00197-20260220,worker-uuid-00197,W-00197,2026-02-20T18:30:00Z,NIGHT_SHIFT,163,99,71,98,36.5,4.8,4,0,345,False,False,False,False,RESTRICTED,SELF_SERVICE_KIOSK,
dcu-W-00197-20260221,worker-uuid-00197,W-00197,2026-02-21T18:30:00Z,NIGHT_SHIFT,166,95,69,99,36.0,4.6,1,0,358,False,False,True,False,UNFIT,PARAMEDIC_ASSISTED,user-paramedic-01
dcu-W-00197-20260222,worker-uuid-00197,W-00197,2026-02-22T18:30:00Z,NIGHT_SHIFT,162,97,74,97,36.7,4.3,4,0,317,False,False,False,False,RESTRICTED,PARAMEDIC_ASSISTED,user-paramedic-01
dcu-W-00197-20260223,worker-uuid-00197,W-00197,2026-02-23T18:30:00Z,NIGHT_SHIFT,151,92,83,97,35.8,5.6,3,0,311,False,False,False,False,RESTRICTED,SELF_SERVICE_KIOSK,
dcu-W-00197-20260224,worker-uuid-00197,W-00197,2026-02-24T18:30:00Z,NIGHT_SHIFT,152,93,78,98,36.8,6.2,3,0,337,False,False,False,False,RESTRICTED,SELF_SERVICE_KIOSK,
dcu-W-00197-20260225,worker-uuid-00197,W-00197,2026-02-25T18:30:00Z,NIGHT_SHIFT,165,102,76,98,36.6,4.4,3,0,338,False,False,True,False,RESTRICTED,SELF_SERVICE_KIOSK,
dcu-W-00197-20260227,worker-uuid-00197,W-00197,2026-02-27T06:30:00Z,DAY_SHIFT,152,97,71,97,36.4,6.5,1,0,212,False,False,False,False,RESTRICTED,SELF_SERVICE_KIOSK,
dcu-W-00197-20260228,worker-uuid-00197,W-00197,2026-02-28T06:30:00Z,DAY_SHIFT,161,103,72,96,36.6,7.1,2,0,230,False,False,False,False,RESTRICTED,SELF_SERVICE_KIOSK,
dcu-W-00197-20260301,worker-uuid-00197,W-00197,2026-03-01T06:30:00Z,DAY_SHIFT,155,97,65,97,36.3,7.0,1,0,239,False,False,False,False,RESTRICTED,SELF_SERVICE_KIOSK,
dcu-W-00197-20260302,worker-uuid-00197,W-00197,2026-03-02T06:30:00Z,DAY_SHIFT,143,87,73,98,36.0,7.7,0,0,249,False,False,False,False,FIT,SELF_SERVICE_KIOSK,
dcu-W-00197-20260303,worker-uuid-00197,W-00197,2026-03-03T06:30:00Z,DAY_SHIFT,152,96,66,97,36.6,6.3,2,0,271,False,False,False,False,RESTRICTED,SELF_SERVICE_KIOSK,
dcu-W-00197-20260304,worker-uuid-00197,W-00197,2026-03-04T06:30:00Z,DAY_SHIFT,150,94,74,98,36.5,6.9,0,0,252,False,False,False,False,RESTRICTED,SELF_SERVICE_KIOSK,
dcu-W-00197-20260305,worker-uuid-00197,W-00197,2026-03-05T06:30:00Z,DAY_SHIFT,158,99,70,99,36.2,7.0,2,0,243,False,False,True,False,RESTRICTED,SELF_SERVICE_KIOSK,
dcu-W-00197-20260306,worker-uuid-00197,W-00197,2026-03-06T06:30:00Z,DAY_SHIFT,157,90,75,99,36.8,5.5,2,0,191,False,False,True,False,RESTRICTED,SELF_SERVICE_KIOSK,
dcu-W-00197-20260308,worker-uuid-00197,W-00197,2026-03-08T06:30:00Z,DAY_SHIFT,149,92,71,97,36.4,7.0,2,0,217,False,False,False,False,FIT,PARAMEDIC_ASSISTED,user-paramedic-01
dcu-W-00197-20260309,worker-uuid-00197,W-00197,2026-03-09T06:30:00Z,DAY_SHIFT,167,104,75,97,36.7,7.0,0,0,276,False,False,True,False,RESTRICTED,PARAMEDIC_ASSISTED,user-paramedic-01
dcu-W-00197-20260310,worker-uuid-00197,W-00197,2026-03-10T06:30:00Z,DAY_SHIFT,160,101,71,98,37.0,6.7,2,0,264,False,False,True,False,RESTRICTED,SELF_SERVICE_KIOSK,
dcu-W-00197-20260311,worker-uuid-00197,W-00197,2026-03-11T06:30:00Z,DAY_SHIFT,145,96,71,97,36.3,5.0,1,0,196,False,False,False,False,RESTRICTED,SELF_SERVICE_KIOSK,
dcu-W-00197-20260312,worker-uuid-00197,W-00197,2026-03-12T18:30:00Z,NIGHT_SHIFT,157,94,79,99,36.9,6.1,3,0,376,False,False,False,False,RESTRICTED,SELF_SERVICE_KIOSK,
dcu-W-00197-20260313,worker-uuid-00197,W-00197,2026-03-13T18:30:00Z,NIGHT_SHIFT,152,92,77,98,36.4,6.0,3,0,285,False,False,True,False,RESTRICTED,SELF_SERVICE_KIOSK,
dcu-W-00197-20260314,worker-uuid-00197,W-00197,2026-03-14T18:30:00Z,NIGHT_SHIFT,151,94,81,98,35.8,7.1,1,0,302,False,False,False,False,RESTRICTED,SELF_SERVICE_KIOSK,
dcu-W-00197-20260315,worker-uuid-00197,W-00197,2026-03-15T18:30:00Z,NIGHT_SHIFT,155,95,72,100,36.8,5.5,4,0,302,False,False,False,False,RESTRICTED,SELF_SERVICE_KIOSK,
dcu-W-00197-20260317,worker-uuid-00197,W-00197,2026-03-17T18:30:00Z,NIGHT_SHIFT,167,106,79,97,36.3,4.8,4,0,302,False,False,True,False,RESTRICTED,SELF_SERVICE_KIOSK,
dcu-W-00197-20260318,worker-uuid-00197,W-00197,2026-03-18T18:30:00Z,NIGHT_SHIFT,157,97,75,98,36.5,5.7,2,0,277,False,False,False,False,RESTRICTED,SELF_SERVICE_KIOSK,
dcu-W-00197-20260319,worker-uuid-00197,W-00197,2026-03-19T18:30:00Z,NIGHT_SHIFT,156,98,77,98,36.8,6.6,1,0,353,False,False,False,False,RESTRICTED,SELF_SERVICE_KIOSK,
dcu-W-00197-20260321,worker-uuid-00197,W-00197,2026-03-21T18:30:00Z,NIGHT_SHIFT,167,101,74,98,36.0,4.8,4,0,259,False,False,False,False,RESTRICTED,PARAMEDIC_ASSISTED,user-paramedic-01
dcu-W-00197-20260322,worker-uuid-00197,W-00197,2026-03-22T18:30:00Z,NIGHT_SHIFT,145,93,81,96,36.2,5.5,1,0,299,False,False,False,False,FIT,PARAMEDIC_ASSISTED,user-paramedic-01
dcu-W-00197-20260323,worker-uuid-00197,W-00197,2026-03-23T18:30:00Z,NIGHT_SHIFT,159,98,77,99,36.5,5.3,1,0,267,False,False,True,False,RESTRICTED,SELF_SERVICE_KIOSK,
dcu-W-00197-20260324,worker-uuid-00197,W-00197,2026-03-24T18:30:00Z,NIGHT_SHIFT,157,97,75,98,36.3,6.7,3,0,289,False,False,False,False,RESTRICTED,SELF_SERVICE_KIOSK,
dcu-W-00197-20260325,worker-uuid-00197,W-00197,2026-03-25T18:30:00Z,NIGHT_SHIFT,154,99,81,97,36.5,5.6,3,0,331,False,False,False,False,RESTRICTED,PARAMEDIC_ASSISTED,user-paramedic-01
dcu-W-00197-20260326,worker-uuid-00197,W-00197,2026-03-26T06:30:00Z,DAY_SHIFT,151,96,73,98,36.7,7.9,0,0,207,False,False,False,False,RESTRICTED,SELF_SERVICE_KIOSK,
dcu-W-00197-20260327,worker-uuid-00197,W-00197,2026-03-27T06:30:00Z,DAY_SHIFT,149,90,74,96,36.5,7.3,2,0,238,False,False,False,False,FIT,SELF_SERVICE_KIOSK,
dcu-W-00197-20260328,worker-uuid-00197,W-00197,2026-03-28T06:30:00Z,DAY_SHIFT,162,102,69,97,36.2,6.3,0,0,256,False,False,False,False,RESTRICTED,PARAMEDIC_ASSISTED,user-paramedic-01
dcu-W-00197-20260329,worker-uuid-00197,W-00197,2026-03-29T06:30:00Z,DAY_SHIFT,155,97,71,100,36.3,6.9,1,0,267,False,False,False,False,RESTRICTED,SELF_SERVICE_KIOSK,
dcu-W-00197-20260330,worker-uuid-00197,W-00197,2026-03-30T06:30:00Z,DAY_SHIFT,155,102,62,97,36.6,6.4,2,0,224,False,False,False,False,RESTRICTED,PARAMEDIC_ASSISTED,user-paramedic-01
dcu-W-00197-20260331,worker-uuid-00197,W-00197,2026-03-31T06:30:00Z,DAY_SHIFT,153,90,78,98,36.7,6.5,2,0,236,False,False,False,False,RESTRICTED,SELF_SERVICE_KIOSK,
dcu-W-00197-20260403,worker-uuid-00197,W-00197,2026-04-03T06:30:00Z,DAY_SHIFT,156,94,69,98,36.8,7.8,2,0,203,False,False,False,False,RESTRICTED,PARAMEDIC_ASSISTED,user-paramedic-01
dcu-W-00197-20260404,worker-uuid-00197,W-00197,2026-04-04T06:30:00Z,DAY_SHIFT,151,97,75,97,36.2,7.3,1,0,302,False,False,False,False,RESTRICTED,PARAMEDIC_ASSISTED,user-paramedic-01
dcu-W-00197-20260405,worker-uuid-00197,W-00197,2026-04-05T06:30:00Z,DAY_SHIFT,152,99,74,97,36.5,7.1,1,0,231,False,False,True,False,RESTRICTED,PARAMEDIC_ASSISTED,user-paramedic-01
dcu-W-00197-20260406,worker-uuid-00197,W-00197,2026-04-06T06:30:00Z,DAY_SHIFT,150,89,68,97,37.1,7.7,0,0,214,False,False,False,False,RESTRICTED,SELF_SERVICE_KIOSK,
dcu-W-00197-20260407,worker-uuid-00197,W-00197,2026-04-07T06:30:00Z,DAY_SHIFT,162,100,67,100,36.3,7.7,0,0,239,False,False,False,False,RESTRICTED,SELF_SERVICE_KIOSK,
dcu-W-00197-20260408,worker-uuid-00197,W-00197,2026-04-08T06:30:00Z,DAY_SHIFT,154,91,66,97,36.5,6.7,1,0,236,False,False,False,False,RESTRICTED,SELF_SERVICE_KIOSK,
dcu-W-00197-20260409,worker-uuid-00197,W-00197,2026-04-09T18:30:00Z,NIGHT_SHIFT,153,97,81,99,36.9,4.7,4,0,344,False,False,False,False,RESTRICTED,PARAMEDIC_ASSISTED,user-paramedic-01
dcu-W-00197-20260410,worker-uuid-00197,W-00197,2026-04-10T18:30:00Z,NIGHT_SHIFT,155,98,74,98,36.9,6.3,3,0,318,False,False,False,False,RESTRICTED,PARAMEDIC_ASSISTED,user-paramedic-01
dcu-W-00197-20260412,worker-uuid-00197,W-00197,2026-04-12T18:30:00Z,NIGHT_SHIFT,161,93,77,97,36.4,5.3,1,0,325,False,False,False,False,RESTRICTED,PARAMEDIC_ASSISTED,user-paramedic-01
dcu-W-00197-20260413,worker-uuid-00197,W-00197,2026-04-13T18:30:00Z,NIGHT_SHIFT,163,100,82,98,36.3,5.2,4,0,342,False,False,True,False,RESTRICTED,SELF_SERVICE_KIOSK,
dcu-W-00197-20260414,worker-uuid-00197,W-00197,2026-04-14T18:30:00Z,NIGHT_SHIFT,160,99,84,98,36.7,4.7,3,0,361,False,False,False,False,RESTRICTED,PARAMEDIC_ASSISTED,user-paramedic-01
dcu-W-00197-20260415,worker-uuid-00197,W-00197,2026-04-15T18:30:00Z,NIGHT_SHIFT,159,102,79,98,36.1,6.3,4,0,307,False,False,True,False,RESTRICTED,PARAMEDIC_ASSISTED,user-paramedic-01
dcu-W-00197-20260416,worker-uuid-00197,W-00197,2026-04-16T18:30:00Z,NIGHT_SHIFT,153,104,76,99,36.1,6.8,2,0,279,False,False,False,False,RESTRICTED,PARAMEDIC_ASSISTED,user-paramedic-01
dcu-W-00197-20260417,worker-uuid-00197,W-00197,2026-04-17T18:30:00Z,NIGHT_SHIFT,164,109,74,97,36.8,5.3,3,0,333,False,False,False,False,RESTRICTED,PARAMEDIC_ASSISTED,user-paramedic-01
dcu-W-00197-20260418,worker-uuid-00197,W-00197,2026-04-18T18:30:00Z,NIGHT_SHIFT,151,102,76,99,36.7,7.8,1,0,356,False,False,False,False,RESTRICTED,SELF_SERVICE_KIOSK,
dcu-W-00197-20260419,worker-uuid-00197,W-00197,2026-04-19T18:30:00Z,NIGHT_SHIFT,157,92,76,100,36.5,7.3,1,0,314,False,False,False,False,RESTRICTED,PARAMEDIC_ASSISTED,user-paramedic-01
dcu-W-00197-20260420,worker-uuid-00197,W-00197,2026-04-20T18:30:00Z,NIGHT_SHIFT,158,98,74,97,36.2,4.5,3,0,314,False,False,False,False,RESTRICTED,SELF_SERVICE_KIOSK,
dcu-W-00197-20260421,worker-uuid-00197,W-00197,2026-04-21T18:30:00Z,NIGHT_SHIFT,162,103,73,97,36.5,5.3,1,0,259,False,False,False,False,RESTRICTED,SELF_SERVICE_KIOSK,
dcu-W-00197-20260422,worker-uuid-00197,W-00197,2026-04-22T18:30:00Z,NIGHT_SHIFT,162,101,77,97,36.5,5.1,4,0,290,False,False,True,False,RESTRICTED,PARAMEDIC_ASSISTED,user-paramedic-01
dcu-W-00197-20260424,worker-uuid-00197,W-00197,2026-04-24T06:30:00Z,DAY_SHIFT,151,96,62,97,36.9,7.2,1,0,246,False,False,False,False,RESTRICTED,SELF_SERVICE_KIOSK,
dcu-W-00197-20260425,worker-uuid-00197,W-00197,2026-04-25T06:30:00Z,DAY_SHIFT,148,88,75,96,36.9,7.2,0,0,252,False,False,False,False,FIT,SELF_SERVICE_KIOSK,
dcu-W-00197-20260426,worker-uuid-00197,W-00197,2026-04-26T06:30:00Z,DAY_SHIFT,157,104,65,99,36.4,7.3,0,0,209,False,False,False,False,RESTRICTED,SELF_SERVICE_KIOSK,
dcu-W-00197-20260427,worker-uuid-00197,W-00197,2026-04-27T06:30:00Z,DAY_SHIFT,151,95,69,99,36.2,7.8,1,0,217,False,False,False,False,RESTRICTED,SELF_SERVICE_KIOSK,
dcu-W-00197-20260428,worker-uuid-00197,W-00197,2026-04-28T06:30:00Z,DAY_SHIFT,150,100,70,99,36.4,8.9,1,0,254,False,False,False,False,RESTRICTED,SELF_SERVICE_KIOSK,
dcu-W-00197-20260429,worker-uuid-00197,W-00197,2026-04-29T06:30:00Z,DAY_SHIFT,159,99,72,98,36.6,7.1,0,0,222,False,False,False,False,RESTRICTED,PARAMEDIC_ASSISTED,user-paramedic-01
dcu-W-00197-20260430,worker-uuid-00197,W-00197,2026-04-30T06:30:00Z,DAY_SHIFT,151,90,63,99,36.7,5.8,2,0,241,False,False,False,False,RESTRICTED,PARAMEDIC_ASSISTED,user-paramedic-01
dcu-W-00197-20260501,worker-uuid-00197,W-00197,2026-05-01T06:30:00Z,DAY_SHIFT,145,95,61,97,36.4,7.2,0,0,240,False,False,False,False,RESTRICTED,PARAMEDIC_ASSISTED,user-paramedic-01
dcu-W-00197-20260502,worker-uuid-00197,W-00197,2026-05-02T06:30:00Z,DAY_SHIFT,145,89,68,98,36.5,7.3,0,0,241,False,False,False,False,FIT,PARAMEDIC_ASSISTED,user-paramedic-01
dcu-W-00197-20260503,worker-uuid-00197,W-00197,2026-05-03T06:30:00Z,DAY_SHIFT,154,87,63,99,36.4,7.9,2,0,254,False,False,False,False,RESTRICTED,SELF_SERVICE_KIOSK,
dcu-W-00197-20260504,worker-uuid-00197,W-00197,2026-05-04T06:30:00Z,DAY_SHIFT,158,100,71,96,36.4,5.9,2,0,214,False,False,True,False,RESTRICTED,SELF_SERVICE_KIOSK,
dcu-W-00197-20260506,worker-uuid-00197,W-00197,2026-05-06T06:30:00Z,DAY_SHIFT,145,87,65,99,36.6,6.1,1,0,243,False,False,False,False,FIT,PARAMEDIC_ASSISTED,user-paramedic-01
dcu-W-00197-20260507,worker-uuid-00197,W-00197,2026-05-07T18:30:00Z,NIGHT_SHIFT,157,102,82,96,36.0,4.3,2,0,296,False,False,False,False,RESTRICTED,SELF_SERVICE_KIOSK,
dcu-W-00197-20260509,worker-uuid-00197,W-00197,2026-05-09T18:30:00Z,NIGHT_SHIFT,162,104,70,99,37.1,5.0,4,0,308,False,False,False,False,RESTRICTED,PARAMEDIC_ASSISTED,user-paramedic-01
dcu-W-00197-20260510,worker-uuid-00197,W-00197,2026-05-10T18:30:00Z,NIGHT_SHIFT,165,106,70,98,36.6,4.8,1,0,293,False,False,True,False,RESTRICTED,PARAMEDIC_ASSISTED,user-paramedic-01
dcu-W-00197-20260511,worker-uuid-00197,W-00197,2026-05-11T18:30:00Z,NIGHT_SHIFT,150,93,78,97,36.3,5.4,2,0,301,False,False,True,False,RESTRICTED,SELF_SERVICE_KIOSK,
dcu-W-00197-20260512,worker-uuid-00197,W-00197,2026-05-12T18:30:00Z,NIGHT_SHIFT,166,104,73,99,36.2,4.4,2,0,339,False,False,False,False,RESTRICTED,SELF_SERVICE_KIOSK,
dcu-W-00197-20260513,worker-uuid-00197,W-00197,2026-05-13T18:30:00Z,NIGHT_SHIFT,174,104,79,99,36.7,3.2,1,0,299,False,False,True,False,RESTRICTED,PARAMEDIC_ASSISTED,user-paramedic-01
dcu-W-00197-20260514,worker-uuid-00197,W-00197,2026-05-14T18:30:00Z,NIGHT_SHIFT,150,92,81,98,36.6,5.3,3,0,269,False,False,True,False,RESTRICTED,PARAMEDIC_ASSISTED,user-paramedic-01
dcu-W-00197-20260515,worker-uuid-00197,W-00197,2026-05-15T18:30:00Z,NIGHT_SHIFT,156,101,73,97,36.3,5.0,2,0,349,False,False,False,False,RESTRICTED,PARAMEDIC_ASSISTED,user-paramedic-01
dcu-W-00197-20260516,worker-uuid-00197,W-00197,2026-05-16T18:30:00Z,NIGHT_SHIFT,160,97,77,100,36.7,2.6,3,0,301,False,False,False,False,RESTRICTED,SELF_SERVICE_KIOSK,
dcu-W-00197-20260517,worker-uuid-00197,W-00197,2026-05-17T18:30:00Z,NIGHT_SHIFT,154,97,83,96,36.1,6.4,4,0,300,False,False,True,False,RESTRICTED,PARAMEDIC_ASSISTED,user-paramedic-01
dcu-W-00197-20260518,worker-uuid-00197,W-00197,2026-05-18T18:30:00Z,NIGHT_SHIFT,157,106,83,97,36.3,5.9,4,0,314,False,False,False,False,RESTRICTED,PARAMEDIC_ASSISTED,user-paramedic-01
dcu-W-00197-20260519,worker-uuid-00197,W-00197,2026-05-19T18:30:00Z,NIGHT_SHIFT,154,100,68,97,36.7,5.0,3,0,264,False,False,True,False,RESTRICTED,PARAMEDIC_ASSISTED,user-paramedic-01
dcu-W-00197-20260520,worker-uuid-00197,W-00197,2026-05-20T18:30:00Z,NIGHT_SHIFT,158,101,74,99,36.3,4.5,3,0,287,False,False,False,False,RESTRICTED,SELF_SERVICE_KIOSK,
dcu-W-00197-20260521,worker-uuid-00197,W-00197,2026-05-21T06:30:00Z,DAY_SHIFT,150,100,65,97,36.4,6.5,0,0,251,False,False,True,False,RESTRICTED,SELF_SERVICE_KIOSK,
dcu-W-00197-20260522,worker-uuid-00197,W-00197,2026-05-22T06:30:00Z,DAY_SHIFT,147,91,65,98,36.5,8.0,0,0,229,False,False,False,False,FIT,SELF_SERVICE_KIOSK,
dcu-W-00197-20260524,worker-uuid-00197,W-00197,2026-05-24T06:30:00Z,DAY_SHIFT,145,92,77,96,36.2,7.2,2,0,202,False,False,False,False,FIT,PARAMEDIC_ASSISTED,user-paramedic-01
dcu-W-00197-20260525,worker-uuid-00197,W-00197,2026-05-25T06:30:00Z,DAY_SHIFT,146,91,67,98,36.9,7.7,1,0,209,False,False,False,False,FIT,SELF_SERVICE_KIOSK,
dcu-W-00197-20260527,worker-uuid-00197,W-00197,2026-05-27T06:30:00Z,DAY_SHIFT,151,94,69,98,36.3,4.6,2,0,200,False,False,False,False,RESTRICTED,SELF_SERVICE_KIOSK,
dcu-W-00197-20260528,worker-uuid-00197,W-00197,2026-05-28T06:30:00Z,DAY_SHIFT,154,101,59,96,36.3,8.4,1,0,215,False,False,False,False,RESTRICTED,PARAMEDIC_ASSISTED,user-paramedic-01
dcu-W-00197-20260529,worker-uuid-00197,W-00197,2026-05-29T06:30:00Z,DAY_SHIFT,153,96,73,97,36.6,7.0,2,0,266,False,False,False,False,RESTRICTED,PARAMEDIC_ASSISTED,user-paramedic-01
dcu-W-00197-20260530,worker-uuid-00197,W-00197,2026-05-30T06:30:00Z,DAY_SHIFT,152,98,68,98,36.2,6.6,0,0,177,False,False,False,False,RESTRICTED,SELF_SERVICE_KIOSK,
dcu-W-00197-20260531,worker-uuid-00197,W-00197,2026-05-31T06:30:00Z,DAY_SHIFT,147,97,67,98,36.4,5.9,2,0,265,False,False,False,False,RESTRICTED,PARAMEDIC_ASSISTED,user-paramedic-01
dcu-W-00197-20260601,worker-uuid-00197,W-00197,2026-06-01T06:30:00Z,DAY_SHIFT,148,87,73,97,36.3,5.6,1,0,211,False,False,False,False,FIT,SELF_SERVICE_KIOSK,
dcu-W-00197-20260602,worker-uuid-00197,W-00197,2026-06-02T06:30:00Z,DAY_SHIFT,151,98,69,97,36.3,7.0,2,0,261,False,False,True,False,RESTRICTED,SELF_SERVICE_KIOSK,
dcu-W-00197-20260603,worker-uuid-00197,W-00197,2026-06-03T06:30:00Z,DAY_SHIFT,147,94,74,99,36.7,8.1,0,0,249,False,False,False,False,FIT,PARAMEDIC_ASSISTED,user-paramedic-01
dcu-W-00197-20260604,worker-uuid-00197,W-00197,2026-06-04T18:30:00Z,NIGHT_SHIFT,163,98,75,99,36.4,5.9,3,0,320,False,False,False,False,RESTRICTED,PARAMEDIC_ASSISTED,user-paramedic-01
dcu-W-00197-20260606,worker-uuid-00197,W-00197,2026-06-06T18:30:00Z,NIGHT_SHIFT,151,93,74,98,36.6,5.2,3,0,312,False,False,False,False,RESTRICTED,SELF_SERVICE_KIOSK,
dcu-W-00197-20260607,worker-uuid-00197,W-00197,2026-06-07T18:30:00Z,NIGHT_SHIFT,157,103,74,96,36.0,5.0,1,0,341,False,False,False,False,RESTRICTED,SELF_SERVICE_KIOSK,
dcu-W-00197-20260609,worker-uuid-00197,W-00197,2026-06-09T18:30:00Z,NIGHT_SHIFT,166,106,79,99,36.5,4.9,3,0,254,False,False,False,False,RESTRICTED,SELF_SERVICE_KIOSK,
dcu-W-00197-20260610,worker-uuid-00197,W-00197,2026-06-10T18:30:00Z,NIGHT_SHIFT,172,102,73,98,36.7,4.9,2,0,318,False,False,False,False,RESTRICTED,SELF_SERVICE_KIOSK,
dcu-W-00197-20260612,worker-uuid-00197,W-00197,2026-06-12T18:30:00Z,NIGHT_SHIFT,158,100,72,98,36.3,6.0,1,0,330,False,False,False,False,RESTRICTED,PARAMEDIC_ASSISTED,user-paramedic-01
dcu-W-00197-20260613,worker-uuid-00197,W-00197,2026-06-13T18:30:00Z,NIGHT_SHIFT,148,98,78,98,36.8,6.5,2,0,367,False,False,False,False,RESTRICTED,SELF_SERVICE_KIOSK,
dcu-W-00197-20260615,worker-uuid-00197,W-00197,2026-06-15T18:30:00Z,NIGHT_SHIFT,162,101,79,98,36.8,6.8,3,0,293,False,False,True,False,RESTRICTED,PARAMEDIC_ASSISTED,user-paramedic-01
dcu-W-00197-20260616,worker-uuid-00197,W-00197,2026-06-16T18:30:00Z,NIGHT_SHIFT,165,107,76,97,36.1,5.6,2,0,344,False,False,False,False,RESTRICTED,PARAMEDIC_ASSISTED,user-paramedic-01
dcu-W-00197-20260617,worker-uuid-00197,W-00197,2026-06-17T18:30:00Z,NIGHT_SHIFT,150,92,82,98,36.4,7.3,4,0,292,False,False,False,False,RESTRICTED,SELF_SERVICE_KIOSK,
dcu-W-00197-20260618,worker-uuid-00197,W-00197,2026-06-18T06:30:00Z,DAY_SHIFT,153,108,74,96,36.4,6.7,0,0,217,False,False,False,False,RESTRICTED,SELF_SERVICE_KIOSK,
dcu-W-00197-20260620,worker-uuid-00197,W-00197,2026-06-20T06:30:00Z,DAY_SHIFT,150,90,69,99,36.5,7.3,2,0,254,False,False,False,False,RESTRICTED,SELF_SERVICE_KIOSK,
dcu-W-00197-20260622,worker-uuid-00197,W-00197,2026-06-22T06:30:00Z,DAY_SHIFT,154,98,70,97,36.4,7.4,1,0,259,False,False,False,False,RESTRICTED,SELF_SERVICE_KIOSK,
dcu-W-00197-20260623,worker-uuid-00197,W-00197,2026-06-23T06:30:00Z,DAY_SHIFT,151,98,72,97,36.7,7.1,2,0,240,False,False,False,False,RESTRICTED,SELF_SERVICE_KIOSK,
dcu-W-00197-20260624,worker-uuid-00197,W-00197,2026-06-24T06:30:00Z,DAY_SHIFT,150,90,68,98,36.3,6.4,0,0,234,False,False,False,False,RESTRICTED,SELF_SERVICE_KIOSK,
dcu-W-00197-20260626,worker-uuid-00197,W-00197,2026-06-26T06:30:00Z,DAY_SHIFT,153,95,67,97,36.2,5.8,1,0,291,False,False,False,False,RESTRICTED,PARAMEDIC_ASSISTED,user-paramedic-01
dcu-W-00197-20260627,worker-uuid-00197,W-00197,2026-06-27T06:30:00Z,DAY_SHIFT,146,94,82,97,36.5,6.9,1,0,231,False,False,False,False,FIT,PARAMEDIC_ASSISTED,user-paramedic-01
dcu-W-00197-20260628,worker-uuid-00197,W-00197,2026-06-28T06:30:00Z,DAY_SHIFT,150,90,70,97,36.8,8.0,0,0,202,False,False,False,False,RESTRICTED,PARAMEDIC_ASSISTED,user-paramedic-01
dcu-W-00197-20260629,worker-uuid-00197,W-00197,2026-06-29T06:30:00Z,DAY_SHIFT,146,99,68,97,36.0,5.3,0,0,218,False,False,False,False,RESTRICTED,PARAMEDIC_ASSISTED,user-paramedic-01
dcu-W-00197-20260630,worker-uuid-00197,W-00197,2026-06-30T06:30:00Z,DAY_SHIFT,146,91,74,98,36.5,7.9,0,0,216,False,False,False,False,FIT,SELF_SERVICE_KIOSK,
dcu-W-00197-20260701,worker-uuid-00197,W-00197,2026-07-01T06:30:00Z,DAY_SHIFT,156,98,64,97,36.2,6.3,1,0,222,False,False,False,False,RESTRICTED,PARAMEDIC_ASSISTED,user-paramedic-01
dcu-W-00197-20260705,worker-uuid-00197,W-00197,2026-07-05T18:30:00Z,NIGHT_SHIFT,162,95,74,97,36.8,5.1,1,0,326,False,False,False,False,RESTRICTED,SELF_SERVICE_KIOSK,
dcu-W-00197-20260706,worker-uuid-00197,W-00197,2026-07-06T18:30:00Z,NIGHT_SHIFT,154,97,75,98,36.1,3.0,4,0,346,False,False,False,False,RESTRICTED,PARAMEDIC_ASSISTED,user-paramedic-01
dcu-W-00197-20260707,worker-uuid-00197,W-00197,2026-07-07T18:30:00Z,NIGHT_SHIFT,156,92,80,97,36.2,6.6,2,0,312,False,False,True,False,RESTRICTED,SELF_SERVICE_KIOSK,
dcu-W-00197-20260708,worker-uuid-00197,W-00197,2026-07-08T18:30:00Z,NIGHT_SHIFT,160,99,78,98,36.6,5.4,3,0,254,False,False,False,False,RESTRICTED,SELF_SERVICE_KIOSK,
dcu-W-00197-20260709,worker-uuid-00197,W-00197,2026-07-09T18:30:00Z,NIGHT_SHIFT,162,99,76,97,36.4,2.8,4,0,276,False,False,False,False,RESTRICTED,PARAMEDIC_ASSISTED,user-paramedic-01
dcu-W-00197-20260710,worker-uuid-00197,W-00197,2026-07-10T18:30:00Z,NIGHT_SHIFT,167,105,83,96,36.7,4.7,2,0,319,True,False,True,False,UNFIT,SELF_SERVICE_KIOSK,
dcu-W-00197-20260711,worker-uuid-00197,W-00197,2026-07-11T18:30:00Z,NIGHT_SHIFT,158,95,74,98,36.7,5.6,3,0,279,False,False,False,False,RESTRICTED,PARAMEDIC_ASSISTED,user-paramedic-01
dcu-W-00197-20260713,worker-uuid-00197,W-00197,2026-07-13T18:30:00Z,NIGHT_SHIFT,153,97,73,98,36.1,6.1,1,0,293,False,False,False,False,RESTRICTED,SELF_SERVICE_KIOSK,
dcu-W-00197-20260714,worker-uuid-00197,W-00197,2026-07-14T18:30:00Z,NIGHT_SHIFT,156,98,70,98,36.6,5.2,1,0,246,False,False,False,False,RESTRICTED,SELF_SERVICE_KIOSK,
dcu-W-00197-20260715,worker-uuid-00197,W-00197,2026-07-15T18:30:00Z,NIGHT_SHIFT,152,94,77,99,36.8,5.0,2,0,306,False,False,False,False,RESTRICTED,SELF_SERVICE_KIOSK,
dcu-W-00197-20260718,worker-uuid-00197,W-00197,2026-07-18T06:30:00Z,DAY_SHIFT,148,92,62,96,36.9,5.6,0,0,199,False,False,False,False,FIT,SELF_SERVICE_KIOSK,
dcu-W-00197-20260719,worker-uuid-00197,W-00197,2026-07-19T06:30:00Z,DAY_SHIFT,145,88,69,97,36.1,6.8,0,0,253,False,False,False,False,FIT,PARAMEDIC_ASSISTED,user-paramedic-01
dcu-W-00197-20260720,worker-uuid-00197,W-00197,2026-07-20T06:30:00Z,DAY_SHIFT,153,96,69,98,36.5,8.5,1,0,191,False,False,False,False,RESTRICTED,SELF_SERVICE_KIOSK,
dcu-W-00197-20260721,worker-uuid-00197,W-00197,2026-07-21T06:30:00Z,DAY_SHIFT,157,96,68,98,36.6,6.9,0,0,251,False,False,True,False,RESTRICTED,SELF_SERVICE_KIOSK,
dcu-W-00197-20260722,worker-uuid-00197,W-00197,2026-07-22T06:30:00Z,DAY_SHIFT,149,89,73,98,36.7,8.9,0,0,217,False,False,False,False,FIT,SELF_SERVICE_KIOSK,
dcu-W-00197-20260723,worker-uuid-00197,W-00197,2026-07-23T06:30:00Z,DAY_SHIFT,152,102,63,96,36.5,6.8,2,0,234,False,False,False,False,RESTRICTED,SELF_SERVICE_KIOSK,
dcu-W-00197-20260724,worker-uuid-00197,W-00197,2026-07-24T06:30:00Z,DAY_SHIFT,153,96,75,97,36.7,6.2,2,0,222,False,False,True,False,RESTRICTED,PARAMEDIC_ASSISTED,user-paramedic-01
dcu-W-00197-20260726,worker-uuid-00197,W-00197,2026-07-26T06:30:00Z,DAY_SHIFT,142,90,70,99,36.6,7.2,0,0,264,False,False,False,False,FIT,SELF_SERVICE_KIOSK,
dcu-W-00197-20260727,worker-uuid-00197,W-00197,2026-07-27T06:30:00Z,DAY_SHIFT,149,90,73,98,36.4,7.4,2,0,205,False,False,False,False,FIT,PARAMEDIC_ASSISTED,user-paramedic-01
dcu-W-00197-20260729,worker-uuid-00197,W-00197,2026-07-29T06:30:00Z,DAY_SHIFT,139,93,72,98,36.7,6.7,0,0,215,False,False,False,False,FIT,SELF_SERVICE_KIOSK,
dcu-W-00197-20260730,worker-uuid-00197,W-00197,2026-07-30T18:30:00Z,NIGHT_SHIFT,153,100,73,98,36.5,5.0,4,0,295,False,False,False,False,RESTRICTED,SELF_SERVICE_KIOSK,
dcu-W-00197-20260731,worker-uuid-00197,W-00197,2026-07-31T18:30:00Z,NIGHT_SHIFT,155,97,80,98,36.3,5.6,1,0,265,False,False,True,False,RESTRICTED,SELF_SERVICE_KIOSK,
dcu-W-00197-20260801,worker-uuid-00197,W-00197,2026-08-01T18:30:00Z,NIGHT_SHIFT,157,102,80,97,36.6,4.0,4,0,311,False,False,False,False,RESTRICTED,PARAMEDIC_ASSISTED,user-paramedic-01
dcu-W-00197-20260802,worker-uuid-00197,W-00197,2026-08-02T18:30:00Z,NIGHT_SHIFT,157,98,75,98,36.1,4.1,1,0,292,False,False,False,False,RESTRICTED,PARAMEDIC_ASSISTED,user-paramedic-01
dcu-W-00197-20260803,worker-uuid-00197,W-00197,2026-08-03T18:30:00Z,NIGHT_SHIFT,149,92,78,97,36.9,6.4,3,0,302,False,False,False,False,FIT,PARAMEDIC_ASSISTED,user-paramedic-01
dcu-W-00197-20260804,worker-uuid-00197,W-00197,2026-08-04T18:30:00Z,NIGHT_SHIFT,158,90,77,100,36.3,6.4,4,0,310,False,False,False,False,RESTRICTED,SELF_SERVICE_KIOSK,
dcu-W-00197-20260805,worker-uuid-00197,W-00197,2026-08-05T18:30:00Z,NIGHT_SHIFT,158,99,80,98,36.9,5.4,4,0,296,False,False,False,False,RESTRICTED,PARAMEDIC_ASSISTED,user-paramedic-01
dcu-W-00197-20260806,worker-uuid-00197,W-00197,2026-08-06T18:30:00Z,NIGHT_SHIFT,163,93,76,98,36.6,6.4,2,0,353,False,False,True,False,RESTRICTED,PARAMEDIC_ASSISTED,user-paramedic-01
dcu-W-00197-20260807,worker-uuid-00197,W-00197,2026-08-07T18:30:00Z,NIGHT_SHIFT,151,91,77,97,36.3,6.6,1,0,285,False,False,False,False,RESTRICTED,SELF_SERVICE_KIOSK,
dcu-W-00197-20260808,worker-uuid-00197,W-00197,2026-08-08T18:30:00Z,NIGHT_SHIFT,152,97,85,98,36.4,5.3,3,0,253,False,False,True,False,RESTRICTED,SELF_SERVICE_KIOSK,
dcu-W-00197-20260809,worker-uuid-00197,W-00197,2026-08-09T18:30:00Z,NIGHT_SHIFT,156,103,83,96,36.3,7.8,2,0,329,False,False,False,False,RESTRICTED,PARAMEDIC_ASSISTED,user-paramedic-01
dcu-W-00197-20260810,worker-uuid-00197,W-00197,2026-08-10T18:30:00Z,NIGHT_SHIFT,159,97,80,100,36.9,3.8,2,0,301,False,False,False,False,RESTRICTED,SELF_SERVICE_KIOSK,
dcu-W-00197-20260812,worker-uuid-00197,W-00197,2026-08-12T18:30:00Z,NIGHT_SHIFT,153,97,75,98,36.6,6.4,3,0,340,False,False,False,False,RESTRICTED,SELF_SERVICE_KIOSK,
dcu-W-00197-20260813,worker-uuid-00197,W-00197,2026-08-13T06:30:00Z,DAY_SHIFT,146,89,67,98,36.2,5.8,0,0,212,False,False,False,False,FIT,PARAMEDIC_ASSISTED,user-paramedic-01
dcu-W-00197-20260814,worker-uuid-00197,W-00197,2026-08-14T06:30:00Z,DAY_SHIFT,152,98,62,98,36.4,7.0,2,0,219,False,False,False,False,RESTRICTED,SELF_SERVICE_KIOSK,
dcu-W-00197-20260815,worker-uuid-00197,W-00197,2026-08-15T06:30:00Z,DAY_SHIFT,151,91,70,99,36.5,5.9,2,0,242,False,False,True,False,RESTRICTED,SELF_SERVICE_KIOSK,
dcu-W-00197-20260816,worker-uuid-00197,W-00197,2026-08-16T06:30:00Z,DAY_SHIFT,149,96,67,98,36.1,8.5,0,0,252,False,False,False,False,RESTRICTED,PARAMEDIC_ASSISTED,user-paramedic-01
dcu-W-00197-20260817,worker-uuid-00197,W-00197,2026-08-17T06:30:00Z,DAY_SHIFT,160,101,71,98,36.6,5.8,0,0,203,False,False,True,False,RESTRICTED,PARAMEDIC_ASSISTED,user-paramedic-01
dcu-W-00197-20260818,worker-uuid-00197,W-00197,2026-08-18T06:30:00Z,DAY_SHIFT,148,93,71,98,36.3,7.4,1,0,240,False,False,False,False,FIT,PARAMEDIC_ASSISTED,user-paramedic-01
dcu-W-00197-20260819,worker-uuid-00197,W-00197,2026-08-19T06:30:00Z,DAY_SHIFT,156,93,66,97,36.4,6.5,1,0,196,False,False,True,False,RESTRICTED,SELF_SERVICE_KIOSK,
dcu-W-00197-20260821,worker-uuid-00197,W-00197,2026-08-21T06:30:00Z,DAY_SHIFT,145,91,62,98,36.5,8.4,1,0,247,False,False,False,False,FIT,PARAMEDIC_ASSISTED,user-paramedic-01
dcu-W-00197-20260822,worker-uuid-00197,W-00197,2026-08-22T06:30:00Z,DAY_SHIFT,151,98,69,99,36.1,6.7,1,0,229,False,False,False,False,RESTRICTED,SELF_SERVICE_KIOSK,
dcu-W-00197-20260823,worker-uuid-00197,W-00197,2026-08-23T06:30:00Z,DAY_SHIFT,156,99,61,95,36.4,7.0,1,0,237,False,False,False,False,RESTRICTED,PARAMEDIC_ASSISTED,user-paramedic-01
dcu-W-00197-20260824,worker-uuid-00197,W-00197,2026-08-24T06:30:00Z,DAY_SHIFT,157,103,72,97,36.4,7.5,0,0,268,False,False,False,False,RESTRICTED,PARAMEDIC_ASSISTED,user-paramedic-01
dcu-W-00197-20260825,worker-uuid-00197,W-00197,2026-08-25T06:30:00Z,DAY_SHIFT,149,90,65,98,37.2,7.9,1,0,219,False,False,False,False,FIT,PARAMEDIC_ASSISTED,user-paramedic-01
dcu-W-00197-20260826,worker-uuid-00197,W-00197,2026-08-26T06:30:00Z,DAY_SHIFT,152,96,65,99,36.6,5.7,1,0,214,False,False,False,False,RESTRICTED,SELF_SERVICE_KIOSK,
dcu-W-00197-20260827,worker-uuid-00197,W-00197,2026-08-27T18:30:00Z,NIGHT_SHIFT,157,93,70,99,36.6,3.3,2,0,288,False,False,False,False,RESTRICTED,SELF_SERVICE_KIOSK,
dcu-W-00197-20260829,worker-uuid-00197,W-00197,2026-08-29T18:30:00Z,NIGHT_SHIFT,153,99,72,98,35.9,6.1,4,0,314,False,False,False,False,RESTRICTED,SELF_SERVICE_KIOSK,
dcu-W-00197-20260830,worker-uuid-00197,W-00197,2026-08-30T18:30:00Z,NIGHT_SHIFT,159,89,73,98,36.3,5.6,1,0,273,False,False,False,False,RESTRICTED,SELF_SERVICE_KIOSK,
dcu-W-00197-20260831,worker-uuid-00197,W-00197,2026-08-31T18:30:00Z,NIGHT_SHIFT,154,100,85,99,36.3,5.1,4,0,331,False,False,False,False,RESTRICTED,PARAMEDIC_ASSISTED,user-paramedic-01
dcu-W-00197-20260901,worker-uuid-00197,W-00197,2026-09-01T18:30:00Z,NIGHT_SHIFT,166,106,75,97,36.5,4.0,2,0,304,False,False,False,False,RESTRICTED,SELF_SERVICE_KIOSK,
dcu-W-00197-20260902,worker-uuid-00197,W-00197,2026-09-02T18:30:00Z,NIGHT_SHIFT,157,97,86,98,36.5,5.9,3,0,289,False,False,False,False,RESTRICTED,SELF_SERVICE_KIOSK,
dcu-W-00197-20260903,worker-uuid-00197,W-00197,2026-09-03T18:30:00Z,NIGHT_SHIFT,160,102,75,99,36.6,4.8,1,0,400,False,False,False,False,RESTRICTED,SELF_SERVICE_KIOSK,
dcu-W-00197-20260904,worker-uuid-00197,W-00197,2026-09-04T18:30:00Z,NIGHT_SHIFT,158,110,73,98,37.1,5.8,3,0,294,False,False,False,False,RESTRICTED,SELF_SERVICE_KIOSK,
dcu-W-00197-20260906,worker-uuid-00197,W-00197,2026-09-06T18:30:00Z,NIGHT_SHIFT,167,104,83,98,36.9,4.2,3,0,329,False,False,True,False,RESTRICTED,SELF_SERVICE_KIOSK,
dcu-W-00197-20260907,worker-uuid-00197,W-00197,2026-09-07T18:30:00Z,NIGHT_SHIFT,163,103,83,97,36.5,6.7,3,0,259,False,False,True,False,RESTRICTED,PARAMEDIC_ASSISTED,user-paramedic-01
dcu-W-00197-20260908,worker-uuid-00197,W-00197,2026-09-08T18:30:00Z,NIGHT_SHIFT,164,100,79,96,36.3,4.5,3,0,253,False,False,False,False,RESTRICTED,PARAMEDIC_ASSISTED,user-paramedic-01
dcu-W-00197-20260909,worker-uuid-00197,W-00197,2026-09-09T18:30:00Z,NIGHT_SHIFT,158,99,76,96,36.7,5.6,3,0,286,False,False,False,False,RESTRICTED,SELF_SERVICE_KIOSK,
dcu-W-00197-20260910,worker-uuid-00197,W-00197,2026-09-10T06:30:00Z,DAY_SHIFT,157,100,68,97,36.6,7.8,2,0,225,False,False,True,False,RESTRICTED,PARAMEDIC_ASSISTED,user-paramedic-01
dcu-W-00197-20260911,worker-uuid-00197,W-00197,2026-09-11T06:30:00Z,DAY_SHIFT,151,96,69,98,35.9,5.5,1,0,250,False,False,False,False,RESTRICTED,SELF_SERVICE_KIOSK,
dcu-W-00197-20260912,worker-uuid-00197,W-00197,2026-09-12T06:30:00Z,DAY_SHIFT,163,101,65,96,36.4,8.1,1,0,209,False,False,False,False,RESTRICTED,SELF_SERVICE_KIOSK,
dcu-W-00197-20260913,worker-uuid-00197,W-00197,2026-09-13T06:30:00Z,DAY_SHIFT,152,104,72,98,36.9,7.3,2,0,260,False,False,True,False,RESTRICTED,PARAMEDIC_ASSISTED,user-paramedic-01
dcu-W-00197-20260914,worker-uuid-00197,W-00197,2026-09-14T06:30:00Z,DAY_SHIFT,157,100,73,98,36.8,7.1,0,0,238,False,False,False,False,RESTRICTED,SELF_SERVICE_KIOSK,
dcu-W-00197-20260915,worker-uuid-00197,W-00197,2026-09-15T06:30:00Z,DAY_SHIFT,158,102,66,98,36.6,6.4,2,0,276,False,False,False,False,RESTRICTED,PARAMEDIC_ASSISTED,user-paramedic-01
dcu-W-00197-20260917,worker-uuid-00197,W-00197,2026-09-17T06:30:00Z,DAY_SHIFT,144,89,71,96,36.7,7.1,0,0,262,False,False,False,False,FIT,SELF_SERVICE_KIOSK,
dcu-W-00197-20260918,worker-uuid-00197,W-00197,2026-09-18T06:30:00Z,DAY_SHIFT,158,107,70,98,36.4,8.2,1,0,256,False,False,False,False,RESTRICTED,PARAMEDIC_ASSISTED,user-paramedic-01
dcu-W-00197-20260919,worker-uuid-00197,W-00197,2026-09-19T06:30:00Z,DAY_SHIFT,159,101,69,98,36.4,7.3,1,0,231,False,False,True,False,RESTRICTED,SELF_SERVICE_KIOSK,
dcu-W-00197-20260920,worker-uuid-00197,W-00197,2026-09-20T06:30:00Z,DAY_SHIFT,141,91,66,98,36.5,7.4,1,0,219,False,False,False,False,FIT,PARAMEDIC_ASSISTED,user-paramedic-01
dcu-W-00197-20260921,worker-uuid-00197,W-00197,2026-09-21T06:30:00Z,DAY_SHIFT,155,97,67,96,36.3,5.8,1,0,227,False,False,True,False,RESTRICTED,SELF_SERVICE_KIOSK,
dcu-W-00197-20260923,worker-uuid-00197,W-00197,2026-09-23T06:30:00Z,DAY_SHIFT,148,86,67,98,36.6,6.8,1,0,197,False,False,False,False,FIT,PARAMEDIC_ASSISTED,user-paramedic-01
dcu-W-00197-20260924,worker-uuid-00197,W-00197,2026-09-24T18:30:00Z,NIGHT_SHIFT,160,104,79,98,36.6,5.5,1,0,293,False,False,True,False,RESTRICTED,PARAMEDIC_ASSISTED,user-paramedic-01
dcu-W-00197-20260926,worker-uuid-00197,W-00197,2026-09-26T18:30:00Z,NIGHT_SHIFT,169,106,71,97,36.4,3.8,2,0,346,False,False,False,False,RESTRICTED,SELF_SERVICE_KIOSK,
dcu-W-00197-20260927,worker-uuid-00197,W-00197,2026-09-27T18:30:00Z,NIGHT_SHIFT,169,107,75,99,36.1,4.5,4,0,333,False,False,False,False,RESTRICTED,PARAMEDIC_ASSISTED,user-paramedic-01
dcu-W-00197-20260928,worker-uuid-00197,W-00197,2026-09-28T18:30:00Z,NIGHT_SHIFT,157,105,79,99,36.3,5.5,1,0,237,False,False,False,False,RESTRICTED,SELF_SERVICE_KIOSK,
dcu-W-00197-20260929,worker-uuid-00197,W-00197,2026-09-29T18:30:00Z,NIGHT_SHIFT,166,106,71,98,36.7,4.8,3,0,335,False,False,False,False,RESTRICTED,PARAMEDIC_ASSISTED,user-paramedic-01
dcu-W-00197-20261001,worker-uuid-00197,W-00197,2026-10-01T18:30:00Z,NIGHT_SHIFT,166,101,70,99,36.5,4.6,1,0,331,False,False,False,False,RESTRICTED,SELF_SERVICE_KIOSK,
dcu-W-00197-20261002,worker-uuid-00197,W-00197,2026-10-02T18:30:00Z,NIGHT_SHIFT,157,94,81,98,36.5,5.9,1,0,308,False,False,False,False,RESTRICTED,SELF_SERVICE_KIOSK,
dcu-W-00197-20261003,worker-uuid-00197,W-00197,2026-10-03T18:30:00Z,NIGHT_SHIFT,158,99,71,96,36.3,4.8,3,0,310,False,False,False,False,RESTRICTED,PARAMEDIC_ASSISTED,user-paramedic-01
dcu-W-00197-20261004,worker-uuid-00197,W-00197,2026-10-04T18:30:00Z,NIGHT_SHIFT,168,108,71,99,36.9,4.7,3,0,349,False,False,False,False,RESTRICTED,PARAMEDIC_ASSISTED,user-paramedic-01
dcu-W-00197-20261005,worker-uuid-00197,W-00197,2026-10-05T18:30:00Z,NIGHT_SHIFT,158,104,73,97,36.3,5.5,4,0,319,False,False,False,False,RESTRICTED,SELF_SERVICE_KIOSK,
dcu-W-00197-20261006,worker-uuid-00197,W-00197,2026-10-06T18:30:00Z,NIGHT_SHIFT,168,101,77,95,36.2,5.3,4,0,316,False,False,False,False,RESTRICTED,PARAMEDIC_ASSISTED,user-paramedic-01
dcu-W-00197-20261007,worker-uuid-00197,W-00197,2026-10-07T18:30:00Z,NIGHT_SHIFT,160,101,80,98,36.9,5.5,2,0,275,False,False,False,False,RESTRICTED,PARAMEDIC_ASSISTED,user-paramedic-01
dcu-W-00197-20261008,worker-uuid-00197,W-00197,2026-10-08T06:30:00Z,DAY_SHIFT,150,88,62,97,36.4,7.1,1,0,262,False,False,True,False,RESTRICTED,SELF_SERVICE_KIOSK,
dcu-W-00197-20261009,worker-uuid-00197,W-00197,2026-10-09T06:30:00Z,DAY_SHIFT,155,103,66,97,36.8,8.9,1,0,226,False,False,False,False,RESTRICTED,SELF_SERVICE_KIOSK,
dcu-W-00197-20261010,worker-uuid-00197,W-00197,2026-10-10T06:30:00Z,DAY_SHIFT,148,94,62,98,36.6,7.3,1,0,238,False,False,False,False,FIT,SELF_SERVICE_KIOSK,
dcu-W-00197-20261011,worker-uuid-00197,W-00197,2026-10-11T06:30:00Z,DAY_SHIFT,155,98,69,98,35.9,7.3,0,0,241,False,False,False,False,RESTRICTED,PARAMEDIC_ASSISTED,user-paramedic-01
dcu-W-00197-20261012,worker-uuid-00197,W-00197,2026-10-12T06:30:00Z,DAY_SHIFT,148,95,75,99,36.1,8.4,0,0,250,False,False,False,False,RESTRICTED,SELF_SERVICE_KIOSK,
dcu-W-00197-20261013,worker-uuid-00197,W-00197,2026-10-13T06:30:00Z,DAY_SHIFT,154,99,74,99,36.6,7.9,2,0,222,False,False,False,False,RESTRICTED,SELF_SERVICE_KIOSK,
dcu-W-00197-20261014,worker-uuid-00197,W-00197,2026-10-14T06:30:00Z,DAY_SHIFT,152,104,72,98,36.7,5.8,0,0,198,False,False,False,False,RESTRICTED,PARAMEDIC_ASSISTED,user-paramedic-01
dcu-W-00197-20261015,worker-uuid-00197,W-00197,2026-10-15T06:30:00Z,DAY_SHIFT,144,91,63,97,36.6,7.0,2,0,241,False,False,False,False,FIT,PARAMEDIC_ASSISTED,user-paramedic-01
dcu-W-00197-20261018,worker-uuid-00197,W-00197,2026-10-18T06:30:00Z,DAY_SHIFT,151,86,67,98,36.2,8.2,0,0,230,False,False,False,False,RESTRICTED,PARAMEDIC_ASSISTED,user-paramedic-01
dcu-W-00197-20261019,worker-uuid-00197,W-00197,2026-10-19T06:30:00Z,DAY_SHIFT,142,91,71,98,36.7,8.5,2,0,219,False,False,False,False,FIT,PARAMEDIC_ASSISTED,user-paramedic-01
dcu-W-00197-20261022,worker-uuid-00197,W-00197,2026-10-22T18:30:00Z,NIGHT_SHIFT,153,90,75,97,36.2,5.8,2,0,307,False,False,False,False,RESTRICTED,SELF_SERVICE_KIOSK,
dcu-W-00197-20261023,worker-uuid-00197,W-00197,2026-10-23T18:30:00Z,NIGHT_SHIFT,152,94,82,98,36.5,5.5,1,0,323,False,False,False,False,RESTRICTED,SELF_SERVICE_KIOSK,
dcu-W-00197-20261024,worker-uuid-00197,W-00197,2026-10-24T18:30:00Z,NIGHT_SHIFT,152,102,73,99,36.2,5.2,3,0,301,False,False,False,False,RESTRICTED,PARAMEDIC_ASSISTED,user-paramedic-01
dcu-W-00197-20261026,worker-uuid-00197,W-00197,2026-10-26T18:30:00Z,NIGHT_SHIFT,158,101,83,98,36.8,4.6,3,0,310,False,False,True,False,RESTRICTED,SELF_SERVICE_KIOSK,
dcu-W-00197-20261028,worker-uuid-00197,W-00197,2026-10-28T18:30:00Z,NIGHT_SHIFT,158,93,74,98,36.6,5.4,4,0,357,False,False,False,False,RESTRICTED,SELF_SERVICE_KIOSK,
dcu-W-00197-20261029,worker-uuid-00197,W-00197,2026-10-29T18:30:00Z,NIGHT_SHIFT,157,93,82,96,36.4,2.2,2,0,296,False,False,False,False,RESTRICTED,SELF_SERVICE_KIOSK,
dcu-W-00197-20261030,worker-uuid-00197,W-00197,2026-10-30T18:30:00Z,NIGHT_SHIFT,164,105,82,97,37.0,4.0,4,0,291,False,False,False,False,RESTRICTED,SELF_SERVICE_KIOSK,
dcu-W-00197-20261031,worker-uuid-00197,W-00197,2026-10-31T18:30:00Z,NIGHT_SHIFT,146,93,82,98,36.4,6.9,4,0,276,False,False,False,False,FIT,SELF_SERVICE_KIOSK,
dcu-W-00197-20261101,worker-uuid-00197,W-00197,2026-11-01T18:30:00Z,NIGHT_SHIFT,157,97,71,97,36.5,6.2,2,0,344,False,False,False,False,RESTRICTED,SELF_SERVICE_KIOSK,
dcu-W-00197-20261102,worker-uuid-00197,W-00197,2026-11-02T18:30:00Z,NIGHT_SHIFT,159,100,74,98,36.8,4.0,4,0,334,False,False,False,False,RESTRICTED,SELF_SERVICE_KIOSK,
dcu-W-00197-20261103,worker-uuid-00197,W-00197,2026-11-03T18:30:00Z,NIGHT_SHIFT,164,102,72,98,36.3,6.3,3,0,273,False,False,False,False,RESTRICTED,SELF_SERVICE_KIOSK,
dcu-W-00197-20261104,worker-uuid-00197,W-00197,2026-11-04T18:30:00Z,NIGHT_SHIFT,169,100,82,96,36.6,6.4,1,0,261,False,False,True,False,UNFIT,PARAMEDIC_ASSISTED,user-paramedic-01
dcu-W-00197-20261105,worker-uuid-00197,W-00197,2026-11-05T06:30:00Z,DAY_SHIFT,153,87,67,99,36.7,6.9,0,0,215,False,False,False,False,RESTRICTED,SELF_SERVICE_KIOSK,
dcu-W-00197-20261106,worker-uuid-00197,W-00197,2026-11-06T06:30:00Z,DAY_SHIFT,148,97,74,99,36.6,7.7,1,0,241,False,False,False,False,RESTRICTED,PARAMEDIC_ASSISTED,user-paramedic-01
dcu-W-00197-20261107,worker-uuid-00197,W-00197,2026-11-07T06:30:00Z,DAY_SHIFT,159,96,64,97,36.7,7.6,1,0,272,False,False,False,False,RESTRICTED,PARAMEDIC_ASSISTED,user-paramedic-01
dcu-W-00197-20261109,worker-uuid-00197,W-00197,2026-11-09T06:30:00Z,DAY_SHIFT,148,94,79,98,36.6,7.4,1,0,220,False,False,False,False,FIT,SELF_SERVICE_KIOSK,
dcu-W-00197-20261110,worker-uuid-00197,W-00197,2026-11-10T06:30:00Z,DAY_SHIFT,152,95,63,97,36.5,6.0,0,0,267,False,False,False,False,RESTRICTED,SELF_SERVICE_KIOSK,
dcu-W-00197-20261111,worker-uuid-00197,W-00197,2026-11-11T06:30:00Z,DAY_SHIFT,148,90,72,99,36.4,5.8,1,0,237,False,False,False,False,FIT,PARAMEDIC_ASSISTED,user-paramedic-01
dcu-W-00197-20261112,worker-uuid-00197,W-00197,2026-11-12T06:30:00Z,DAY_SHIFT,152,92,72,96,36.4,7.8,2,0,220,False,False,False,False,RESTRICTED,SELF_SERVICE_KIOSK,
dcu-W-00197-20261113,worker-uuid-00197,W-00197,2026-11-13T06:30:00Z,DAY_SHIFT,157,101,66,97,36.7,7.4,2,0,239,False,False,True,False,RESTRICTED,PARAMEDIC_ASSISTED,user-paramedic-01
dcu-W-00197-20261114,worker-uuid-00197,W-00197,2026-11-14T06:30:00Z,DAY_SHIFT,145,89,61,96,36.6,7.2,0,0,266,False,False,False,False,FIT,SELF_SERVICE_KIOSK,
dcu-W-00197-20261115,worker-uuid-00197,W-00197,2026-11-15T06:30:00Z,DAY_SHIFT,150,92,65,98,36.4,7.3,0,0,208,False,False,False,False,RESTRICTED,SELF_SERVICE_KIOSK,
dcu-W-00197-20261116,worker-uuid-00197,W-00197,2026-11-16T06:30:00Z,DAY_SHIFT,163,100,71,99,37.2,7.6,2,0,230,False,False,False,False,RESTRICTED,SELF_SERVICE_KIOSK,
dcu-W-00197-20261117,worker-uuid-00197,W-00197,2026-11-17T06:30:00Z,DAY_SHIFT,152,96,74,100,36.2,6.7,2,0,234,False,False,False,False,RESTRICTED,SELF_SERVICE_KIOSK,
dcu-W-00197-20261120,worker-uuid-00197,W-00197,2026-11-20T18:30:00Z,NIGHT_SHIFT,162,105,78,98,36.2,4.6,3,0,344,False,False,False,False,RESTRICTED,SELF_SERVICE_KIOSK,
dcu-W-00197-20261121,worker-uuid-00197,W-00197,2026-11-21T18:30:00Z,NIGHT_SHIFT,166,103,63,98,36.6,4.3,3,0,288,False,False,False,False,RESTRICTED,SELF_SERVICE_KIOSK,
dcu-W-00197-20261122,worker-uuid-00197,W-00197,2026-11-22T18:30:00Z,NIGHT_SHIFT,161,102,69,98,36.9,5.9,2,0,294,False,False,False,False,RESTRICTED,SELF_SERVICE_KIOSK,
dcu-W-00197-20261123,worker-uuid-00197,W-00197,2026-11-23T18:30:00Z,NIGHT_SHIFT,152,97,78,98,36.5,7.6,2,0,319,False,False,False,False,RESTRICTED,PARAMEDIC_ASSISTED,user-paramedic-01
dcu-W-00197-20261124,worker-uuid-00197,W-00197,2026-11-24T18:30:00Z,NIGHT_SHIFT,153,97,76,98,36.3,7.1,4,0,332,False,False,False,False,RESTRICTED,SELF_SERVICE_KIOSK,
dcu-W-00197-20261126,worker-uuid-00197,W-00197,2026-11-26T18:30:00Z,NIGHT_SHIFT,164,98,77,99,36.3,6.0,1,0,266,False,False,False,False,RESTRICTED,SELF_SERVICE_KIOSK,
dcu-W-00197-20261128,worker-uuid-00197,W-00197,2026-11-28T18:30:00Z,NIGHT_SHIFT,151,88,74,97,36.8,5.2,2,0,324,False,False,True,False,RESTRICTED,SELF_SERVICE_KIOSK,
dcu-W-00197-20261129,worker-uuid-00197,W-00197,2026-11-29T18:30:00Z,NIGHT_SHIFT,152,90,72,98,35.9,6.9,4,0,325,False,False,False,False,RESTRICTED,SELF_SERVICE_KIOSK,
dcu-W-00197-20261201,worker-uuid-00197,W-00197,2026-12-01T18:30:00Z,NIGHT_SHIFT,155,90,73,99,37.1,2.9,4,0,342,False,False,False,False,RESTRICTED,SELF_SERVICE_KIOSK,
dcu-W-00197-20261202,worker-uuid-00197,W-00197,2026-12-02T18:30:00Z,NIGHT_SHIFT,164,102,82,98,36.3,4.9,3,0,309,False,False,False,False,RESTRICTED,SELF_SERVICE_KIOSK,
dcu-W-00197-20261203,worker-uuid-00197,W-00197,2026-12-03T06:30:00Z,DAY_SHIFT,151,92,62,99,36.4,6.7,2,0,197,False,False,False,False,RESTRICTED,PARAMEDIC_ASSISTED,user-paramedic-01
dcu-W-00197-20261204,worker-uuid-00197,W-00197,2026-12-04T06:30:00Z,DAY_SHIFT,147,98,69,97,36.4,8.2,1,0,261,False,False,False,False,RESTRICTED,SELF_SERVICE_KIOSK,
dcu-W-00197-20261205,worker-uuid-00197,W-00197,2026-12-05T06:30:00Z,DAY_SHIFT,152,98,76,99,36.7,6.4,0,0,254,False,False,True,False,RESTRICTED,PARAMEDIC_ASSISTED,user-paramedic-01
dcu-W-00197-20261206,worker-uuid-00197,W-00197,2026-12-06T06:30:00Z,DAY_SHIFT,154,94,68,98,36.3,7.0,0,0,188,False,False,False,False,RESTRICTED,SELF_SERVICE_KIOSK,
dcu-W-00197-20261208,worker-uuid-00197,W-00197,2026-12-08T06:30:00Z,DAY_SHIFT,147,92,66,98,36.1,6.8,2,0,244,False,False,False,False,FIT,SELF_SERVICE_KIOSK,
dcu-W-00197-20261209,worker-uuid-00197,W-00197,2026-12-09T06:30:00Z,DAY_SHIFT,151,102,70,99,36.9,4.4,0,0,242,False,False,False,False,RESTRICTED,SELF_SERVICE_KIOSK,
dcu-W-00197-20261210,worker-uuid-00197,W-00197,2026-12-10T06:30:00Z,DAY_SHIFT,160,95,76,99,36.6,8.3,2,0,281,False,False,False,False,RESTRICTED,SELF_SERVICE_KIOSK,
dcu-W-00197-20261211,worker-uuid-00197,W-00197,2026-12-11T06:30:00Z,DAY_SHIFT,143,85,62,97,36.5,5.1,2,0,237,False,False,False,False,FIT,PARAMEDIC_ASSISTED,user-paramedic-01
dcu-W-00197-20261214,worker-uuid-00197,W-00197,2026-12-14T06:30:00Z,DAY_SHIFT,147,95,67,96,36.5,7.1,0,0,210,False,False,False,False,RESTRICTED,PARAMEDIC_ASSISTED,user-paramedic-01
dcu-W-00197-20261215,worker-uuid-00197,W-00197,2026-12-15T06:30:00Z,DAY_SHIFT,152,100,75,96,36.4,5.8,1,0,239,False,False,True,False,RESTRICTED,PARAMEDIC_ASSISTED,user-paramedic-01
dcu-W-00197-20261216,worker-uuid-00197,W-00197,2026-12-16T06:30:00Z,DAY_SHIFT,149,88,71,97,36.5,7.4,1,0,209,False,False,False,False,FIT,SELF_SERVICE_KIOSK,
dcu-W-00197-20261217,worker-uuid-00197,W-00197,2026-12-17T18:30:00Z,NIGHT_SHIFT,155,97,75,97,35.9,5.5,3,0,348,False,False,True,False,RESTRICTED,SELF_SERVICE_KIOSK,
dcu-W-00197-20261218,worker-uuid-00197,W-00197,2026-12-18T18:30:00Z,NIGHT_SHIFT,156,102,74,97,37.2,6.2,1,0,327,False,False,False,False,RESTRICTED,SELF_SERVICE_KIOSK,
dcu-W-00197-20261220,worker-uuid-00197,W-00197,2026-12-20T18:30:00Z,NIGHT_SHIFT,152,88,74,98,36.1,6.0,3,0,385,False,False,False,False,RESTRICTED,SELF_SERVICE_KIOSK,
dcu-W-00197-20261221,worker-uuid-00197,W-00197,2026-12-21T18:30:00Z,NIGHT_SHIFT,163,109,73,98,36.6,6.6,2,0,318,False,False,False,False,RESTRICTED,SELF_SERVICE_KIOSK,
dcu-W-00197-20261223,worker-uuid-00197,W-00197,2026-12-23T18:30:00Z,NIGHT_SHIFT,161,100,78,97,36.3,3.6,2,0,308,False,False,False,False,RESTRICTED,SELF_SERVICE_KIOSK,
dcu-W-00197-20261224,worker-uuid-00197,W-00197,2026-12-24T18:30:00Z,NIGHT_SHIFT,158,102,71,97,36.7,6.3,1,0,327,False,False,False,False,RESTRICTED,SELF_SERVICE_KIOSK,
dcu-W-00197-20261225,worker-uuid-00197,W-00197,2026-12-25T18:30:00Z,NIGHT_SHIFT,164,102,78,97,36.6,5.4,1,0,338,False,False,True,False,RESTRICTED,SELF_SERVICE_KIOSK,
dcu-W-00197-20261226,worker-uuid-00197,W-00197,2026-12-26T18:30:00Z,NIGHT_SHIFT,160,106,80,99,36.4,8.9,2,0,341,False,False,False,False,RESTRICTED,SELF_SERVICE_KIOSK,
dcu-W-00197-20261227,worker-uuid-00197,W-00197,2026-12-27T18:30:00Z,NIGHT_SHIFT,163,111,69,98,36.5,3.1,3,0,234,False,False,False,False,RESTRICTED,SELF_SERVICE_KIOSK,
dcu-W-00197-20261229,worker-uuid-00197,W-00197,2026-12-29T18:30:00Z,NIGHT_SHIFT,161,98,78,98,36.6,2.6,1,0,262,False,False,False,False,RESTRICTED,PARAMEDIC_ASSISTED,user-paramedic-01
dcu-W-00197-20261230,worker-uuid-00197,W-00197,2026-12-30T18:30:00Z,NIGHT_SHIFT,163,100,79,96,36.7,6.4,3,0,279,False,False,False,False,RESTRICTED,SELF_SERVICE_KIOSK,
dcu-W-00197-20261231,worker-uuid-00197,W-00197,2026-12-31T06:30:00Z,DAY_SHIFT,156,101,71,98,35.8,8.1,1,0,256,False,False,True,False,RESTRICTED,PARAMEDIC_ASSISTED,user-paramedic-01
dcu-W-00198-20260102,worker-uuid-00198,W-00198,2026-01-02T06:30:00Z,DAY_SHIFT,138,88,85,96,36.4,7.8,1,7,242,False,False,False,False,FIT,PARAMEDIC_ASSISTED,user-paramedic-01
dcu-W-00198-20260103,worker-uuid-00198,W-00198,2026-01-03T06:30:00Z,DAY_SHIFT,127,76,84,98,36.6,6.5,1,8,213,False,False,False,False,FIT,PARAMEDIC_ASSISTED,user-paramedic-01
dcu-W-00198-20260104,worker-uuid-00198,W-00198,2026-01-04T06:30:00Z,DAY_SHIFT,134,85,77,97,36.6,6.2,1,13,256,False,False,False,False,FIT,SELF_SERVICE_KIOSK,
dcu-W-00198-20260105,worker-uuid-00198,W-00198,2026-01-05T06:30:00Z,DAY_SHIFT,112,59,86,98,36.5,7.1,0,6,255,False,False,False,False,FIT,PARAMEDIC_ASSISTED,user-paramedic-01
dcu-W-00198-20260106,worker-uuid-00198,W-00198,2026-01-06T06:30:00Z,DAY_SHIFT,130,78,94,98,36.6,6.5,2,14,238,False,False,False,False,FIT,PARAMEDIC_ASSISTED,user-paramedic-01
dcu-W-00198-20260107,worker-uuid-00198,W-00198,2026-01-07T06:30:00Z,DAY_SHIFT,121,77,91,95,36.1,7.2,0,11,210,False,False,False,False,FIT,SELF_SERVICE_KIOSK,
dcu-W-00198-20260109,worker-uuid-00198,W-00198,2026-01-09T06:30:00Z,DAY_SHIFT,131,89,85,96,36.3,9.0,0,18,216,False,False,False,False,FIT,SELF_SERVICE_KIOSK,
dcu-W-00198-20260110,worker-uuid-00198,W-00198,2026-01-10T06:30:00Z,DAY_SHIFT,136,86,79,97,36.4,5.9,0,14,252,False,False,False,False,FIT,SELF_SERVICE_KIOSK,
dcu-W-00198-20260111,worker-uuid-00198,W-00198,2026-01-11T06:30:00Z,DAY_SHIFT,129,79,81,99,36.1,5.4,2,18,192,False,False,False,False,FIT,SELF_SERVICE_KIOSK,
dcu-W-00198-20260112,worker-uuid-00198,W-00198,2026-01-12T06:30:00Z,DAY_SHIFT,126,82,85,98,36.2,6.4,2,7,241,False,False,False,False,FIT,SELF_SERVICE_KIOSK,
dcu-W-00198-20260113,worker-uuid-00198,W-00198,2026-01-13T06:30:00Z,DAY_SHIFT,130,84,84,98,36.5,7.7,0,16,227,False,False,False,False,FIT,SELF_SERVICE_KIOSK,
dcu-W-00198-20260114,worker-uuid-00198,W-00198,2026-01-14T06:30:00Z,DAY_SHIFT,135,86,78,97,36.9,6.9,1,7,228,False,False,False,False,FIT,PARAMEDIC_ASSISTED,user-paramedic-01
dcu-W-00198-20260115,worker-uuid-00198,W-00198,2026-01-15T18:30:00Z,NIGHT_SHIFT,134,88,96,98,35.8,5.1,1,7,306,False,False,False,False,FIT,SELF_SERVICE_KIOSK,
dcu-W-00198-20260116,worker-uuid-00198,W-00198,2026-01-16T18:30:00Z,NIGHT_SHIFT,134,80,95,96,36.6,4.8,4,12,352,False,False,False,False,FIT,SELF_SERVICE_KIOSK,
dcu-W-00198-20260118,worker-uuid-00198,W-00198,2026-01-18T18:30:00Z,NIGHT_SHIFT,141,85,94,100,36.9,4.4,4,16,314,False,False,False,False,RESTRICTED,SELF_SERVICE_KIOSK,
dcu-W-00198-20260120,worker-uuid-00198,W-00198,2026-01-20T18:30:00Z,NIGHT_SHIFT,143,98,86,100,36.7,6.6,1,12,305,False,False,False,False,RESTRICTED,SELF_SERVICE_KIOSK,
dcu-W-00198-20260121,worker-uuid-00198,W-00198,2026-01-21T18:30:00Z,NIGHT_SHIFT,143,91,89,98,36.9,6.6,1,19,376,False,False,False,False,FIT,PARAMEDIC_ASSISTED,user-paramedic-01
dcu-W-00198-20260122,worker-uuid-00198,W-00198,2026-01-22T18:30:00Z,NIGHT_SHIFT,137,89,87,98,36.5,5.4,2,6,301,False,False,False,False,FIT,PARAMEDIC_ASSISTED,user-paramedic-01
dcu-W-00198-20260123,worker-uuid-00198,W-00198,2026-01-23T18:30:00Z,NIGHT_SHIFT,145,85,88,98,36.4,4.8,3,18,308,False,False,False,False,FIT,SELF_SERVICE_KIOSK,
dcu-W-00198-20260124,worker-uuid-00198,W-00198,2026-01-24T18:30:00Z,NIGHT_SHIFT,135,88,93,98,36.2,3.7,3,6,307,False,False,False,False,RESTRICTED,SELF_SERVICE_KIOSK,
dcu-W-00198-20260125,worker-uuid-00198,W-00198,2026-01-25T18:30:00Z,NIGHT_SHIFT,140,88,87,98,36.7,4.2,1,6,301,False,False,False,False,RESTRICTED,PARAMEDIC_ASSISTED,user-paramedic-01
dcu-W-00198-20260129,worker-uuid-00198,W-00198,2026-01-29T06:30:00Z,DAY_SHIFT,127,85,78,97,36.9,7.9,1,10,221,False,False,False,False,FIT,PARAMEDIC_ASSISTED,user-paramedic-01
dcu-W-00198-20260130,worker-uuid-00198,W-00198,2026-01-30T06:30:00Z,DAY_SHIFT,130,78,89,96,36.2,6.3,2,7,225,False,False,False,False,FIT,SELF_SERVICE_KIOSK,
dcu-W-00198-20260131,worker-uuid-00198,W-00198,2026-01-31T06:30:00Z,DAY_SHIFT,132,82,81,100,36.1,6.4,1,13,210,False,False,False,False,FIT,PARAMEDIC_ASSISTED,user-paramedic-01
dcu-W-00198-20260201,worker-uuid-00198,W-00198,2026-02-01T06:30:00Z,DAY_SHIFT,133,87,83,97,36.8,6.7,1,12,256,False,False,False,False,FIT,PARAMEDIC_ASSISTED,user-paramedic-01
dcu-W-00198-20260202,worker-uuid-00198,W-00198,2026-02-02T06:30:00Z,DAY_SHIFT,133,81,80,97,36.2,7.3,2,16,197,False,False,False,False,FIT,PARAMEDIC_ASSISTED,user-paramedic-01
dcu-W-00198-20260204,worker-uuid-00198,W-00198,2026-02-04T06:30:00Z,DAY_SHIFT,125,83,76,97,36.2,5.3,2,17,232,False,False,False,False,FIT,SELF_SERVICE_KIOSK,
dcu-W-00198-20260205,worker-uuid-00198,W-00198,2026-02-05T06:30:00Z,DAY_SHIFT,135,85,82,97,36.4,6.1,1,14,241,False,False,False,False,FIT,SELF_SERVICE_KIOSK,
dcu-W-00198-20260207,worker-uuid-00198,W-00198,2026-02-07T06:30:00Z,DAY_SHIFT,132,79,78,95,36.4,7.6,1,17,226,False,False,False,False,FIT,SELF_SERVICE_KIOSK,
dcu-W-00198-20260208,worker-uuid-00198,W-00198,2026-02-08T06:30:00Z,DAY_SHIFT,135,90,85,97,36.4,7.4,1,19,233,False,False,False,False,FIT,SELF_SERVICE_KIOSK,
dcu-W-00198-20260209,worker-uuid-00198,W-00198,2026-02-09T06:30:00Z,DAY_SHIFT,136,85,76,96,36.5,8.6,1,7,203,False,False,False,False,FIT,PARAMEDIC_ASSISTED,user-paramedic-01
dcu-W-00198-20260210,worker-uuid-00198,W-00198,2026-02-10T06:30:00Z,DAY_SHIFT,132,84,78,97,36.7,7.7,1,9,257,False,False,False,False,FIT,SELF_SERVICE_KIOSK,
dcu-W-00198-20260211,worker-uuid-00198,W-00198,2026-02-11T06:30:00Z,DAY_SHIFT,119,73,73,97,36.7,8.4,1,10,203,False,False,False,False,FIT,PARAMEDIC_ASSISTED,user-paramedic-01
dcu-W-00198-20260212,worker-uuid-00198,W-00198,2026-02-12T18:30:00Z,NIGHT_SHIFT,141,84,96,98,36.5,2.8,4,18,346,False,False,False,False,RESTRICTED,SELF_SERVICE_KIOSK,
dcu-W-00198-20260213,worker-uuid-00198,W-00198,2026-02-13T18:30:00Z,NIGHT_SHIFT,129,80,85,95,36.3,5.7,4,13,293,False,False,False,False,FIT,PARAMEDIC_ASSISTED,user-paramedic-01
dcu-W-00198-20260214,worker-uuid-00198,W-00198,2026-02-14T18:30:00Z,NIGHT_SHIFT,140,88,90,97,36.3,6.3,3,12,284,False,False,False,False,FIT,SELF_SERVICE_KIOSK,
dcu-W-00198-20260215,worker-uuid-00198,W-00198,2026-02-15T18:30:00Z,NIGHT_SHIFT,131,79,82,99,36.3,6.4,4,9,277,False,False,False,False,FIT,PARAMEDIC_ASSISTED,user-paramedic-01
dcu-W-00198-20260216,worker-uuid-00198,W-00198,2026-02-16T18:30:00Z,NIGHT_SHIFT,141,87,94,98,36.8,4.1,4,9,255,False,False,False,False,RESTRICTED,SELF_SERVICE_KIOSK,
dcu-W-00198-20260217,worker-uuid-00198,W-00198,2026-02-17T18:30:00Z,NIGHT_SHIFT,134,76,94,98,36.7,5.4,2,18,379,False,False,False,False,FIT,SELF_SERVICE_KIOSK,
dcu-W-00198-20260219,worker-uuid-00198,W-00198,2026-02-19T18:30:00Z,NIGHT_SHIFT,136,91,97,98,36.8,6.2,3,12,290,False,False,False,False,FIT,SELF_SERVICE_KIOSK,
dcu-W-00198-20260220,worker-uuid-00198,W-00198,2026-02-20T18:30:00Z,NIGHT_SHIFT,130,82,94,99,36.1,6.9,3,15,324,False,False,False,False,FIT,SELF_SERVICE_KIOSK,
dcu-W-00198-20260221,worker-uuid-00198,W-00198,2026-02-21T18:30:00Z,NIGHT_SHIFT,134,77,91,97,36.7,6.5,4,12,336,False,False,False,False,FIT,PARAMEDIC_ASSISTED,user-paramedic-01
dcu-W-00198-20260222,worker-uuid-00198,W-00198,2026-02-22T18:30:00Z,NIGHT_SHIFT,145,93,88,96,37.0,3.4,1,17,364,False,False,False,False,RESTRICTED,SELF_SERVICE_KIOSK,
dcu-W-00198-20260223,worker-uuid-00198,W-00198,2026-02-23T18:30:00Z,NIGHT_SHIFT,127,76,84,96,36.5,6.0,4,15,303,False,False,False,False,FIT,PARAMEDIC_ASSISTED,user-paramedic-01
dcu-W-00198-20260225,worker-uuid-00198,W-00198,2026-02-25T18:30:00Z,NIGHT_SHIFT,143,89,88,99,36.6,5.1,3,16,252,False,False,False,False,FIT,PARAMEDIC_ASSISTED,user-paramedic-01
dcu-W-00198-20260226,worker-uuid-00198,W-00198,2026-02-26T06:30:00Z,DAY_SHIFT,129,89,83,97,35.9,7.0,1,13,281,False,False,False,False,FIT,SELF_SERVICE_KIOSK,
dcu-W-00198-20260227,worker-uuid-00198,W-00198,2026-02-27T06:30:00Z,DAY_SHIFT,123,68,83,100,36.6,8.4,1,6,213,False,False,False,False,FIT,SELF_SERVICE_KIOSK,
dcu-W-00198-20260302,worker-uuid-00198,W-00198,2026-03-02T06:30:00Z,DAY_SHIFT,128,82,72,97,37.1,6.2,2,6,227,False,False,False,False,FIT,PARAMEDIC_ASSISTED,user-paramedic-01
dcu-W-00198-20260303,worker-uuid-00198,W-00198,2026-03-03T06:30:00Z,DAY_SHIFT,126,70,83,98,36.6,7.1,1,11,263,False,False,False,False,FIT,SELF_SERVICE_KIOSK,
dcu-W-00198-20260305,worker-uuid-00198,W-00198,2026-03-05T06:30:00Z,DAY_SHIFT,126,77,83,97,36.4,6.7,0,7,228,False,False,False,False,FIT,SELF_SERVICE_KIOSK,
dcu-W-00198-20260306,worker-uuid-00198,W-00198,2026-03-06T06:30:00Z,DAY_SHIFT,126,80,85,98,36.4,8.4,2,7,252,False,False,False,False,FIT,SELF_SERVICE_KIOSK,
dcu-W-00198-20260307,worker-uuid-00198,W-00198,2026-03-07T06:30:00Z,DAY_SHIFT,127,72,79,99,36.4,6.2,0,9,286,False,False,False,False,FIT,PARAMEDIC_ASSISTED,user-paramedic-01
dcu-W-00198-20260309,worker-uuid-00198,W-00198,2026-03-09T06:30:00Z,DAY_SHIFT,134,83,78,97,36.5,7.9,2,18,203,False,False,False,False,FIT,SELF_SERVICE_KIOSK,
dcu-W-00198-20260310,worker-uuid-00198,W-00198,2026-03-10T06:30:00Z,DAY_SHIFT,124,74,86,98,36.2,6.9,0,18,175,False,False,False,False,FIT,SELF_SERVICE_KIOSK,
dcu-W-00198-20260313,worker-uuid-00198,W-00198,2026-03-13T18:30:00Z,NIGHT_SHIFT,126,76,87,96,36.9,6.4,3,20,315,False,False,False,False,FIT,SELF_SERVICE_KIOSK,
dcu-W-00198-20260314,worker-uuid-00198,W-00198,2026-03-14T18:30:00Z,NIGHT_SHIFT,132,87,88,96,36.0,5.8,1,19,299,False,False,False,False,FIT,SELF_SERVICE_KIOSK,
dcu-W-00198-20260315,worker-uuid-00198,W-00198,2026-03-15T18:30:00Z,NIGHT_SHIFT,135,82,92,98,36.2,4.5,2,16,370,False,False,False,False,FIT,SELF_SERVICE_KIOSK,
dcu-W-00198-20260316,worker-uuid-00198,W-00198,2026-03-16T18:30:00Z,NIGHT_SHIFT,137,85,82,99,36.6,5.6,1,15,313,False,False,False,False,FIT,SELF_SERVICE_KIOSK,
dcu-W-00198-20260318,worker-uuid-00198,W-00198,2026-03-18T18:30:00Z,NIGHT_SHIFT,138,87,95,94,36.3,5.8,4,17,276,False,False,False,False,FIT,SELF_SERVICE_KIOSK,
dcu-W-00198-20260319,worker-uuid-00198,W-00198,2026-03-19T18:30:00Z,NIGHT_SHIFT,129,79,99,97,37.0,6.0,2,7,348,False,False,False,False,FIT,SELF_SERVICE_KIOSK,
dcu-W-00198-20260320,worker-uuid-00198,W-00198,2026-03-20T18:30:00Z,NIGHT_SHIFT,143,91,88,97,36.3,8.1,4,7,310,False,False,False,False,FIT,PARAMEDIC_ASSISTED,user-paramedic-01
dcu-W-00198-20260321,worker-uuid-00198,W-00198,2026-03-21T18:30:00Z,NIGHT_SHIFT,144,92,90,97,36.7,5.3,4,12,337,False,False,False,False,FIT,SELF_SERVICE_KIOSK,
dcu-W-00198-20260322,worker-uuid-00198,W-00198,2026-03-22T18:30:00Z,NIGHT_SHIFT,135,91,92,96,36.6,5.1,3,20,350,False,False,False,False,FIT,SELF_SERVICE_KIOSK,
dcu-W-00198-20260323,worker-uuid-00198,W-00198,2026-03-23T18:30:00Z,NIGHT_SHIFT,139,88,89,97,36.1,4.3,1,7,299,False,False,False,False,RESTRICTED,SELF_SERVICE_KIOSK,
dcu-W-00198-20260324,worker-uuid-00198,W-00198,2026-03-24T18:30:00Z,NIGHT_SHIFT,143,93,84,98,36.9,3.2,2,16,317,False,False,False,False,RESTRICTED,PARAMEDIC_ASSISTED,user-paramedic-01
dcu-W-00198-20260325,worker-uuid-00198,W-00198,2026-03-25T18:30:00Z,NIGHT_SHIFT,139,85,84,97,36.9,4.8,1,9,263,False,False,False,False,FIT,SELF_SERVICE_KIOSK,
dcu-W-00198-20260326,worker-uuid-00198,W-00198,2026-03-26T06:30:00Z,DAY_SHIFT,132,84,83,99,36.0,7.5,1,20,275,False,False,False,False,FIT,PARAMEDIC_ASSISTED,user-paramedic-01
dcu-W-00198-20260327,worker-uuid-00198,W-00198,2026-03-27T06:30:00Z,DAY_SHIFT,126,75,88,96,36.1,7.2,0,14,201,False,False,False,False,FIT,SELF_SERVICE_KIOSK,
dcu-W-00198-20260328,worker-uuid-00198,W-00198,2026-03-28T06:30:00Z,DAY_SHIFT,123,79,79,97,36.6,7.0,2,17,201,False,False,False,False,FIT,SELF_SERVICE_KIOSK,
dcu-W-00198-20260329,worker-uuid-00198,W-00198,2026-03-29T06:30:00Z,DAY_SHIFT,127,80,79,97,36.3,7.7,1,8,196,False,False,False,False,FIT,SELF_SERVICE_KIOSK,
dcu-W-00198-20260330,worker-uuid-00198,W-00198,2026-03-30T06:30:00Z,DAY_SHIFT,136,82,79,99,36.4,6.9,0,14,244,False,False,False,False,FIT,SELF_SERVICE_KIOSK,
dcu-W-00198-20260331,worker-uuid-00198,W-00198,2026-03-31T06:30:00Z,DAY_SHIFT,133,79,86,98,36.1,6.8,0,7,222,False,False,False,False,FIT,SELF_SERVICE_KIOSK,
dcu-W-00198-20260401,worker-uuid-00198,W-00198,2026-04-01T06:30:00Z,DAY_SHIFT,127,74,84,98,36.6,7.2,0,18,250,False,False,False,False,FIT,SELF_SERVICE_KIOSK,
dcu-W-00198-20260402,worker-uuid-00198,W-00198,2026-04-02T06:30:00Z,DAY_SHIFT,122,77,75,96,36.8,5.9,1,14,255,False,False,False,False,FIT,PARAMEDIC_ASSISTED,user-paramedic-01
dcu-W-00198-20260403,worker-uuid-00198,W-00198,2026-04-03T06:30:00Z,DAY_SHIFT,136,85,79,96,36.6,6.4,0,20,236,False,False,False,False,FIT,SELF_SERVICE_KIOSK,
dcu-W-00198-20260404,worker-uuid-00198,W-00198,2026-04-04T06:30:00Z,DAY_SHIFT,132,88,88,97,36.5,6.7,0,15,213,False,False,False,False,FIT,PARAMEDIC_ASSISTED,user-paramedic-01
dcu-W-00198-20260405,worker-uuid-00198,W-00198,2026-04-05T06:30:00Z,DAY_SHIFT,135,80,76,97,37.0,6.9,1,12,212,False,False,False,False,FIT,PARAMEDIC_ASSISTED,user-paramedic-01
dcu-W-00198-20260406,worker-uuid-00198,W-00198,2026-04-06T06:30:00Z,DAY_SHIFT,134,86,82,99,36.4,8.1,0,9,235,False,False,False,False,FIT,SELF_SERVICE_KIOSK,
dcu-W-00198-20260407,worker-uuid-00198,W-00198,2026-04-07T06:30:00Z,DAY_SHIFT,133,89,85,99,36.6,7.3,0,7,237,False,False,False,False,FIT,PARAMEDIC_ASSISTED,user-paramedic-01
dcu-W-00198-20260408,worker-uuid-00198,W-00198,2026-04-08T06:30:00Z,DAY_SHIFT,139,83,83,98,35.8,6.8,2,12,229,False,False,False,False,FIT,SELF_SERVICE_KIOSK,
dcu-W-00198-20260409,worker-uuid-00198,W-00198,2026-04-09T18:30:00Z,NIGHT_SHIFT,142,92,85,97,36.3,4.6,4,14,289,False,False,False,False,FIT,PARAMEDIC_ASSISTED,user-paramedic-01
dcu-W-00198-20260410,worker-uuid-00198,W-00198,2026-04-10T18:30:00Z,NIGHT_SHIFT,137,83,90,98,36.2,3.5,1,10,294,False,False,True,False,RESTRICTED,PARAMEDIC_ASSISTED,user-paramedic-01
dcu-W-00198-20260411,worker-uuid-00198,W-00198,2026-04-11T18:30:00Z,NIGHT_SHIFT,137,88,87,97,36.1,6.3,4,6,304,False,False,False,False,FIT,SELF_SERVICE_KIOSK,
dcu-W-00198-20260412,worker-uuid-00198,W-00198,2026-04-12T18:30:00Z,NIGHT_SHIFT,133,83,88,97,36.2,6.7,4,7,334,False,False,False,False,FIT,SELF_SERVICE_KIOSK,
dcu-W-00198-20260413,worker-uuid-00198,W-00198,2026-04-13T18:30:00Z,NIGHT_SHIFT,136,88,92,97,36.3,6.6,2,8,355,False,False,False,False,FIT,SELF_SERVICE_KIOSK,
dcu-W-00198-20260416,worker-uuid-00198,W-00198,2026-04-16T18:30:00Z,NIGHT_SHIFT,134,85,97,97,36.7,4.5,2,13,325,False,False,False,False,FIT,SELF_SERVICE_KIOSK,
dcu-W-00198-20260417,worker-uuid-00198,W-00198,2026-04-17T18:30:00Z,NIGHT_SHIFT,133,81,95,98,36.0,5.4,1,17,347,False,False,False,False,FIT,PARAMEDIC_ASSISTED,user-paramedic-01
dcu-W-00198-20260418,worker-uuid-00198,W-00198,2026-04-18T18:30:00Z,NIGHT_SHIFT,146,95,90,97,36.4,5.1,2,14,374,False,False,False,False,RESTRICTED,SELF_SERVICE_KIOSK,
dcu-W-00198-20260419,worker-uuid-00198,W-00198,2026-04-19T18:30:00Z,NIGHT_SHIFT,132,87,95,97,36.8,5.9,3,20,250,False,False,False,False,FIT,SELF_SERVICE_KIOSK,
dcu-W-00198-20260420,worker-uuid-00198,W-00198,2026-04-20T18:30:00Z,NIGHT_SHIFT,137,84,89,98,36.8,5.5,1,10,296,False,False,False,False,FIT,SELF_SERVICE_KIOSK,
dcu-W-00198-20260421,worker-uuid-00198,W-00198,2026-04-21T18:30:00Z,NIGHT_SHIFT,136,78,84,97,36.3,4.5,1,16,289,False,False,False,False,FIT,PARAMEDIC_ASSISTED,user-paramedic-01
dcu-W-00198-20260422,worker-uuid-00198,W-00198,2026-04-22T18:30:00Z,NIGHT_SHIFT,137,84,90,97,36.4,5.0,3,16,327,False,False,False,False,FIT,SELF_SERVICE_KIOSK,
dcu-W-00198-20260423,worker-uuid-00198,W-00198,2026-04-23T06:30:00Z,DAY_SHIFT,141,87,86,97,36.8,5.5,2,13,242,False,False,False,False,FIT,PARAMEDIC_ASSISTED,user-paramedic-01
dcu-W-00198-20260424,worker-uuid-00198,W-00198,2026-04-24T06:30:00Z,DAY_SHIFT,141,95,75,98,36.1,7.3,0,16,252,False,False,False,False,RESTRICTED,SELF_SERVICE_KIOSK,
dcu-W-00198-20260425,worker-uuid-00198,W-00198,2026-04-25T06:30:00Z,DAY_SHIFT,131,85,77,98,35.9,7.2,1,20,253,False,False,False,False,FIT,SELF_SERVICE_KIOSK,
dcu-W-00198-20260426,worker-uuid-00198,W-00198,2026-04-26T06:30:00Z,DAY_SHIFT,129,76,82,99,36.0,7.1,2,12,203,False,False,False,False,FIT,PARAMEDIC_ASSISTED,user-paramedic-01
dcu-W-00198-20260428,worker-uuid-00198,W-00198,2026-04-28T06:30:00Z,DAY_SHIFT,136,85,78,98,36.1,7.8,0,14,260,False,False,False,False,FIT,SELF_SERVICE_KIOSK,
dcu-W-00198-20260501,worker-uuid-00198,W-00198,2026-05-01T06:30:00Z,DAY_SHIFT,130,75,79,98,36.4,9.5,0,16,242,False,False,False,False,FIT,SELF_SERVICE_KIOSK,
dcu-W-00198-20260502,worker-uuid-00198,W-00198,2026-05-02T06:30:00Z,DAY_SHIFT,140,80,91,99,36.8,5.7,2,10,243,False,False,False,False,FIT,PARAMEDIC_ASSISTED,user-paramedic-01
dcu-W-00198-20260503,worker-uuid-00198,W-00198,2026-05-03T06:30:00Z,DAY_SHIFT,116,70,90,99,36.1,6.5,2,19,225,False,False,False,False,FIT,SELF_SERVICE_KIOSK,
dcu-W-00198-20260504,worker-uuid-00198,W-00198,2026-05-04T06:30:00Z,DAY_SHIFT,133,79,85,96,36.7,6.5,1,13,258,False,False,False,False,FIT,SELF_SERVICE_KIOSK,
dcu-W-00198-20260505,worker-uuid-00198,W-00198,2026-05-05T06:30:00Z,DAY_SHIFT,124,78,75,95,36.3,7.6,2,15,219,False,False,False,False,FIT,SELF_SERVICE_KIOSK,
dcu-W-00198-20260506,worker-uuid-00198,W-00198,2026-05-06T06:30:00Z,DAY_SHIFT,138,93,86,98,36.6,5.6,1,15,215,False,False,False,False,FIT,SELF_SERVICE_KIOSK,
dcu-W-00198-20260507,worker-uuid-00198,W-00198,2026-05-07T18:30:00Z,NIGHT_SHIFT,139,96,92,99,36.3,5.6,2,19,303,False,False,False,False,RESTRICTED,PARAMEDIC_ASSISTED,user-paramedic-01
dcu-W-00198-20260508,worker-uuid-00198,W-00198,2026-05-08T18:30:00Z,NIGHT_SHIFT,143,91,98,98,36.1,5.7,2,16,346,False,False,False,False,FIT,SELF_SERVICE_KIOSK,
dcu-W-00198-20260509,worker-uuid-00198,W-00198,2026-05-09T18:30:00Z,NIGHT_SHIFT,143,92,84,99,35.8,5.4,1,13,304,False,False,False,False,FIT,SELF_SERVICE_KIOSK,
dcu-W-00198-20260511,worker-uuid-00198,W-00198,2026-05-11T18:30:00Z,NIGHT_SHIFT,138,88,85,99,36.5,4.9,3,11,279,False,False,False,False,FIT,SELF_SERVICE_KIOSK,
dcu-W-00198-20260513,worker-uuid-00198,W-00198,2026-05-13T18:30:00Z,NIGHT_SHIFT,138,90,90,98,36.8,6.2,4,13,347,False,False,False,False,FIT,SELF_SERVICE_KIOSK,
dcu-W-00198-20260514,worker-uuid-00198,W-00198,2026-05-14T18:30:00Z,NIGHT_SHIFT,137,82,89,98,36.4,5.7,4,19,367,False,False,False,False,FIT,SELF_SERVICE_KIOSK,
dcu-W-00198-20260517,worker-uuid-00198,W-00198,2026-05-17T18:30:00Z,NIGHT_SHIFT,142,90,97,99,36.5,5.9,4,15,323,False,False,False,False,FIT,PARAMEDIC_ASSISTED,user-paramedic-01
dcu-W-00198-20260518,worker-uuid-00198,W-00198,2026-05-18T18:30:00Z,NIGHT_SHIFT,131,75,93,97,36.7,5.6,4,12,335,False,False,False,False,FIT,SELF_SERVICE_KIOSK,
dcu-W-00198-20260519,worker-uuid-00198,W-00198,2026-05-19T18:30:00Z,NIGHT_SHIFT,133,82,90,98,36.6,2.7,4,18,292,False,False,False,False,RESTRICTED,SELF_SERVICE_KIOSK,
dcu-W-00198-20260520,worker-uuid-00198,W-00198,2026-05-20T18:30:00Z,NIGHT_SHIFT,133,78,92,99,36.4,3.1,4,18,267,False,False,False,False,RESTRICTED,SELF_SERVICE_KIOSK,
dcu-W-00198-20260521,worker-uuid-00198,W-00198,2026-05-21T06:30:00Z,DAY_SHIFT,137,84,78,99,36.0,6.0,2,16,210,False,False,False,False,FIT,SELF_SERVICE_KIOSK,
dcu-W-00198-20260522,worker-uuid-00198,W-00198,2026-05-22T06:30:00Z,DAY_SHIFT,135,85,95,98,36.4,6.9,0,17,235,False,False,False,False,FIT,PARAMEDIC_ASSISTED,user-paramedic-01
dcu-W-00198-20260523,worker-uuid-00198,W-00198,2026-05-23T06:30:00Z,DAY_SHIFT,129,75,85,98,36.6,7.7,2,7,223,False,False,False,False,FIT,PARAMEDIC_ASSISTED,user-paramedic-01
dcu-W-00198-20260524,worker-uuid-00198,W-00198,2026-05-24T06:30:00Z,DAY_SHIFT,133,81,81,96,36.2,7.2,0,18,251,False,False,False,False,FIT,PARAMEDIC_ASSISTED,user-paramedic-01
dcu-W-00198-20260525,worker-uuid-00198,W-00198,2026-05-25T06:30:00Z,DAY_SHIFT,131,87,82,97,36.5,8.4,0,17,248,False,False,False,False,FIT,PARAMEDIC_ASSISTED,user-paramedic-01
dcu-W-00198-20260526,worker-uuid-00198,W-00198,2026-05-26T06:30:00Z,DAY_SHIFT,118,77,77,99,36.6,6.9,1,13,243,False,False,False,False,FIT,SELF_SERVICE_KIOSK,
dcu-W-00198-20260527,worker-uuid-00198,W-00198,2026-05-27T06:30:00Z,DAY_SHIFT,141,88,86,97,36.3,6.4,2,9,236,False,False,False,False,FIT,SELF_SERVICE_KIOSK,
dcu-W-00198-20260529,worker-uuid-00198,W-00198,2026-05-29T06:30:00Z,DAY_SHIFT,139,86,77,100,36.5,7.3,2,8,286,False,False,False,False,FIT,PARAMEDIC_ASSISTED,user-paramedic-01
dcu-W-00198-20260530,worker-uuid-00198,W-00198,2026-05-30T06:30:00Z,DAY_SHIFT,122,78,87,97,36.6,7.2,1,10,217,False,False,False,False,FIT,PARAMEDIC_ASSISTED,user-paramedic-01
dcu-W-00198-20260601,worker-uuid-00198,W-00198,2026-06-01T06:30:00Z,DAY_SHIFT,126,76,85,98,36.4,8.5,1,8,238,False,False,False,False,FIT,SELF_SERVICE_KIOSK,
dcu-W-00198-20260604,worker-uuid-00198,W-00198,2026-06-04T18:30:00Z,NIGHT_SHIFT,139,86,93,99,36.6,5.4,2,19,331,False,False,False,False,FIT,PARAMEDIC_ASSISTED,user-paramedic-01
dcu-W-00198-20260605,worker-uuid-00198,W-00198,2026-06-05T18:30:00Z,NIGHT_SHIFT,151,94,88,98,36.6,4.6,1,20,331,False,False,True,False,RESTRICTED,SELF_SERVICE_KIOSK,
dcu-W-00198-20260606,worker-uuid-00198,W-00198,2026-06-06T18:30:00Z,NIGHT_SHIFT,143,86,86,97,36.5,4.7,3,7,312,False,False,False,False,FIT,SELF_SERVICE_KIOSK,
dcu-W-00198-20260607,worker-uuid-00198,W-00198,2026-06-07T18:30:00Z,NIGHT_SHIFT,140,84,98,98,36.8,5.1,2,13,276,False,False,False,False,FIT,PARAMEDIC_ASSISTED,user-paramedic-01
dcu-W-00198-20260608,worker-uuid-00198,W-00198,2026-06-08T18:30:00Z,NIGHT_SHIFT,144,88,90,97,36.3,5.4,4,7,372,False,False,False,False,FIT,SELF_SERVICE_KIOSK,
dcu-W-00198-20260609,worker-uuid-00198,W-00198,2026-06-09T18:30:00Z,NIGHT_SHIFT,132,84,84,98,36.1,3.0,3,17,317,False,False,False,False,RESTRICTED,SELF_SERVICE_KIOSK,
dcu-W-00198-20260610,worker-uuid-00198,W-00198,2026-06-10T18:30:00Z,NIGHT_SHIFT,142,92,86,99,36.6,6.6,3,11,317,False,False,False,False,FIT,SELF_SERVICE_KIOSK,
dcu-W-00198-20260611,worker-uuid-00198,W-00198,2026-06-11T18:30:00Z,NIGHT_SHIFT,139,86,92,97,36.3,3.8,3,16,302,False,False,False,False,RESTRICTED,PARAMEDIC_ASSISTED,user-paramedic-01
dcu-W-00198-20260612,worker-uuid-00198,W-00198,2026-06-12T18:30:00Z,NIGHT_SHIFT,135,79,84,97,36.6,4.4,2,10,299,False,False,False,False,RESTRICTED,PARAMEDIC_ASSISTED,user-paramedic-01
dcu-W-00198-20260614,worker-uuid-00198,W-00198,2026-06-14T18:30:00Z,NIGHT_SHIFT,134,87,94,96,36.5,4.7,3,7,298,False,False,False,False,FIT,PARAMEDIC_ASSISTED,user-paramedic-01
dcu-W-00198-20260616,worker-uuid-00198,W-00198,2026-06-16T18:30:00Z,NIGHT_SHIFT,136,83,94,97,36.2,6.8,1,6,301,False,False,False,False,FIT,SELF_SERVICE_KIOSK,
dcu-W-00198-20260617,worker-uuid-00198,W-00198,2026-06-17T18:30:00Z,NIGHT_SHIFT,142,89,96,99,36.3,4.3,4,20,300,False,False,False,False,RESTRICTED,SELF_SERVICE_KIOSK,
dcu-W-00198-20260618,worker-uuid-00198,W-00198,2026-06-18T06:30:00Z,DAY_SHIFT,126,78,71,98,36.6,7.7,1,12,260,False,False,False,False,FIT,PARAMEDIC_ASSISTED,user-paramedic-01
dcu-W-00198-20260620,worker-uuid-00198,W-00198,2026-06-20T06:30:00Z,DAY_SHIFT,132,72,80,97,36.8,6.3,0,10,210,False,False,False,False,FIT,PARAMEDIC_ASSISTED,user-paramedic-01
dcu-W-00198-20260621,worker-uuid-00198,W-00198,2026-06-21T06:30:00Z,DAY_SHIFT,133,80,77,97,36.7,6.7,2,13,230,False,False,False,False,FIT,PARAMEDIC_ASSISTED,user-paramedic-01
dcu-W-00198-20260622,worker-uuid-00198,W-00198,2026-06-22T06:30:00Z,DAY_SHIFT,116,74,86,98,36.9,8.0,2,15,246,False,False,False,False,FIT,SELF_SERVICE_KIOSK,
dcu-W-00198-20260623,worker-uuid-00198,W-00198,2026-06-23T06:30:00Z,DAY_SHIFT,130,88,79,97,36.3,6.7,0,7,232,False,False,False,False,FIT,SELF_SERVICE_KIOSK,
dcu-W-00198-20260624,worker-uuid-00198,W-00198,2026-06-24T06:30:00Z,DAY_SHIFT,137,84,82,99,36.8,4.6,2,11,220,False,False,False,False,FIT,SELF_SERVICE_KIOSK,
dcu-W-00198-20260625,worker-uuid-00198,W-00198,2026-06-25T06:30:00Z,DAY_SHIFT,130,79,88,96,36.5,7.5,2,16,272,False,False,False,False,FIT,SELF_SERVICE_KIOSK,
dcu-W-00198-20260626,worker-uuid-00198,W-00198,2026-06-26T06:30:00Z,DAY_SHIFT,123,72,84,98,36.6,7.1,0,10,253,False,False,False,False,FIT,SELF_SERVICE_KIOSK,
dcu-W-00198-20260627,worker-uuid-00198,W-00198,2026-06-27T06:30:00Z,DAY_SHIFT,133,84,81,97,36.7,6.6,0,6,285,False,False,False,False,FIT,SELF_SERVICE_KIOSK,
dcu-W-00198-20260628,worker-uuid-00198,W-00198,2026-06-28T06:30:00Z,DAY_SHIFT,130,80,82,97,37.5,8.3,2,12,264,False,False,False,False,FIT,PARAMEDIC_ASSISTED,user-paramedic-01
dcu-W-00198-20260630,worker-uuid-00198,W-00198,2026-06-30T06:30:00Z,DAY_SHIFT,133,87,72,96,36.8,6.7,2,17,279,False,False,False,False,FIT,PARAMEDIC_ASSISTED,user-paramedic-01
dcu-W-00198-20260701,worker-uuid-00198,W-00198,2026-07-01T06:30:00Z,DAY_SHIFT,130,83,77,100,36.2,7.2,0,19,236,False,False,False,False,FIT,SELF_SERVICE_KIOSK,
dcu-W-00198-20260702,worker-uuid-00198,W-00198,2026-07-02T18:30:00Z,NIGHT_SHIFT,133,86,87,96,36.5,3.5,1,9,324,False,False,False,False,RESTRICTED,SELF_SERVICE_KIOSK,
dcu-W-00198-20260705,worker-uuid-00198,W-00198,2026-07-05T18:30:00Z,NIGHT_SHIFT,138,80,86,97,36.5,6.0,1,7,362,False,False,False,False,FIT,SELF_SERVICE_KIOSK,
dcu-W-00198-20260709,worker-uuid-00198,W-00198,2026-07-09T18:30:00Z,NIGHT_SHIFT,136,86,94,97,37.0,5.8,1,16,332,False,False,False,False,FIT,SELF_SERVICE_KIOSK,
dcu-W-00198-20260710,worker-uuid-00198,W-00198,2026-07-10T18:30:00Z,NIGHT_SHIFT,147,97,95,96,36.4,3.8,4,19,284,False,False,False,False,RESTRICTED,SELF_SERVICE_KIOSK,
dcu-W-00198-20260712,worker-uuid-00198,W-00198,2026-07-12T18:30:00Z,NIGHT_SHIFT,139,83,84,97,36.5,5.7,4,15,283,False,False,False,False,FIT,SELF_SERVICE_KIOSK,
dcu-W-00198-20260713,worker-uuid-00198,W-00198,2026-07-13T18:30:00Z,NIGHT_SHIFT,143,87,91,95,36.6,6.7,3,19,345,False,False,False,False,FIT,PARAMEDIC_ASSISTED,user-paramedic-01
dcu-W-00198-20260714,worker-uuid-00198,W-00198,2026-07-14T18:30:00Z,NIGHT_SHIFT,142,95,89,96,36.8,5.4,4,10,244,False,False,False,False,RESTRICTED,SELF_SERVICE_KIOSK,
dcu-W-00198-20260715,worker-uuid-00198,W-00198,2026-07-15T18:30:00Z,NIGHT_SHIFT,131,89,88,99,36.3,7.0,4,7,251,False,False,False,False,FIT,SELF_SERVICE_KIOSK,
dcu-W-00198-20260716,worker-uuid-00198,W-00198,2026-07-16T06:30:00Z,DAY_SHIFT,131,88,90,99,36.7,6.3,2,12,230,False,False,False,False,FIT,SELF_SERVICE_KIOSK,
dcu-W-00198-20260717,worker-uuid-00198,W-00198,2026-07-17T06:30:00Z,DAY_SHIFT,140,88,73,97,36.6,6.5,0,18,207,False,False,False,False,FIT,PARAMEDIC_ASSISTED,user-paramedic-01
dcu-W-00198-20260719,worker-uuid-00198,W-00198,2026-07-19T06:30:00Z,DAY_SHIFT,137,86,79,97,36.1,7.3,0,12,264,False,False,False,False,FIT,SELF_SERVICE_KIOSK,
dcu-W-00198-20260720,worker-uuid-00198,W-00198,2026-07-20T06:30:00Z,DAY_SHIFT,131,82,80,98,36.3,7.4,1,9,229,False,False,False,False,FIT,SELF_SERVICE_KIOSK,
dcu-W-00198-20260721,worker-uuid-00198,W-00198,2026-07-21T06:30:00Z,DAY_SHIFT,133,84,90,97,36.5,8.0,1,12,298,False,False,False,False,FIT,SELF_SERVICE_KIOSK,
dcu-W-00198-20260722,worker-uuid-00198,W-00198,2026-07-22T06:30:00Z,DAY_SHIFT,136,96,71,98,36.8,7.7,0,7,211,False,False,False,False,RESTRICTED,PARAMEDIC_ASSISTED,user-paramedic-01
dcu-W-00198-20260723,worker-uuid-00198,W-00198,2026-07-23T06:30:00Z,DAY_SHIFT,128,81,86,99,36.0,6.9,1,16,192,False,False,False,False,FIT,SELF_SERVICE_KIOSK,
dcu-W-00198-20260724,worker-uuid-00198,W-00198,2026-07-24T06:30:00Z,DAY_SHIFT,134,86,84,97,36.0,6.4,2,9,228,False,False,False,False,FIT,PARAMEDIC_ASSISTED,user-paramedic-01
dcu-W-00198-20260725,worker-uuid-00198,W-00198,2026-07-25T06:30:00Z,DAY_SHIFT,124,74,77,97,36.4,6.2,0,9,227,False,False,False,False,FIT,SELF_SERVICE_KIOSK,
dcu-W-00198-20260728,worker-uuid-00198,W-00198,2026-07-28T06:30:00Z,DAY_SHIFT,141,85,79,99,36.6,7.1,2,13,265,False,False,False,False,FIT,PARAMEDIC_ASSISTED,user-paramedic-01
dcu-W-00198-20260729,worker-uuid-00198,W-00198,2026-07-29T06:30:00Z,DAY_SHIFT,128,80,84,98,36.7,6.6,0,8,232,False,False,False,False,FIT,SELF_SERVICE_KIOSK,
dcu-W-00198-20260730,worker-uuid-00198,W-00198,2026-07-30T18:30:00Z,NIGHT_SHIFT,130,79,82,98,36.3,5.4,3,18,370,False,False,False,False,FIT,SELF_SERVICE_KIOSK,
dcu-W-00198-20260731,worker-uuid-00198,W-00198,2026-07-31T18:30:00Z,NIGHT_SHIFT,134,92,91,97,37.1,6.3,2,10,265,False,False,False,False,FIT,PARAMEDIC_ASSISTED,user-paramedic-01
dcu-W-00198-20260803,worker-uuid-00198,W-00198,2026-08-03T18:30:00Z,NIGHT_SHIFT,146,91,75,96,36.9,4.7,1,10,370,False,False,False,False,FIT,SELF_SERVICE_KIOSK,
dcu-W-00198-20260804,worker-uuid-00198,W-00198,2026-08-04T18:30:00Z,NIGHT_SHIFT,135,88,95,99,36.2,5.4,1,6,343,False,False,False,False,FIT,SELF_SERVICE_KIOSK,
dcu-W-00198-20260805,worker-uuid-00198,W-00198,2026-08-05T18:30:00Z,NIGHT_SHIFT,130,76,90,99,36.5,6.7,3,15,405,False,False,False,False,FIT,PARAMEDIC_ASSISTED,user-paramedic-01
dcu-W-00198-20260806,worker-uuid-00198,W-00198,2026-08-06T18:30:00Z,NIGHT_SHIFT,138,84,92,98,36.6,3.7,1,9,336,False,False,False,False,RESTRICTED,SELF_SERVICE_KIOSK,
dcu-W-00198-20260808,worker-uuid-00198,W-00198,2026-08-08T18:30:00Z,NIGHT_SHIFT,132,87,85,96,36.6,5.4,3,14,278,False,False,False,False,FIT,SELF_SERVICE_KIOSK,
dcu-W-00198-20260809,worker-uuid-00198,W-00198,2026-08-09T18:30:00Z,NIGHT_SHIFT,139,85,89,97,37.1,6.9,3,20,296,False,False,False,False,FIT,SELF_SERVICE_KIOSK,
dcu-W-00198-20260810,worker-uuid-00198,W-00198,2026-08-10T18:30:00Z,NIGHT_SHIFT,141,93,89,96,36.5,5.5,2,11,284,False,False,False,False,FIT,SELF_SERVICE_KIOSK,
dcu-W-00198-20260811,worker-uuid-00198,W-00198,2026-08-11T18:30:00Z,NIGHT_SHIFT,135,89,87,99,36.4,4.8,1,7,278,False,False,False,False,FIT,SELF_SERVICE_KIOSK,
dcu-W-00198-20260812,worker-uuid-00198,W-00198,2026-08-12T18:30:00Z,NIGHT_SHIFT,136,80,91,97,36.4,5.3,4,17,322,False,False,False,False,FIT,SELF_SERVICE_KIOSK,
dcu-W-00198-20260813,worker-uuid-00198,W-00198,2026-08-13T06:30:00Z,DAY_SHIFT,135,84,76,97,36.2,7.2,2,14,218,False,False,False,False,FIT,PARAMEDIC_ASSISTED,user-paramedic-01
dcu-W-00198-20260814,worker-uuid-00198,W-00198,2026-08-14T06:30:00Z,DAY_SHIFT,126,80,83,97,36.3,8.0,0,16,267,False,False,False,False,FIT,PARAMEDIC_ASSISTED,user-paramedic-01
dcu-W-00198-20260815,worker-uuid-00198,W-00198,2026-08-15T06:30:00Z,DAY_SHIFT,120,71,85,98,37.1,6.7,1,12,249,False,False,False,False,FIT,SELF_SERVICE_KIOSK,
dcu-W-00198-20260816,worker-uuid-00198,W-00198,2026-08-16T06:30:00Z,DAY_SHIFT,126,76,71,99,36.7,8.3,1,18,260,False,False,False,False,FIT,PARAMEDIC_ASSISTED,user-paramedic-01
dcu-W-00198-20260817,worker-uuid-00198,W-00198,2026-08-17T06:30:00Z,DAY_SHIFT,121,69,77,100,36.9,6.8,1,14,253,False,False,False,False,FIT,PARAMEDIC_ASSISTED,user-paramedic-01
dcu-W-00198-20260818,worker-uuid-00198,W-00198,2026-08-18T06:30:00Z,DAY_SHIFT,129,82,88,98,36.5,8.0,2,11,260,False,False,False,False,FIT,PARAMEDIC_ASSISTED,user-paramedic-01
dcu-W-00198-20260819,worker-uuid-00198,W-00198,2026-08-19T06:30:00Z,DAY_SHIFT,141,95,87,98,36.1,7.1,2,8,230,False,False,False,False,RESTRICTED,SELF_SERVICE_KIOSK,
dcu-W-00198-20260822,worker-uuid-00198,W-00198,2026-08-22T06:30:00Z,DAY_SHIFT,129,80,77,97,36.3,7.8,0,15,269,False,False,False,False,FIT,PARAMEDIC_ASSISTED,user-paramedic-01
dcu-W-00198-20260823,worker-uuid-00198,W-00198,2026-08-23T06:30:00Z,DAY_SHIFT,133,81,74,97,37.0,7.9,2,18,236,False,False,False,False,FIT,SELF_SERVICE_KIOSK,
dcu-W-00198-20260824,worker-uuid-00198,W-00198,2026-08-24T06:30:00Z,DAY_SHIFT,135,84,83,99,36.9,7.8,2,9,234,False,False,False,False,FIT,PARAMEDIC_ASSISTED,user-paramedic-01
dcu-W-00198-20260825,worker-uuid-00198,W-00198,2026-08-25T06:30:00Z,DAY_SHIFT,137,82,82,97,36.9,7.2,1,13,240,False,False,False,False,FIT,SELF_SERVICE_KIOSK,
dcu-W-00198-20260826,worker-uuid-00198,W-00198,2026-08-26T06:30:00Z,DAY_SHIFT,128,75,81,97,36.2,7.2,2,11,224,False,False,False,False,FIT,SELF_SERVICE_KIOSK,
dcu-W-00198-20260827,worker-uuid-00198,W-00198,2026-08-27T18:30:00Z,NIGHT_SHIFT,145,88,88,98,36.0,6.3,1,18,280,False,False,False,False,FIT,SELF_SERVICE_KIOSK,
dcu-W-00198-20260828,worker-uuid-00198,W-00198,2026-08-28T18:30:00Z,NIGHT_SHIFT,132,83,85,98,36.4,6.6,1,17,299,False,False,False,False,FIT,SELF_SERVICE_KIOSK,
dcu-W-00198-20260829,worker-uuid-00198,W-00198,2026-08-29T18:30:00Z,NIGHT_SHIFT,139,88,99,97,36.2,5.3,2,16,313,False,False,False,False,FIT,SELF_SERVICE_KIOSK,
dcu-W-00198-20260830,worker-uuid-00198,W-00198,2026-08-30T18:30:00Z,NIGHT_SHIFT,135,83,91,98,36.4,5.7,1,12,310,False,False,False,False,FIT,PARAMEDIC_ASSISTED,user-paramedic-01
dcu-W-00198-20260831,worker-uuid-00198,W-00198,2026-08-31T18:30:00Z,NIGHT_SHIFT,131,84,85,97,36.3,5.6,1,15,339,False,False,False,False,FIT,SELF_SERVICE_KIOSK,
dcu-W-00198-20260902,worker-uuid-00198,W-00198,2026-09-02T18:30:00Z,NIGHT_SHIFT,134,90,86,96,36.4,7.5,1,17,290,False,False,False,False,FIT,SELF_SERVICE_KIOSK,
dcu-W-00198-20260903,worker-uuid-00198,W-00198,2026-09-03T18:30:00Z,NIGHT_SHIFT,128,86,93,96,36.4,5.6,4,18,333,False,False,False,False,FIT,SELF_SERVICE_KIOSK,
dcu-W-00198-20260904,worker-uuid-00198,W-00198,2026-09-04T18:30:00Z,NIGHT_SHIFT,137,87,93,97,36.6,5.0,2,18,271,False,False,False,False,FIT,PARAMEDIC_ASSISTED,user-paramedic-01
dcu-W-00198-20260905,worker-uuid-00198,W-00198,2026-09-05T18:30:00Z,NIGHT_SHIFT,130,82,90,97,36.4,5.7,1,14,271,False,False,False,False,FIT,PARAMEDIC_ASSISTED,user-paramedic-01
dcu-W-00198-20260906,worker-uuid-00198,W-00198,2026-09-06T18:30:00Z,NIGHT_SHIFT,139,93,85,97,36.5,5.9,3,13,340,False,False,False,False,FIT,SELF_SERVICE_KIOSK,
dcu-W-00198-20260909,worker-uuid-00198,W-00198,2026-09-09T18:30:00Z,NIGHT_SHIFT,138,81,85,96,36.8,4.9,1,20,226,False,False,False,False,FIT,SELF_SERVICE_KIOSK,
dcu-W-00198-20260910,worker-uuid-00198,W-00198,2026-09-10T06:30:00Z,DAY_SHIFT,125,74,75,98,36.6,6.6,2,11,281,False,False,False,False,FIT,SELF_SERVICE_KIOSK,
dcu-W-00198-20260911,worker-uuid-00198,W-00198,2026-09-11T06:30:00Z,DAY_SHIFT,132,80,81,97,36.8,7.8,1,18,241,False,False,False,False,FIT,SELF_SERVICE_KIOSK,
dcu-W-00198-20260912,worker-uuid-00198,W-00198,2026-09-12T06:30:00Z,DAY_SHIFT,128,87,83,98,36.1,7.2,0,20,204,False,False,False,False,FIT,PARAMEDIC_ASSISTED,user-paramedic-01
dcu-W-00198-20260913,worker-uuid-00198,W-00198,2026-09-13T06:30:00Z,DAY_SHIFT,132,83,76,98,36.8,4.6,0,7,287,False,False,False,False,FIT,SELF_SERVICE_KIOSK,
dcu-W-00198-20260914,worker-uuid-00198,W-00198,2026-09-14T06:30:00Z,DAY_SHIFT,125,72,84,99,36.0,6.8,0,13,194,False,False,False,False,FIT,PARAMEDIC_ASSISTED,user-paramedic-01
dcu-W-00198-20260915,worker-uuid-00198,W-00198,2026-09-15T06:30:00Z,DAY_SHIFT,126,81,82,98,36.3,7.2,2,13,217,False,False,False,False,FIT,SELF_SERVICE_KIOSK,
dcu-W-00198-20260916,worker-uuid-00198,W-00198,2026-09-16T06:30:00Z,DAY_SHIFT,120,76,78,98,36.4,8.5,2,13,250,False,False,False,False,FIT,PARAMEDIC_ASSISTED,user-paramedic-01
dcu-W-00198-20260917,worker-uuid-00198,W-00198,2026-09-17T06:30:00Z,DAY_SHIFT,122,77,80,98,36.6,7.6,2,17,184,False,False,False,False,FIT,SELF_SERVICE_KIOSK,
dcu-W-00198-20260918,worker-uuid-00198,W-00198,2026-09-18T06:30:00Z,DAY_SHIFT,131,77,86,99,36.8,6.6,1,6,216,False,False,False,False,FIT,SELF_SERVICE_KIOSK,
dcu-W-00198-20260919,worker-uuid-00198,W-00198,2026-09-19T06:30:00Z,DAY_SHIFT,121,74,79,97,36.3,6.4,0,14,208,False,False,False,False,FIT,SELF_SERVICE_KIOSK,
dcu-W-00198-20260920,worker-uuid-00198,W-00198,2026-09-20T06:30:00Z,DAY_SHIFT,135,87,81,97,36.8,6.6,2,12,223,False,False,False,False,FIT,SELF_SERVICE_KIOSK,
dcu-W-00198-20260921,worker-uuid-00198,W-00198,2026-09-21T06:30:00Z,DAY_SHIFT,127,83,85,97,36.7,6.5,0,7,211,False,False,False,False,FIT,SELF_SERVICE_KIOSK,
dcu-W-00198-20260922,worker-uuid-00198,W-00198,2026-09-22T06:30:00Z,DAY_SHIFT,125,80,90,98,36.2,8.0,2,7,225,False,False,False,False,FIT,SELF_SERVICE_KIOSK,
dcu-W-00198-20260923,worker-uuid-00198,W-00198,2026-09-23T06:30:00Z,DAY_SHIFT,133,85,78,99,36.3,7.2,2,18,225,False,False,False,False,FIT,SELF_SERVICE_KIOSK,
dcu-W-00198-20260924,worker-uuid-00198,W-00198,2026-09-24T18:30:00Z,NIGHT_SHIFT,126,81,91,97,36.9,5.6,4,7,337,False,False,False,False,FIT,PARAMEDIC_ASSISTED,user-paramedic-01
dcu-W-00198-20260927,worker-uuid-00198,W-00198,2026-09-27T18:30:00Z,NIGHT_SHIFT,135,82,93,98,36.4,5.6,2,17,290,False,False,False,False,FIT,SELF_SERVICE_KIOSK,
dcu-W-00198-20260928,worker-uuid-00198,W-00198,2026-09-28T18:30:00Z,NIGHT_SHIFT,133,81,94,98,36.5,5.4,2,8,330,False,False,False,False,FIT,PARAMEDIC_ASSISTED,user-paramedic-01
dcu-W-00198-20260929,worker-uuid-00198,W-00198,2026-09-29T18:30:00Z,NIGHT_SHIFT,139,86,97,98,35.9,5.6,4,13,318,False,False,False,False,FIT,PARAMEDIC_ASSISTED,user-paramedic-01
dcu-W-00198-20261001,worker-uuid-00198,W-00198,2026-10-01T18:30:00Z,NIGHT_SHIFT,146,100,96,97,36.5,3.8,1,11,307,False,False,True,False,RESTRICTED,PARAMEDIC_ASSISTED,user-paramedic-01
dcu-W-00198-20261002,worker-uuid-00198,W-00198,2026-10-02T18:30:00Z,NIGHT_SHIFT,130,82,87,98,36.9,5.6,1,7,274,False,False,False,False,FIT,SELF_SERVICE_KIOSK,
dcu-W-00198-20261004,worker-uuid-00198,W-00198,2026-10-04T18:30:00Z,NIGHT_SHIFT,140,90,83,98,37.0,5.5,4,11,290,False,False,False,False,FIT,SELF_SERVICE_KIOSK,
dcu-W-00198-20261005,worker-uuid-00198,W-00198,2026-10-05T18:30:00Z,NIGHT_SHIFT,143,93,91,97,36.3,4.2,3,16,276,False,False,False,False,RESTRICTED,SELF_SERVICE_KIOSK,
dcu-W-00198-20261006,worker-uuid-00198,W-00198,2026-10-06T18:30:00Z,NIGHT_SHIFT,133,80,89,97,36.3,5.0,4,11,292,False,False,False,False,FIT,PARAMEDIC_ASSISTED,user-paramedic-01
dcu-W-00198-20261007,worker-uuid-00198,W-00198,2026-10-07T18:30:00Z,NIGHT_SHIFT,147,94,89,98,36.3,3.4,2,10,344,False,False,False,False,RESTRICTED,SELF_SERVICE_KIOSK,
dcu-W-00198-20261008,worker-uuid-00198,W-00198,2026-10-08T06:30:00Z,DAY_SHIFT,137,84,90,98,36.5,7.8,2,13,235,False,False,False,False,FIT,PARAMEDIC_ASSISTED,user-paramedic-01
dcu-W-00198-20261009,worker-uuid-00198,W-00198,2026-10-09T06:30:00Z,DAY_SHIFT,124,79,83,97,36.4,5.0,2,11,230,False,False,False,False,FIT,SELF_SERVICE_KIOSK,
dcu-W-00198-20261011,worker-uuid-00198,W-00198,2026-10-11T06:30:00Z,DAY_SHIFT,132,86,78,96,36.5,6.9,1,9,252,False,False,False,False,FIT,SELF_SERVICE_KIOSK,
dcu-W-00198-20261012,worker-uuid-00198,W-00198,2026-10-12T06:30:00Z,DAY_SHIFT,122,75,85,98,36.6,7.5,1,8,214,False,False,False,False,FIT,SELF_SERVICE_KIOSK,
dcu-W-00198-20261013,worker-uuid-00198,W-00198,2026-10-13T06:30:00Z,DAY_SHIFT,142,89,88,97,35.9,6.9,1,6,214,False,False,False,False,FIT,SELF_SERVICE_KIOSK,
dcu-W-00198-20261014,worker-uuid-00198,W-00198,2026-10-14T06:30:00Z,DAY_SHIFT,124,77,86,98,37.1,8.1,1,8,216,False,False,False,False,FIT,PARAMEDIC_ASSISTED,user-paramedic-01
dcu-W-00198-20261015,worker-uuid-00198,W-00198,2026-10-15T06:30:00Z,DAY_SHIFT,128,76,93,98,36.8,5.8,1,11,222,False,False,False,False,FIT,PARAMEDIC_ASSISTED,user-paramedic-01
dcu-W-00198-20261016,worker-uuid-00198,W-00198,2026-10-16T06:30:00Z,DAY_SHIFT,133,82,85,99,36.2,7.2,2,15,235,False,False,False,False,FIT,SELF_SERVICE_KIOSK,
dcu-W-00198-20261017,worker-uuid-00198,W-00198,2026-10-17T06:30:00Z,DAY_SHIFT,142,93,77,99,36.4,6.7,2,12,270,False,False,False,False,FIT,SELF_SERVICE_KIOSK,
dcu-W-00198-20261020,worker-uuid-00198,W-00198,2026-10-20T06:30:00Z,DAY_SHIFT,121,71,74,99,36.1,6.5,0,14,206,False,False,False,False,FIT,SELF_SERVICE_KIOSK,
dcu-W-00198-20261021,worker-uuid-00198,W-00198,2026-10-21T06:30:00Z,DAY_SHIFT,131,83,85,98,36.2,8.1,1,15,228,False,False,False,False,FIT,SELF_SERVICE_KIOSK,
dcu-W-00198-20261022,worker-uuid-00198,W-00198,2026-10-22T18:30:00Z,NIGHT_SHIFT,141,82,96,97,37.0,4.8,1,16,330,False,False,False,False,FIT,PARAMEDIC_ASSISTED,user-paramedic-01
dcu-W-00198-20261023,worker-uuid-00198,W-00198,2026-10-23T18:30:00Z,NIGHT_SHIFT,139,86,90,97,36.6,5.6,3,18,345,False,False,False,False,FIT,PARAMEDIC_ASSISTED,user-paramedic-01
dcu-W-00198-20261024,worker-uuid-00198,W-00198,2026-10-24T18:30:00Z,NIGHT_SHIFT,126,80,88,98,36.6,6.0,1,17,278,False,False,False,False,FIT,SELF_SERVICE_KIOSK,
dcu-W-00198-20261025,worker-uuid-00198,W-00198,2026-10-25T18:30:00Z,NIGHT_SHIFT,148,89,91,97,36.5,4.8,1,17,277,False,False,False,False,FIT,PARAMEDIC_ASSISTED,user-paramedic-01
dcu-W-00198-20261027,worker-uuid-00198,W-00198,2026-10-27T18:30:00Z,NIGHT_SHIFT,145,86,90,100,36.7,4.9,3,8,333,False,False,False,False,FIT,PARAMEDIC_ASSISTED,user-paramedic-01
dcu-W-00198-20261028,worker-uuid-00198,W-00198,2026-10-28T18:30:00Z,NIGHT_SHIFT,143,87,86,96,36.4,4.0,2,7,313,False,False,False,False,RESTRICTED,SELF_SERVICE_KIOSK,
dcu-W-00198-20261029,worker-uuid-00198,W-00198,2026-10-29T18:30:00Z,NIGHT_SHIFT,143,91,89,97,36.8,3.8,1,14,319,False,False,False,False,RESTRICTED,PARAMEDIC_ASSISTED,user-paramedic-01
dcu-W-00198-20261030,worker-uuid-00198,W-00198,2026-10-30T18:30:00Z,NIGHT_SHIFT,140,84,94,99,36.7,4.2,4,14,312,False,False,False,False,RESTRICTED,SELF_SERVICE_KIOSK,
dcu-W-00198-20261031,worker-uuid-00198,W-00198,2026-10-31T18:30:00Z,NIGHT_SHIFT,156,99,88,96,36.3,4.6,3,7,311,False,False,True,False,RESTRICTED,SELF_SERVICE_KIOSK,
dcu-W-00198-20261101,worker-uuid-00198,W-00198,2026-11-01T18:30:00Z,NIGHT_SHIFT,123,70,95,96,36.4,6.1,2,18,235,False,False,False,False,FIT,PARAMEDIC_ASSISTED,user-paramedic-01
dcu-W-00198-20261102,worker-uuid-00198,W-00198,2026-11-02T18:30:00Z,NIGHT_SHIFT,145,90,86,98,36.4,4.9,2,11,374,False,False,False,False,FIT,SELF_SERVICE_KIOSK,
dcu-W-00198-20261103,worker-uuid-00198,W-00198,2026-11-03T18:30:00Z,NIGHT_SHIFT,144,92,87,97,36.3,6.7,2,12,348,False,False,False,False,FIT,PARAMEDIC_ASSISTED,user-paramedic-01
dcu-W-00198-20261105,worker-uuid-00198,W-00198,2026-11-05T06:30:00Z,DAY_SHIFT,133,81,86,97,36.3,7.4,1,6,237,False,False,False,False,FIT,SELF_SERVICE_KIOSK,
dcu-W-00198-20261106,worker-uuid-00198,W-00198,2026-11-06T06:30:00Z,DAY_SHIFT,117,74,84,99,36.4,8.0,2,16,243,False,False,False,False,FIT,SELF_SERVICE_KIOSK,
dcu-W-00198-20261107,worker-uuid-00198,W-00198,2026-11-07T06:30:00Z,DAY_SHIFT,130,81,78,97,36.5,7.2,2,6,284,False,False,False,False,FIT,PARAMEDIC_ASSISTED,user-paramedic-01
dcu-W-00198-20261108,worker-uuid-00198,W-00198,2026-11-08T06:30:00Z,DAY_SHIFT,132,86,80,98,36.7,6.7,2,8,218,False,False,False,False,FIT,SELF_SERVICE_KIOSK,
dcu-W-00198-20261109,worker-uuid-00198,W-00198,2026-11-09T06:30:00Z,DAY_SHIFT,133,94,81,98,36.3,5.4,1,7,242,False,False,False,False,FIT,PARAMEDIC_ASSISTED,user-paramedic-01
dcu-W-00198-20261110,worker-uuid-00198,W-00198,2026-11-10T06:30:00Z,DAY_SHIFT,125,72,82,97,36.4,6.3,2,14,252,False,False,False,False,FIT,PARAMEDIC_ASSISTED,user-paramedic-01
dcu-W-00198-20261111,worker-uuid-00198,W-00198,2026-11-11T06:30:00Z,DAY_SHIFT,133,86,87,97,36.2,7.3,2,6,227,False,False,False,False,FIT,SELF_SERVICE_KIOSK,
dcu-W-00198-20261113,worker-uuid-00198,W-00198,2026-11-13T06:30:00Z,DAY_SHIFT,124,70,80,96,36.5,8.1,1,16,226,False,False,False,False,FIT,SELF_SERVICE_KIOSK,
dcu-W-00198-20261115,worker-uuid-00198,W-00198,2026-11-15T06:30:00Z,DAY_SHIFT,136,84,78,96,36.4,7.7,2,12,289,False,False,False,False,FIT,PARAMEDIC_ASSISTED,user-paramedic-01
dcu-W-00198-20261117,worker-uuid-00198,W-00198,2026-11-17T06:30:00Z,DAY_SHIFT,130,82,85,97,36.8,5.7,1,15,236,False,False,False,False,FIT,SELF_SERVICE_KIOSK,
dcu-W-00198-20261118,worker-uuid-00198,W-00198,2026-11-18T06:30:00Z,DAY_SHIFT,140,88,82,98,36.6,7.5,2,11,233,False,False,False,False,FIT,SELF_SERVICE_KIOSK,
dcu-W-00198-20261120,worker-uuid-00198,W-00198,2026-11-20T18:30:00Z,NIGHT_SHIFT,128,81,100,98,36.4,5.5,1,13,311,False,False,False,False,FIT,PARAMEDIC_ASSISTED,user-paramedic-01
dcu-W-00198-20261121,worker-uuid-00198,W-00198,2026-11-21T18:30:00Z,NIGHT_SHIFT,133,82,89,97,36.4,4.7,4,11,424,False,False,False,False,FIT,SELF_SERVICE_KIOSK,
dcu-W-00198-20261122,worker-uuid-00198,W-00198,2026-11-22T18:30:00Z,NIGHT_SHIFT,145,90,92,97,36.7,5.2,1,8,361,False,False,False,False,FIT,SELF_SERVICE_KIOSK,
dcu-W-00198-20261123,worker-uuid-00198,W-00198,2026-11-23T18:30:00Z,NIGHT_SHIFT,139,77,84,97,36.3,5.6,1,11,299,False,False,False,False,FIT,SELF_SERVICE_KIOSK,
dcu-W-00198-20261124,worker-uuid-00198,W-00198,2026-11-24T18:30:00Z,NIGHT_SHIFT,131,84,85,97,36.7,5.9,4,17,284,False,False,False,False,FIT,PARAMEDIC_ASSISTED,user-paramedic-01
dcu-W-00198-20261125,worker-uuid-00198,W-00198,2026-11-25T18:30:00Z,NIGHT_SHIFT,134,85,83,97,36.8,5.2,2,17,358,False,False,False,False,FIT,SELF_SERVICE_KIOSK,
dcu-W-00198-20261126,worker-uuid-00198,W-00198,2026-11-26T18:30:00Z,NIGHT_SHIFT,135,85,97,97,36.7,4.3,3,12,364,False,False,True,False,RESTRICTED,PARAMEDIC_ASSISTED,user-paramedic-01
dcu-W-00198-20261127,worker-uuid-00198,W-00198,2026-11-27T18:30:00Z,NIGHT_SHIFT,144,96,94,97,36.5,4.1,4,16,318,False,False,False,False,RESTRICTED,SELF_SERVICE_KIOSK,
dcu-W-00198-20261128,worker-uuid-00198,W-00198,2026-11-28T18:30:00Z,NIGHT_SHIFT,139,86,90,98,36.6,6.7,4,8,358,False,False,False,False,FIT,SELF_SERVICE_KIOSK,
dcu-W-00198-20261129,worker-uuid-00198,W-00198,2026-11-29T18:30:00Z,NIGHT_SHIFT,127,77,88,99,36.8,5.8,3,7,366,False,False,False,False,FIT,PARAMEDIC_ASSISTED,user-paramedic-01
dcu-W-00198-20261201,worker-uuid-00198,W-00198,2026-12-01T18:30:00Z,NIGHT_SHIFT,139,89,92,97,36.6,5.8,1,8,316,False,False,False,False,FIT,PARAMEDIC_ASSISTED,user-paramedic-01
dcu-W-00198-20261202,worker-uuid-00198,W-00198,2026-12-02T18:30:00Z,NIGHT_SHIFT,136,89,79,97,36.2,2.1,1,14,333,False,False,False,False,RESTRICTED,SELF_SERVICE_KIOSK,
dcu-W-00198-20261204,worker-uuid-00198,W-00198,2026-12-04T06:30:00Z,DAY_SHIFT,125,84,81,97,36.8,8.8,1,13,290,False,False,False,False,FIT,SELF_SERVICE_KIOSK,
dcu-W-00198-20261205,worker-uuid-00198,W-00198,2026-12-05T06:30:00Z,DAY_SHIFT,137,90,80,99,36.7,6.6,1,14,206,False,False,False,False,FIT,PARAMEDIC_ASSISTED,user-paramedic-01
dcu-W-00198-20261206,worker-uuid-00198,W-00198,2026-12-06T06:30:00Z,DAY_SHIFT,129,80,88,98,35.9,6.8,2,14,222,False,False,False,False,FIT,SELF_SERVICE_KIOSK,
dcu-W-00198-20261207,worker-uuid-00198,W-00198,2026-12-07T06:30:00Z,DAY_SHIFT,133,89,84,100,36.7,6.8,1,16,252,False,False,False,False,FIT,SELF_SERVICE_KIOSK,
dcu-W-00198-20261208,worker-uuid-00198,W-00198,2026-12-08T06:30:00Z,DAY_SHIFT,122,78,80,97,36.5,6.3,2,11,260,False,False,False,False,FIT,SELF_SERVICE_KIOSK,
dcu-W-00198-20261210,worker-uuid-00198,W-00198,2026-12-10T06:30:00Z,DAY_SHIFT,144,87,83,98,36.8,6.4,0,13,247,False,False,False,False,FIT,SELF_SERVICE_KIOSK,
dcu-W-00198-20261211,worker-uuid-00198,W-00198,2026-12-11T06:30:00Z,DAY_SHIFT,138,89,80,100,36.7,7.3,1,16,219,False,False,False,False,FIT,PARAMEDIC_ASSISTED,user-paramedic-01
dcu-W-00198-20261212,worker-uuid-00198,W-00198,2026-12-12T06:30:00Z,DAY_SHIFT,130,79,75,97,36.7,6.7,1,10,257,False,False,False,False,FIT,PARAMEDIC_ASSISTED,user-paramedic-01
dcu-W-00198-20261213,worker-uuid-00198,W-00198,2026-12-13T06:30:00Z,DAY_SHIFT,125,79,81,96,36.8,5.5,1,15,252,False,False,False,False,FIT,SELF_SERVICE_KIOSK,
dcu-W-00198-20261214,worker-uuid-00198,W-00198,2026-12-14T06:30:00Z,DAY_SHIFT,143,86,80,99,36.4,6.4,0,9,214,False,False,False,False,FIT,PARAMEDIC_ASSISTED,user-paramedic-01
dcu-W-00198-20261215,worker-uuid-00198,W-00198,2026-12-15T06:30:00Z,DAY_SHIFT,129,89,87,100,36.3,7.6,0,10,242,False,False,False,False,FIT,SELF_SERVICE_KIOSK,
dcu-W-00198-20261216,worker-uuid-00198,W-00198,2026-12-16T06:30:00Z,DAY_SHIFT,131,83,76,98,36.6,6.4,2,16,212,False,False,False,False,FIT,SELF_SERVICE_KIOSK,
dcu-W-00198-20261217,worker-uuid-00198,W-00198,2026-12-17T18:30:00Z,NIGHT_SHIFT,131,81,87,97,36.8,5.3,3,8,317,False,False,False,False,FIT,PARAMEDIC_ASSISTED,user-paramedic-01
dcu-W-00198-20261219,worker-uuid-00198,W-00198,2026-12-19T18:30:00Z,NIGHT_SHIFT,139,80,87,94,37.0,4.6,1,11,262,False,False,False,False,FIT,PARAMEDIC_ASSISTED,user-paramedic-01
dcu-W-00198-20261220,worker-uuid-00198,W-00198,2026-12-20T18:30:00Z,NIGHT_SHIFT,150,96,81,97,36.2,4.7,3,20,302,False,False,False,False,RESTRICTED,PARAMEDIC_ASSISTED,user-paramedic-01
dcu-W-00198-20261221,worker-uuid-00198,W-00198,2026-12-21T18:30:00Z,NIGHT_SHIFT,135,92,94,97,36.3,4.9,3,20,271,False,False,False,False,FIT,SELF_SERVICE_KIOSK,
dcu-W-00198-20261222,worker-uuid-00198,W-00198,2026-12-22T18:30:00Z,NIGHT_SHIFT,137,79,87,96,37.2,5.0,2,11,302,False,False,False,False,FIT,PARAMEDIC_ASSISTED,user-paramedic-01
dcu-W-00198-20261223,worker-uuid-00198,W-00198,2026-12-23T18:30:00Z,NIGHT_SHIFT,123,79,93,98,37.0,5.6,4,17,300,False,False,False,False,FIT,PARAMEDIC_ASSISTED,user-paramedic-01
dcu-W-00198-20261225,worker-uuid-00198,W-00198,2026-12-25T18:30:00Z,NIGHT_SHIFT,128,80,93,99,36.4,5.2,1,17,318,False,False,False,False,FIT,SELF_SERVICE_KIOSK,
dcu-W-00198-20261228,worker-uuid-00198,W-00198,2026-12-28T18:30:00Z,NIGHT_SHIFT,137,84,87,99,36.2,6.1,1,18,285,False,False,False,False,FIT,SELF_SERVICE_KIOSK,
dcu-W-00198-20261230,worker-uuid-00198,W-00198,2026-12-30T18:30:00Z,NIGHT_SHIFT,146,91,88,97,36.2,4.5,1,8,301,False,False,False,False,FIT,SELF_SERVICE_KIOSK,
dcu-W-00198-20261231,worker-uuid-00198,W-00198,2026-12-31T06:30:00Z,DAY_SHIFT,127,74,76,99,36.1,7.3,2,6,251,False,False,False,False,FIT,SELF_SERVICE_KIOSK,
dcu-W-00199-20260101,worker-uuid-00199,W-00199,2026-01-01T06:30:00Z,DAY_SHIFT,132,81,55,98,36.6,6.7,2,20,215,False,False,False,False,FIT,PARAMEDIC_ASSISTED,user-paramedic-01
dcu-W-00199-20260102,worker-uuid-00199,W-00199,2026-01-02T06:30:00Z,DAY_SHIFT,135,84,60,96,36.2,7.5,0,14,222,False,False,False,False,FIT,PARAMEDIC_ASSISTED,user-paramedic-01
dcu-W-00199-20260104,worker-uuid-00199,W-00199,2026-01-04T06:30:00Z,DAY_SHIFT,128,88,50,99,35.9,7.9,0,12,227,False,False,False,False,FIT,SELF_SERVICE_KIOSK,
dcu-W-00199-20260105,worker-uuid-00199,W-00199,2026-01-05T06:30:00Z,DAY_SHIFT,133,83,60,98,36.5,6.6,1,19,264,False,False,False,False,FIT,SELF_SERVICE_KIOSK,
dcu-W-00199-20260106,worker-uuid-00199,W-00199,2026-01-06T06:30:00Z,DAY_SHIFT,129,85,56,98,36.7,7.3,2,14,242,False,False,False,False,FIT,PARAMEDIC_ASSISTED,user-paramedic-01
dcu-W-00199-20260107,worker-uuid-00199,W-00199,2026-01-07T06:30:00Z,DAY_SHIFT,124,75,59,99,36.3,8.1,1,10,236,False,False,False,False,FIT,SELF_SERVICE_KIOSK,
dcu-W-00199-20260108,worker-uuid-00199,W-00199,2026-01-08T06:30:00Z,DAY_SHIFT,122,79,57,99,36.4,7.9,0,14,225,False,False,False,False,FIT,PARAMEDIC_ASSISTED,user-paramedic-01
dcu-W-00199-20260109,worker-uuid-00199,W-00199,2026-01-09T06:30:00Z,DAY_SHIFT,131,85,55,97,36.7,6.2,2,15,210,False,False,False,False,FIT,SELF_SERVICE_KIOSK,
dcu-W-00199-20260110,worker-uuid-00199,W-00199,2026-01-10T06:30:00Z,DAY_SHIFT,123,73,59,97,36.3,7.6,1,17,265,False,False,False,False,FIT,SELF_SERVICE_KIOSK,
dcu-W-00199-20260111,worker-uuid-00199,W-00199,2026-01-11T06:30:00Z,DAY_SHIFT,130,93,55,98,36.5,5.5,1,6,262,False,False,False,False,FIT,SELF_SERVICE_KIOSK,
dcu-W-00199-20260112,worker-uuid-00199,W-00199,2026-01-12T06:30:00Z,DAY_SHIFT,126,82,55,99,36.5,6.9,0,12,248,False,False,False,False,FIT,SELF_SERVICE_KIOSK,
dcu-W-00199-20260113,worker-uuid-00199,W-00199,2026-01-13T06:30:00Z,DAY_SHIFT,132,86,56,98,36.4,7.6,1,8,269,False,False,False,False,FIT,SELF_SERVICE_KIOSK,
dcu-W-00199-20260115,worker-uuid-00199,W-00199,2026-01-15T18:30:00Z,NIGHT_SHIFT,143,90,64,99,36.2,3.3,3,7,260,False,False,False,False,RESTRICTED,SELF_SERVICE_KIOSK,
dcu-W-00199-20260116,worker-uuid-00199,W-00199,2026-01-16T18:30:00Z,NIGHT_SHIFT,139,81,71,98,36.2,3.9,3,19,292,False,False,False,False,RESTRICTED,PARAMEDIC_ASSISTED,user-paramedic-01
dcu-W-00199-20260118,worker-uuid-00199,W-00199,2026-01-18T18:30:00Z,NIGHT_SHIFT,136,89,63,99,36.9,5.9,4,19,353,False,False,False,False,FIT,SELF_SERVICE_KIOSK,
dcu-W-00199-20260119,worker-uuid-00199,W-00199,2026-01-19T18:30:00Z,NIGHT_SHIFT,150,96,71,100,36.4,4.1,1,18,291,False,False,False,False,RESTRICTED,SELF_SERVICE_KIOSK,
dcu-W-00199-20260120,worker-uuid-00199,W-00199,2026-01-20T18:30:00Z,NIGHT_SHIFT,146,93,61,98,36.3,5.7,3,14,285,False,False,False,False,FIT,PARAMEDIC_ASSISTED,user-paramedic-01
dcu-W-00199-20260121,worker-uuid-00199,W-00199,2026-01-21T18:30:00Z,NIGHT_SHIFT,144,94,66,96,36.5,5.7,4,12,293,False,False,False,False,FIT,PARAMEDIC_ASSISTED,user-paramedic-01
dcu-W-00199-20260122,worker-uuid-00199,W-00199,2026-01-22T18:30:00Z,NIGHT_SHIFT,142,89,67,98,36.8,5.3,2,14,309,False,False,False,False,FIT,PARAMEDIC_ASSISTED,user-paramedic-01
dcu-W-00199-20260123,worker-uuid-00199,W-00199,2026-01-23T18:30:00Z,NIGHT_SHIFT,137,80,63,98,36.2,5.5,1,17,330,False,False,False,False,FIT,SELF_SERVICE_KIOSK,
dcu-W-00199-20260124,worker-uuid-00199,W-00199,2026-01-24T18:30:00Z,NIGHT_SHIFT,149,96,64,97,36.6,4.5,3,13,333,False,False,False,False,RESTRICTED,PARAMEDIC_ASSISTED,user-paramedic-01
dcu-W-00199-20260125,worker-uuid-00199,W-00199,2026-01-25T18:30:00Z,NIGHT_SHIFT,135,88,64,97,36.8,2.7,1,13,263,False,False,True,False,RESTRICTED,SELF_SERVICE_KIOSK,
dcu-W-00199-20260126,worker-uuid-00199,W-00199,2026-01-26T18:30:00Z,NIGHT_SHIFT,139,85,68,100,36.1,5.8,4,15,340,False,False,False,False,FIT,SELF_SERVICE_KIOSK,
dcu-W-00199-20260127,worker-uuid-00199,W-00199,2026-01-27T18:30:00Z,NIGHT_SHIFT,137,83,67,97,36.0,5.5,2,9,288,False,False,False,False,FIT,SELF_SERVICE_KIOSK,
dcu-W-00199-20260128,worker-uuid-00199,W-00199,2026-01-28T18:30:00Z,NIGHT_SHIFT,140,87,67,97,36.8,5.4,3,18,329,False,False,False,False,FIT,PARAMEDIC_ASSISTED,user-paramedic-01
dcu-W-00199-20260129,worker-uuid-00199,W-00199,2026-01-29T06:30:00Z,DAY_SHIFT,126,75,56,98,36.4,7.6,1,17,230,False,False,False,False,FIT,SELF_SERVICE_KIOSK,
dcu-W-00199-20260130,worker-uuid-00199,W-00199,2026-01-30T06:30:00Z,DAY_SHIFT,132,91,55,97,36.6,6.2,0,13,212,False,False,False,False,FIT,SELF_SERVICE_KIOSK,
dcu-W-00199-20260131,worker-uuid-00199,W-00199,2026-01-31T06:30:00Z,DAY_SHIFT,135,90,58,99,36.4,6.1,0,7,239,False,False,False,False,FIT,SELF_SERVICE_KIOSK,
dcu-W-00199-20260202,worker-uuid-00199,W-00199,2026-02-02T06:30:00Z,DAY_SHIFT,128,82,57,98,36.8,9.2,1,6,203,False,False,False,False,FIT,SELF_SERVICE_KIOSK,
dcu-W-00199-20260203,worker-uuid-00199,W-00199,2026-02-03T06:30:00Z,DAY_SHIFT,138,82,58,99,36.2,7.4,0,6,214,False,False,False,False,FIT,SELF_SERVICE_KIOSK,
dcu-W-00199-20260204,worker-uuid-00199,W-00199,2026-02-04T06:30:00Z,DAY_SHIFT,133,84,55,98,36.5,6.1,2,8,246,False,False,False,False,FIT,PARAMEDIC_ASSISTED,user-paramedic-01
dcu-W-00199-20260205,worker-uuid-00199,W-00199,2026-02-05T06:30:00Z,DAY_SHIFT,123,75,51,97,36.6,6.9,2,18,267,False,False,False,False,FIT,SELF_SERVICE_KIOSK,
dcu-W-00199-20260206,worker-uuid-00199,W-00199,2026-02-06T06:30:00Z,DAY_SHIFT,122,72,58,98,35.8,6.7,2,10,229,False,False,False,False,FIT,SELF_SERVICE_KIOSK,
dcu-W-00199-20260207,worker-uuid-00199,W-00199,2026-02-07T06:30:00Z,DAY_SHIFT,134,83,55,99,36.0,5.6,1,11,217,False,False,False,False,FIT,SELF_SERVICE_KIOSK,
dcu-W-00199-20260208,worker-uuid-00199,W-00199,2026-02-08T06:30:00Z,DAY_SHIFT,128,82,57,97,36.8,5.1,1,14,245,False,False,False,False,FIT,SELF_SERVICE_KIOSK,
dcu-W-00199-20260209,worker-uuid-00199,W-00199,2026-02-09T06:30:00Z,DAY_SHIFT,122,74,59,98,36.2,6.3,0,9,228,False,False,False,False,FIT,SELF_SERVICE_KIOSK,
dcu-W-00199-20260210,worker-uuid-00199,W-00199,2026-02-10T06:30:00Z,DAY_SHIFT,128,78,61,99,36.5,7.3,0,6,290,False,False,False,False,FIT,PARAMEDIC_ASSISTED,user-paramedic-01
dcu-W-00199-20260211,worker-uuid-00199,W-00199,2026-02-11T06:30:00Z,DAY_SHIFT,126,72,60,99,36.7,5.3,1,17,295,False,False,False,False,FIT,SELF_SERVICE_KIOSK,
dcu-W-00199-20260212,worker-uuid-00199,W-00199,2026-02-12T18:30:00Z,NIGHT_SHIFT,142,89,68,98,36.3,4.4,2,6,300,False,False,False,False,RESTRICTED,SELF_SERVICE_KIOSK,
dcu-W-00199-20260213,worker-uuid-00199,W-00199,2026-02-13T18:30:00Z,NIGHT_SHIFT,141,94,61,98,36.5,6.2,2,6,246,False,False,False,False,FIT,SELF_SERVICE_KIOSK,
dcu-W-00199-20260214,worker-uuid-00199,W-00199,2026-02-14T18:30:00Z,NIGHT_SHIFT,134,85,61,98,37.2,3.1,4,12,277,False,False,True,False,RESTRICTED,SELF_SERVICE_KIOSK,
dcu-W-00199-20260215,worker-uuid-00199,W-00199,2026-02-15T18:30:00Z,NIGHT_SHIFT,136,82,59,98,36.7,6.6,4,8,313,False,False,False,False,FIT,PARAMEDIC_ASSISTED,user-paramedic-01
dcu-W-00199-20260216,worker-uuid-00199,W-00199,2026-02-16T18:30:00Z,NIGHT_SHIFT,138,82,67,97,36.8,6.9,2,17,343,False,False,False,False,FIT,SELF_SERVICE_KIOSK,
dcu-W-00199-20260217,worker-uuid-00199,W-00199,2026-02-17T18:30:00Z,NIGHT_SHIFT,135,89,53,96,36.8,5.0,3,19,289,False,False,False,False,FIT,PARAMEDIC_ASSISTED,user-paramedic-01
dcu-W-00199-20260218,worker-uuid-00199,W-00199,2026-02-18T18:30:00Z,NIGHT_SHIFT,132,80,70,98,36.6,6.3,1,6,325,False,False,False,False,FIT,SELF_SERVICE_KIOSK,
dcu-W-00199-20260219,worker-uuid-00199,W-00199,2026-02-19T18:30:00Z,NIGHT_SHIFT,136,87,66,98,36.4,6.5,1,10,309,False,False,False,False,FIT,PARAMEDIC_ASSISTED,user-paramedic-01
dcu-W-00199-20260220,worker-uuid-00199,W-00199,2026-02-20T18:30:00Z,NIGHT_SHIFT,144,87,67,95,35.9,6.3,1,17,390,False,False,False,False,FIT,SELF_SERVICE_KIOSK,
dcu-W-00199-20260221,worker-uuid-00199,W-00199,2026-02-21T18:30:00Z,NIGHT_SHIFT,141,80,66,98,36.5,4.0,4,7,317,False,False,False,False,RESTRICTED,SELF_SERVICE_KIOSK,
dcu-W-00199-20260222,worker-uuid-00199,W-00199,2026-02-22T18:30:00Z,NIGHT_SHIFT,146,92,69,99,36.5,4.8,2,12,335,False,False,False,False,FIT,SELF_SERVICE_KIOSK,
dcu-W-00199-20260223,worker-uuid-00199,W-00199,2026-02-23T18:30:00Z,NIGHT_SHIFT,137,81,65,98,36.8,5.0,2,14,291,False,False,False,False,FIT,PARAMEDIC_ASSISTED,user-paramedic-01
dcu-W-00199-20260224,worker-uuid-00199,W-00199,2026-02-24T18:30:00Z,NIGHT_SHIFT,138,88,56,100,36.9,5.9,1,13,470,False,False,False,False,FIT,SELF_SERVICE_KIOSK,
dcu-W-00199-20260226,worker-uuid-00199,W-00199,2026-02-26T06:30:00Z,DAY_SHIFT,127,77,57,99,36.1,7.6,2,10,276,False,False,False,False,FIT,PARAMEDIC_ASSISTED,user-paramedic-01
dcu-W-00199-20260227,worker-uuid-00199,W-00199,2026-02-27T06:30:00Z,DAY_SHIFT,128,81,54,97,36.9,8.1,2,8,227,False,False,False,False,FIT,SELF_SERVICE_KIOSK,
dcu-W-00199-20260301,worker-uuid-00199,W-00199,2026-03-01T06:30:00Z,DAY_SHIFT,131,83,63,96,36.6,6.5,0,9,195,False,False,False,False,FIT,SELF_SERVICE_KIOSK,
dcu-W-00199-20260302,worker-uuid-00199,W-00199,2026-03-02T06:30:00Z,DAY_SHIFT,146,91,56,98,37.1,8.7,1,9,241,False,False,False,False,FIT,SELF_SERVICE_KIOSK,
dcu-W-00199-20260303,worker-uuid-00199,W-00199,2026-03-03T06:30:00Z,DAY_SHIFT,137,89,63,98,36.6,6.4,2,16,240,False,False,False,False,FIT,PARAMEDIC_ASSISTED,user-paramedic-01
dcu-W-00199-20260304,worker-uuid-00199,W-00199,2026-03-04T06:30:00Z,DAY_SHIFT,132,80,53,97,36.5,6.4,1,16,242,False,False,False,False,FIT,SELF_SERVICE_KIOSK,
dcu-W-00199-20260305,worker-uuid-00199,W-00199,2026-03-05T06:30:00Z,DAY_SHIFT,134,81,47,98,36.1,7.2,0,7,215,False,False,False,False,FIT,SELF_SERVICE_KIOSK,
dcu-W-00199-20260306,worker-uuid-00199,W-00199,2026-03-06T06:30:00Z,DAY_SHIFT,131,83,61,98,36.9,7.5,2,6,254,False,False,False,False,FIT,SELF_SERVICE_KIOSK,
dcu-W-00199-20260308,worker-uuid-00199,W-00199,2026-03-08T06:30:00Z,DAY_SHIFT,131,85,60,96,37.3,6.1,2,19,221,False,False,False,False,FIT,SELF_SERVICE_KIOSK,
dcu-W-00199-20260310,worker-uuid-00199,W-00199,2026-03-10T06:30:00Z,DAY_SHIFT,134,85,55,98,36.0,8.5,2,17,217,False,False,False,False,FIT,SELF_SERVICE_KIOSK,
dcu-W-00199-20260311,worker-uuid-00199,W-00199,2026-03-11T06:30:00Z,DAY_SHIFT,134,85,59,97,36.7,7.1,0,13,232,False,False,False,False,FIT,SELF_SERVICE_KIOSK,
dcu-W-00199-20260312,worker-uuid-00199,W-00199,2026-03-12T18:30:00Z,NIGHT_SHIFT,143,85,64,98,36.2,3.9,4,18,354,False,False,False,False,RESTRICTED,SELF_SERVICE_KIOSK,
dcu-W-00199-20260313,worker-uuid-00199,W-00199,2026-03-13T18:30:00Z,NIGHT_SHIFT,131,80,62,97,36.4,4.6,3,14,251,False,False,False,False,FIT,SELF_SERVICE_KIOSK,
dcu-W-00199-20260314,worker-uuid-00199,W-00199,2026-03-14T18:30:00Z,NIGHT_SHIFT,132,87,68,96,36.7,7.0,1,8,297,False,False,False,False,FIT,PARAMEDIC_ASSISTED,user-paramedic-01
dcu-W-00199-20260316,worker-uuid-00199,W-00199,2026-03-16T18:30:00Z,NIGHT_SHIFT,135,86,62,98,35.9,5.7,2,19,304,False,False,False,False,FIT,PARAMEDIC_ASSISTED,user-paramedic-01
dcu-W-00199-20260317,worker-uuid-00199,W-00199,2026-03-17T18:30:00Z,NIGHT_SHIFT,141,88,61,96,36.3,4.4,3,9,271,False,False,False,False,RESTRICTED,SELF_SERVICE_KIOSK,
dcu-W-00199-20260318,worker-uuid-00199,W-00199,2026-03-18T18:30:00Z,NIGHT_SHIFT,135,90,70,99,36.5,4.8,3,19,305,False,False,False,False,FIT,SELF_SERVICE_KIOSK,
dcu-W-00199-20260319,worker-uuid-00199,W-00199,2026-03-19T18:30:00Z,NIGHT_SHIFT,132,83,64,100,36.6,6.2,3,11,277,False,False,False,False,FIT,SELF_SERVICE_KIOSK,
dcu-W-00199-20260320,worker-uuid-00199,W-00199,2026-03-20T18:30:00Z,NIGHT_SHIFT,128,81,61,98,37.0,5.4,3,14,386,False,False,False,False,FIT,SELF_SERVICE_KIOSK,
dcu-W-00199-20260321,worker-uuid-00199,W-00199,2026-03-21T18:30:00Z,NIGHT_SHIFT,127,77,56,97,36.2,6.9,3,6,316,False,False,False,False,FIT,SELF_SERVICE_KIOSK,
dcu-W-00199-20260322,worker-uuid-00199,W-00199,2026-03-22T18:30:00Z,NIGHT_SHIFT,145,92,70,96,36.6,5.2,1,15,346,False,False,False,False,FIT,SELF_SERVICE_KIOSK,
dcu-W-00199-20260323,worker-uuid-00199,W-00199,2026-03-23T18:30:00Z,NIGHT_SHIFT,143,93,65,98,36.5,6.7,1,14,264,False,False,False,False,FIT,SELF_SERVICE_KIOSK,
dcu-W-00199-20260325,worker-uuid-00199,W-00199,2026-03-25T18:30:00Z,NIGHT_SHIFT,134,82,66,98,36.5,5.7,4,10,330,False,False,False,False,FIT,PARAMEDIC_ASSISTED,user-paramedic-01
dcu-W-00199-20260326,worker-uuid-00199,W-00199,2026-03-26T06:30:00Z,DAY_SHIFT,135,86,56,96,36.9,6.3,0,14,243,False,False,False,False,FIT,SELF_SERVICE_KIOSK,
dcu-W-00199-20260327,worker-uuid-00199,W-00199,2026-03-27T06:30:00Z,DAY_SHIFT,128,84,62,97,36.4,8.6,0,20,216,False,False,False,False,FIT,SELF_SERVICE_KIOSK,
dcu-W-00199-20260328,worker-uuid-00199,W-00199,2026-03-28T06:30:00Z,DAY_SHIFT,128,84,56,98,36.6,6.6,2,7,272,False,False,False,False,FIT,SELF_SERVICE_KIOSK,
dcu-W-00199-20260329,worker-uuid-00199,W-00199,2026-03-29T06:30:00Z,DAY_SHIFT,127,80,52,98,36.5,7.7,1,18,227,False,False,False,False,FIT,PARAMEDIC_ASSISTED,user-paramedic-01
dcu-W-00199-20260330,worker-uuid-00199,W-00199,2026-03-30T06:30:00Z,DAY_SHIFT,125,78,51,97,37.0,7.1,1,20,219,False,False,False,False,FIT,SELF_SERVICE_KIOSK,
dcu-W-00199-20260331,worker-uuid-00199,W-00199,2026-03-31T06:30:00Z,DAY_SHIFT,125,79,54,97,36.4,7.0,0,20,241,False,False,False,False,FIT,PARAMEDIC_ASSISTED,user-paramedic-01
dcu-W-00199-20260401,worker-uuid-00199,W-00199,2026-04-01T06:30:00Z,DAY_SHIFT,139,92,56,98,37.0,7.2,2,14,211,False,False,False,False,FIT,SELF_SERVICE_KIOSK,
dcu-W-00199-20260402,worker-uuid-00199,W-00199,2026-04-02T06:30:00Z,DAY_SHIFT,129,85,49,97,36.7,5.9,0,20,227,False,False,False,False,FIT,SELF_SERVICE_KIOSK,
dcu-W-00199-20260404,worker-uuid-00199,W-00199,2026-04-04T06:30:00Z,DAY_SHIFT,132,84,59,99,36.8,6.8,0,8,210,False,False,False,False,FIT,SELF_SERVICE_KIOSK,
dcu-W-00199-20260405,worker-uuid-00199,W-00199,2026-04-05T06:30:00Z,DAY_SHIFT,136,80,57,98,36.6,7.5,0,6,280,False,False,False,False,FIT,PARAMEDIC_ASSISTED,user-paramedic-01
dcu-W-00199-20260407,worker-uuid-00199,W-00199,2026-04-07T06:30:00Z,DAY_SHIFT,135,80,55,99,35.8,7.1,1,11,271,False,False,False,False,FIT,PARAMEDIC_ASSISTED,user-paramedic-01
dcu-W-00199-20260408,worker-uuid-00199,W-00199,2026-04-08T06:30:00Z,DAY_SHIFT,130,84,61,98,36.1,6.8,2,17,260,False,False,False,False,FIT,SELF_SERVICE_KIOSK,
dcu-W-00199-20260409,worker-uuid-00199,W-00199,2026-04-09T18:30:00Z,NIGHT_SHIFT,135,91,64,98,36.8,6.1,2,20,310,False,False,False,False,FIT,PARAMEDIC_ASSISTED,user-paramedic-01
dcu-W-00199-20260410,worker-uuid-00199,W-00199,2026-04-10T18:30:00Z,NIGHT_SHIFT,140,92,69,97,36.5,3.7,2,7,313,False,False,True,False,RESTRICTED,SELF_SERVICE_KIOSK,
dcu-W-00199-20260411,worker-uuid-00199,W-00199,2026-04-11T18:30:00Z,NIGHT_SHIFT,127,82,70,98,36.3,6.3,3,14,335,False,False,False,False,FIT,SELF_SERVICE_KIOSK,
dcu-W-00199-20260412,worker-uuid-00199,W-00199,2026-04-12T18:30:00Z,NIGHT_SHIFT,131,84,73,98,36.6,6.4,2,12,346,False,False,False,False,FIT,PARAMEDIC_ASSISTED,user-paramedic-01
dcu-W-00199-20260413,worker-uuid-00199,W-00199,2026-04-13T18:30:00Z,NIGHT_SHIFT,142,85,61,98,36.2,4.5,1,8,340,False,False,False,False,FIT,PARAMEDIC_ASSISTED,user-paramedic-01
dcu-W-00199-20260414,worker-uuid-00199,W-00199,2026-04-14T18:30:00Z,NIGHT_SHIFT,132,84,63,98,37.1,7.3,3,14,274,False,False,False,False,FIT,SELF_SERVICE_KIOSK,
dcu-W-00199-20260415,worker-uuid-00199,W-00199,2026-04-15T18:30:00Z,NIGHT_SHIFT,131,86,72,99,36.1,5.0,4,12,265,False,False,False,False,FIT,PARAMEDIC_ASSISTED,user-paramedic-01
dcu-W-00199-20260416,worker-uuid-00199,W-00199,2026-04-16T18:30:00Z,NIGHT_SHIFT,147,85,67,97,36.4,3.9,1,6,345,False,False,False,False,RESTRICTED,SELF_SERVICE_KIOSK,
dcu-W-00199-20260417,worker-uuid-00199,W-00199,2026-04-17T18:30:00Z,NIGHT_SHIFT,146,95,65,98,36.3,2.9,4,18,346,False,False,True,False,RESTRICTED,SELF_SERVICE_KIOSK,
dcu-W-00199-20260420,worker-uuid-00199,W-00199,2026-04-20T18:30:00Z,NIGHT_SHIFT,135,87,69,98,36.3,5.9,3,13,306,False,False,False,False,FIT,PARAMEDIC_ASSISTED,user-paramedic-01
dcu-W-00199-20260421,worker-uuid-00199,W-00199,2026-04-21T18:30:00Z,NIGHT_SHIFT,147,93,63,98,37.0,4.7,4,18,315,False,False,False,False,FIT,SELF_SERVICE_KIOSK,
dcu-W-00199-20260422,worker-uuid-00199,W-00199,2026-04-22T18:30:00Z,NIGHT_SHIFT,133,87,64,97,36.2,6.6,4,15,366,False,False,False,False,FIT,SELF_SERVICE_KIOSK,
dcu-W-00199-20260424,worker-uuid-00199,W-00199,2026-04-24T06:30:00Z,DAY_SHIFT,136,84,66,98,36.5,8.1,0,9,232,False,False,False,False,FIT,SELF_SERVICE_KIOSK,
dcu-W-00199-20260425,worker-uuid-00199,W-00199,2026-04-25T06:30:00Z,DAY_SHIFT,138,88,59,97,36.3,6.5,1,18,268,False,False,False,False,FIT,SELF_SERVICE_KIOSK,
dcu-W-00199-20260426,worker-uuid-00199,W-00199,2026-04-26T06:30:00Z,DAY_SHIFT,128,87,61,98,36.4,7.1,1,9,231,False,False,False,False,FIT,SELF_SERVICE_KIOSK,
dcu-W-00199-20260427,worker-uuid-00199,W-00199,2026-04-27T06:30:00Z,DAY_SHIFT,136,80,57,98,36.6,7.3,2,6,257,False,False,False,False,FIT,SELF_SERVICE_KIOSK,
dcu-W-00199-20260428,worker-uuid-00199,W-00199,2026-04-28T06:30:00Z,DAY_SHIFT,124,79,66,98,36.4,6.2,2,6,204,False,False,False,False,FIT,PARAMEDIC_ASSISTED,user-paramedic-01
dcu-W-00199-20260429,worker-uuid-00199,W-00199,2026-04-29T06:30:00Z,DAY_SHIFT,128,81,53,99,36.7,7.1,0,15,247,False,False,False,False,FIT,SELF_SERVICE_KIOSK,
dcu-W-00199-20260501,worker-uuid-00199,W-00199,2026-05-01T06:30:00Z,DAY_SHIFT,129,86,60,99,36.7,7.4,0,8,212,False,False,False,False,FIT,SELF_SERVICE_KIOSK,
dcu-W-00199-20260504,worker-uuid-00199,W-00199,2026-05-04T06:30:00Z,DAY_SHIFT,130,81,54,98,36.1,7.4,2,12,206,False,False,False,False,FIT,PARAMEDIC_ASSISTED,user-paramedic-01
dcu-W-00199-20260505,worker-uuid-00199,W-00199,2026-05-05T06:30:00Z,DAY_SHIFT,135,88,54,97,36.6,6.3,0,11,250,False,False,False,False,FIT,SELF_SERVICE_KIOSK,
dcu-W-00199-20260506,worker-uuid-00199,W-00199,2026-05-06T06:30:00Z,DAY_SHIFT,134,86,61,98,36.1,7.8,2,15,243,False,False,False,False,FIT,PARAMEDIC_ASSISTED,user-paramedic-01
dcu-W-00199-20260507,worker-uuid-00199,W-00199,2026-05-07T18:30:00Z,NIGHT_SHIFT,136,84,64,98,36.3,7.0,3,19,308,False,False,False,False,FIT,SELF_SERVICE_KIOSK,
dcu-W-00199-20260508,worker-uuid-00199,W-00199,2026-05-08T18:30:00Z,NIGHT_SHIFT,158,100,65,98,36.5,4.8,2,17,319,False,False,False,False,RESTRICTED,SELF_SERVICE_KIOSK,
dcu-W-00199-20260509,worker-uuid-00199,W-00199,2026-05-09T18:30:00Z,NIGHT_SHIFT,140,89,63,98,37.0,4.0,3,18,343,False,False,True,False,RESTRICTED,SELF_SERVICE_KIOSK,
dcu-W-00199-20260510,worker-uuid-00199,W-00199,2026-05-10T18:30:00Z,NIGHT_SHIFT,143,99,63,98,36.7,4.8,2,19,317,False,False,True,False,RESTRICTED,SELF_SERVICE_KIOSK,
dcu-W-00199-20260512,worker-uuid-00199,W-00199,2026-05-12T18:30:00Z,NIGHT_SHIFT,135,82,68,97,36.3,5.0,2,20,345,False,False,False,False,FIT,PARAMEDIC_ASSISTED,user-paramedic-01
dcu-W-00199-20260513,worker-uuid-00199,W-00199,2026-05-13T18:30:00Z,NIGHT_SHIFT,135,78,72,98,36.5,3.2,3,16,332,False,False,True,False,RESTRICTED,SELF_SERVICE_KIOSK,
dcu-W-00199-20260514,worker-uuid-00199,W-00199,2026-05-14T18:30:00Z,NIGHT_SHIFT,133,84,69,99,36.5,6.8,1,16,256,False,False,False,False,FIT,SELF_SERVICE_KIOSK,
dcu-W-00199-20260516,worker-uuid-00199,W-00199,2026-05-16T18:30:00Z,NIGHT_SHIFT,134,80,71,98,37.2,3.3,3,6,344,False,False,True,False,RESTRICTED,SELF_SERVICE_KIOSK,
dcu-W-00199-20260517,worker-uuid-00199,W-00199,2026-05-17T18:30:00Z,NIGHT_SHIFT,139,92,69,99,36.3,4.8,3,6,305,False,False,False,False,FIT,PARAMEDIC_ASSISTED,user-paramedic-01
dcu-W-00199-20260518,worker-uuid-00199,W-00199,2026-05-18T18:30:00Z,NIGHT_SHIFT,143,95,73,99,36.3,7.2,4,13,294,False,False,False,False,RESTRICTED,PARAMEDIC_ASSISTED,user-paramedic-01
dcu-W-00199-20260519,worker-uuid-00199,W-00199,2026-05-19T18:30:00Z,NIGHT_SHIFT,133,87,65,98,36.1,6.5,2,9,338,False,False,False,False,FIT,PARAMEDIC_ASSISTED,user-paramedic-01
dcu-W-00199-20260520,worker-uuid-00199,W-00199,2026-05-20T18:30:00Z,NIGHT_SHIFT,138,89,55,96,36.2,3.8,4,17,286,False,False,False,False,RESTRICTED,SELF_SERVICE_KIOSK,
dcu-W-00199-20260521,worker-uuid-00199,W-00199,2026-05-21T06:30:00Z,DAY_SHIFT,120,77,58,97,36.5,7.9,2,15,190,False,False,False,False,FIT,SELF_SERVICE_KIOSK,
dcu-W-00199-20260522,worker-uuid-00199,W-00199,2026-05-22T06:30:00Z,DAY_SHIFT,123,83,54,98,36.7,5.6,1,14,189,False,False,False,False,FIT,SELF_SERVICE_KIOSK,
dcu-W-00199-20260524,worker-uuid-00199,W-00199,2026-05-24T06:30:00Z,DAY_SHIFT,120,72,53,97,36.6,5.6,1,9,219,False,False,False,False,FIT,SELF_SERVICE_KIOSK,
dcu-W-00199-20260525,worker-uuid-00199,W-00199,2026-05-25T06:30:00Z,DAY_SHIFT,139,88,50,99,36.9,6.6,0,7,252,False,False,False,False,FIT,SELF_SERVICE_KIOSK,
dcu-W-00199-20260527,worker-uuid-00199,W-00199,2026-05-27T06:30:00Z,DAY_SHIFT,127,77,63,98,37.1,8.4,2,15,249,False,False,False,False,FIT,SELF_SERVICE_KIOSK,
dcu-W-00199-20260528,worker-uuid-00199,W-00199,2026-05-28T06:30:00Z,DAY_SHIFT,134,82,51,100,37.3,7.2,2,16,224,False,False,False,False,FIT,PARAMEDIC_ASSISTED,user-paramedic-01
dcu-W-00199-20260529,worker-uuid-00199,W-00199,2026-05-29T06:30:00Z,DAY_SHIFT,134,88,62,97,36.6,8.1,1,18,232,False,False,False,False,FIT,SELF_SERVICE_KIOSK,
dcu-W-00199-20260530,worker-uuid-00199,W-00199,2026-05-30T06:30:00Z,DAY_SHIFT,133,81,51,98,35.9,6.6,0,14,247,False,False,False,False,FIT,SELF_SERVICE_KIOSK,
dcu-W-00199-20260531,worker-uuid-00199,W-00199,2026-05-31T06:30:00Z,DAY_SHIFT,131,77,55,96,36.1,5.7,1,12,221,False,False,False,False,FIT,PARAMEDIC_ASSISTED,user-paramedic-01
dcu-W-00199-20260601,worker-uuid-00199,W-00199,2026-06-01T06:30:00Z,DAY_SHIFT,133,87,60,98,36.6,6.4,2,6,225,False,False,False,False,FIT,PARAMEDIC_ASSISTED,user-paramedic-01
dcu-W-00199-20260602,worker-uuid-00199,W-00199,2026-06-02T06:30:00Z,DAY_SHIFT,132,81,53,97,36.2,6.2,0,18,269,False,False,False,False,FIT,PARAMEDIC_ASSISTED,user-paramedic-01
dcu-W-00199-20260603,worker-uuid-00199,W-00199,2026-06-03T06:30:00Z,DAY_SHIFT,136,91,46,98,36.6,7.7,2,19,232,False,False,False,False,FIT,SELF_SERVICE_KIOSK,
dcu-W-00199-20260604,worker-uuid-00199,W-00199,2026-06-04T18:30:00Z,NIGHT_SHIFT,136,93,60,97,36.4,3.9,3,12,296,False,False,True,False,RESTRICTED,PARAMEDIC_ASSISTED,user-paramedic-01
dcu-W-00199-20260606,worker-uuid-00199,W-00199,2026-06-06T18:30:00Z,NIGHT_SHIFT,145,89,68,97,36.7,4.7,1,12,331,False,False,False,False,FIT,SELF_SERVICE_KIOSK,
dcu-W-00199-20260607,worker-uuid-00199,W-00199,2026-06-07T18:30:00Z,NIGHT_SHIFT,140,91,55,99,36.4,4.3,1,17,284,False,False,False,False,RESTRICTED,PARAMEDIC_ASSISTED,user-paramedic-01
dcu-W-00199-20260608,worker-uuid-00199,W-00199,2026-06-08T18:30:00Z,NIGHT_SHIFT,138,87,62,98,36.8,6.6,2,17,317,False,False,False,False,FIT,SELF_SERVICE_KIOSK,
dcu-W-00199-20260609,worker-uuid-00199,W-00199,2026-06-09T18:30:00Z,NIGHT_SHIFT,129,85,54,96,36.8,5.7,3,8,321,False,False,False,False,FIT,SELF_SERVICE_KIOSK,
dcu-W-00199-20260610,worker-uuid-00199,W-00199,2026-06-10T18:30:00Z,NIGHT_SHIFT,146,93,61,97,36.1,3.2,3,6,325,False,False,False,False,RESTRICTED,SELF_SERVICE_KIOSK,
dcu-W-00199-20260612,worker-uuid-00199,W-00199,2026-06-12T18:30:00Z,NIGHT_SHIFT,136,88,57,99,36.7,5.3,4,8,306,False,False,False,False,FIT,SELF_SERVICE_KIOSK,
dcu-W-00199-20260613,worker-uuid-00199,W-00199,2026-06-13T18:30:00Z,NIGHT_SHIFT,134,86,67,97,36.6,5.8,4,11,319,False,False,False,False,FIT,SELF_SERVICE_KIOSK,
dcu-W-00199-20260614,worker-uuid-00199,W-00199,2026-06-14T18:30:00Z,NIGHT_SHIFT,140,89,72,96,36.7,5.8,4,10,305,False,False,False,False,FIT,PARAMEDIC_ASSISTED,user-paramedic-01
dcu-W-00199-20260615,worker-uuid-00199,W-00199,2026-06-15T18:30:00Z,NIGHT_SHIFT,133,80,64,98,36.8,6.4,1,6,318,False,False,False,False,FIT,PARAMEDIC_ASSISTED,user-paramedic-01
dcu-W-00199-20260616,worker-uuid-00199,W-00199,2026-06-16T18:30:00Z,NIGHT_SHIFT,140,86,67,99,36.7,4.6,2,11,295,False,False,False,False,FIT,SELF_SERVICE_KIOSK,
dcu-W-00199-20260617,worker-uuid-00199,W-00199,2026-06-17T18:30:00Z,NIGHT_SHIFT,145,89,76,97,36.8,4.4,3,11,279,False,False,False,False,RESTRICTED,PARAMEDIC_ASSISTED,user-paramedic-01
dcu-W-00199-20260618,worker-uuid-00199,W-00199,2026-06-18T06:30:00Z,DAY_SHIFT,123,70,50,97,36.4,8.5,2,10,234,False,False,False,False,FIT,PARAMEDIC_ASSISTED,user-paramedic-01
dcu-W-00199-20260619,worker-uuid-00199,W-00199,2026-06-19T06:30:00Z,DAY_SHIFT,127,87,51,96,36.1,6.7,0,11,214,False,False,False,False,FIT,PARAMEDIC_ASSISTED,user-paramedic-01
dcu-W-00199-20260620,worker-uuid-00199,W-00199,2026-06-20T06:30:00Z,DAY_SHIFT,143,84,57,100,37.1,6.9,2,13,263,False,False,False,False,FIT,PARAMEDIC_ASSISTED,user-paramedic-01
dcu-W-00199-20260621,worker-uuid-00199,W-00199,2026-06-21T06:30:00Z,DAY_SHIFT,129,85,62,99,36.2,6.9,1,18,235,False,False,False,False,FIT,SELF_SERVICE_KIOSK,
dcu-W-00199-20260623,worker-uuid-00199,W-00199,2026-06-23T06:30:00Z,DAY_SHIFT,127,74,60,97,36.5,7.8,0,11,208,False,False,False,False,FIT,PARAMEDIC_ASSISTED,user-paramedic-01
dcu-W-00199-20260624,worker-uuid-00199,W-00199,2026-06-24T06:30:00Z,DAY_SHIFT,128,80,63,97,36.4,7.0,1,14,248,False,False,False,False,FIT,PARAMEDIC_ASSISTED,user-paramedic-01
dcu-W-00199-20260625,worker-uuid-00199,W-00199,2026-06-25T06:30:00Z,DAY_SHIFT,131,85,58,97,36.2,6.2,1,19,260,False,False,False,False,FIT,SELF_SERVICE_KIOSK,
dcu-W-00199-20260626,worker-uuid-00199,W-00199,2026-06-26T06:30:00Z,DAY_SHIFT,121,73,53,99,36.7,7.6,1,7,218,False,False,False,False,FIT,SELF_SERVICE_KIOSK,
dcu-W-00199-20260628,worker-uuid-00199,W-00199,2026-06-28T06:30:00Z,DAY_SHIFT,127,78,55,98,36.7,5.9,1,8,237,False,False,False,False,FIT,SELF_SERVICE_KIOSK,
dcu-W-00199-20260629,worker-uuid-00199,W-00199,2026-06-29T06:30:00Z,DAY_SHIFT,135,73,59,97,35.9,9.0,0,12,232,False,False,False,False,FIT,PARAMEDIC_ASSISTED,user-paramedic-01
dcu-W-00199-20260630,worker-uuid-00199,W-00199,2026-06-30T06:30:00Z,DAY_SHIFT,137,83,67,96,36.4,6.9,0,15,246,False,False,False,False,FIT,SELF_SERVICE_KIOSK,
dcu-W-00199-20260701,worker-uuid-00199,W-00199,2026-07-01T06:30:00Z,DAY_SHIFT,133,84,56,98,36.7,6.5,0,16,268,False,False,False,False,FIT,SELF_SERVICE_KIOSK,
dcu-W-00199-20260702,worker-uuid-00199,W-00199,2026-07-02T18:30:00Z,NIGHT_SHIFT,135,93,69,98,36.6,5.2,1,20,259,False,False,False,False,FIT,SELF_SERVICE_KIOSK,
dcu-W-00199-20260703,worker-uuid-00199,W-00199,2026-07-03T18:30:00Z,NIGHT_SHIFT,146,90,62,96,37.0,7.0,1,10,322,False,False,False,False,FIT,PARAMEDIC_ASSISTED,user-paramedic-01
dcu-W-00199-20260704,worker-uuid-00199,W-00199,2026-07-04T18:30:00Z,NIGHT_SHIFT,153,90,66,100,35.8,4.2,4,18,259,False,False,False,False,RESTRICTED,PARAMEDIC_ASSISTED,user-paramedic-01
dcu-W-00199-20260706,worker-uuid-00199,W-00199,2026-07-06T18:30:00Z,NIGHT_SHIFT,135,85,65,97,36.7,5.2,4,17,374,False,False,False,False,FIT,SELF_SERVICE_KIOSK,
dcu-W-00199-20260707,worker-uuid-00199,W-00199,2026-07-07T18:30:00Z,NIGHT_SHIFT,138,83,62,97,36.0,4.6,1,10,253,False,False,False,False,FIT,SELF_SERVICE_KIOSK,
dcu-W-00199-20260710,worker-uuid-00199,W-00199,2026-07-10T18:30:00Z,NIGHT_SHIFT,144,89,71,97,36.8,6.3,2,13,291,False,False,False,False,FIT,SELF_SERVICE_KIOSK,
dcu-W-00199-20260711,worker-uuid-00199,W-00199,2026-07-11T18:30:00Z,NIGHT_SHIFT,130,80,67,98,36.2,5.2,4,9,302,False,False,False,False,FIT,SELF_SERVICE_KIOSK,
dcu-W-00199-20260712,worker-uuid-00199,W-00199,2026-07-12T18:30:00Z,NIGHT_SHIFT,129,85,78,98,36.2,6.0,3,16,405,False,False,False,False,FIT,SELF_SERVICE_KIOSK,
dcu-W-00199-20260713,worker-uuid-00199,W-00199,2026-07-13T18:30:00Z,NIGHT_SHIFT,129,83,70,99,37.0,4.4,2,17,265,False,False,True,False,RESTRICTED,PARAMEDIC_ASSISTED,user-paramedic-01
dcu-W-00199-20260714,worker-uuid-00199,W-00199,2026-07-14T18:30:00Z,NIGHT_SHIFT,136,89,67,97,36.6,4.7,2,8,243,False,False,False,False,FIT,SELF_SERVICE_KIOSK,
dcu-W-00199-20260715,worker-uuid-00199,W-00199,2026-07-15T18:30:00Z,NIGHT_SHIFT,151,95,57,99,36.5,6.2,1,18,332,False,False,False,False,RESTRICTED,SELF_SERVICE_KIOSK,
dcu-W-00199-20260716,worker-uuid-00199,W-00199,2026-07-16T06:30:00Z,DAY_SHIFT,126,74,62,99,36.7,4.8,1,18,204,False,False,False,False,FIT,SELF_SERVICE_KIOSK,
dcu-W-00199-20260717,worker-uuid-00199,W-00199,2026-07-17T06:30:00Z,DAY_SHIFT,131,81,60,99,36.6,7.0,0,10,214,False,False,False,False,FIT,SELF_SERVICE_KIOSK,
dcu-W-00199-20260718,worker-uuid-00199,W-00199,2026-07-18T06:30:00Z,DAY_SHIFT,119,77,59,95,37.0,6.3,0,12,248,False,False,False,False,FIT,SELF_SERVICE_KIOSK,
dcu-W-00199-20260719,worker-uuid-00199,W-00199,2026-07-19T06:30:00Z,DAY_SHIFT,131,82,63,98,36.4,7.9,2,18,244,False,False,False,False,FIT,PARAMEDIC_ASSISTED,user-paramedic-01
dcu-W-00199-20260720,worker-uuid-00199,W-00199,2026-07-20T06:30:00Z,DAY_SHIFT,133,83,58,96,36.9,7.7,2,10,241,False,False,False,False,FIT,SELF_SERVICE_KIOSK,
dcu-W-00199-20260721,worker-uuid-00199,W-00199,2026-07-21T06:30:00Z,DAY_SHIFT,128,81,52,97,37.0,7.7,0,18,204,False,False,False,False,FIT,SELF_SERVICE_KIOSK,
dcu-W-00199-20260722,worker-uuid-00199,W-00199,2026-07-22T06:30:00Z,DAY_SHIFT,131,88,49,99,36.6,6.4,0,8,162,False,False,False,False,FIT,SELF_SERVICE_KIOSK,
dcu-W-00199-20260723,worker-uuid-00199,W-00199,2026-07-23T06:30:00Z,DAY_SHIFT,127,78,59,97,36.7,6.4,1,11,215,False,False,False,False,FIT,SELF_SERVICE_KIOSK,
dcu-W-00199-20260724,worker-uuid-00199,W-00199,2026-07-24T06:30:00Z,DAY_SHIFT,140,89,58,99,36.6,7.6,2,9,187,False,False,False,False,FIT,SELF_SERVICE_KIOSK,
dcu-W-00199-20260725,worker-uuid-00199,W-00199,2026-07-25T06:30:00Z,DAY_SHIFT,132,79,56,99,36.8,6.2,0,19,225,False,False,False,False,FIT,SELF_SERVICE_KIOSK,
dcu-W-00199-20260726,worker-uuid-00199,W-00199,2026-07-26T06:30:00Z,DAY_SHIFT,129,82,69,96,36.7,7.1,0,12,247,False,False,False,False,FIT,SELF_SERVICE_KIOSK,
dcu-W-00199-20260727,worker-uuid-00199,W-00199,2026-07-27T06:30:00Z,DAY_SHIFT,131,82,52,97,36.3,7.6,0,7,271,False,False,False,False,FIT,SELF_SERVICE_KIOSK,
dcu-W-00199-20260728,worker-uuid-00199,W-00199,2026-07-28T06:30:00Z,DAY_SHIFT,127,74,64,97,36.4,8.1,0,19,223,False,False,False,False,FIT,SELF_SERVICE_KIOSK,
dcu-W-00199-20260729,worker-uuid-00199,W-00199,2026-07-29T06:30:00Z,DAY_SHIFT,131,74,54,100,36.7,5.5,2,18,234,False,False,False,False,FIT,SELF_SERVICE_KIOSK,
dcu-W-00199-20260730,worker-uuid-00199,W-00199,2026-07-30T18:30:00Z,NIGHT_SHIFT,140,88,71,98,36.6,3.9,1,16,342,False,False,False,False,RESTRICTED,PARAMEDIC_ASSISTED,user-paramedic-01
dcu-W-00199-20260731,worker-uuid-00199,W-00199,2026-07-31T18:30:00Z,NIGHT_SHIFT,132,86,76,98,36.7,5.4,2,14,258,False,False,False,False,FIT,PARAMEDIC_ASSISTED,user-paramedic-01
dcu-W-00199-20260801,worker-uuid-00199,W-00199,2026-08-01T18:30:00Z,NIGHT_SHIFT,121,70,67,97,36.3,6.0,3,7,369,False,False,False,False,FIT,PARAMEDIC_ASSISTED,user-paramedic-01
dcu-W-00199-20260802,worker-uuid-00199,W-00199,2026-08-02T18:30:00Z,NIGHT_SHIFT,136,83,61,99,36.7,5.2,3,10,301,False,False,False,False,FIT,SELF_SERVICE_KIOSK,
dcu-W-00199-20260803,worker-uuid-00199,W-00199,2026-08-03T18:30:00Z,NIGHT_SHIFT,132,90,65,98,36.4,4.4,3,12,251,False,False,True,False,RESTRICTED,SELF_SERVICE_KIOSK,
dcu-W-00199-20260804,worker-uuid-00199,W-00199,2026-08-04T18:30:00Z,NIGHT_SHIFT,131,80,73,98,36.6,5.3,3,20,231,False,False,False,False,FIT,PARAMEDIC_ASSISTED,user-paramedic-01
dcu-W-00199-20260805,worker-uuid-00199,W-00199,2026-08-05T18:30:00Z,NIGHT_SHIFT,126,85,64,98,37.0,5.4,4,16,279,False,False,False,False,FIT,SELF_SERVICE_KIOSK,
dcu-W-00199-20260806,worker-uuid-00199,W-00199,2026-08-06T18:30:00Z,NIGHT_SHIFT,140,84,63,98,36.0,4.3,1,14,284,False,False,False,False,RESTRICTED,PARAMEDIC_ASSISTED,user-paramedic-01
dcu-W-00199-20260807,worker-uuid-00199,W-00199,2026-08-07T18:30:00Z,NIGHT_SHIFT,137,88,65,98,36.5,5.7,3,10,296,False,False,False,False,FIT,SELF_SERVICE_KIOSK,
dcu-W-00199-20260808,worker-uuid-00199,W-00199,2026-08-08T18:30:00Z,NIGHT_SHIFT,136,87,60,98,36.3,4.8,2,15,317,False,False,False,False,FIT,PARAMEDIC_ASSISTED,user-paramedic-01
dcu-W-00199-20260809,worker-uuid-00199,W-00199,2026-08-09T18:30:00Z,NIGHT_SHIFT,135,94,75,97,36.7,7.3,3,11,253,False,False,False,False,FIT,SELF_SERVICE_KIOSK,
dcu-W-00199-20260810,worker-uuid-00199,W-00199,2026-08-10T18:30:00Z,NIGHT_SHIFT,137,82,63,96,35.8,5.1,1,7,268,False,False,False,False,FIT,PARAMEDIC_ASSISTED,user-paramedic-01
dcu-W-00199-20260811,worker-uuid-00199,W-00199,2026-08-11T18:30:00Z,NIGHT_SHIFT,131,82,65,98,36.5,5.7,2,16,338,False,False,False,False,FIT,SELF_SERVICE_KIOSK,
dcu-W-00199-20260812,worker-uuid-00199,W-00199,2026-08-12T18:30:00Z,NIGHT_SHIFT,153,97,63,98,36.5,4.3,2,7,342,False,False,False,False,RESTRICTED,PARAMEDIC_ASSISTED,user-paramedic-01
dcu-W-00199-20260813,worker-uuid-00199,W-00199,2026-08-13T06:30:00Z,DAY_SHIFT,122,79,53,98,36.5,9.1,2,13,200,False,False,False,False,FIT,SELF_SERVICE_KIOSK,
dcu-W-00199-20260815,worker-uuid-00199,W-00199,2026-08-15T06:30:00Z,DAY_SHIFT,128,76,59,99,36.2,9.5,2,7,216,False,False,False,False,FIT,SELF_SERVICE_KIOSK,
dcu-W-00199-20260818,worker-uuid-00199,W-00199,2026-08-18T06:30:00Z,DAY_SHIFT,127,79,58,99,36.6,8.5,2,20,242,False,False,False,False,FIT,PARAMEDIC_ASSISTED,user-paramedic-01
dcu-W-00199-20260820,worker-uuid-00199,W-00199,2026-08-20T06:30:00Z,DAY_SHIFT,126,74,52,98,37.0,9.0,1,9,220,False,False,False,False,FIT,SELF_SERVICE_KIOSK,
dcu-W-00199-20260821,worker-uuid-00199,W-00199,2026-08-21T06:30:00Z,DAY_SHIFT,127,82,61,100,36.1,8.3,1,14,268,False,False,False,False,FIT,SELF_SERVICE_KIOSK,
dcu-W-00199-20260822,worker-uuid-00199,W-00199,2026-08-22T06:30:00Z,DAY_SHIFT,134,83,55,97,37.2,7.0,1,15,270,False,False,False,False,FIT,PARAMEDIC_ASSISTED,user-paramedic-01
dcu-W-00199-20260824,worker-uuid-00199,W-00199,2026-08-24T06:30:00Z,DAY_SHIFT,136,87,61,97,36.4,8.5,2,16,248,False,False,False,False,FIT,SELF_SERVICE_KIOSK,
dcu-W-00199-20260826,worker-uuid-00199,W-00199,2026-08-26T06:30:00Z,DAY_SHIFT,127,70,65,97,36.6,6.8,1,15,270,False,False,False,False,FIT,SELF_SERVICE_KIOSK,
dcu-W-00199-20260827,worker-uuid-00199,W-00199,2026-08-27T18:30:00Z,NIGHT_SHIFT,140,88,61,99,36.3,4.3,1,20,327,False,False,False,False,RESTRICTED,SELF_SERVICE_KIOSK,
dcu-W-00199-20260828,worker-uuid-00199,W-00199,2026-08-28T18:30:00Z,NIGHT_SHIFT,138,90,60,98,36.2,5.8,2,12,333,False,False,False,False,FIT,SELF_SERVICE_KIOSK,
dcu-W-00199-20260829,worker-uuid-00199,W-00199,2026-08-29T18:30:00Z,NIGHT_SHIFT,125,77,56,99,36.6,5.9,4,15,294,False,False,False,False,FIT,PARAMEDIC_ASSISTED,user-paramedic-01
dcu-W-00199-20260830,worker-uuid-00199,W-00199,2026-08-30T18:30:00Z,NIGHT_SHIFT,141,93,65,98,36.7,7.1,4,14,324,False,False,False,False,FIT,SELF_SERVICE_KIOSK,
dcu-W-00199-20260901,worker-uuid-00199,W-00199,2026-09-01T18:30:00Z,NIGHT_SHIFT,133,81,64,97,36.7,7.1,1,20,272,False,False,False,False,FIT,SELF_SERVICE_KIOSK,
dcu-W-00199-20260902,worker-uuid-00199,W-00199,2026-09-02T18:30:00Z,NIGHT_SHIFT,143,90,73,98,37.2,4.8,2,16,302,False,False,False,False,FIT,SELF_SERVICE_KIOSK,
dcu-W-00199-20260903,worker-uuid-00199,W-00199,2026-09-03T18:30:00Z,NIGHT_SHIFT,134,76,66,99,36.2,5.7,3,14,323,False,False,False,False,FIT,SELF_SERVICE_KIOSK,
dcu-W-00199-20260904,worker-uuid-00199,W-00199,2026-09-04T18:30:00Z,NIGHT_SHIFT,142,84,65,96,36.8,3.5,4,14,274,False,False,False,False,RESTRICTED,PARAMEDIC_ASSISTED,user-paramedic-01
dcu-W-00199-20260905,worker-uuid-00199,W-00199,2026-09-05T18:30:00Z,NIGHT_SHIFT,150,96,65,99,36.7,5.6,4,14,323,False,False,False,False,RESTRICTED,SELF_SERVICE_KIOSK,
dcu-W-00199-20260906,worker-uuid-00199,W-00199,2026-09-06T18:30:00Z,NIGHT_SHIFT,135,81,61,96,36.5,4.1,1,10,289,False,False,False,False,RESTRICTED,PARAMEDIC_ASSISTED,user-paramedic-01
dcu-W-00199-20260907,worker-uuid-00199,W-00199,2026-09-07T18:30:00Z,NIGHT_SHIFT,135,88,64,99,36.5,4.0,1,7,337,False,False,True,False,RESTRICTED,SELF_SERVICE_KIOSK,
dcu-W-00199-20260908,worker-uuid-00199,W-00199,2026-09-08T18:30:00Z,NIGHT_SHIFT,134,86,70,98,36.7,6.9,2,9,320,False,False,False,False,FIT,SELF_SERVICE_KIOSK,
dcu-W-00199-20260909,worker-uuid-00199,W-00199,2026-09-09T18:30:00Z,NIGHT_SHIFT,139,86,71,97,36.7,6.7,2,20,326,False,False,False,False,FIT,PARAMEDIC_ASSISTED,user-paramedic-01
dcu-W-00199-20260911,worker-uuid-00199,W-00199,2026-09-11T06:30:00Z,DAY_SHIFT,127,82,60,98,36.7,7.2,0,17,241,False,False,False,False,FIT,SELF_SERVICE_KIOSK,
dcu-W-00199-20260912,worker-uuid-00199,W-00199,2026-09-12T06:30:00Z,DAY_SHIFT,124,79,53,100,36.9,5.5,2,13,203,False,False,False,False,FIT,PARAMEDIC_ASSISTED,user-paramedic-01
dcu-W-00199-20260914,worker-uuid-00199,W-00199,2026-09-14T06:30:00Z,DAY_SHIFT,135,87,62,100,36.4,7.5,2,20,268,False,False,False,False,FIT,SELF_SERVICE_KIOSK,
dcu-W-00199-20260916,worker-uuid-00199,W-00199,2026-09-16T06:30:00Z,DAY_SHIFT,121,74,58,99,36.2,8.1,0,17,243,False,False,False,False,FIT,SELF_SERVICE_KIOSK,
dcu-W-00199-20260919,worker-uuid-00199,W-00199,2026-09-19T06:30:00Z,DAY_SHIFT,123,82,52,99,37.2,7.6,0,17,245,False,False,False,False,FIT,SELF_SERVICE_KIOSK,
dcu-W-00199-20260920,worker-uuid-00199,W-00199,2026-09-20T06:30:00Z,DAY_SHIFT,121,79,57,96,36.8,7.3,0,8,219,False,False,False,False,FIT,SELF_SERVICE_KIOSK,
dcu-W-00199-20260921,worker-uuid-00199,W-00199,2026-09-21T06:30:00Z,DAY_SHIFT,127,90,58,97,35.7,7.2,0,13,214,False,False,False,False,FIT,SELF_SERVICE_KIOSK,
dcu-W-00199-20260922,worker-uuid-00199,W-00199,2026-09-22T06:30:00Z,DAY_SHIFT,129,84,63,96,36.4,8.5,0,17,273,False,False,False,False,FIT,SELF_SERVICE_KIOSK,
dcu-W-00199-20260923,worker-uuid-00199,W-00199,2026-09-23T06:30:00Z,DAY_SHIFT,136,90,58,98,36.8,7.2,1,8,261,False,False,False,False,FIT,SELF_SERVICE_KIOSK,
dcu-W-00199-20260924,worker-uuid-00199,W-00199,2026-09-24T18:30:00Z,NIGHT_SHIFT,139,93,54,99,36.6,4.8,1,12,313,False,False,False,False,FIT,SELF_SERVICE_KIOSK,
dcu-W-00199-20260926,worker-uuid-00199,W-00199,2026-09-26T18:30:00Z,NIGHT_SHIFT,141,90,62,97,36.4,3.0,4,11,282,False,False,False,False,RESTRICTED,SELF_SERVICE_KIOSK,
dcu-W-00199-20260927,worker-uuid-00199,W-00199,2026-09-27T18:30:00Z,NIGHT_SHIFT,155,93,69,98,36.0,4.4,3,14,235,False,False,False,False,RESTRICTED,SELF_SERVICE_KIOSK,
dcu-W-00199-20260928,worker-uuid-00199,W-00199,2026-09-28T18:30:00Z,NIGHT_SHIFT,139,93,66,97,36.7,4.8,1,6,328,False,False,False,False,FIT,PARAMEDIC_ASSISTED,user-paramedic-01
dcu-W-00199-20260929,worker-uuid-00199,W-00199,2026-09-29T18:30:00Z,NIGHT_SHIFT,144,91,67,98,36.1,4.6,4,14,334,False,False,False,False,FIT,SELF_SERVICE_KIOSK,
dcu-W-00199-20260930,worker-uuid-00199,W-00199,2026-09-30T18:30:00Z,NIGHT_SHIFT,141,93,66,99,36.4,5.1,3,10,292,False,False,False,False,FIT,SELF_SERVICE_KIOSK,
dcu-W-00199-20261001,worker-uuid-00199,W-00199,2026-10-01T18:30:00Z,NIGHT_SHIFT,142,87,56,98,36.5,4.0,2,13,315,False,False,False,False,RESTRICTED,SELF_SERVICE_KIOSK,
dcu-W-00199-20261002,worker-uuid-00199,W-00199,2026-10-02T18:30:00Z,NIGHT_SHIFT,142,89,64,97,36.5,4.1,2,13,291,False,False,False,False,RESTRICTED,SELF_SERVICE_KIOSK,
dcu-W-00199-20261003,worker-uuid-00199,W-00199,2026-10-03T18:30:00Z,NIGHT_SHIFT,138,89,70,98,37.2,4.0,2,16,305,False,False,False,False,RESTRICTED,SELF_SERVICE_KIOSK,
dcu-W-00199-20261004,worker-uuid-00199,W-00199,2026-10-04T18:30:00Z,NIGHT_SHIFT,135,84,59,98,36.3,3.7,4,13,288,False,False,False,False,RESTRICTED,PARAMEDIC_ASSISTED,user-paramedic-01
dcu-W-00199-20261005,worker-uuid-00199,W-00199,2026-10-05T18:30:00Z,NIGHT_SHIFT,125,72,65,98,36.1,5.3,4,10,282,False,False,False,False,FIT,SELF_SERVICE_KIOSK,
dcu-W-00199-20261006,worker-uuid-00199,W-00199,2026-10-06T18:30:00Z,NIGHT_SHIFT,130,80,59,98,36.6,5.7,3,6,267,False,False,False,False,FIT,SELF_SERVICE_KIOSK,
dcu-W-00199-20261008,worker-uuid-00199,W-00199,2026-10-08T06:30:00Z,DAY_SHIFT,129,78,59,99,36.8,6.9,1,10,265,False,False,False,False,FIT,SELF_SERVICE_KIOSK,
dcu-W-00199-20261009,worker-uuid-00199,W-00199,2026-10-09T06:30:00Z,DAY_SHIFT,129,83,60,96,36.6,7.7,0,6,205,False,False,False,False,FIT,PARAMEDIC_ASSISTED,user-paramedic-01
dcu-W-00199-20261011,worker-uuid-00199,W-00199,2026-10-11T06:30:00Z,DAY_SHIFT,136,91,55,98,36.0,6.7,2,10,222,False,False,False,False,FIT,SELF_SERVICE_KIOSK,
dcu-W-00199-20261012,worker-uuid-00199,W-00199,2026-10-12T06:30:00Z,DAY_SHIFT,134,77,60,99,36.4,6.2,2,8,210,False,False,False,False,FIT,SELF_SERVICE_KIOSK,
dcu-W-00199-20261013,worker-uuid-00199,W-00199,2026-10-13T06:30:00Z,DAY_SHIFT,122,77,63,95,36.4,7.8,1,20,256,False,False,False,False,FIT,PARAMEDIC_ASSISTED,user-paramedic-01
dcu-W-00199-20261014,worker-uuid-00199,W-00199,2026-10-14T06:30:00Z,DAY_SHIFT,135,85,63,97,36.1,6.8,2,10,218,False,False,False,False,FIT,PARAMEDIC_ASSISTED,user-paramedic-01
dcu-W-00199-20261015,worker-uuid-00199,W-00199,2026-10-15T06:30:00Z,DAY_SHIFT,135,76,56,97,36.6,9.3,2,16,195,False,False,False,False,FIT,SELF_SERVICE_KIOSK,
dcu-W-00199-20261016,worker-uuid-00199,W-00199,2026-10-16T06:30:00Z,DAY_SHIFT,134,85,63,98,35.6,6.4,2,15,214,False,False,False,False,FIT,SELF_SERVICE_KIOSK,
dcu-W-00199-20261017,worker-uuid-00199,W-00199,2026-10-17T06:30:00Z,DAY_SHIFT,130,85,51,98,36.0,8.2,1,11,221,False,False,False,False,FIT,SELF_SERVICE_KIOSK,
dcu-W-00199-20261018,worker-uuid-00199,W-00199,2026-10-18T06:30:00Z,DAY_SHIFT,135,85,57,97,37.0,7.9,1,19,241,False,False,False,False,FIT,SELF_SERVICE_KIOSK,
dcu-W-00199-20261019,worker-uuid-00199,W-00199,2026-10-19T06:30:00Z,DAY_SHIFT,129,75,65,98,36.7,7.7,1,16,216,False,False,False,False,FIT,PARAMEDIC_ASSISTED,user-paramedic-01
dcu-W-00199-20261020,worker-uuid-00199,W-00199,2026-10-20T06:30:00Z,DAY_SHIFT,141,85,59,98,36.1,8.2,2,7,248,False,False,False,False,FIT,PARAMEDIC_ASSISTED,user-paramedic-01
dcu-W-00199-20261021,worker-uuid-00199,W-00199,2026-10-21T06:30:00Z,DAY_SHIFT,128,84,62,96,36.5,6.7,2,6,271,False,False,False,False,FIT,SELF_SERVICE_KIOSK,
dcu-W-00199-20261022,worker-uuid-00199,W-00199,2026-10-22T18:30:00Z,NIGHT_SHIFT,136,88,68,100,36.2,5.0,2,6,328,False,False,False,False,FIT,PARAMEDIC_ASSISTED,user-paramedic-01
dcu-W-00199-20261023,worker-uuid-00199,W-00199,2026-10-23T18:30:00Z,NIGHT_SHIFT,140,89,64,99,36.2,4.4,4,13,233,False,False,False,False,RESTRICTED,SELF_SERVICE_KIOSK,
dcu-W-00199-20261024,worker-uuid-00199,W-00199,2026-10-24T18:30:00Z,NIGHT_SHIFT,143,81,70,98,37.1,5.0,2,9,321,False,False,False,False,FIT,PARAMEDIC_ASSISTED,user-paramedic-01
dcu-W-00199-20261026,worker-uuid-00199,W-00199,2026-10-26T18:30:00Z,NIGHT_SHIFT,148,88,66,96,36.5,5.7,4,8,284,False,False,False,False,FIT,SELF_SERVICE_KIOSK,
dcu-W-00199-20261027,worker-uuid-00199,W-00199,2026-10-27T18:30:00Z,NIGHT_SHIFT,141,88,76,98,36.8,5.9,3,20,342,False,False,False,False,FIT,SELF_SERVICE_KIOSK,
dcu-W-00199-20261028,worker-uuid-00199,W-00199,2026-10-28T18:30:00Z,NIGHT_SHIFT,145,92,71,97,36.7,3.6,2,15,345,False,False,True,False,RESTRICTED,SELF_SERVICE_KIOSK,
dcu-W-00199-20261029,worker-uuid-00199,W-00199,2026-10-29T18:30:00Z,NIGHT_SHIFT,147,91,68,99,36.5,5.7,1,13,316,False,False,False,False,FIT,PARAMEDIC_ASSISTED,user-paramedic-01
dcu-W-00199-20261031,worker-uuid-00199,W-00199,2026-10-31T18:30:00Z,NIGHT_SHIFT,142,89,62,98,36.3,3.9,2,13,335,False,False,False,False,RESTRICTED,SELF_SERVICE_KIOSK,
dcu-W-00199-20261101,worker-uuid-00199,W-00199,2026-11-01T18:30:00Z,NIGHT_SHIFT,148,87,68,99,37.1,4.6,4,10,290,False,False,False,False,FIT,PARAMEDIC_ASSISTED,user-paramedic-01
dcu-W-00199-20261102,worker-uuid-00199,W-00199,2026-11-02T18:30:00Z,NIGHT_SHIFT,135,90,67,96,36.5,5.6,2,13,290,False,False,False,False,FIT,SELF_SERVICE_KIOSK,
dcu-W-00199-20261103,worker-uuid-00199,W-00199,2026-11-03T18:30:00Z,NIGHT_SHIFT,137,86,66,98,36.8,7.5,1,20,336,False,False,False,False,FIT,SELF_SERVICE_KIOSK,
dcu-W-00199-20261104,worker-uuid-00199,W-00199,2026-11-04T18:30:00Z,NIGHT_SHIFT,133,87,68,96,36.5,3.4,4,8,336,False,False,True,False,RESTRICTED,PARAMEDIC_ASSISTED,user-paramedic-01
dcu-W-00199-20261105,worker-uuid-00199,W-00199,2026-11-05T06:30:00Z,DAY_SHIFT,132,79,62,97,36.8,7.4,1,14,253,False,False,False,False,FIT,SELF_SERVICE_KIOSK,
dcu-W-00199-20261106,worker-uuid-00199,W-00199,2026-11-06T06:30:00Z,DAY_SHIFT,134,78,58,99,36.3,6.5,0,12,266,False,False,False,False,FIT,SELF_SERVICE_KIOSK,
dcu-W-00199-20261107,worker-uuid-00199,W-00199,2026-11-07T06:30:00Z,DAY_SHIFT,139,89,55,99,36.5,6.5,2,7,261,False,False,False,False,FIT,SELF_SERVICE_KIOSK,
dcu-W-00199-20261108,worker-uuid-00199,W-00199,2026-11-08T06:30:00Z,DAY_SHIFT,130,80,58,97,36.9,6.7,1,13,275,False,False,False,False,FIT,PARAMEDIC_ASSISTED,user-paramedic-01
dcu-W-00199-20261110,worker-uuid-00199,W-00199,2026-11-10T06:30:00Z,DAY_SHIFT,127,82,51,98,36.3,6.3,2,16,195,False,False,False,False,FIT,SELF_SERVICE_KIOSK,
dcu-W-00199-20261113,worker-uuid-00199,W-00199,2026-11-13T06:30:00Z,DAY_SHIFT,125,78,59,98,36.5,6.6,0,14,238,False,False,False,False,FIT,PARAMEDIC_ASSISTED,user-paramedic-01
dcu-W-00199-20261114,worker-uuid-00199,W-00199,2026-11-14T06:30:00Z,DAY_SHIFT,136,84,52,96,36.1,5.8,1,13,287,False,False,False,False,FIT,PARAMEDIC_ASSISTED,user-paramedic-01
dcu-W-00199-20261115,worker-uuid-00199,W-00199,2026-11-15T06:30:00Z,DAY_SHIFT,138,86,45,98,36.6,8.4,1,11,248,False,False,False,False,FIT,PARAMEDIC_ASSISTED,user-paramedic-01
dcu-W-00199-20261116,worker-uuid-00199,W-00199,2026-11-16T06:30:00Z,DAY_SHIFT,129,82,54,98,36.4,6.5,2,14,249,False,False,False,False,FIT,SELF_SERVICE_KIOSK,
dcu-W-00199-20261117,worker-uuid-00199,W-00199,2026-11-17T06:30:00Z,DAY_SHIFT,135,86,61,98,36.3,7.5,0,12,253,False,False,False,False,FIT,SELF_SERVICE_KIOSK,
dcu-W-00199-20261118,worker-uuid-00199,W-00199,2026-11-18T06:30:00Z,DAY_SHIFT,127,84,55,99,36.4,6.9,0,13,273,False,False,False,False,FIT,SELF_SERVICE_KIOSK,
dcu-W-00199-20261119,worker-uuid-00199,W-00199,2026-11-19T18:30:00Z,NIGHT_SHIFT,141,87,69,96,36.9,6.0,1,15,318,False,False,False,False,FIT,PARAMEDIC_ASSISTED,user-paramedic-01
dcu-W-00199-20261120,worker-uuid-00199,W-00199,2026-11-20T18:30:00Z,NIGHT_SHIFT,142,88,57,98,36.0,4.0,3,12,319,False,False,True,False,RESTRICTED,SELF_SERVICE_KIOSK,
dcu-W-00199-20261121,worker-uuid-00199,W-00199,2026-11-21T18:30:00Z,NIGHT_SHIFT,140,94,61,97,36.6,5.2,3,11,360,False,False,False,False,FIT,SELF_SERVICE_KIOSK,
dcu-W-00199-20261122,worker-uuid-00199,W-00199,2026-11-22T18:30:00Z,NIGHT_SHIFT,139,91,68,97,36.1,4.7,1,12,319,False,False,False,False,FIT,PARAMEDIC_ASSISTED,user-paramedic-01
dcu-W-00199-20261123,worker-uuid-00199,W-00199,2026-11-23T18:30:00Z,NIGHT_SHIFT,143,86,70,99,36.4,6.5,3,9,349,False,False,False,False,FIT,SELF_SERVICE_KIOSK,
dcu-W-00199-20261124,worker-uuid-00199,W-00199,2026-11-24T18:30:00Z,NIGHT_SHIFT,143,92,62,97,36.5,3.8,4,18,302,False,False,False,False,RESTRICTED,SELF_SERVICE_KIOSK,
dcu-W-00199-20261126,worker-uuid-00199,W-00199,2026-11-26T18:30:00Z,NIGHT_SHIFT,137,85,61,98,36.7,4.3,2,18,252,False,False,False,False,RESTRICTED,SELF_SERVICE_KIOSK,
dcu-W-00199-20261127,worker-uuid-00199,W-00199,2026-11-27T18:30:00Z,NIGHT_SHIFT,144,96,56,96,36.2,4.4,1,14,313,False,False,False,False,RESTRICTED,PARAMEDIC_ASSISTED,user-paramedic-01
dcu-W-00199-20261128,worker-uuid-00199,W-00199,2026-11-28T18:30:00Z,NIGHT_SHIFT,133,83,64,98,36.4,5.7,3,8,300,False,False,False,False,FIT,SELF_SERVICE_KIOSK,
dcu-W-00199-20261129,worker-uuid-00199,W-00199,2026-11-29T18:30:00Z,NIGHT_SHIFT,145,90,64,97,36.4,3.9,2,14,310,False,False,False,False,RESTRICTED,PARAMEDIC_ASSISTED,user-paramedic-01
dcu-W-00199-20261130,worker-uuid-00199,W-00199,2026-11-30T18:30:00Z,NIGHT_SHIFT,137,72,70,98,36.5,5.1,3,15,351,False,False,False,False,FIT,SELF_SERVICE_KIOSK,
dcu-W-00199-20261201,worker-uuid-00199,W-00199,2026-12-01T18:30:00Z,NIGHT_SHIFT,137,90,60,97,36.7,5.8,4,13,293,False,False,False,False,FIT,PARAMEDIC_ASSISTED,user-paramedic-01
dcu-W-00199-20261202,worker-uuid-00199,W-00199,2026-12-02T18:30:00Z,NIGHT_SHIFT,135,84,57,98,36.8,8.5,4,20,343,False,False,False,False,FIT,SELF_SERVICE_KIOSK,
dcu-W-00199-20261203,worker-uuid-00199,W-00199,2026-12-03T06:30:00Z,DAY_SHIFT,126,75,58,96,36.6,6.1,2,12,240,False,False,False,False,FIT,SELF_SERVICE_KIOSK,
dcu-W-00199-20261204,worker-uuid-00199,W-00199,2026-12-04T06:30:00Z,DAY_SHIFT,133,85,54,100,36.3,7.7,2,7,228,False,False,False,False,FIT,SELF_SERVICE_KIOSK,
dcu-W-00199-20261206,worker-uuid-00199,W-00199,2026-12-06T06:30:00Z,DAY_SHIFT,127,79,52,97,36.0,6.6,0,17,221,False,False,False,False,FIT,SELF_SERVICE_KIOSK,
dcu-W-00199-20261207,worker-uuid-00199,W-00199,2026-12-07T06:30:00Z,DAY_SHIFT,125,74,48,98,36.4,5.6,2,12,234,False,False,False,False,FIT,SELF_SERVICE_KIOSK,
dcu-W-00199-20261209,worker-uuid-00199,W-00199,2026-12-09T06:30:00Z,DAY_SHIFT,143,93,50,98,36.4,6.4,0,11,228,False,False,False,False,FIT,SELF_SERVICE_KIOSK,
dcu-W-00199-20261212,worker-uuid-00199,W-00199,2026-12-12T06:30:00Z,DAY_SHIFT,136,92,49,99,36.2,6.0,2,19,266,False,False,False,False,FIT,PARAMEDIC_ASSISTED,user-paramedic-01
dcu-W-00199-20261213,worker-uuid-00199,W-00199,2026-12-13T06:30:00Z,DAY_SHIFT,131,79,52,96,36.3,6.0,2,7,248,False,False,False,False,FIT,SELF_SERVICE_KIOSK,
dcu-W-00199-20261214,worker-uuid-00199,W-00199,2026-12-14T06:30:00Z,DAY_SHIFT,135,88,58,98,36.2,6.5,0,20,235,False,False,False,False,FIT,SELF_SERVICE_KIOSK,
dcu-W-00199-20261216,worker-uuid-00199,W-00199,2026-12-16T06:30:00Z,DAY_SHIFT,134,84,63,98,36.6,8.0,1,12,237,False,False,False,False,FIT,PARAMEDIC_ASSISTED,user-paramedic-01
dcu-W-00199-20261217,worker-uuid-00199,W-00199,2026-12-17T18:30:00Z,NIGHT_SHIFT,143,89,70,97,36.1,3.6,4,9,260,False,False,True,False,RESTRICTED,SELF_SERVICE_KIOSK,
dcu-W-00199-20261218,worker-uuid-00199,W-00199,2026-12-18T18:30:00Z,NIGHT_SHIFT,136,92,59,98,36.4,6.3,3,12,311,False,False,False,False,FIT,SELF_SERVICE_KIOSK,
dcu-W-00199-20261219,worker-uuid-00199,W-00199,2026-12-19T18:30:00Z,NIGHT_SHIFT,131,75,72,98,36.4,4.4,2,9,304,False,False,True,False,RESTRICTED,SELF_SERVICE_KIOSK,
dcu-W-00199-20261220,worker-uuid-00199,W-00199,2026-12-20T18:30:00Z,NIGHT_SHIFT,135,87,65,99,36.5,6.0,3,14,305,False,False,False,False,FIT,PARAMEDIC_ASSISTED,user-paramedic-01
dcu-W-00199-20261221,worker-uuid-00199,W-00199,2026-12-21T18:30:00Z,NIGHT_SHIFT,137,91,57,99,36.8,4.7,1,6,276,False,False,False,False,FIT,SELF_SERVICE_KIOSK,
dcu-W-00199-20261222,worker-uuid-00199,W-00199,2026-12-22T18:30:00Z,NIGHT_SHIFT,139,86,76,98,36.7,4.7,3,19,313,False,False,False,False,FIT,SELF_SERVICE_KIOSK,
dcu-W-00199-20261225,worker-uuid-00199,W-00199,2026-12-25T18:30:00Z,NIGHT_SHIFT,125,86,57,97,36.0,5.3,4,7,324,False,False,False,False,FIT,SELF_SERVICE_KIOSK,
dcu-W-00199-20261226,worker-uuid-00199,W-00199,2026-12-26T18:30:00Z,NIGHT_SHIFT,142,97,60,98,36.8,6.4,1,11,292,False,False,False,False,RESTRICTED,SELF_SERVICE_KIOSK,
dcu-W-00199-20261227,worker-uuid-00199,W-00199,2026-12-27T18:30:00Z,NIGHT_SHIFT,146,85,68,99,36.1,4.6,3,11,270,False,False,False,False,FIT,SELF_SERVICE_KIOSK,
dcu-W-00199-20261228,worker-uuid-00199,W-00199,2026-12-28T18:30:00Z,NIGHT_SHIFT,145,92,72,99,36.9,5.7,2,12,333,False,False,False,False,FIT,SELF_SERVICE_KIOSK,
dcu-W-00199-20261230,worker-uuid-00199,W-00199,2026-12-30T18:30:00Z,NIGHT_SHIFT,134,87,59,98,35.9,3.8,3,20,339,False,False,False,False,RESTRICTED,SELF_SERVICE_KIOSK,
dcu-W-00199-20261231,worker-uuid-00199,W-00199,2026-12-31T06:30:00Z,DAY_SHIFT,126,83,50,99,37.1,8.7,2,16,237,False,False,False,False,FIT,SELF_SERVICE_KIOSK,
dcu-W-00200-20260103,worker-uuid-00200,W-00200,2026-01-03T06:30:00Z,DAY_SHIFT,135,87,60,98,36.5,6.6,1,0,238,False,False,False,False,FIT,PARAMEDIC_ASSISTED,user-paramedic-01
dcu-W-00200-20260104,worker-uuid-00200,W-00200,2026-01-04T06:30:00Z,DAY_SHIFT,129,78,71,99,36.1,6.2,1,0,197,False,False,False,False,FIT,SELF_SERVICE_KIOSK,
dcu-W-00200-20260105,worker-uuid-00200,W-00200,2026-01-05T06:30:00Z,DAY_SHIFT,127,77,65,96,36.4,7.4,1,0,200,False,False,False,False,FIT,SELF_SERVICE_KIOSK,
dcu-W-00200-20260106,worker-uuid-00200,W-00200,2026-01-06T06:30:00Z,DAY_SHIFT,132,81,70,98,37.0,8.0,1,0,245,False,False,False,False,FIT,SELF_SERVICE_KIOSK,
dcu-W-00200-20260107,worker-uuid-00200,W-00200,2026-01-07T06:30:00Z,DAY_SHIFT,126,81,72,98,36.5,6.9,1,0,284,False,False,False,False,FIT,SELF_SERVICE_KIOSK,
dcu-W-00200-20260108,worker-uuid-00200,W-00200,2026-01-08T06:30:00Z,DAY_SHIFT,131,81,70,99,36.9,6.3,0,0,219,False,False,False,False,FIT,PARAMEDIC_ASSISTED,user-paramedic-01
dcu-W-00200-20260109,worker-uuid-00200,W-00200,2026-01-09T06:30:00Z,DAY_SHIFT,129,79,64,99,36.2,6.8,2,0,235,False,False,False,False,FIT,SELF_SERVICE_KIOSK,
dcu-W-00200-20260110,worker-uuid-00200,W-00200,2026-01-10T06:30:00Z,DAY_SHIFT,134,84,77,98,36.5,7.0,1,0,210,False,False,False,False,FIT,SELF_SERVICE_KIOSK,
dcu-W-00200-20260111,worker-uuid-00200,W-00200,2026-01-11T06:30:00Z,DAY_SHIFT,127,81,65,97,37.1,7.3,2,0,257,False,False,False,False,FIT,SELF_SERVICE_KIOSK,
dcu-W-00200-20260112,worker-uuid-00200,W-00200,2026-01-12T06:30:00Z,DAY_SHIFT,123,82,67,97,36.3,8.2,0,0,225,False,False,False,False,FIT,SELF_SERVICE_KIOSK,
dcu-W-00200-20260113,worker-uuid-00200,W-00200,2026-01-13T06:30:00Z,DAY_SHIFT,134,81,68,97,36.2,6.6,1,0,197,False,False,False,False,FIT,PARAMEDIC_ASSISTED,user-paramedic-01
dcu-W-00200-20260114,worker-uuid-00200,W-00200,2026-01-14T06:30:00Z,DAY_SHIFT,129,89,70,97,36.2,9.3,2,0,254,False,False,False,False,FIT,SELF_SERVICE_KIOSK,
dcu-W-00200-20260117,worker-uuid-00200,W-00200,2026-01-17T06:30:00Z,DAY_SHIFT,137,81,68,98,36.2,8.4,2,0,306,False,False,False,False,FIT,SELF_SERVICE_KIOSK,
dcu-W-00200-20260118,worker-uuid-00200,W-00200,2026-01-18T06:30:00Z,DAY_SHIFT,135,80,72,99,36.8,6.7,0,0,253,False,False,False,False,FIT,PARAMEDIC_ASSISTED,user-paramedic-01
dcu-W-00200-20260119,worker-uuid-00200,W-00200,2026-01-19T06:30:00Z,DAY_SHIFT,137,88,67,97,36.5,8.0,0,0,244,False,False,False,False,FIT,PARAMEDIC_ASSISTED,user-paramedic-01
dcu-W-00200-20260120,worker-uuid-00200,W-00200,2026-01-20T06:30:00Z,DAY_SHIFT,132,84,67,98,36.3,6.9,0,0,242,False,False,False,False,FIT,PARAMEDIC_ASSISTED,user-paramedic-01
dcu-W-00200-20260121,worker-uuid-00200,W-00200,2026-01-21T06:30:00Z,DAY_SHIFT,139,86,75,98,36.2,7.4,1,0,252,False,False,False,False,FIT,SELF_SERVICE_KIOSK,
dcu-W-00200-20260122,worker-uuid-00200,W-00200,2026-01-22T06:30:00Z,DAY_SHIFT,129,77,65,97,36.7,8.8,1,0,225,False,False,False,False,FIT,SELF_SERVICE_KIOSK,
dcu-W-00200-20260123,worker-uuid-00200,W-00200,2026-01-23T06:30:00Z,DAY_SHIFT,132,81,75,97,36.9,7.6,0,0,221,False,False,False,False,FIT,SELF_SERVICE_KIOSK,
dcu-W-00200-20260124,worker-uuid-00200,W-00200,2026-01-24T06:30:00Z,DAY_SHIFT,137,89,62,100,36.0,6.6,0,0,227,False,False,False,False,FIT,PARAMEDIC_ASSISTED,user-paramedic-01
dcu-W-00200-20260125,worker-uuid-00200,W-00200,2026-01-25T06:30:00Z,DAY_SHIFT,125,70,77,97,37.0,8.2,2,0,215,False,False,False,False,FIT,SELF_SERVICE_KIOSK,
dcu-W-00200-20260126,worker-uuid-00200,W-00200,2026-01-26T06:30:00Z,DAY_SHIFT,130,79,72,98,36.5,8.2,1,0,205,False,False,False,False,FIT,SELF_SERVICE_KIOSK,
dcu-W-00200-20260128,worker-uuid-00200,W-00200,2026-01-28T06:30:00Z,DAY_SHIFT,137,80,73,97,36.6,7.9,2,0,290,False,False,False,False,FIT,SELF_SERVICE_KIOSK,
dcu-W-00200-20260129,worker-uuid-00200,W-00200,2026-01-29T06:30:00Z,DAY_SHIFT,131,90,75,98,36.8,7.0,0,0,253,False,False,False,False,FIT,PARAMEDIC_ASSISTED,user-paramedic-01
dcu-W-00200-20260130,worker-uuid-00200,W-00200,2026-01-30T06:30:00Z,DAY_SHIFT,137,81,73,98,36.6,6.7,1,0,233,False,False,False,False,FIT,SELF_SERVICE_KIOSK,
dcu-W-00200-20260201,worker-uuid-00200,W-00200,2026-02-01T06:30:00Z,DAY_SHIFT,130,83,66,100,36.4,6.1,0,0,269,False,False,False,False,FIT,SELF_SERVICE_KIOSK,
dcu-W-00200-20260202,worker-uuid-00200,W-00200,2026-02-02T06:30:00Z,DAY_SHIFT,127,82,66,98,36.7,7.0,1,0,213,False,False,False,False,FIT,SELF_SERVICE_KIOSK,
dcu-W-00200-20260203,worker-uuid-00200,W-00200,2026-02-03T06:30:00Z,DAY_SHIFT,137,87,69,96,36.3,6.9,2,0,235,False,False,False,False,FIT,SELF_SERVICE_KIOSK,
dcu-W-00200-20260204,worker-uuid-00200,W-00200,2026-02-04T06:30:00Z,DAY_SHIFT,125,84,70,97,36.2,5.4,1,0,214,False,False,False,False,FIT,SELF_SERVICE_KIOSK,
dcu-W-00200-20260206,worker-uuid-00200,W-00200,2026-02-06T06:30:00Z,DAY_SHIFT,138,92,66,99,36.1,6.4,0,0,255,False,False,False,False,FIT,PARAMEDIC_ASSISTED,user-paramedic-01
dcu-W-00200-20260207,worker-uuid-00200,W-00200,2026-02-07T06:30:00Z,DAY_SHIFT,135,84,77,97,36.3,5.8,1,0,240,False,False,False,False,FIT,SELF_SERVICE_KIOSK,
dcu-W-00200-20260208,worker-uuid-00200,W-00200,2026-02-08T06:30:00Z,DAY_SHIFT,133,88,80,99,36.6,7.4,0,0,219,False,False,False,False,FIT,SELF_SERVICE_KIOSK,
dcu-W-00200-20260210,worker-uuid-00200,W-00200,2026-02-10T06:30:00Z,DAY_SHIFT,133,83,68,98,36.2,6.5,0,0,236,False,False,False,False,FIT,SELF_SERVICE_KIOSK,
dcu-W-00200-20260211,worker-uuid-00200,W-00200,2026-02-11T06:30:00Z,DAY_SHIFT,135,79,68,97,36.4,7.0,1,0,208,False,False,False,False,FIT,SELF_SERVICE_KIOSK,
dcu-W-00200-20260212,worker-uuid-00200,W-00200,2026-02-12T06:30:00Z,DAY_SHIFT,142,86,71,100,36.0,6.4,1,0,287,False,False,False,False,FIT,PARAMEDIC_ASSISTED,user-paramedic-01
dcu-W-00200-20260213,worker-uuid-00200,W-00200,2026-02-13T06:30:00Z,DAY_SHIFT,131,84,72,97,36.3,7.1,1,0,212,False,False,False,False,FIT,SELF_SERVICE_KIOSK,
dcu-W-00200-20260214,worker-uuid-00200,W-00200,2026-02-14T06:30:00Z,DAY_SHIFT,140,84,66,99,36.5,7.8,2,0,286,False,False,False,False,FIT,SELF_SERVICE_KIOSK,
dcu-W-00200-20260216,worker-uuid-00200,W-00200,2026-02-16T06:30:00Z,DAY_SHIFT,122,79,63,98,36.4,6.0,2,0,221,False,False,False,False,FIT,SELF_SERVICE_KIOSK,
dcu-W-00200-20260217,worker-uuid-00200,W-00200,2026-02-17T06:30:00Z,DAY_SHIFT,145,95,72,100,36.7,6.8,0,0,203,False,False,False,False,RESTRICTED,SELF_SERVICE_KIOSK,
dcu-W-00200-20260218,worker-uuid-00200,W-00200,2026-02-18T06:30:00Z,DAY_SHIFT,127,79,63,97,37.1,6.5,0,0,203,False,False,False,False,FIT,SELF_SERVICE_KIOSK,
dcu-W-00200-20260219,worker-uuid-00200,W-00200,2026-02-19T06:30:00Z,DAY_SHIFT,130,80,63,98,36.6,6.7,2,0,217,False,False,False,False,FIT,PARAMEDIC_ASSISTED,user-paramedic-01
dcu-W-00200-20260220,worker-uuid-00200,W-00200,2026-02-20T06:30:00Z,DAY_SHIFT,132,81,68,97,36.4,6.4,1,0,229,False,False,False,False,FIT,PARAMEDIC_ASSISTED,user-paramedic-01
dcu-W-00200-20260221,worker-uuid-00200,W-00200,2026-02-21T06:30:00Z,DAY_SHIFT,131,84,69,98,36.2,7.2,2,0,232,False,False,False,False,FIT,PARAMEDIC_ASSISTED,user-paramedic-01
dcu-W-00200-20260222,worker-uuid-00200,W-00200,2026-02-22T06:30:00Z,DAY_SHIFT,128,72,76,97,36.1,7.3,1,0,279,False,False,False,False,FIT,SELF_SERVICE_KIOSK,
dcu-W-00200-20260223,worker-uuid-00200,W-00200,2026-02-23T06:30:00Z,DAY_SHIFT,123,77,73,98,36.4,6.5,1,0,281,False,False,False,False,FIT,SELF_SERVICE_KIOSK,
dcu-W-00200-20260224,worker-uuid-00200,W-00200,2026-02-24T06:30:00Z,DAY_SHIFT,123,67,71,97,36.7,7.0,2,0,250,False,False,False,False,FIT,PARAMEDIC_ASSISTED,user-paramedic-01
dcu-W-00200-20260225,worker-uuid-00200,W-00200,2026-02-25T06:30:00Z,DAY_SHIFT,122,75,64,98,36.4,6.6,0,0,256,False,False,False,False,FIT,PARAMEDIC_ASSISTED,user-paramedic-01
dcu-W-00200-20260228,worker-uuid-00200,W-00200,2026-02-28T06:30:00Z,DAY_SHIFT,132,84,67,98,36.4,7.2,0,0,236,False,False,False,False,FIT,SELF_SERVICE_KIOSK,
dcu-W-00200-20260301,worker-uuid-00200,W-00200,2026-03-01T06:30:00Z,DAY_SHIFT,134,83,64,98,36.2,7.4,2,0,213,False,False,False,False,FIT,SELF_SERVICE_KIOSK,
dcu-W-00200-20260302,worker-uuid-00200,W-00200,2026-03-02T06:30:00Z,DAY_SHIFT,143,91,70,98,36.9,5.8,0,0,240,False,False,False,False,FIT,SELF_SERVICE_KIOSK,
dcu-W-00200-20260303,worker-uuid-00200,W-00200,2026-03-03T06:30:00Z,DAY_SHIFT,129,80,71,97,36.4,6.8,1,0,240,False,False,False,False,FIT,SELF_SERVICE_KIOSK,
dcu-W-00200-20260304,worker-uuid-00200,W-00200,2026-03-04T06:30:00Z,DAY_SHIFT,125,86,72,98,36.3,6.6,2,0,236,False,False,False,False,FIT,SELF_SERVICE_KIOSK,
dcu-W-00200-20260305,worker-uuid-00200,W-00200,2026-03-05T06:30:00Z,DAY_SHIFT,141,90,73,96,37.0,8.4,0,0,202,False,False,False,False,FIT,PARAMEDIC_ASSISTED,user-paramedic-01
dcu-W-00200-20260306,worker-uuid-00200,W-00200,2026-03-06T06:30:00Z,DAY_SHIFT,138,85,65,97,36.1,6.9,0,0,190,False,False,False,False,FIT,SELF_SERVICE_KIOSK,
dcu-W-00200-20260307,worker-uuid-00200,W-00200,2026-03-07T06:30:00Z,DAY_SHIFT,124,80,73,96,36.8,7.5,0,0,274,False,False,False,False,FIT,PARAMEDIC_ASSISTED,user-paramedic-01
dcu-W-00200-20260308,worker-uuid-00200,W-00200,2026-03-08T06:30:00Z,DAY_SHIFT,129,86,70,97,36.5,7.4,1,0,222,False,False,False,False,FIT,SELF_SERVICE_KIOSK,
dcu-W-00200-20260309,worker-uuid-00200,W-00200,2026-03-09T06:30:00Z,DAY_SHIFT,118,68,72,98,36.5,6.9,0,0,230,False,False,False,False,FIT,SELF_SERVICE_KIOSK,
dcu-W-00200-20260310,worker-uuid-00200,W-00200,2026-03-10T06:30:00Z,DAY_SHIFT,118,77,67,98,36.6,7.1,1,0,254,False,False,False,False,FIT,SELF_SERVICE_KIOSK,
dcu-W-00200-20260311,worker-uuid-00200,W-00200,2026-03-11T06:30:00Z,DAY_SHIFT,132,80,71,96,37.2,8.7,0,0,228,False,False,False,False,FIT,SELF_SERVICE_KIOSK,
dcu-W-00200-20260312,worker-uuid-00200,W-00200,2026-03-12T06:30:00Z,DAY_SHIFT,123,76,73,98,36.1,5.8,1,0,218,False,False,False,False,FIT,PARAMEDIC_ASSISTED,user-paramedic-01
dcu-W-00200-20260313,worker-uuid-00200,W-00200,2026-03-13T06:30:00Z,DAY_SHIFT,142,96,73,96,36.3,7.8,1,0,243,False,False,True,False,RESTRICTED,SELF_SERVICE_KIOSK,
dcu-W-00200-20260314,worker-uuid-00200,W-00200,2026-03-14T06:30:00Z,DAY_SHIFT,126,82,71,99,36.3,7.4,0,0,263,False,False,False,False,FIT,PARAMEDIC_ASSISTED,user-paramedic-01
dcu-W-00200-20260315,worker-uuid-00200,W-00200,2026-03-15T06:30:00Z,DAY_SHIFT,134,82,69,98,36.8,7.9,1,0,229,False,False,False,False,FIT,SELF_SERVICE_KIOSK,
dcu-W-00200-20260317,worker-uuid-00200,W-00200,2026-03-17T06:30:00Z,DAY_SHIFT,122,76,69,97,36.4,7.2,1,0,242,False,False,False,False,FIT,PARAMEDIC_ASSISTED,user-paramedic-01
dcu-W-00200-20260318,worker-uuid-00200,W-00200,2026-03-18T06:30:00Z,DAY_SHIFT,133,82,69,97,36.3,7.9,0,0,214,False,False,False,False,FIT,SELF_SERVICE_KIOSK,
dcu-W-00200-20260319,worker-uuid-00200,W-00200,2026-03-19T06:30:00Z,DAY_SHIFT,130,82,70,98,36.6,6.7,1,0,233,False,False,False,False,FIT,SELF_SERVICE_KIOSK,
dcu-W-00200-20260320,worker-uuid-00200,W-00200,2026-03-20T06:30:00Z,DAY_SHIFT,143,92,72,98,36.4,7.4,2,0,245,False,False,False,False,FIT,PARAMEDIC_ASSISTED,user-paramedic-01
dcu-W-00200-20260321,worker-uuid-00200,W-00200,2026-03-21T06:30:00Z,DAY_SHIFT,143,93,76,97,36.8,7.1,0,0,244,False,False,False,False,FIT,SELF_SERVICE_KIOSK,
dcu-W-00200-20260322,worker-uuid-00200,W-00200,2026-03-22T06:30:00Z,DAY_SHIFT,128,78,66,97,36.7,7.8,1,0,258,False,False,False,False,FIT,SELF_SERVICE_KIOSK,
dcu-W-00200-20260323,worker-uuid-00200,W-00200,2026-03-23T06:30:00Z,DAY_SHIFT,133,86,70,99,36.6,7.2,2,0,234,False,False,False,False,FIT,SELF_SERVICE_KIOSK,
dcu-W-00200-20260324,worker-uuid-00200,W-00200,2026-03-24T06:30:00Z,DAY_SHIFT,133,86,70,98,36.0,8.4,2,0,268,False,False,False,False,FIT,SELF_SERVICE_KIOSK,
dcu-W-00200-20260325,worker-uuid-00200,W-00200,2026-03-25T06:30:00Z,DAY_SHIFT,134,76,64,97,36.5,7.3,1,0,221,False,False,False,False,FIT,SELF_SERVICE_KIOSK,
dcu-W-00200-20260326,worker-uuid-00200,W-00200,2026-03-26T06:30:00Z,DAY_SHIFT,124,77,73,98,36.5,6.2,2,0,266,False,False,False,False,FIT,SELF_SERVICE_KIOSK,
dcu-W-00200-20260327,worker-uuid-00200,W-00200,2026-03-27T06:30:00Z,DAY_SHIFT,138,87,72,97,36.6,7.3,1,0,232,False,False,False,False,FIT,SELF_SERVICE_KIOSK,
dcu-W-00200-20260329,worker-uuid-00200,W-00200,2026-03-29T06:30:00Z,DAY_SHIFT,139,94,70,99,36.3,7.7,0,0,201,False,False,False,False,FIT,PARAMEDIC_ASSISTED,user-paramedic-01
dcu-W-00200-20260330,worker-uuid-00200,W-00200,2026-03-30T06:30:00Z,DAY_SHIFT,127,72,80,96,36.4,8.2,1,0,270,False,False,False,False,FIT,SELF_SERVICE_KIOSK,
dcu-W-00200-20260331,worker-uuid-00200,W-00200,2026-03-31T06:30:00Z,DAY_SHIFT,130,82,61,99,36.3,6.3,2,0,279,False,False,False,False,FIT,SELF_SERVICE_KIOSK,
dcu-W-00200-20260401,worker-uuid-00200,W-00200,2026-04-01T06:30:00Z,DAY_SHIFT,130,73,71,99,36.6,7.8,0,0,240,False,False,False,False,FIT,SELF_SERVICE_KIOSK,
dcu-W-00200-20260402,worker-uuid-00200,W-00200,2026-04-02T06:30:00Z,DAY_SHIFT,133,85,75,97,36.3,6.9,2,0,217,False,False,False,False,FIT,SELF_SERVICE_KIOSK,
dcu-W-00200-20260403,worker-uuid-00200,W-00200,2026-04-03T06:30:00Z,DAY_SHIFT,135,81,73,98,36.7,7.7,0,0,238,False,False,False,False,FIT,PARAMEDIC_ASSISTED,user-paramedic-01
dcu-W-00200-20260404,worker-uuid-00200,W-00200,2026-04-04T06:30:00Z,DAY_SHIFT,130,79,66,99,36.6,7.3,1,0,207,False,False,False,False,FIT,PARAMEDIC_ASSISTED,user-paramedic-01
dcu-W-00200-20260405,worker-uuid-00200,W-00200,2026-04-05T06:30:00Z,DAY_SHIFT,141,77,67,97,36.8,7.6,0,0,230,False,False,False,False,FIT,SELF_SERVICE_KIOSK,
dcu-W-00200-20260407,worker-uuid-00200,W-00200,2026-04-07T06:30:00Z,DAY_SHIFT,137,95,72,98,36.0,8.7,0,0,233,False,False,False,False,RESTRICTED,PARAMEDIC_ASSISTED,user-paramedic-01
dcu-W-00200-20260408,worker-uuid-00200,W-00200,2026-04-08T06:30:00Z,DAY_SHIFT,131,82,76,97,35.9,7.1,1,0,224,False,False,False,False,FIT,SELF_SERVICE_KIOSK,
dcu-W-00200-20260409,worker-uuid-00200,W-00200,2026-04-09T06:30:00Z,DAY_SHIFT,134,81,73,99,36.0,7.9,1,0,215,False,False,False,False,FIT,SELF_SERVICE_KIOSK,
dcu-W-00200-20260410,worker-uuid-00200,W-00200,2026-04-10T06:30:00Z,DAY_SHIFT,133,84,66,98,36.7,5.9,0,0,257,False,False,False,False,FIT,SELF_SERVICE_KIOSK,
dcu-W-00200-20260411,worker-uuid-00200,W-00200,2026-04-11T06:30:00Z,DAY_SHIFT,125,80,72,96,36.5,6.2,1,0,260,False,False,False,False,FIT,SELF_SERVICE_KIOSK,
dcu-W-00200-20260412,worker-uuid-00200,W-00200,2026-04-12T06:30:00Z,DAY_SHIFT,122,77,70,98,36.2,6.2,1,0,289,False,False,False,False,FIT,PARAMEDIC_ASSISTED,user-paramedic-01
dcu-W-00200-20260413,worker-uuid-00200,W-00200,2026-04-13T06:30:00Z,DAY_SHIFT,128,80,65,100,36.2,7.3,0,0,199,False,False,False,False,FIT,SELF_SERVICE_KIOSK,
dcu-W-00200-20260415,worker-uuid-00200,W-00200,2026-04-15T06:30:00Z,DAY_SHIFT,134,86,70,97,36.3,9.1,1,0,206,False,False,False,False,FIT,SELF_SERVICE_KIOSK,
dcu-W-00200-20260416,worker-uuid-00200,W-00200,2026-04-16T06:30:00Z,DAY_SHIFT,126,79,65,98,36.1,6.8,0,0,213,False,False,False,False,FIT,SELF_SERVICE_KIOSK,
dcu-W-00200-20260417,worker-uuid-00200,W-00200,2026-04-17T06:30:00Z,DAY_SHIFT,133,84,71,96,36.6,6.5,1,0,246,False,False,False,False,FIT,SELF_SERVICE_KIOSK,
dcu-W-00200-20260419,worker-uuid-00200,W-00200,2026-04-19T06:30:00Z,DAY_SHIFT,133,85,69,99,36.8,6.6,2,0,238,False,False,False,False,FIT,SELF_SERVICE_KIOSK,
dcu-W-00200-20260420,worker-uuid-00200,W-00200,2026-04-20T06:30:00Z,DAY_SHIFT,129,82,69,98,36.3,6.7,2,0,204,False,False,False,False,FIT,PARAMEDIC_ASSISTED,user-paramedic-01
dcu-W-00200-20260421,worker-uuid-00200,W-00200,2026-04-21T06:30:00Z,DAY_SHIFT,142,91,64,98,36.2,6.1,1,0,257,False,False,False,False,FIT,PARAMEDIC_ASSISTED,user-paramedic-01
dcu-W-00200-20260422,worker-uuid-00200,W-00200,2026-04-22T06:30:00Z,DAY_SHIFT,145,94,66,98,36.6,4.9,0,0,250,False,False,False,False,FIT,SELF_SERVICE_KIOSK,
dcu-W-00200-20260423,worker-uuid-00200,W-00200,2026-04-23T06:30:00Z,DAY_SHIFT,133,88,61,100,36.3,8.2,0,0,262,False,False,False,False,FIT,SELF_SERVICE_KIOSK,
dcu-W-00200-20260424,worker-uuid-00200,W-00200,2026-04-24T06:30:00Z,DAY_SHIFT,140,90,67,98,36.8,6.8,1,0,244,False,False,False,False,FIT,SELF_SERVICE_KIOSK,
dcu-W-00200-20260425,worker-uuid-00200,W-00200,2026-04-25T06:30:00Z,DAY_SHIFT,128,72,78,97,37.0,5.6,0,0,226,False,False,False,False,FIT,SELF_SERVICE_KIOSK,
dcu-W-00200-20260426,worker-uuid-00200,W-00200,2026-04-26T06:30:00Z,DAY_SHIFT,137,91,78,97,36.6,7.7,2,0,200,False,False,False,False,FIT,PARAMEDIC_ASSISTED,user-paramedic-01
dcu-W-00200-20260427,worker-uuid-00200,W-00200,2026-04-27T06:30:00Z,DAY_SHIFT,146,81,58,99,36.7,6.4,2,0,228,False,False,False,False,FIT,SELF_SERVICE_KIOSK,
dcu-W-00200-20260428,worker-uuid-00200,W-00200,2026-04-28T06:30:00Z,DAY_SHIFT,143,95,72,97,36.4,9.3,1,0,244,False,False,False,False,RESTRICTED,PARAMEDIC_ASSISTED,user-paramedic-01
dcu-W-00200-20260429,worker-uuid-00200,W-00200,2026-04-29T06:30:00Z,DAY_SHIFT,144,92,67,98,36.4,6.6,0,0,242,False,False,False,False,FIT,SELF_SERVICE_KIOSK,
dcu-W-00200-20260430,worker-uuid-00200,W-00200,2026-04-30T06:30:00Z,DAY_SHIFT,128,81,70,98,36.8,6.4,2,0,268,False,False,False,False,FIT,SELF_SERVICE_KIOSK,
dcu-W-00200-20260502,worker-uuid-00200,W-00200,2026-05-02T06:30:00Z,DAY_SHIFT,136,82,68,97,36.5,8.7,1,0,242,False,False,False,False,FIT,SELF_SERVICE_KIOSK,
dcu-W-00200-20260503,worker-uuid-00200,W-00200,2026-05-03T06:30:00Z,DAY_SHIFT,129,79,62,98,36.0,7.2,0,0,241,False,False,False,False,FIT,SELF_SERVICE_KIOSK,
dcu-W-00200-20260506,worker-uuid-00200,W-00200,2026-05-06T06:30:00Z,DAY_SHIFT,143,84,74,99,36.7,8.8,1,0,191,False,False,False,False,FIT,SELF_SERVICE_KIOSK,
dcu-W-00200-20260507,worker-uuid-00200,W-00200,2026-05-07T06:30:00Z,DAY_SHIFT,122,74,70,96,36.3,6.4,0,0,270,False,False,False,False,FIT,SELF_SERVICE_KIOSK,
dcu-W-00200-20260508,worker-uuid-00200,W-00200,2026-05-08T06:30:00Z,DAY_SHIFT,129,86,77,97,36.1,7.9,0,0,224,False,False,False,False,FIT,SELF_SERVICE_KIOSK,
dcu-W-00200-20260510,worker-uuid-00200,W-00200,2026-05-10T06:30:00Z,DAY_SHIFT,131,79,67,98,36.1,6.1,1,0,210,False,False,False,False,FIT,SELF_SERVICE_KIOSK,
dcu-W-00200-20260511,worker-uuid-00200,W-00200,2026-05-11T06:30:00Z,DAY_SHIFT,131,81,68,98,36.0,6.7,2,0,242,False,False,False,False,FIT,SELF_SERVICE_KIOSK,
dcu-W-00200-20260512,worker-uuid-00200,W-00200,2026-05-12T06:30:00Z,DAY_SHIFT,135,85,69,97,36.5,6.2,0,0,197,False,False,False,False,FIT,SELF_SERVICE_KIOSK,
dcu-W-00200-20260513,worker-uuid-00200,W-00200,2026-05-13T06:30:00Z,DAY_SHIFT,133,84,56,98,36.1,6.7,1,0,283,False,False,False,False,FIT,PARAMEDIC_ASSISTED,user-paramedic-01
dcu-W-00200-20260514,worker-uuid-00200,W-00200,2026-05-14T06:30:00Z,DAY_SHIFT,128,81,66,98,36.4,6.5,0,0,252,False,False,False,False,FIT,SELF_SERVICE_KIOSK,
dcu-W-00200-20260517,worker-uuid-00200,W-00200,2026-05-17T06:30:00Z,DAY_SHIFT,140,86,70,98,36.5,6.6,1,0,227,False,False,False,False,FIT,PARAMEDIC_ASSISTED,user-paramedic-01
dcu-W-00200-20260518,worker-uuid-00200,W-00200,2026-05-18T06:30:00Z,DAY_SHIFT,137,87,73,97,36.4,5.9,2,0,247,False,False,False,False,FIT,SELF_SERVICE_KIOSK,
dcu-W-00200-20260521,worker-uuid-00200,W-00200,2026-05-21T06:30:00Z,DAY_SHIFT,130,83,76,97,37.1,7.6,0,0,266,False,False,False,False,FIT,SELF_SERVICE_KIOSK,
dcu-W-00200-20260522,worker-uuid-00200,W-00200,2026-05-22T06:30:00Z,DAY_SHIFT,132,81,70,95,36.9,7.6,1,0,227,False,False,False,False,FIT,SELF_SERVICE_KIOSK,
dcu-W-00200-20260523,worker-uuid-00200,W-00200,2026-05-23T06:30:00Z,DAY_SHIFT,134,83,72,98,36.5,7.1,1,0,213,False,False,False,False,FIT,PARAMEDIC_ASSISTED,user-paramedic-01
dcu-W-00200-20260524,worker-uuid-00200,W-00200,2026-05-24T06:30:00Z,DAY_SHIFT,136,90,74,98,37.0,6.0,0,0,224,False,False,False,False,FIT,SELF_SERVICE_KIOSK,
dcu-W-00200-20260527,worker-uuid-00200,W-00200,2026-05-27T06:30:00Z,DAY_SHIFT,144,86,65,97,37.1,8.0,2,0,257,False,False,False,False,FIT,SELF_SERVICE_KIOSK,
dcu-W-00200-20260528,worker-uuid-00200,W-00200,2026-05-28T06:30:00Z,DAY_SHIFT,137,83,63,99,36.2,5.7,2,0,226,False,False,False,False,FIT,SELF_SERVICE_KIOSK,
dcu-W-00200-20260529,worker-uuid-00200,W-00200,2026-05-29T06:30:00Z,DAY_SHIFT,129,75,70,100,36.9,6.1,1,0,214,False,False,False,False,FIT,SELF_SERVICE_KIOSK,
dcu-W-00200-20260531,worker-uuid-00200,W-00200,2026-05-31T06:30:00Z,DAY_SHIFT,137,83,64,99,36.6,6.4,2,0,249,False,False,False,False,FIT,SELF_SERVICE_KIOSK,
dcu-W-00200-20260602,worker-uuid-00200,W-00200,2026-06-02T06:30:00Z,DAY_SHIFT,133,83,75,98,36.6,6.8,1,0,186,False,False,False,False,FIT,PARAMEDIC_ASSISTED,user-paramedic-01
dcu-W-00200-20260604,worker-uuid-00200,W-00200,2026-06-04T06:30:00Z,DAY_SHIFT,126,75,67,99,36.7,6.6,1,0,238,False,False,False,False,FIT,PARAMEDIC_ASSISTED,user-paramedic-01
dcu-W-00200-20260605,worker-uuid-00200,W-00200,2026-06-05T06:30:00Z,DAY_SHIFT,127,85,59,98,36.8,6.9,1,0,259,False,False,False,False,FIT,SELF_SERVICE_KIOSK,
dcu-W-00200-20260606,worker-uuid-00200,W-00200,2026-06-06T06:30:00Z,DAY_SHIFT,123,82,71,99,36.2,7.8,0,0,203,False,False,False,False,FIT,SELF_SERVICE_KIOSK,
dcu-W-00200-20260607,worker-uuid-00200,W-00200,2026-06-07T06:30:00Z,DAY_SHIFT,128,82,78,99,36.3,8.5,1,0,264,False,False,False,False,FIT,SELF_SERVICE_KIOSK,
dcu-W-00200-20260608,worker-uuid-00200,W-00200,2026-06-08T06:30:00Z,DAY_SHIFT,129,75,70,96,36.3,6.9,0,0,227,False,False,False,False,FIT,SELF_SERVICE_KIOSK,
dcu-W-00200-20260609,worker-uuid-00200,W-00200,2026-06-09T06:30:00Z,DAY_SHIFT,132,77,66,97,36.6,7.9,0,0,217,False,False,False,False,FIT,PARAMEDIC_ASSISTED,user-paramedic-01
dcu-W-00200-20260610,worker-uuid-00200,W-00200,2026-06-10T06:30:00Z,DAY_SHIFT,127,81,70,97,36.4,4.2,1,0,237,False,False,False,False,RESTRICTED,PARAMEDIC_ASSISTED,user-paramedic-01
dcu-W-00200-20260611,worker-uuid-00200,W-00200,2026-06-11T06:30:00Z,DAY_SHIFT,138,88,73,98,36.8,5.3,1,0,214,False,False,False,False,FIT,PARAMEDIC_ASSISTED,user-paramedic-01
dcu-W-00200-20260612,worker-uuid-00200,W-00200,2026-06-12T06:30:00Z,DAY_SHIFT,140,82,71,95,37.0,7.2,2,0,254,False,False,False,False,FIT,SELF_SERVICE_KIOSK,
dcu-W-00200-20260613,worker-uuid-00200,W-00200,2026-06-13T06:30:00Z,DAY_SHIFT,134,82,75,97,36.6,6.7,1,0,208,False,False,False,False,FIT,PARAMEDIC_ASSISTED,user-paramedic-01
dcu-W-00200-20260615,worker-uuid-00200,W-00200,2026-06-15T06:30:00Z,DAY_SHIFT,138,95,79,99,36.3,7.0,0,0,265,False,False,True,False,RESTRICTED,PARAMEDIC_ASSISTED,user-paramedic-01
dcu-W-00200-20260616,worker-uuid-00200,W-00200,2026-06-16T06:30:00Z,DAY_SHIFT,125,79,66,96,36.9,7.8,0,0,249,False,False,False,False,FIT,PARAMEDIC_ASSISTED,user-paramedic-01
dcu-W-00200-20260617,worker-uuid-00200,W-00200,2026-06-17T06:30:00Z,DAY_SHIFT,134,79,70,99,36.2,6.5,2,0,224,False,False,False,False,FIT,SELF_SERVICE_KIOSK,
dcu-W-00200-20260618,worker-uuid-00200,W-00200,2026-06-18T06:30:00Z,DAY_SHIFT,134,79,75,98,36.6,6.6,2,0,250,False,False,False,False,FIT,SELF_SERVICE_KIOSK,
dcu-W-00200-20260620,worker-uuid-00200,W-00200,2026-06-20T06:30:00Z,DAY_SHIFT,133,83,66,99,37.1,7.3,1,0,253,False,False,False,False,FIT,SELF_SERVICE_KIOSK,
dcu-W-00200-20260621,worker-uuid-00200,W-00200,2026-06-21T06:30:00Z,DAY_SHIFT,124,83,69,97,36.4,6.8,1,0,235,False,False,False,False,FIT,PARAMEDIC_ASSISTED,user-paramedic-01
dcu-W-00200-20260622,worker-uuid-00200,W-00200,2026-06-22T06:30:00Z,DAY_SHIFT,133,79,70,98,36.1,8.0,0,0,218,False,False,False,False,FIT,SELF_SERVICE_KIOSK,
dcu-W-00200-20260624,worker-uuid-00200,W-00200,2026-06-24T06:30:00Z,DAY_SHIFT,135,91,71,99,36.7,6.4,1,0,210,False,False,False,False,FIT,SELF_SERVICE_KIOSK,
dcu-W-00200-20260625,worker-uuid-00200,W-00200,2026-06-25T06:30:00Z,DAY_SHIFT,139,80,67,95,36.8,7.1,1,0,210,False,False,False,False,FIT,SELF_SERVICE_KIOSK,
dcu-W-00200-20260627,worker-uuid-00200,W-00200,2026-06-27T06:30:00Z,DAY_SHIFT,142,85,74,97,36.5,7.0,2,0,217,False,False,False,False,FIT,SELF_SERVICE_KIOSK,
dcu-W-00200-20260628,worker-uuid-00200,W-00200,2026-06-28T06:30:00Z,DAY_SHIFT,132,83,70,98,36.7,8.2,1,0,229,False,False,False,False,FIT,PARAMEDIC_ASSISTED,user-paramedic-01
dcu-W-00200-20260629,worker-uuid-00200,W-00200,2026-06-29T06:30:00Z,DAY_SHIFT,131,79,71,98,36.7,6.1,0,0,249,False,False,False,False,FIT,SELF_SERVICE_KIOSK,
dcu-W-00200-20260630,worker-uuid-00200,W-00200,2026-06-30T06:30:00Z,DAY_SHIFT,128,86,68,97,36.3,6.2,1,0,226,False,False,False,False,FIT,SELF_SERVICE_KIOSK,
dcu-W-00200-20260701,worker-uuid-00200,W-00200,2026-07-01T06:30:00Z,DAY_SHIFT,123,75,71,98,36.2,7.9,0,0,215,False,False,False,False,FIT,SELF_SERVICE_KIOSK,
dcu-W-00200-20260702,worker-uuid-00200,W-00200,2026-07-02T06:30:00Z,DAY_SHIFT,137,86,77,95,37.1,7.9,2,0,223,False,False,False,False,FIT,PARAMEDIC_ASSISTED,user-paramedic-01
dcu-W-00200-20260703,worker-uuid-00200,W-00200,2026-07-03T06:30:00Z,DAY_SHIFT,139,87,67,98,36.9,6.1,1,0,273,False,False,False,False,FIT,SELF_SERVICE_KIOSK,
dcu-W-00200-20260704,worker-uuid-00200,W-00200,2026-07-04T06:30:00Z,DAY_SHIFT,117,73,72,99,36.2,6.0,1,0,188,False,False,False,False,FIT,SELF_SERVICE_KIOSK,
dcu-W-00200-20260705,worker-uuid-00200,W-00200,2026-07-05T06:30:00Z,DAY_SHIFT,131,84,71,97,36.1,7.2,2,0,204,False,False,False,False,FIT,SELF_SERVICE_KIOSK,
dcu-W-00200-20260706,worker-uuid-00200,W-00200,2026-07-06T06:30:00Z,DAY_SHIFT,126,79,69,98,36.5,5.5,2,0,183,False,False,False,False,FIT,SELF_SERVICE_KIOSK,
dcu-W-00200-20260707,worker-uuid-00200,W-00200,2026-07-07T06:30:00Z,DAY_SHIFT,141,93,65,97,36.3,8.5,2,0,238,False,False,False,False,FIT,SELF_SERVICE_KIOSK,
dcu-W-00200-20260708,worker-uuid-00200,W-00200,2026-07-08T06:30:00Z,DAY_SHIFT,138,96,63,99,36.4,7.3,2,0,272,False,False,True,False,RESTRICTED,SELF_SERVICE_KIOSK,
dcu-W-00200-20260709,worker-uuid-00200,W-00200,2026-07-09T06:30:00Z,DAY_SHIFT,131,71,71,98,37.0,6.5,1,0,221,False,False,False,False,FIT,PARAMEDIC_ASSISTED,user-paramedic-01
dcu-W-00200-20260710,worker-uuid-00200,W-00200,2026-07-10T06:30:00Z,DAY_SHIFT,125,81,75,98,36.9,6.6,1,0,250,False,False,False,False,FIT,PARAMEDIC_ASSISTED,user-paramedic-01
dcu-W-00200-20260711,worker-uuid-00200,W-00200,2026-07-11T06:30:00Z,DAY_SHIFT,135,78,69,99,36.7,8.5,2,0,239,False,False,False,False,FIT,SELF_SERVICE_KIOSK,
dcu-W-00200-20260712,worker-uuid-00200,W-00200,2026-07-12T06:30:00Z,DAY_SHIFT,139,78,72,98,36.6,7.1,2,0,262,False,False,False,False,FIT,SELF_SERVICE_KIOSK,
dcu-W-00200-20260713,worker-uuid-00200,W-00200,2026-07-13T06:30:00Z,DAY_SHIFT,143,96,79,99,36.4,5.5,1,0,264,False,False,False,False,RESTRICTED,PARAMEDIC_ASSISTED,user-paramedic-01
dcu-W-00200-20260714,worker-uuid-00200,W-00200,2026-07-14T06:30:00Z,DAY_SHIFT,131,82,69,98,36.5,5.8,0,0,249,False,False,False,False,FIT,SELF_SERVICE_KIOSK,
dcu-W-00200-20260715,worker-uuid-00200,W-00200,2026-07-15T06:30:00Z,DAY_SHIFT,134,85,57,96,36.3,7.8,0,0,192,False,False,False,False,FIT,SELF_SERVICE_KIOSK,
dcu-W-00200-20260717,worker-uuid-00200,W-00200,2026-07-17T06:30:00Z,DAY_SHIFT,131,84,74,97,37.1,8.0,1,0,263,False,False,False,False,FIT,SELF_SERVICE_KIOSK,
dcu-W-00200-20260718,worker-uuid-00200,W-00200,2026-07-18T06:30:00Z,DAY_SHIFT,134,83,72,99,36.6,6.7,1,0,198,False,False,False,False,FIT,PARAMEDIC_ASSISTED,user-paramedic-01
dcu-W-00200-20260719,worker-uuid-00200,W-00200,2026-07-19T06:30:00Z,DAY_SHIFT,125,71,79,99,36.3,6.7,1,0,268,False,False,False,False,FIT,SELF_SERVICE_KIOSK,
dcu-W-00200-20260720,worker-uuid-00200,W-00200,2026-07-20T06:30:00Z,DAY_SHIFT,123,79,70,97,36.7,8.4,2,0,248,False,False,False,False,FIT,SELF_SERVICE_KIOSK,
dcu-W-00200-20260721,worker-uuid-00200,W-00200,2026-07-21T06:30:00Z,DAY_SHIFT,136,90,78,98,36.2,5.8,2,0,223,False,False,False,False,FIT,PARAMEDIC_ASSISTED,user-paramedic-01
dcu-W-00200-20260722,worker-uuid-00200,W-00200,2026-07-22T06:30:00Z,DAY_SHIFT,144,85,65,98,35.7,7.7,0,0,220,False,False,False,False,FIT,PARAMEDIC_ASSISTED,user-paramedic-01
dcu-W-00200-20260723,worker-uuid-00200,W-00200,2026-07-23T06:30:00Z,DAY_SHIFT,141,84,79,97,36.2,7.7,0,0,209,False,False,False,False,FIT,SELF_SERVICE_KIOSK,
dcu-W-00200-20260724,worker-uuid-00200,W-00200,2026-07-24T06:30:00Z,DAY_SHIFT,138,87,72,97,36.7,8.2,0,0,254,False,False,False,False,FIT,PARAMEDIC_ASSISTED,user-paramedic-01
dcu-W-00200-20260725,worker-uuid-00200,W-00200,2026-07-25T06:30:00Z,DAY_SHIFT,137,87,74,98,36.3,5.6,2,0,175,False,False,False,False,FIT,SELF_SERVICE_KIOSK,
dcu-W-00200-20260727,worker-uuid-00200,W-00200,2026-07-27T06:30:00Z,DAY_SHIFT,129,79,62,97,35.9,5.3,0,0,210,False,False,False,False,FIT,SELF_SERVICE_KIOSK,
dcu-W-00200-20260728,worker-uuid-00200,W-00200,2026-07-28T06:30:00Z,DAY_SHIFT,137,90,68,97,36.5,7.3,1,0,216,False,False,False,False,FIT,PARAMEDIC_ASSISTED,user-paramedic-01
dcu-W-00200-20260729,worker-uuid-00200,W-00200,2026-07-29T06:30:00Z,DAY_SHIFT,134,83,65,98,37.0,5.9,2,0,240,False,False,False,False,FIT,SELF_SERVICE_KIOSK,
dcu-W-00200-20260730,worker-uuid-00200,W-00200,2026-07-30T06:30:00Z,DAY_SHIFT,135,88,65,98,36.3,6.8,2,0,206,False,False,False,False,FIT,SELF_SERVICE_KIOSK,
dcu-W-00200-20260801,worker-uuid-00200,W-00200,2026-08-01T06:30:00Z,DAY_SHIFT,138,87,73,97,36.5,6.9,0,0,230,False,False,False,False,FIT,SELF_SERVICE_KIOSK,
dcu-W-00200-20260805,worker-uuid-00200,W-00200,2026-08-05T06:30:00Z,DAY_SHIFT,119,61,72,97,36.2,6.3,2,0,251,False,False,False,False,FIT,SELF_SERVICE_KIOSK,
dcu-W-00200-20260806,worker-uuid-00200,W-00200,2026-08-06T06:30:00Z,DAY_SHIFT,131,82,65,97,36.9,7.3,2,0,282,False,False,False,False,FIT,PARAMEDIC_ASSISTED,user-paramedic-01
dcu-W-00200-20260808,worker-uuid-00200,W-00200,2026-08-08T06:30:00Z,DAY_SHIFT,134,79,70,95,36.2,7.2,0,0,267,False,False,False,False,FIT,SELF_SERVICE_KIOSK,
dcu-W-00200-20260809,worker-uuid-00200,W-00200,2026-08-09T06:30:00Z,DAY_SHIFT,145,83,72,97,37.1,7.4,1,0,187,False,False,False,False,FIT,PARAMEDIC_ASSISTED,user-paramedic-01
dcu-W-00200-20260811,worker-uuid-00200,W-00200,2026-08-11T06:30:00Z,DAY_SHIFT,138,90,66,99,36.5,6.9,1,0,252,False,False,False,False,FIT,PARAMEDIC_ASSISTED,user-paramedic-01
dcu-W-00200-20260814,worker-uuid-00200,W-00200,2026-08-14T06:30:00Z,DAY_SHIFT,130,81,66,99,36.5,6.9,0,0,249,False,False,False,False,FIT,SELF_SERVICE_KIOSK,
dcu-W-00200-20260815,worker-uuid-00200,W-00200,2026-08-15T06:30:00Z,DAY_SHIFT,140,88,75,97,36.9,7.8,1,0,250,False,False,False,False,FIT,PARAMEDIC_ASSISTED,user-paramedic-01
dcu-W-00200-20260816,worker-uuid-00200,W-00200,2026-08-16T06:30:00Z,DAY_SHIFT,123,70,74,97,36.0,9.0,0,0,265,False,False,False,False,FIT,PARAMEDIC_ASSISTED,user-paramedic-01
dcu-W-00200-20260817,worker-uuid-00200,W-00200,2026-08-17T06:30:00Z,DAY_SHIFT,139,92,72,97,36.6,7.9,2,0,189,False,False,False,False,FIT,SELF_SERVICE_KIOSK,
dcu-W-00200-20260818,worker-uuid-00200,W-00200,2026-08-18T06:30:00Z,DAY_SHIFT,131,81,74,97,36.5,8.7,2,0,234,False,False,False,False,FIT,SELF_SERVICE_KIOSK,
dcu-W-00200-20260819,worker-uuid-00200,W-00200,2026-08-19T06:30:00Z,DAY_SHIFT,130,88,72,97,36.7,7.1,2,0,229,False,False,False,False,FIT,PARAMEDIC_ASSISTED,user-paramedic-01
dcu-W-00200-20260820,worker-uuid-00200,W-00200,2026-08-20T06:30:00Z,DAY_SHIFT,137,92,74,96,36.3,8.2,0,0,207,False,False,False,False,FIT,SELF_SERVICE_KIOSK,
dcu-W-00200-20260821,worker-uuid-00200,W-00200,2026-08-21T06:30:00Z,DAY_SHIFT,133,86,74,98,36.7,5.3,0,0,239,False,False,False,False,FIT,SELF_SERVICE_KIOSK,
dcu-W-00200-20260822,worker-uuid-00200,W-00200,2026-08-22T06:30:00Z,DAY_SHIFT,132,80,71,97,36.9,7.0,2,0,210,False,False,False,False,FIT,SELF_SERVICE_KIOSK,
dcu-W-00200-20260823,worker-uuid-00200,W-00200,2026-08-23T06:30:00Z,DAY_SHIFT,124,73,66,98,36.9,6.0,0,0,214,False,False,False,False,FIT,SELF_SERVICE_KIOSK,
dcu-W-00200-20260824,worker-uuid-00200,W-00200,2026-08-24T06:30:00Z,DAY_SHIFT,144,81,76,98,36.4,8.0,2,0,230,False,False,False,False,FIT,PARAMEDIC_ASSISTED,user-paramedic-01
dcu-W-00200-20260825,worker-uuid-00200,W-00200,2026-08-25T06:30:00Z,DAY_SHIFT,127,79,61,98,36.1,6.4,2,0,263,False,False,False,False,FIT,SELF_SERVICE_KIOSK,
dcu-W-00200-20260827,worker-uuid-00200,W-00200,2026-08-27T06:30:00Z,DAY_SHIFT,138,91,69,98,36.8,6.3,0,0,253,False,False,False,False,FIT,SELF_SERVICE_KIOSK,
dcu-W-00200-20260829,worker-uuid-00200,W-00200,2026-08-29T06:30:00Z,DAY_SHIFT,124,79,74,96,36.3,6.1,1,0,265,False,False,False,False,FIT,PARAMEDIC_ASSISTED,user-paramedic-01
dcu-W-00200-20260830,worker-uuid-00200,W-00200,2026-08-30T06:30:00Z,DAY_SHIFT,133,83,69,97,36.4,7.0,1,0,239,False,False,False,False,FIT,SELF_SERVICE_KIOSK,
dcu-W-00200-20260831,worker-uuid-00200,W-00200,2026-08-31T06:30:00Z,DAY_SHIFT,128,75,71,98,36.5,6.7,0,0,186,False,False,False,False,FIT,PARAMEDIC_ASSISTED,user-paramedic-01
dcu-W-00200-20260902,worker-uuid-00200,W-00200,2026-09-02T06:30:00Z,DAY_SHIFT,140,89,71,99,37.1,6.1,0,0,232,False,False,False,False,FIT,SELF_SERVICE_KIOSK,
dcu-W-00200-20260903,worker-uuid-00200,W-00200,2026-09-03T06:30:00Z,DAY_SHIFT,139,84,66,98,36.8,7.8,1,0,234,False,False,False,False,FIT,SELF_SERVICE_KIOSK,
dcu-W-00200-20260904,worker-uuid-00200,W-00200,2026-09-04T06:30:00Z,DAY_SHIFT,130,88,72,100,36.6,8.1,2,0,217,False,False,False,False,FIT,PARAMEDIC_ASSISTED,user-paramedic-01
dcu-W-00200-20260905,worker-uuid-00200,W-00200,2026-09-05T06:30:00Z,DAY_SHIFT,134,78,69,98,36.2,7.9,0,0,182,False,False,False,False,FIT,SELF_SERVICE_KIOSK,
dcu-W-00200-20260907,worker-uuid-00200,W-00200,2026-09-07T06:30:00Z,DAY_SHIFT,118,81,67,97,36.0,6.0,0,0,295,False,False,False,False,FIT,PARAMEDIC_ASSISTED,user-paramedic-01
dcu-W-00200-20260908,worker-uuid-00200,W-00200,2026-09-08T06:30:00Z,DAY_SHIFT,138,85,67,97,36.9,7.7,2,0,244,False,False,False,False,FIT,PARAMEDIC_ASSISTED,user-paramedic-01
dcu-W-00200-20260910,worker-uuid-00200,W-00200,2026-09-10T06:30:00Z,DAY_SHIFT,133,82,73,97,36.5,7.5,0,0,201,False,False,False,False,FIT,PARAMEDIC_ASSISTED,user-paramedic-01
dcu-W-00200-20260911,worker-uuid-00200,W-00200,2026-09-11T06:30:00Z,DAY_SHIFT,141,89,72,100,36.4,6.7,1,0,242,False,False,False,False,FIT,SELF_SERVICE_KIOSK,
dcu-W-00200-20260912,worker-uuid-00200,W-00200,2026-09-12T06:30:00Z,DAY_SHIFT,145,91,68,98,36.0,3.6,0,0,209,False,False,True,False,RESTRICTED,SELF_SERVICE_KIOSK,
dcu-W-00200-20260913,worker-uuid-00200,W-00200,2026-09-13T06:30:00Z,DAY_SHIFT,131,84,69,98,36.6,6.6,1,0,236,False,False,False,False,FIT,PARAMEDIC_ASSISTED,user-paramedic-01
dcu-W-00200-20260914,worker-uuid-00200,W-00200,2026-09-14T06:30:00Z,DAY_SHIFT,134,81,70,96,36.0,6.6,0,0,202,False,False,False,False,FIT,PARAMEDIC_ASSISTED,user-paramedic-01
dcu-W-00200-20260915,worker-uuid-00200,W-00200,2026-09-15T06:30:00Z,DAY_SHIFT,132,76,63,98,36.5,5.8,2,0,184,False,False,False,False,FIT,PARAMEDIC_ASSISTED,user-paramedic-01
dcu-W-00200-20260916,worker-uuid-00200,W-00200,2026-09-16T06:30:00Z,DAY_SHIFT,128,78,71,98,36.9,8.4,2,0,266,False,False,False,False,FIT,SELF_SERVICE_KIOSK,
dcu-W-00200-20260917,worker-uuid-00200,W-00200,2026-09-17T06:30:00Z,DAY_SHIFT,142,88,78,97,36.5,6.0,1,0,203,False,False,False,False,FIT,SELF_SERVICE_KIOSK,
dcu-W-00200-20260918,worker-uuid-00200,W-00200,2026-09-18T06:30:00Z,DAY_SHIFT,133,87,75,99,36.7,7.1,0,0,206,False,False,False,False,FIT,PARAMEDIC_ASSISTED,user-paramedic-01
dcu-W-00200-20260919,worker-uuid-00200,W-00200,2026-09-19T06:30:00Z,DAY_SHIFT,132,89,71,99,36.9,7.6,2,0,232,False,False,False,False,FIT,SELF_SERVICE_KIOSK,
dcu-W-00200-20260921,worker-uuid-00200,W-00200,2026-09-21T06:30:00Z,DAY_SHIFT,126,79,66,99,36.9,6.7,2,0,220,False,False,False,False,FIT,SELF_SERVICE_KIOSK,
dcu-W-00200-20260922,worker-uuid-00200,W-00200,2026-09-22T06:30:00Z,DAY_SHIFT,136,88,65,99,36.5,8.4,1,0,244,False,False,False,False,FIT,SELF_SERVICE_KIOSK,
dcu-W-00200-20260923,worker-uuid-00200,W-00200,2026-09-23T06:30:00Z,DAY_SHIFT,130,83,72,97,36.8,5.7,0,0,242,False,False,False,False,FIT,SELF_SERVICE_KIOSK,
dcu-W-00200-20260926,worker-uuid-00200,W-00200,2026-09-26T06:30:00Z,DAY_SHIFT,141,94,74,98,37.0,6.4,0,0,250,False,False,False,False,FIT,SELF_SERVICE_KIOSK,
dcu-W-00200-20260927,worker-uuid-00200,W-00200,2026-09-27T06:30:00Z,DAY_SHIFT,135,90,72,96,36.5,7.0,2,0,227,False,False,False,False,FIT,SELF_SERVICE_KIOSK,
dcu-W-00200-20260928,worker-uuid-00200,W-00200,2026-09-28T06:30:00Z,DAY_SHIFT,126,79,75,99,36.2,7.0,2,0,270,False,False,False,False,FIT,SELF_SERVICE_KIOSK,
dcu-W-00200-20260929,worker-uuid-00200,W-00200,2026-09-29T06:30:00Z,DAY_SHIFT,130,85,70,97,36.0,6.4,2,0,218,False,False,False,False,FIT,SELF_SERVICE_KIOSK,
dcu-W-00200-20260930,worker-uuid-00200,W-00200,2026-09-30T06:30:00Z,DAY_SHIFT,135,81,67,95,37.3,8.5,1,0,225,False,False,False,False,FIT,SELF_SERVICE_KIOSK,
dcu-W-00200-20261001,worker-uuid-00200,W-00200,2026-10-01T06:30:00Z,DAY_SHIFT,142,88,69,97,36.2,6.0,1,0,263,False,False,False,False,FIT,SELF_SERVICE_KIOSK,
dcu-W-00200-20261002,worker-uuid-00200,W-00200,2026-10-02T06:30:00Z,DAY_SHIFT,140,85,71,98,36.2,7.7,2,0,220,False,False,False,False,FIT,SELF_SERVICE_KIOSK,
dcu-W-00200-20261003,worker-uuid-00200,W-00200,2026-10-03T06:30:00Z,DAY_SHIFT,139,83,64,99,36.5,6.3,0,0,272,False,False,False,False,FIT,SELF_SERVICE_KIOSK,
dcu-W-00200-20261004,worker-uuid-00200,W-00200,2026-10-04T06:30:00Z,DAY_SHIFT,125,72,58,98,36.4,7.2,1,0,230,False,False,False,False,FIT,SELF_SERVICE_KIOSK,
dcu-W-00200-20261007,worker-uuid-00200,W-00200,2026-10-07T06:30:00Z,DAY_SHIFT,134,82,63,99,36.4,7.7,0,0,280,False,False,False,False,FIT,SELF_SERVICE_KIOSK,
dcu-W-00200-20261008,worker-uuid-00200,W-00200,2026-10-08T06:30:00Z,DAY_SHIFT,130,93,73,98,36.0,8.8,0,0,240,False,False,False,False,FIT,SELF_SERVICE_KIOSK,
dcu-W-00200-20261009,worker-uuid-00200,W-00200,2026-10-09T06:30:00Z,DAY_SHIFT,130,82,64,96,36.8,6.3,0,0,248,False,False,False,False,FIT,SELF_SERVICE_KIOSK,
dcu-W-00200-20261011,worker-uuid-00200,W-00200,2026-10-11T06:30:00Z,DAY_SHIFT,125,77,65,97,36.9,8.2,2,0,258,False,False,False,False,FIT,SELF_SERVICE_KIOSK,
dcu-W-00200-20261012,worker-uuid-00200,W-00200,2026-10-12T06:30:00Z,DAY_SHIFT,132,84,76,98,36.9,7.3,1,0,230,False,False,False,False,FIT,SELF_SERVICE_KIOSK,
dcu-W-00200-20261013,worker-uuid-00200,W-00200,2026-10-13T06:30:00Z,DAY_SHIFT,129,75,69,97,36.8,7.1,0,0,203,False,False,False,False,FIT,PARAMEDIC_ASSISTED,user-paramedic-01
dcu-W-00200-20261015,worker-uuid-00200,W-00200,2026-10-15T06:30:00Z,DAY_SHIFT,142,82,74,95,36.1,7.5,0,0,203,False,False,False,False,FIT,PARAMEDIC_ASSISTED,user-paramedic-01
dcu-W-00200-20261016,worker-uuid-00200,W-00200,2026-10-16T06:30:00Z,DAY_SHIFT,129,87,67,97,36.5,5.2,2,0,229,False,False,False,False,FIT,SELF_SERVICE_KIOSK,
dcu-W-00200-20261018,worker-uuid-00200,W-00200,2026-10-18T06:30:00Z,DAY_SHIFT,131,77,70,98,36.8,8.2,2,0,208,False,False,False,False,FIT,PARAMEDIC_ASSISTED,user-paramedic-01
dcu-W-00200-20261019,worker-uuid-00200,W-00200,2026-10-19T06:30:00Z,DAY_SHIFT,140,92,69,97,36.0,6.0,0,0,185,False,False,False,False,FIT,PARAMEDIC_ASSISTED,user-paramedic-01
dcu-W-00200-20261020,worker-uuid-00200,W-00200,2026-10-20T06:30:00Z,DAY_SHIFT,144,88,74,100,37.2,6.8,2,0,196,False,False,False,False,FIT,PARAMEDIC_ASSISTED,user-paramedic-01
dcu-W-00200-20261021,worker-uuid-00200,W-00200,2026-10-21T06:30:00Z,DAY_SHIFT,128,83,71,97,36.8,6.5,1,0,210,False,False,False,False,FIT,SELF_SERVICE_KIOSK,
dcu-W-00200-20261022,worker-uuid-00200,W-00200,2026-10-22T06:30:00Z,DAY_SHIFT,136,86,71,97,36.8,5.6,1,0,257,False,False,False,False,FIT,SELF_SERVICE_KIOSK,
dcu-W-00200-20261023,worker-uuid-00200,W-00200,2026-10-23T06:30:00Z,DAY_SHIFT,136,85,67,97,36.5,7.8,2,0,215,False,False,False,False,FIT,SELF_SERVICE_KIOSK,
dcu-W-00200-20261025,worker-uuid-00200,W-00200,2026-10-25T06:30:00Z,DAY_SHIFT,124,76,75,97,36.2,7.3,1,0,247,False,False,False,False,FIT,SELF_SERVICE_KIOSK,
dcu-W-00200-20261027,worker-uuid-00200,W-00200,2026-10-27T06:30:00Z,DAY_SHIFT,140,92,66,99,36.6,7.5,1,0,280,False,False,False,False,FIT,SELF_SERVICE_KIOSK,
dcu-W-00200-20261028,worker-uuid-00200,W-00200,2026-10-28T06:30:00Z,DAY_SHIFT,128,76,76,98,36.6,8.1,0,0,224,False,False,False,False,FIT,SELF_SERVICE_KIOSK,
dcu-W-00200-20261031,worker-uuid-00200,W-00200,2026-10-31T06:30:00Z,DAY_SHIFT,142,90,69,98,36.5,6.8,2,0,220,False,False,False,False,FIT,PARAMEDIC_ASSISTED,user-paramedic-01
dcu-W-00200-20261101,worker-uuid-00200,W-00200,2026-11-01T06:30:00Z,DAY_SHIFT,130,81,62,100,36.7,5.1,1,0,241,False,False,False,False,FIT,PARAMEDIC_ASSISTED,user-paramedic-01
dcu-W-00200-20261102,worker-uuid-00200,W-00200,2026-11-02T06:30:00Z,DAY_SHIFT,129,84,66,98,36.5,8.0,1,0,194,False,False,False,False,FIT,PARAMEDIC_ASSISTED,user-paramedic-01
dcu-W-00200-20261103,worker-uuid-00200,W-00200,2026-11-03T06:30:00Z,DAY_SHIFT,137,82,64,98,36.5,7.1,1,0,238,False,False,False,False,FIT,SELF_SERVICE_KIOSK,
dcu-W-00200-20261104,worker-uuid-00200,W-00200,2026-11-04T06:30:00Z,DAY_SHIFT,126,71,71,97,36.7,6.9,0,0,207,False,False,False,False,FIT,SELF_SERVICE_KIOSK,
dcu-W-00200-20261105,worker-uuid-00200,W-00200,2026-11-05T06:30:00Z,DAY_SHIFT,125,77,66,98,36.3,7.2,2,0,262,False,False,False,False,FIT,SELF_SERVICE_KIOSK,
dcu-W-00200-20261106,worker-uuid-00200,W-00200,2026-11-06T06:30:00Z,DAY_SHIFT,131,82,67,97,36.5,7.3,2,0,263,False,False,False,False,FIT,SELF_SERVICE_KIOSK,
dcu-W-00200-20261107,worker-uuid-00200,W-00200,2026-11-07T06:30:00Z,DAY_SHIFT,126,83,69,95,36.7,5.2,1,0,287,False,False,False,False,FIT,SELF_SERVICE_KIOSK,
dcu-W-00200-20261108,worker-uuid-00200,W-00200,2026-11-08T06:30:00Z,DAY_SHIFT,140,88,74,97,36.6,9.1,0,0,244,False,False,False,False,FIT,SELF_SERVICE_KIOSK,
dcu-W-00200-20261109,worker-uuid-00200,W-00200,2026-11-09T06:30:00Z,DAY_SHIFT,127,81,73,97,36.8,8.8,0,0,207,False,False,False,False,FIT,PARAMEDIC_ASSISTED,user-paramedic-01
dcu-W-00200-20261111,worker-uuid-00200,W-00200,2026-11-11T06:30:00Z,DAY_SHIFT,126,79,69,98,36.3,7.2,0,0,262,False,False,False,False,FIT,PARAMEDIC_ASSISTED,user-paramedic-01
dcu-W-00200-20261112,worker-uuid-00200,W-00200,2026-11-12T06:30:00Z,DAY_SHIFT,135,88,62,98,36.7,7.2,1,0,218,False,False,False,False,FIT,PARAMEDIC_ASSISTED,user-paramedic-01
dcu-W-00200-20261113,worker-uuid-00200,W-00200,2026-11-13T06:30:00Z,DAY_SHIFT,116,79,67,97,36.6,7.3,2,0,268,False,False,False,False,FIT,SELF_SERVICE_KIOSK,
dcu-W-00200-20261114,worker-uuid-00200,W-00200,2026-11-14T06:30:00Z,DAY_SHIFT,137,89,63,100,36.9,6.6,0,0,209,False,False,False,False,FIT,PARAMEDIC_ASSISTED,user-paramedic-01
dcu-W-00200-20261116,worker-uuid-00200,W-00200,2026-11-16T06:30:00Z,DAY_SHIFT,140,92,74,99,36.3,7.9,2,0,251,False,False,False,False,FIT,PARAMEDIC_ASSISTED,user-paramedic-01
dcu-W-00200-20261118,worker-uuid-00200,W-00200,2026-11-18T06:30:00Z,DAY_SHIFT,138,83,66,98,36.3,8.4,1,0,275,False,False,False,False,FIT,PARAMEDIC_ASSISTED,user-paramedic-01
dcu-W-00200-20261119,worker-uuid-00200,W-00200,2026-11-19T06:30:00Z,DAY_SHIFT,134,84,76,97,36.6,5.8,1,0,222,False,False,False,False,FIT,SELF_SERVICE_KIOSK,
dcu-W-00200-20261120,worker-uuid-00200,W-00200,2026-11-20T06:30:00Z,DAY_SHIFT,124,75,63,97,36.7,6.7,0,0,249,False,False,False,False,FIT,PARAMEDIC_ASSISTED,user-paramedic-01
dcu-W-00200-20261121,worker-uuid-00200,W-00200,2026-11-21T06:30:00Z,DAY_SHIFT,130,79,71,99,36.7,7.7,1,0,246,False,False,False,False,FIT,SELF_SERVICE_KIOSK,
dcu-W-00200-20261122,worker-uuid-00200,W-00200,2026-11-22T06:30:00Z,DAY_SHIFT,132,88,62,98,36.5,8.2,2,0,247,False,False,False,False,FIT,PARAMEDIC_ASSISTED,user-paramedic-01
dcu-W-00200-20261123,worker-uuid-00200,W-00200,2026-11-23T06:30:00Z,DAY_SHIFT,129,86,72,96,36.9,6.5,1,0,247,False,False,False,False,FIT,PARAMEDIC_ASSISTED,user-paramedic-01
dcu-W-00200-20261124,worker-uuid-00200,W-00200,2026-11-24T06:30:00Z,DAY_SHIFT,135,81,61,99,36.1,8.8,0,0,276,False,False,False,False,FIT,SELF_SERVICE_KIOSK,
dcu-W-00200-20261125,worker-uuid-00200,W-00200,2026-11-25T06:30:00Z,DAY_SHIFT,134,80,68,98,36.5,7.8,1,0,159,False,False,False,False,FIT,SELF_SERVICE_KIOSK,
dcu-W-00200-20261127,worker-uuid-00200,W-00200,2026-11-27T06:30:00Z,DAY_SHIFT,127,76,77,98,36.6,6.3,1,0,202,False,False,False,False,FIT,PARAMEDIC_ASSISTED,user-paramedic-01
dcu-W-00200-20261128,worker-uuid-00200,W-00200,2026-11-28T06:30:00Z,DAY_SHIFT,135,86,71,99,36.0,7.1,0,0,236,False,False,False,False,FIT,PARAMEDIC_ASSISTED,user-paramedic-01
dcu-W-00200-20261129,worker-uuid-00200,W-00200,2026-11-29T06:30:00Z,DAY_SHIFT,133,84,72,98,36.8,6.4,2,0,221,False,False,False,False,FIT,SELF_SERVICE_KIOSK,
dcu-W-00200-20261130,worker-uuid-00200,W-00200,2026-11-30T06:30:00Z,DAY_SHIFT,124,64,67,97,36.7,6.7,1,0,208,False,False,False,False,FIT,SELF_SERVICE_KIOSK,
dcu-W-00200-20261201,worker-uuid-00200,W-00200,2026-12-01T06:30:00Z,DAY_SHIFT,133,86,66,98,36.3,8.0,0,0,196,False,False,False,False,FIT,PARAMEDIC_ASSISTED,user-paramedic-01
dcu-W-00200-20261203,worker-uuid-00200,W-00200,2026-12-03T06:30:00Z,DAY_SHIFT,129,84,63,98,36.2,7.1,1,0,235,False,False,False,False,FIT,PARAMEDIC_ASSISTED,user-paramedic-01
dcu-W-00200-20261204,worker-uuid-00200,W-00200,2026-12-04T06:30:00Z,DAY_SHIFT,141,87,72,97,36.6,6.6,1,0,242,False,False,False,False,FIT,SELF_SERVICE_KIOSK,
dcu-W-00200-20261205,worker-uuid-00200,W-00200,2026-12-05T06:30:00Z,DAY_SHIFT,124,85,72,98,36.3,5.7,2,0,249,False,False,False,False,FIT,SELF_SERVICE_KIOSK,
dcu-W-00200-20261206,worker-uuid-00200,W-00200,2026-12-06T06:30:00Z,DAY_SHIFT,129,80,77,97,36.0,6.6,2,0,236,False,False,False,False,FIT,SELF_SERVICE_KIOSK,
dcu-W-00200-20261207,worker-uuid-00200,W-00200,2026-12-07T06:30:00Z,DAY_SHIFT,135,80,68,99,36.4,6.7,2,0,214,False,False,False,False,FIT,PARAMEDIC_ASSISTED,user-paramedic-01
dcu-W-00200-20261208,worker-uuid-00200,W-00200,2026-12-08T06:30:00Z,DAY_SHIFT,136,83,73,96,36.4,6.9,0,0,239,False,False,False,False,FIT,SELF_SERVICE_KIOSK,
dcu-W-00200-20261209,worker-uuid-00200,W-00200,2026-12-09T06:30:00Z,DAY_SHIFT,130,76,61,97,36.5,6.1,0,0,262,False,False,False,False,FIT,PARAMEDIC_ASSISTED,user-paramedic-01
dcu-W-00200-20261210,worker-uuid-00200,W-00200,2026-12-10T06:30:00Z,DAY_SHIFT,126,75,75,98,36.3,6.4,0,0,271,False,False,False,False,FIT,PARAMEDIC_ASSISTED,user-paramedic-01
dcu-W-00200-20261211,worker-uuid-00200,W-00200,2026-12-11T06:30:00Z,DAY_SHIFT,133,88,70,98,36.2,8.6,0,0,237,False,False,False,False,FIT,SELF_SERVICE_KIOSK,
dcu-W-00200-20261212,worker-uuid-00200,W-00200,2026-12-12T06:30:00Z,DAY_SHIFT,138,89,69,100,36.4,7.3,0,0,237,False,False,False,False,FIT,SELF_SERVICE_KIOSK,
dcu-W-00200-20261213,worker-uuid-00200,W-00200,2026-12-13T06:30:00Z,DAY_SHIFT,133,86,71,99,36.3,6.7,1,0,228,False,False,False,False,FIT,SELF_SERVICE_KIOSK,
dcu-W-00200-20261214,worker-uuid-00200,W-00200,2026-12-14T06:30:00Z,DAY_SHIFT,142,92,69,98,36.2,6.4,0,0,227,False,False,False,False,FIT,SELF_SERVICE_KIOSK,
dcu-W-00200-20261215,worker-uuid-00200,W-00200,2026-12-15T06:30:00Z,DAY_SHIFT,139,85,65,97,36.3,6.6,0,0,224,False,False,False,False,FIT,PARAMEDIC_ASSISTED,user-paramedic-01
dcu-W-00200-20261216,worker-uuid-00200,W-00200,2026-12-16T06:30:00Z,DAY_SHIFT,133,91,68,98,36.7,6.3,2,0,257,False,False,False,False,FIT,PARAMEDIC_ASSISTED,user-paramedic-01
dcu-W-00200-20261217,worker-uuid-00200,W-00200,2026-12-17T06:30:00Z,DAY_SHIFT,126,80,72,97,36.8,6.7,0,0,280,False,False,False,False,FIT,SELF_SERVICE_KIOSK,
dcu-W-00200-20261218,worker-uuid-00200,W-00200,2026-12-18T06:30:00Z,DAY_SHIFT,132,81,74,100,35.9,7.2,0,0,192,False,False,False,False,FIT,SELF_SERVICE_KIOSK,
dcu-W-00200-20261219,worker-uuid-00200,W-00200,2026-12-19T06:30:00Z,DAY_SHIFT,128,85,73,98,36.6,6.9,1,0,245,False,False,False,False,FIT,SELF_SERVICE_KIOSK,
dcu-W-00200-20261222,worker-uuid-00200,W-00200,2026-12-22T06:30:00Z,DAY_SHIFT,133,78,70,98,36.6,8.8,1,0,197,False,False,False,False,FIT,SELF_SERVICE_KIOSK,
dcu-W-00200-20261223,worker-uuid-00200,W-00200,2026-12-23T06:30:00Z,DAY_SHIFT,133,91,67,98,36.5,5.9,0,0,167,False,False,False,False,FIT,SELF_SERVICE_KIOSK,
dcu-W-00200-20261224,worker-uuid-00200,W-00200,2026-12-24T06:30:00Z,DAY_SHIFT,143,88,75,98,36.4,7.1,0,0,196,False,False,False,False,FIT,PARAMEDIC_ASSISTED,user-paramedic-01
dcu-W-00200-20261225,worker-uuid-00200,W-00200,2026-12-25T06:30:00Z,DAY_SHIFT,129,80,71,97,36.7,7.1,0,0,247,False,False,False,False,FIT,PARAMEDIC_ASSISTED,user-paramedic-01
dcu-W-00200-20261226,worker-uuid-00200,W-00200,2026-12-26T06:30:00Z,DAY_SHIFT,134,80,62,97,36.4,7.4,2,0,246,False,False,False,False,FIT,SELF_SERVICE_KIOSK,
dcu-W-00200-20261227,worker-uuid-00200,W-00200,2026-12-27T06:30:00Z,DAY_SHIFT,133,84,69,97,36.0,6.4,2,0,275,False,False,False,False,FIT,SELF_SERVICE_KIOSK,
dcu-W-00200-20261228,worker-uuid-00200,W-00200,2026-12-28T06:30:00Z,DAY_SHIFT,145,91,66,99,37.0,6.1,0,0,240,False,False,False,False,FIT,SELF_SERVICE_KIOSK,
dcu-W-00200-20261229,worker-uuid-00200,W-00200,2026-12-29T06:30:00Z,DAY_SHIFT,140,93,73,96,37.0,6.1,0,0,243,False,False,False,False,FIT,SELF_SERVICE_KIOSK,
dcu-W-00200-20261230,worker-uuid-00200,W-00200,2026-12-30T06:30:00Z,DAY_SHIFT,122,77,65,97,35.9,7.4,2,0,223,False,False,False,False,FIT,PARAMEDIC_ASSISTED,user-paramedic-01
dcu-W-00200-20261231,worker-uuid-00200,W-00200,2026-12-31T06:30:00Z,DAY_SHIFT,132,79,75,98,37.1,6.4,0,0,243,False,False,False,False,FIT,SELF_SERVICE_KIOSK,
